INFO - 04/10/26 19:06:35 - 0:00:00 - ============ Initialized logger ============
INFO - 04/10/26 19:06:35 - 0:00:00 - N: 30
                                     Q: 127
                                     accumulate_gradients: 1
                                     act_ponder_coupling: 0.05
                                     act_threshold: 0.01
                                     add_unred_perc: 0
                                     amp: 2
                                     attention_dropout: 0.0
                                     balanced_base: False
                                     batch_load: False
                                     batch_size: 128
                                     beam_early_stopping: True
                                     beam_eval: True
                                     beam_eval_train: 0
                                     beam_length_penalty: 1
                                     beam_size: 1
                                     clip_grad_norm: 5
                                     command: python train.py --cpu false --reload_data '/home/yu_mcc/PQC_salsa/runs/n30_q127_h3_1m/ab_proposed_ternary_h10_s10' --secret_seed 0 --env_base_seed 1000 --hamming 10 --input_int_base 16 --share_token 1 --dump_path '/home/yu_mcc/PQC_salsa/runs' --exp_name n30_q127_h3_1m --exp_id train_gpu_proposed_ternary_h10_secret0_init0_paperlike --batch_size 128 --epoch_size 200000 --max_epoch 10000 --eval_size 10000 --distinguisher_size 128 --enc_emb_dim 1024 --dec_emb_dim 512 --n_enc_layers 1 --n_dec_layers 2 --n_enc_heads 4 --n_dec_heads 4 --n_cross_heads 4 --enc_loops 1 --dec_loops 8 --dropout 0 --attention_dropout 0 --optimizer 'adam_warmup,lr=0.00001,warmup_updates=8000,warmup_init_lr=0.00000001,weight_decay=0.99' --num_workers 1 --beam_size 1 --max_output_len 10 --exp_id "train_gpu_proposed_ternary_h10_secret0_init0_paperlike"
                                     correctQ: False
                                     cpu: False
                                     data_cols: None
                                     debug: False
                                     debug_slurm: False
                                     dec_act: False
                                     dec_emb_dim: 512
                                     dec_gated: False
                                     dec_loop_idx: 0
                                     dec_loops: 8
                                     dense_cols: None
                                     dim_red: 
                                     distinguisher_size: 128
                                     dropout: 0.0
                                     dump_path: /home/yu_mcc/PQC_salsa/runs/n30_q127_h3_1m/train_gpu_proposed_ternary_h10_secret0_init0_paperlike
                                     enc_act: False
                                     enc_emb_dim: 1024
                                     enc_gated: False
                                     enc_loop_idx: -1
                                     enc_loops: 1
                                     env_base_seed: 1000
                                     epoch_size: 200000
                                     eval_data: 
                                     eval_from_exp: 
                                     eval_only: False
                                     eval_size: 10000
                                     eval_verbose: 0
                                     eval_verbose_print: False
                                     exit_on_secret_match: True
                                     exp_id: train_gpu_proposed_ternary_h10_secret0_init0_paperlike
                                     exp_name: n30_q127_h3_1m
                                     fp16: True
                                     freeze_embeddings: False
                                     gated: True
                                     gelu_activation: False
                                     global_rank: 0
                                     hamming: 10
                                     input_int_base: 16
                                     is_master: True
                                     is_slurm_job: False
                                     local_rank: 0
                                     master_port: -1
                                     max_epoch: 10000
                                     max_output_len: 10
                                     multi_gpu: False
                                     multi_node: False
                                     n_cross_heads: 4
                                     n_dec_heads: 4
                                     n_dec_hidden_layers: 1
                                     n_dec_layers: 2
                                     n_enc_heads: 4
                                     n_enc_hidden_layers: 1
                                     n_enc_layers: 1
                                     n_gpu_per_node: 1
                                     n_nodes: 1
                                     node_id: 0
                                     norm_attention: False
                                     num_reuse_samples: 10000
                                     num_workers: 1
                                     nvidia_apex: False
                                     optimizer: adam_warmup,lr=0.00001,warmup_updates=8000,warmup_init_lr=0.00000001,weight_decay=0.99
                                     output_int_base: 16
                                     reload_checkpoint: 
                                     reload_data: /home/yu_mcc/PQC_salsa/runs/n30_q127_h3_1m/ab_proposed_ternary_h10_s10
                                     reload_model: 
                                     reload_size: 10000000
                                     reuse: False
                                     scalar_gate: False
                                     secret: [ 1  1 -1  0  0  1  0  0  0  0  0  0 -1  1  1  0  0  0  0  0  0  0  1  0
                                       1  0  0 -1  0  0]
                                     secret_col: 0
                                     secret_seed: 0
                                     secret_type: proposed_ternary_sparse
                                     share_inout_emb: True
                                     share_token: 1
                                     shuffle: True
                                     sigma: 3.0
                                     sinusoidal_embeddings: False
                                     stopping_criterion: 
                                     test_path: /home/yu_mcc/PQC_salsa/runs/n30_q127_h3_1m/ab_proposed_ternary_h10_s10/test.prefix
                                     times_reused: 10
                                     train_path: /home/yu_mcc/PQC_salsa/runs/n30_q127_h3_1m/ab_proposed_ternary_h10_s10/train.prefix
                                     transformermode: old
                                     validation_metrics: 
                                     weighted_loss: False
                                     windows: False
                                     world_size: 1
                                     xav_init: False
INFO - 04/10/26 19:06:35 - 0:00:00 - The experiment will be stored in /home/yu_mcc/PQC_salsa/runs/n30_q127_h3_1m/train_gpu_proposed_ternary_h10_secret0_init0_paperlike
                                     
INFO - 04/10/26 19:06:35 - 0:00:00 - Running command: python train.py --cpu false --reload_data '/home/yu_mcc/PQC_salsa/runs/n30_q127_h3_1m/ab_proposed_ternary_h10_s10' --secret_seed 0 --env_base_seed 1000 --hamming 10 --input_int_base 16 --share_token 1 --dump_path '/home/yu_mcc/PQC_salsa/runs' --exp_name n30_q127_h3_1m --exp_id train_gpu_proposed_ternary_h10_secret0_init0_paperlike --batch_size 128 --epoch_size 200000 --max_epoch 10000 --eval_size 10000 --distinguisher_size 128 --enc_emb_dim 1024 --dec_emb_dim 512 --n_enc_layers 1 --n_dec_layers 2 --n_enc_heads 4 --n_dec_heads 4 --n_cross_heads 4 --enc_loops 1 --dec_loops 8 --dropout 0 --attention_dropout 0 --optimizer 'adam_warmup,lr=0.00001,warmup_updates=8000,warmup_init_lr=0.00000001,weight_decay=0.99' --num_workers 1 --beam_size 1 --max_output_len 10

INFO - 04/10/26 19:06:35 - 0:00:00 - vocabulary: 20 words
INFO - 04/10/26 19:06:35 - 0:00:00 - words: {'<eos>': 0, '<pad>': 1, '<mask>': 2, '+': 3, '0': 4, '1': 5, '10': 6, '11': 7, '12': 8, '13': 9, '14': 10, '15': 11, '2': 12, '3': 13, '4': 14, '5': 15, '6': 16, '7': 17, '8': 18, '9': 19}
DEBUG - 04/10/26 19:06:35 - 0:00:00 - TransformerModel(
                                        (position_embeddings): Embedding(4096, 1024)
                                        (embeddings): Embedding(20, 1024, padding_idx=1)
                                        (layer_norm_emb): LayerNorm((1024,), eps=1e-12, elementwise_affine=True)
                                        (layers): ModuleList(
                                          (0): TransformerLayer(
                                            (self_attention): MultiHeadAttention(
                                              (q_lin): Linear(in_features=1024, out_features=1024, bias=True)
                                              (k_lin): Linear(in_features=1024, out_features=1024, bias=True)
                                              (v_lin): Linear(in_features=1024, out_features=1024, bias=True)
                                              (out_lin): Linear(in_features=1024, out_features=1024, bias=True)
                                            )
                                            (layer_norm1): LayerNorm((1024,), eps=1e-12, elementwise_affine=True)
                                            (ffn): TransformerFFN(
                                              (midlin): ModuleList()
                                              (lin1): Linear(in_features=1024, out_features=4096, bias=True)
                                              (lin2): Linear(in_features=4096, out_features=1024, bias=True)
                                            )
                                            (layer_norm2): LayerNorm((1024,), eps=1e-12, elementwise_affine=True)
                                          )
                                        )
                                      ): TransformerModel(
                                        (position_embeddings): Embedding(4096, 1024)
                                        (embeddings): Embedding(20, 1024, padding_idx=1)
                                        (layer_norm_emb): LayerNorm((1024,), eps=1e-12, elementwise_affine=True)
                                        (layers): ModuleList(
                                          (0): TransformerLayer(
                                            (self_attention): MultiHeadAttention(
                                              (q_lin): Linear(in_features=1024, out_features=1024, bias=True)
                                              (k_lin): Linear(in_features=1024, out_features=1024, bias=True)
                                              (v_lin): Linear(in_features=1024, out_features=1024, bias=True)
                                              (out_lin): Linear(in_features=1024, out_features=1024, bias=True)
                                            )
                                            (layer_norm1): LayerNorm((1024,), eps=1e-12, elementwise_affine=True)
                                            (ffn): TransformerFFN(
                                              (midlin): ModuleList()
                                              (lin1): Linear(in_features=1024, out_features=4096, bias=True)
                                              (lin2): Linear(in_features=4096, out_features=1024, bias=True)
                                            )
                                            (layer_norm2): LayerNorm((1024,), eps=1e-12, elementwise_affine=True)
                                          )
                                        )
                                      )
DEBUG - 04/10/26 19:06:35 - 0:00:00 - TransformerModel(
                                        (position_embeddings): Embedding(4096, 512)
                                        (embeddings): Embedding(20, 512, padding_idx=1)
                                        (layer_norm_emb): LayerNorm((512,), eps=1e-12, elementwise_affine=True)
                                        (layers): ModuleList(
                                          (0): TransformerLayer(
                                            (self_attention): MultiHeadAttention(
                                              (q_lin): Linear(in_features=512, out_features=512, bias=True)
                                              (k_lin): Linear(in_features=512, out_features=512, bias=True)
                                              (v_lin): Linear(in_features=512, out_features=512, bias=True)
                                              (out_lin): Linear(in_features=512, out_features=512, bias=True)
                                            )
                                            (layer_norm1): LayerNorm((512,), eps=1e-12, elementwise_affine=True)
                                            (layer_norm15): LayerNorm((512,), eps=1e-12, elementwise_affine=True)
                                            (cross_attention): MultiHeadAttention(
                                              (q_lin): Linear(in_features=512, out_features=512, bias=True)
                                              (k_lin): Linear(in_features=1024, out_features=512, bias=True)
                                              (v_lin): Linear(in_features=1024, out_features=512, bias=True)
                                              (out_lin): Linear(in_features=512, out_features=512, bias=True)
                                            )
                                            (ffn): TransformerFFN(
                                              (midlin): ModuleList()
                                              (lin1): Linear(in_features=512, out_features=2048, bias=True)
                                              (lin2): Linear(in_features=2048, out_features=512, bias=True)
                                            )
                                            (layer_norm2): LayerNorm((512,), eps=1e-12, elementwise_affine=True)
                                            (gate): Gate(
                                              (gate1): Linear(in_features=512, out_features=2048, bias=True)
                                              (gate2): Linear(in_features=2048, out_features=512, bias=True)
                                            )
                                          )
                                          (1): TransformerLayer(
                                            (self_attention): MultiHeadAttention(
                                              (q_lin): Linear(in_features=512, out_features=512, bias=True)
                                              (k_lin): Linear(in_features=512, out_features=512, bias=True)
                                              (v_lin): Linear(in_features=512, out_features=512, bias=True)
                                              (out_lin): Linear(in_features=512, out_features=512, bias=True)
                                            )
                                            (layer_norm1): LayerNorm((512,), eps=1e-12, elementwise_affine=True)
                                            (layer_norm15): LayerNorm((512,), eps=1e-12, elementwise_affine=True)
                                            (cross_attention): MultiHeadAttention(
                                              (q_lin): Linear(in_features=512, out_features=512, bias=True)
                                              (k_lin): Linear(in_features=1024, out_features=512, bias=True)
                                              (v_lin): Linear(in_features=1024, out_features=512, bias=True)
                                              (out_lin): Linear(in_features=512, out_features=512, bias=True)
                                            )
                                            (ffn): TransformerFFN(
                                              (midlin): ModuleList()
                                              (lin1): Linear(in_features=512, out_features=2048, bias=True)
                                              (lin2): Linear(in_features=2048, out_features=512, bias=True)
                                            )
                                            (layer_norm2): LayerNorm((512,), eps=1e-12, elementwise_affine=True)
                                          )
                                        )
                                        (proj): Linear(in_features=512, out_features=20, bias=True)
                                      ): TransformerModel(
                                        (position_embeddings): Embedding(4096, 512)
                                        (embeddings): Embedding(20, 512, padding_idx=1)
                                        (layer_norm_emb): LayerNorm((512,), eps=1e-12, elementwise_affine=True)
                                        (layers): ModuleList(
                                          (0): TransformerLayer(
                                            (self_attention): MultiHeadAttention(
                                              (q_lin): Linear(in_features=512, out_features=512, bias=True)
                                              (k_lin): Linear(in_features=512, out_features=512, bias=True)
                                              (v_lin): Linear(in_features=512, out_features=512, bias=True)
                                              (out_lin): Linear(in_features=512, out_features=512, bias=True)
                                            )
                                            (layer_norm1): LayerNorm((512,), eps=1e-12, elementwise_affine=True)
                                            (layer_norm15): LayerNorm((512,), eps=1e-12, elementwise_affine=True)
                                            (cross_attention): MultiHeadAttention(
                                              (q_lin): Linear(in_features=512, out_features=512, bias=True)
                                              (k_lin): Linear(in_features=1024, out_features=512, bias=True)
                                              (v_lin): Linear(in_features=1024, out_features=512, bias=True)
                                              (out_lin): Linear(in_features=512, out_features=512, bias=True)
                                            )
                                            (ffn): TransformerFFN(
                                              (midlin): ModuleList()
                                              (lin1): Linear(in_features=512, out_features=2048, bias=True)
                                              (lin2): Linear(in_features=2048, out_features=512, bias=True)
                                            )
                                            (layer_norm2): LayerNorm((512,), eps=1e-12, elementwise_affine=True)
                                            (gate): Gate(
                                              (gate1): Linear(in_features=512, out_features=2048, bias=True)
                                              (gate2): Linear(in_features=2048, out_features=512, bias=True)
                                            )
                                          )
                                          (1): TransformerLayer(
                                            (self_attention): MultiHeadAttention(
                                              (q_lin): Linear(in_features=512, out_features=512, bias=True)
                                              (k_lin): Linear(in_features=512, out_features=512, bias=True)
                                              (v_lin): Linear(in_features=512, out_features=512, bias=True)
                                              (out_lin): Linear(in_features=512, out_features=512, bias=True)
                                            )
                                            (layer_norm1): LayerNorm((512,), eps=1e-12, elementwise_affine=True)
                                            (layer_norm15): LayerNorm((512,), eps=1e-12, elementwise_affine=True)
                                            (cross_attention): MultiHeadAttention(
                                              (q_lin): Linear(in_features=512, out_features=512, bias=True)
                                              (k_lin): Linear(in_features=1024, out_features=512, bias=True)
                                              (v_lin): Linear(in_features=1024, out_features=512, bias=True)
                                              (out_lin): Linear(in_features=512, out_features=512, bias=True)
                                            )
                                            (ffn): TransformerFFN(
                                              (midlin): ModuleList()
                                              (lin1): Linear(in_features=512, out_features=2048, bias=True)
                                              (lin2): Linear(in_features=2048, out_features=512, bias=True)
                                            )
                                            (layer_norm2): LayerNorm((512,), eps=1e-12, elementwise_affine=True)
                                          )
                                        )
                                        (proj): Linear(in_features=512, out_features=20, bias=True)
                                      )
INFO - 04/10/26 19:06:35 - 0:00:00 - Number of parameters (encoder): 16813056
INFO - 04/10/26 19:06:35 - 0:00:00 - Number of parameters (decoder): 13664788
INFO - 04/10/26 19:06:35 - 0:00:00 - Loading data from /home/yu_mcc/PQC_salsa/runs/n30_q127_h3_1m/ab_proposed_ternary_h10_s10/train.prefix ... seekpos 0, basepos 0
INFO - 04/10/26 19:06:38 - 0:00:03 - Loaded 470000 equations from the disk. seekpos 0, nextpos 470000
INFO - 04/10/26 19:06:38 - 0:00:03 - Creating train dataloader...
INFO - 04/10/26 19:06:38 - 0:00:03 - Loading data from /home/yu_mcc/PQC_salsa/runs/n30_q127_h3_1m/ab_proposed_ternary_h10_s10/test.prefix ... seekpos 0, basepos 0
INFO - 04/10/26 19:06:38 - 0:00:03 - Loaded 10000 equations from the disk. seekpos 1291749, nextpos 10000
INFO - 04/10/26 19:06:38 - 0:00:03 - Creating test dataloader...
INFO - 04/10/26 19:06:38 - 0:00:03 - Found 81 parameters in model.
INFO - 04/10/26 19:06:38 - 0:00:04 - Optimizer: <class 'src.train.optim.AdamWithWarmup'>
INFO - 04/10/26 19:06:39 - 0:00:04 - ============ Starting epoch 0 ... ============
INFO - 04/10/26 19:06:39 - 0:00:04 - Initialized random generator for worker 0, with seed [0, 0, 1000, 1775815599] (base seed=1000).
INFO - 04/10/26 19:06:42 - 0:00:07 -      50 - 1686.69 equations/s - 107948.00 words/s - MEM: 1.34 GB - LOSS:  6.6414 || ACC1:  0.0000 || ACC2:  0.0000 - LR: 7.2438e-08
INFO - 04/10/26 19:06:49 - 0:00:14 -     100 -  910.47 equations/s - 58269.86 words/s - MEM: 1.34 GB - LOSS:  6.4255 || ACC1:  0.0000 || ACC2:  0.0000 - LR: 1.3488e-07
INFO - 04/10/26 19:06:53 - 0:00:18 -     150 - 1908.17 equations/s - 122122.96 words/s - MEM: 1.34 GB - LOSS:  6.0746 || ACC1:  0.0000 || ACC2:  0.0000 - LR: 1.9731e-07
INFO - 04/10/26 19:06:56 - 0:00:21 -     200 - 2082.83 equations/s - 133300.90 words/s - MEM: 1.34 GB - LOSS:  5.5442 || ACC1:  0.0000 || ACC2:  0.0000 - LR: 2.5975e-07
INFO - 04/10/26 19:06:59 - 0:00:24 -     250 - 2186.69 equations/s - 139948.07 words/s - MEM: 1.34 GB - LOSS:  4.8955 || ACC1:  0.0000 || ACC2:  0.0000 - LR: 3.2219e-07
INFO - 04/10/26 19:07:02 - 0:00:27 -     300 - 1983.52 equations/s - 126945.10 words/s - MEM: 1.34 GB - LOSS:  4.2092 || ACC1:  0.0000 || ACC2:  0.0000 - LR: 3.8463e-07
INFO - 04/10/26 19:07:05 - 0:00:30 -     350 - 1846.58 equations/s - 118181.28 words/s - MEM: 1.34 GB - LOSS:  3.4903 || ACC1:  0.0000 || ACC2:  0.0000 - LR: 4.4706e-07
INFO - 04/10/26 19:07:09 - 0:00:34 -     400 - 1915.88 equations/s - 122616.03 words/s - MEM: 1.34 GB - LOSS:  2.8936 || ACC1:  0.0000 || ACC2:  0.4219 - LR: 5.0950e-07
INFO - 04/10/26 19:07:12 - 0:00:37 -     450 - 1825.88 equations/s - 116856.06 words/s - MEM: 1.34 GB - LOSS:  2.4525 || ACC1:  0.0000 || ACC2:  5.6562 - LR: 5.7194e-07
INFO - 04/10/26 19:07:16 - 0:00:41 -     500 - 1873.70 equations/s - 119916.79 words/s - MEM: 1.34 GB - LOSS:  2.1658 || ACC1:  0.0000 || ACC2:  6.7031 - LR: 6.3438e-07
INFO - 04/10/26 19:07:19 - 0:00:44 -     550 - 2122.61 equations/s - 135846.73 words/s - MEM: 1.34 GB - LOSS:  1.9986 || ACC1:  8.4375 || ACC2: 14.7500 - LR: 6.9681e-07
INFO - 04/10/26 19:07:25 - 0:00:50 -     600 -  954.17 equations/s - 61067.05 words/s - MEM: 1.34 GB - LOSS:  1.8968 || ACC1: 12.7500 || ACC2: 18.6719 - LR: 7.5925e-07
INFO - 04/10/26 19:07:29 - 0:00:54 -     650 - 1950.97 equations/s - 124861.77 words/s - MEM: 1.34 GB - LOSS:  1.8305 || ACC1: 13.4219 || ACC2: 19.0938 - LR: 8.2169e-07
INFO - 04/10/26 19:07:32 - 0:00:57 -     700 - 1931.46 equations/s - 123613.75 words/s - MEM: 1.34 GB - LOSS:  1.7785 || ACC1: 14.1875 || ACC2: 19.2500 - LR: 8.8413e-07
INFO - 04/10/26 19:07:35 - 0:01:00 -     750 - 1891.17 equations/s - 121035.06 words/s - MEM: 1.34 GB - LOSS:  1.7403 || ACC1: 13.9375 || ACC2: 19.7969 - LR: 9.4656e-07
INFO - 04/10/26 19:07:38 - 0:01:04 -     800 - 2032.09 equations/s - 130053.58 words/s - MEM: 1.34 GB - LOSS:  1.7166 || ACC1: 13.8438 || ACC2: 19.2656 - LR: 1.0090e-06
INFO - 04/10/26 19:07:41 - 0:01:07 -     850 - 2192.97 equations/s - 140349.99 words/s - MEM: 1.34 GB - LOSS:  1.6946 || ACC1: 13.7031 || ACC2: 19.5000 - LR: 1.0714e-06
INFO - 04/10/26 19:07:44 - 0:01:09 -     900 - 2221.71 equations/s - 142189.48 words/s - MEM: 1.34 GB - LOSS:  1.6846 || ACC1: 13.7969 || ACC2: 19.1094 - LR: 1.1339e-06
INFO - 04/10/26 19:07:47 - 0:01:12 -     950 - 2218.88 equations/s - 142008.56 words/s - MEM: 1.34 GB - LOSS:  1.6681 || ACC1: 14.2656 || ACC2: 20.1094 - LR: 1.1963e-06
INFO - 04/10/26 19:07:50 - 0:01:15 -    1000 - 2014.54 equations/s - 128930.35 words/s - MEM: 1.34 GB - LOSS:  1.6592 || ACC1: 14.3281 || ACC2: 19.6719 - LR: 1.2588e-06
INFO - 04/10/26 19:07:53 - 0:01:18 -    1050 - 2133.48 equations/s - 136542.57 words/s - MEM: 1.34 GB - LOSS:  1.6536 || ACC1: 13.8125 || ACC2: 18.9219 - LR: 1.3212e-06
INFO - 04/10/26 19:08:00 - 0:01:26 -    1100 -  896.70 equations/s - 57389.03 words/s - MEM: 1.34 GB - LOSS:  1.6467 || ACC1: 14.2188 || ACC2: 19.7188 - LR: 1.3836e-06
INFO - 04/10/26 19:08:04 - 0:01:29 -    1150 - 1958.72 equations/s - 125358.10 words/s - MEM: 1.34 GB - LOSS:  1.6417 || ACC1: 14.1719 || ACC2: 20.0156 - LR: 1.4461e-06
INFO - 04/10/26 19:08:07 - 0:01:32 -    1200 - 1892.16 equations/s - 121097.97 words/s - MEM: 1.34 GB - LOSS:  1.6392 || ACC1: 14.0000 || ACC2: 19.6094 - LR: 1.5085e-06
INFO - 04/10/26 19:08:10 - 0:01:36 -    1250 - 1934.41 equations/s - 123802.55 words/s - MEM: 1.34 GB - LOSS:  1.6348 || ACC1: 14.5312 || ACC2: 19.7812 - LR: 1.5709e-06
INFO - 04/10/26 19:08:14 - 0:01:39 -    1300 - 1904.10 equations/s - 121862.09 words/s - MEM: 1.34 GB - LOSS:  1.6353 || ACC1: 14.3594 || ACC2: 19.5938 - LR: 1.6334e-06
INFO - 04/10/26 19:08:17 - 0:01:42 -    1350 - 1891.19 equations/s - 121036.39 words/s - MEM: 1.34 GB - LOSS:  1.6305 || ACC1: 15.1250 || ACC2: 20.5312 - LR: 1.6958e-06
INFO - 04/10/26 19:08:21 - 0:01:46 -    1400 - 1914.57 equations/s - 122532.24 words/s - MEM: 1.34 GB - LOSS:  1.6308 || ACC1: 13.6562 || ACC2: 18.8438 - LR: 1.7583e-06
INFO - 04/10/26 19:08:24 - 0:01:49 -    1450 - 1923.11 equations/s - 123079.24 words/s - MEM: 1.34 GB - LOSS:  1.6283 || ACC1: 14.8594 || ACC2: 19.9844 - LR: 1.8207e-06
INFO - 04/10/26 19:08:27 - 0:01:52 -    1500 - 1989.35 equations/s - 127318.71 words/s - MEM: 1.34 GB - LOSS:  1.6268 || ACC1: 14.2812 || ACC2: 19.4688 - LR: 1.8831e-06
INFO - 04/10/26 19:08:31 - 0:01:56 -    1550 - 1855.42 equations/s - 118747.17 words/s - MEM: 1.34 GB - LOSS:  1.6232 || ACC1: 14.9375 || ACC2: 20.6875 - LR: 1.9456e-06
INFO - 04/10/26 19:08:31 - 0:01:57 -    1563 - 1750.73 equations/s - 112046.83 words/s - MEM: 1.34 GB - LOSS:  1.6248 || ACC1: 13.8221 || ACC2: 19.8317 - LR: 1.9618e-06
INFO - 04/10/26 19:08:31 - 0:01:57 - ============ End of epoch 0 ============
INFO - 04/10/26 19:08:31 - 0:01:57 - Starting Distinguisher Method
INFO - 04/10/26 19:08:43 - 0:02:09 - Distinguishing 0s using the emd. 
INFO - 04/10/26 19:08:43 - 0:02:09 - Distinguishing +/-1s using the emd. 
INFO - 04/10/26 19:08:43 - 0:02:09 - Real secret: -1: {np.int64(2), np.int64(27), np.int64(12)}, 1: {np.int64(0), np.int64(1), np.int64(5), np.int64(13), np.int64(14), np.int64(22), np.int64(24)}
INFO - 04/10/26 19:08:43 - 0:02:09 - Nonzero bits not identified. Guess: [ 7 15 12 13 10 16  3  5  0 27]
INFO - 04/10/26 19:08:43 - 0:02:09 - Distinguishing +/-1s using the mean. 
INFO - 04/10/26 19:08:43 - 0:02:09 - Real secret: -1: {np.int64(2), np.int64(27), np.int64(12)}, 1: {np.int64(0), np.int64(1), np.int64(5), np.int64(13), np.int64(14), np.int64(22), np.int64(24)}
INFO - 04/10/26 19:08:43 - 0:02:09 - Nonzero bits not identified. Guess: [ 7 15 12 13 10 16  3  5  0 27]
INFO - 04/10/26 19:08:43 - 0:02:09 - Distinguishing 0s using the mean. 
INFO - 04/10/26 19:08:43 - 0:02:09 - Distinguishing +/-1s using the emd. 
INFO - 04/10/26 19:08:43 - 0:02:09 - Real secret: -1: {np.int64(2), np.int64(27), np.int64(12)}, 1: {np.int64(0), np.int64(1), np.int64(5), np.int64(13), np.int64(14), np.int64(22), np.int64(24)}
INFO - 04/10/26 19:08:43 - 0:02:09 - Nonzero bits not identified. Guess: [ 5 10 20 22 16  3 12  0  4 27]
INFO - 04/10/26 19:08:43 - 0:02:09 - Distinguishing +/-1s using the mean. 
INFO - 04/10/26 19:08:43 - 0:02:09 - Real secret: -1: {np.int64(2), np.int64(27), np.int64(12)}, 1: {np.int64(0), np.int64(1), np.int64(5), np.int64(13), np.int64(14), np.int64(22), np.int64(24)}
INFO - 04/10/26 19:08:43 - 0:02:09 - Nonzero bits not identified. Guess: [ 5 10 20 22 16  3 12  0  4 27]
INFO - 04/10/26 19:08:43 - 0:02:09 - Starting Direct Method
INFO - 04/10/26 19:08:43 - 0:02:09 - Direct:  K=64
INFO - 04/10/26 19:08:44 - 0:02:09 - Direct:  K=92
INFO - 04/10/26 19:08:44 - 0:02:09 - Direct:  K=41
INFO - 04/10/26 19:08:44 - 0:02:09 - Direct:  K=63
INFO - 04/10/26 19:08:44 - 0:02:09 - Direct:  K=42
INFO - 04/10/26 19:08:44 - 0:02:09 - Direct:  K=92
INFO - 04/10/26 19:08:44 - 0:02:09 - Direct:  K=45
INFO - 04/10/26 19:08:44 - 0:02:09 - Direct:  K=94
INFO - 04/10/26 19:08:44 - 0:02:09 - Direct:  K=35
INFO - 04/10/26 19:08:44 - 0:02:09 - Direct:  K=50
INFO - 04/10/26 19:08:45 - 0:02:10 - Direct:  K=89
INFO - 04/10/26 19:08:45 - 0:02:10 - Direct:  K=44
INFO - 04/10/26 19:08:45 - 0:02:10 - Direct:  K=46
INFO - 04/10/26 19:08:45 - 0:02:10 - Direct:  K=42
INFO - 04/10/26 19:08:45 - 0:02:10 - Direct:  K=63
INFO - 04/10/26 19:08:45 - 0:02:10 - Direct: secret not predicted. (true secret = [ 1  1 -1  0  0  1  0  0  0  0  0  0 -1  1  1  0  0  0  0  0  0  0  1  0
                                       1  0  0 -1  0  0], predicted secret = [1 1 1 1 1 1 0 0 0 0 0 0 0 0 0 0 0 0 0 0 0 0 0 0 0 0 0 0 0 0], true support = [1 1 1 0 0 1 0 0 0 0 0 0 1 1 1 0 0 0 0 0 0 0 1 0 1 0 0 1 0 0], predicted support = [1 1 1 1 1 1 0 0 0 0 0 0 0 0 0 0 0 0 0 0 0 0 0 0 0 0 0 0 0 0])
INFO - 04/10/26 19:08:51 - 0:02:16 - CA: secret not predicted. (true secret = [ 1  1 -1  0  0  1  0  0  0  0  0  0 -1  1  1  0  0  0  0  0  0  0  1  0
                                       1  0  0 -1  0  0], predicted secret = [1 1 1 1 1 0 0 0 0 0 0 0 1 0 0 0 0 0 0 0 0 0 0 0 0 0 0 0 0 0], true support = [1 1 1 0 0 1 0 0 0 0 0 0 1 1 1 0 0 0 0 0 0 0 1 0 1 0 0 1 0 0], predicted support = [1 1 1 1 1 0 0 0 0 0 0 0 1 0 0 0 0 0 0 0 0 0 0 0 0 0 0 0 0 0])
INFO - 04/10/26 19:08:51 - 0:02:16 - CA: secret not predicted. (true secret = [ 1  1 -1  0  0  1  0  0  0  0  0  0 -1  1  1  0  0  0  0  0  0  0  1  0
                                       1  0  0 -1  0  0], predicted secret = [1 1 1 1 1 1 0 0 0 0 0 0 0 0 0 0 0 0 0 0 0 0 0 0 0 0 0 0 0 0], true support = [1 1 1 0 0 1 0 0 0 0 0 0 1 1 1 0 0 0 0 0 0 0 1 0 1 0 0 1 0 0], predicted support = [1 1 1 1 1 1 0 0 0 0 0 0 0 0 0 0 0 0 0 0 0 0 0 0 0 0 0 0 0 0])
INFO - 04/10/26 19:08:51 - 0:02:16 - Hybrid: direct, ca
INFO - 04/10/26 19:08:51 - 0:02:16 - direct, ca - Sum Normalized: secret not predicted. (true secret = [ 1  1 -1  0  0  1  0  0  0  0  0  0 -1  1  1  0  0  0  0  0  0  0  1  0
                                       1  0  0 -1  0  0], predicted secret = [1 1 1 1 1 0 0 0 0 0 0 0 1 0 0 0 0 0 0 0 0 0 0 0 0 0 0 0 0 0], true support = [1 1 1 0 0 1 0 0 0 0 0 0 1 1 1 0 0 0 0 0 0 0 1 0 1 0 0 1 0 0], predicted support = [1 1 1 1 1 0 0 0 0 0 0 0 1 0 0 0 0 0 0 0 0 0 0 0 0 0 0 0 0 0])
INFO - 04/10/26 19:08:51 - 0:02:16 - direct, ca - Max Normalized: secret not predicted. (true secret = [ 1  1 -1  0  0  1  0  0  0  0  0  0 -1  1  1  0  0  0  0  0  0  0  1  0
                                       1  0  0 -1  0  0], predicted secret = [1 1 1 1 1 1 0 0 0 0 0 0 0 0 0 0 0 0 0 0 0 0 0 0 0 0 0 0 0 0], true support = [1 1 1 0 0 1 0 0 0 0 0 0 1 1 1 0 0 0 0 0 0 0 1 0 1 0 0 1 0 0], predicted support = [1 1 1 1 1 1 0 0 0 0 0 0 0 0 0 0 0 0 0 0 0 0 0 0 0 0 0 0 0 0])
INFO - 04/10/26 19:08:51 - 0:02:16 - direct, ca - Sum Rank: secret not predicted. (true secret = [ 1  1 -1  0  0  1  0  0  0  0  0  0 -1  1  1  0  0  0  0  0  0  0  1  0
                                       1  0  0 -1  0  0], predicted secret = [1 1 1 1 1 0 0 0 0 0 0 0 1 0 0 0 0 0 0 0 0 0 0 0 0 0 0 0 0 0], true support = [1 1 1 0 0 1 0 0 0 0 0 0 1 1 1 0 0 0 0 0 0 0 1 0 1 0 0 1 0 0], predicted support = [1 1 1 1 1 0 0 0 0 0 0 0 1 0 0 0 0 0 0 0 0 0 0 0 0 0 0 0 0 0])
INFO - 04/10/26 19:08:51 - 0:02:16 - direct, ca - Max Rank: secret not predicted. (true secret = [ 1  1 -1  0  0  1  0  0  0  0  0  0 -1  1  1  0  0  0  0  0  0  0  1  0
                                       1  0  0 -1  0  0], predicted secret = [1 1 1 1 1 0 0 0 0 0 0 0 1 0 0 0 0 0 0 0 0 0 0 0 0 0 0 0 0 0], true support = [1 1 1 0 0 1 0 0 0 0 0 0 1 1 1 0 0 0 0 0 0 0 1 0 1 0 0 1 0 0], predicted support = [1 1 1 1 1 0 0 0 0 0 0 0 1 0 0 0 0 0 0 0 0 0 0 0 0 0 0 0 0 0])
INFO - 04/10/26 19:08:51 - 0:02:16 - Hybrid: direct, distinguisher
INFO - 04/10/26 19:08:51 - 0:02:16 - direct, distinguisher - Sum Normalized: secret not predicted. (true secret = [ 1  1 -1  0  0  1  0  0  0  0  0  0 -1  1  1  0  0  0  0  0  0  0  1  0
                                       1  0  0 -1  0  0], predicted secret = [1 0 0 1 1 0 0 0 0 0 0 0 1 0 0 0 1 0 0 0 0 0 0 0 0 0 0 1 0 0], true support = [1 1 1 0 0 1 0 0 0 0 0 0 1 1 1 0 0 0 0 0 0 0 1 0 1 0 0 1 0 0], predicted support = [1 0 0 1 1 0 0 0 0 0 0 0 1 0 0 0 1 0 0 0 0 0 0 0 0 0 0 1 0 0])
INFO - 04/10/26 19:08:51 - 0:02:16 - direct, distinguisher - Max Normalized: secret not predicted. (true secret = [ 1  1 -1  0  0  1  0  0  0  0  0  0 -1  1  1  0  0  0  0  0  0  0  1  0
                                       1  0  0 -1  0  0], predicted secret = [1 1 1 1 1 1 0 0 0 0 0 0 0 0 0 0 0 0 0 0 0 0 0 0 0 0 0 0 0 0], true support = [1 1 1 0 0 1 0 0 0 0 0 0 1 1 1 0 0 0 0 0 0 0 1 0 1 0 0 1 0 0], predicted support = [1 1 1 1 1 1 0 0 0 0 0 0 0 0 0 0 0 0 0 0 0 0 0 0 0 0 0 0 0 0])
INFO - 04/10/26 19:08:51 - 0:02:16 - direct, distinguisher - Sum Rank: secret not predicted. (true secret = [ 1  1 -1  0  0  1  0  0  0  0  0  0 -1  1  1  0  0  0  0  0  0  0  1  0
                                       1  0  0 -1  0  0], predicted secret = [1 0 0 1 1 0 0 0 0 0 0 0 1 0 0 0 1 0 0 0 0 0 0 0 0 0 0 1 0 0], true support = [1 1 1 0 0 1 0 0 0 0 0 0 1 1 1 0 0 0 0 0 0 0 1 0 1 0 0 1 0 0], predicted support = [1 0 0 1 1 0 0 0 0 0 0 0 1 0 0 0 1 0 0 0 0 0 0 0 0 0 0 1 0 0])
INFO - 04/10/26 19:08:51 - 0:02:16 - direct, distinguisher - Max Rank: secret not predicted. (true secret = [ 1  1 -1  0  0  1  0  0  0  0  0  0 -1  1  1  0  0  0  0  0  0  0  1  0
                                       1  0  0 -1  0  0], predicted secret = [1 0 0 1 1 0 0 0 0 0 0 0 1 0 0 0 1 0 0 0 0 0 0 0 0 0 0 1 0 0], true support = [1 1 1 0 0 1 0 0 0 0 0 0 1 1 1 0 0 0 0 0 0 0 1 0 1 0 0 1 0 0], predicted support = [1 0 0 1 1 0 0 0 0 0 0 0 1 0 0 0 1 0 0 0 0 0 0 0 0 0 0 1 0 0])
INFO - 04/10/26 19:08:51 - 0:02:16 - Hybrid: ca, distinguisher
INFO - 04/10/26 19:08:51 - 0:02:16 - ca, distinguisher - Sum Normalized: secret not predicted. (true secret = [ 1  1 -1  0  0  1  0  0  0  0  0  0 -1  1  1  0  0  0  0  0  0  0  1  0
                                       1  0  0 -1  0  0], predicted secret = [1 0 0 1 1 0 0 0 0 0 0 0 1 0 0 0 1 0 0 0 0 0 0 0 0 0 0 1 0 0], true support = [1 1 1 0 0 1 0 0 0 0 0 0 1 1 1 0 0 0 0 0 0 0 1 0 1 0 0 1 0 0], predicted support = [1 0 0 1 1 0 0 0 0 0 0 0 1 0 0 0 1 0 0 0 0 0 0 0 0 0 0 1 0 0])
INFO - 04/10/26 19:08:51 - 0:02:16 - ca, distinguisher - Max Normalized: secret not predicted. (true secret = [ 1  1 -1  0  0  1  0  0  0  0  0  0 -1  1  1  0  0  0  0  0  0  0  1  0
                                       1  0  0 -1  0  0], predicted secret = [1 0 0 1 1 0 0 0 0 0 0 0 1 0 0 0 1 0 0 0 0 0 0 0 0 0 0 1 0 0], true support = [1 1 1 0 0 1 0 0 0 0 0 0 1 1 1 0 0 0 0 0 0 0 1 0 1 0 0 1 0 0], predicted support = [1 0 0 1 1 0 0 0 0 0 0 0 1 0 0 0 1 0 0 0 0 0 0 0 0 0 0 1 0 0])
INFO - 04/10/26 19:08:51 - 0:02:16 - ca, distinguisher - Sum Rank: secret not predicted. (true secret = [ 1  1 -1  0  0  1  0  0  0  0  0  0 -1  1  1  0  0  0  0  0  0  0  1  0
                                       1  0  0 -1  0  0], predicted secret = [1 0 0 1 1 0 0 0 0 0 0 0 1 0 0 0 1 0 0 0 0 0 0 0 0 0 0 1 0 0], true support = [1 1 1 0 0 1 0 0 0 0 0 0 1 1 1 0 0 0 0 0 0 0 1 0 1 0 0 1 0 0], predicted support = [1 0 0 1 1 0 0 0 0 0 0 0 1 0 0 0 1 0 0 0 0 0 0 0 0 0 0 1 0 0])
INFO - 04/10/26 19:08:51 - 0:02:16 - ca, distinguisher - Max Rank: secret not predicted. (true secret = [ 1  1 -1  0  0  1  0  0  0  0  0  0 -1  1  1  0  0  0  0  0  0  0  1  0
                                       1  0  0 -1  0  0], predicted secret = [1 0 0 1 1 0 0 0 0 0 0 0 1 0 0 0 1 0 0 0 0 0 0 0 0 0 0 1 0 0], true support = [1 1 1 0 0 1 0 0 0 0 0 0 1 1 1 0 0 0 0 0 0 0 1 0 1 0 0 1 0 0], predicted support = [1 0 0 1 1 0 0 0 0 0 0 0 1 0 0 0 1 0 0 0 0 0 0 0 0 0 0 1 0 0])
INFO - 04/10/26 19:08:51 - 0:02:16 - Hybrid: direct, ca, distinguisher
INFO - 04/10/26 19:08:51 - 0:02:16 - direct, ca, distinguisher - Sum Normalized: secret not predicted. (true secret = [ 1  1 -1  0  0  1  0  0  0  0  0  0 -1  1  1  0  0  0  0  0  0  0  1  0
                                       1  0  0 -1  0  0], predicted secret = [1 0 0 1 1 0 0 0 0 0 0 0 1 0 0 0 1 0 0 0 0 0 0 0 0 0 0 1 0 0], true support = [1 1 1 0 0 1 0 0 0 0 0 0 1 1 1 0 0 0 0 0 0 0 1 0 1 0 0 1 0 0], predicted support = [1 0 0 1 1 0 0 0 0 0 0 0 1 0 0 0 1 0 0 0 0 0 0 0 0 0 0 1 0 0])
INFO - 04/10/26 19:08:51 - 0:02:16 - direct, ca, distinguisher - Max Normalized: secret not predicted. (true secret = [ 1  1 -1  0  0  1  0  0  0  0  0  0 -1  1  1  0  0  0  0  0  0  0  1  0
                                       1  0  0 -1  0  0], predicted secret = [1 1 1 1 1 1 0 0 0 0 0 0 0 0 0 0 0 0 0 0 0 0 0 0 0 0 0 0 0 0], true support = [1 1 1 0 0 1 0 0 0 0 0 0 1 1 1 0 0 0 0 0 0 0 1 0 1 0 0 1 0 0], predicted support = [1 1 1 1 1 1 0 0 0 0 0 0 0 0 0 0 0 0 0 0 0 0 0 0 0 0 0 0 0 0])
INFO - 04/10/26 19:08:51 - 0:02:16 - direct, ca, distinguisher - Sum Rank: secret not predicted. (true secret = [ 1  1 -1  0  0  1  0  0  0  0  0  0 -1  1  1  0  0  0  0  0  0  0  1  0
                                       1  0  0 -1  0  0], predicted secret = [1 0 0 1 1 0 0 0 0 0 0 0 1 0 0 0 1 0 0 0 0 0 0 0 0 0 0 1 0 0], true support = [1 1 1 0 0 1 0 0 0 0 0 0 1 1 1 0 0 0 0 0 0 0 1 0 1 0 0 1 0 0], predicted support = [1 0 0 1 1 0 0 0 0 0 0 0 1 0 0 0 1 0 0 0 0 0 0 0 0 0 0 1 0 0])
INFO - 04/10/26 19:08:51 - 0:02:16 - direct, ca, distinguisher - Max Rank: secret not predicted. (true secret = [ 1  1 -1  0  0  1  0  0  0  0  0  0 -1  1  1  0  0  0  0  0  0  0  1  0
                                       1  0  0 -1  0  0], predicted secret = [1 0 0 1 1 0 0 0 0 0 0 0 1 0 0 0 1 0 0 0 0 0 0 0 0 0 0 1 0 0], true support = [1 1 1 0 0 1 0 0 0 0 0 0 1 1 1 0 0 0 0 0 0 0 1 0 1 0 0 1 0 0], predicted support = [1 0 0 1 1 0 0 0 0 0 0 0 1 0 0 0 1 0 0 0 0 0 0 0 0 0 0 1 0 0])
INFO - 04/10/26 19:08:51 - 0:02:16 - Epoch 0 metrics | train_loss: 2.587121 | train_acc1: 9.411988 | train_acc2: 13.573656 | valid_xe_loss: 1.622522 | valid_acc1: 15.357991 | valid_acc2: 21.993671
INFO - 04/10/26 19:08:51 - 0:02:16 - __log__:{"train_loss": 2.587121027063576, "train_acc1": 9.411988163787589, "train_acc2": 13.57365642994242, "epoch": 0, "valid_xe_loss": 1.6225219949891296, "valid_acc1": 15.357990506329115, "valid_acc2": 21.99367088607595}
INFO - 04/10/26 19:08:51 - 0:02:16 - Saving checkpoint to /home/yu_mcc/PQC_salsa/runs/n30_q127_h3_1m/train_gpu_proposed_ternary_h10_secret0_init0_paperlike/checkpoint.pth ...
WARNING - 04/10/26 19:08:51 - 0:02:16 - Saving encoder parameters ...
WARNING - 04/10/26 19:08:51 - 0:02:16 - Saving decoder parameters ...
WARNING - 04/10/26 19:08:51 - 0:02:16 - Saving optimizer ...
INFO - 04/10/26 19:08:51 - 0:02:16 - ============ Starting epoch 1 ... ============
INFO - 04/10/26 19:08:53 - 0:02:19 -    1600 -  215.25 equations/s - 13775.85 words/s - MEM: 1.36 GB - LOSS:  1.6250 || ACC1: 15.4139 || ACC2: 20.5025 - LR: 2.0080e-06
INFO - 04/10/26 19:08:57 - 0:02:22 -    1650 - 1952.03 equations/s - 124930.20 words/s - MEM: 1.36 GB - LOSS:  1.6225 || ACC1: 14.5312 || ACC2: 20.1250 - LR: 2.0704e-06
INFO - 04/10/26 19:09:00 - 0:02:25 -    1700 - 1939.03 equations/s - 124097.74 words/s - MEM: 1.36 GB - LOSS:  1.6237 || ACC1: 14.7812 || ACC2: 19.5156 - LR: 2.1329e-06
INFO - 04/10/26 19:09:03 - 0:02:28 -    1750 - 2013.73 equations/s - 128878.76 words/s - MEM: 1.36 GB - LOSS:  1.6214 || ACC1: 15.1094 || ACC2: 20.7031 - LR: 2.1953e-06
INFO - 04/10/26 19:09:07 - 0:02:32 -    1800 - 1896.19 equations/s - 121356.17 words/s - MEM: 1.36 GB - LOSS:  1.6193 || ACC1: 15.2344 || ACC2: 21.1406 - LR: 2.2578e-06
INFO - 04/10/26 19:09:13 - 0:02:39 -    1850 -  933.42 equations/s - 59738.57 words/s - MEM: 1.36 GB - LOSS:  1.6222 || ACC1: 13.5312 || ACC2: 19.3594 - LR: 2.3202e-06
INFO - 04/10/26 19:09:17 - 0:02:42 -    1900 - 1982.00 equations/s - 126847.70 words/s - MEM: 1.36 GB - LOSS:  1.6201 || ACC1: 14.5625 || ACC2: 19.9688 - LR: 2.3826e-06
INFO - 04/10/26 19:09:20 - 0:02:45 -    1950 - 1878.84 equations/s - 120245.82 words/s - MEM: 1.36 GB - LOSS:  1.6199 || ACC1: 15.3125 || ACC2: 20.7969 - LR: 2.4451e-06
INFO - 04/10/26 19:09:23 - 0:02:48 -    2000 - 2228.52 equations/s - 142625.26 words/s - MEM: 1.36 GB - LOSS:  1.6204 || ACC1: 14.2188 || ACC2: 20.0625 - LR: 2.5075e-06
INFO - 04/10/26 19:09:26 - 0:02:51 -    2050 - 2048.93 equations/s - 131131.38 words/s - MEM: 1.36 GB - LOSS:  1.6190 || ACC1: 14.1094 || ACC2: 20.3438 - LR: 2.5699e-06
INFO - 04/10/26 19:09:29 - 0:02:55 -    2100 - 1937.34 equations/s - 123989.86 words/s - MEM: 1.36 GB - LOSS:  1.6189 || ACC1: 15.0000 || ACC2: 20.2656 - LR: 2.6324e-06
INFO - 04/10/26 19:09:33 - 0:02:58 -    2150 - 1912.66 equations/s - 122410.06 words/s - MEM: 1.36 GB - LOSS:  1.6207 || ACC1: 14.6250 || ACC2: 19.6875 - LR: 2.6948e-06
INFO - 04/10/26 19:09:36 - 0:03:01 -    2200 - 2083.84 equations/s - 133365.74 words/s - MEM: 1.36 GB - LOSS:  1.6191 || ACC1: 14.5469 || ACC2: 19.7656 - LR: 2.7573e-06
INFO - 04/10/26 19:09:39 - 0:03:04 -    2250 - 2093.58 equations/s - 133988.81 words/s - MEM: 1.36 GB - LOSS:  1.6180 || ACC1: 15.5625 || ACC2: 20.6406 - LR: 2.8197e-06
INFO - 04/10/26 19:09:42 - 0:03:07 -    2300 - 2059.37 equations/s - 131799.92 words/s - MEM: 1.36 GB - LOSS:  1.6167 || ACC1: 15.1719 || ACC2: 20.8438 - LR: 2.8821e-06
INFO - 04/10/26 19:09:49 - 0:03:14 -    2350 -  942.04 equations/s - 60290.39 words/s - MEM: 1.36 GB - LOSS:  1.6171 || ACC1: 14.6094 || ACC2: 19.9375 - LR: 2.9446e-06
INFO - 04/10/26 19:09:52 - 0:03:17 -    2400 - 1954.36 equations/s - 125078.81 words/s - MEM: 1.36 GB - LOSS:  1.6160 || ACC1: 15.2500 || ACC2: 20.8125 - LR: 3.0070e-06
INFO - 04/10/26 19:09:55 - 0:03:20 -    2450 - 1969.45 equations/s - 126045.00 words/s - MEM: 1.36 GB - LOSS:  1.6169 || ACC1: 15.1719 || ACC2: 20.6875 - LR: 3.0694e-06
INFO - 04/10/26 19:09:58 - 0:03:23 -    2500 - 2317.55 equations/s - 148322.98 words/s - MEM: 1.36 GB - LOSS:  1.6176 || ACC1: 14.9375 || ACC2: 20.4219 - LR: 3.1319e-06
INFO - 04/10/26 19:10:01 - 0:03:26 -    2550 - 2033.60 equations/s - 130150.27 words/s - MEM: 1.36 GB - LOSS:  1.6173 || ACC1: 14.6406 || ACC2: 19.9688 - LR: 3.1943e-06
INFO - 04/10/26 19:10:05 - 0:03:30 -    2600 - 1881.36 equations/s - 120407.18 words/s - MEM: 1.36 GB - LOSS:  1.6173 || ACC1: 14.2344 || ACC2: 20.1562 - LR: 3.2568e-06
INFO - 04/10/26 19:10:08 - 0:03:33 -    2650 - 2000.31 equations/s - 128019.89 words/s - MEM: 1.36 GB - LOSS:  1.6157 || ACC1: 14.9688 || ACC2: 20.4219 - LR: 3.3192e-06
INFO - 04/10/26 19:10:11 - 0:03:36 -    2700 - 2058.86 equations/s - 131767.05 words/s - MEM: 1.36 GB - LOSS:  1.6171 || ACC1: 14.8906 || ACC2: 20.3125 - LR: 3.3816e-06
INFO - 04/10/26 19:10:14 - 0:03:39 -    2750 - 2102.03 equations/s - 134529.89 words/s - MEM: 1.36 GB - LOSS:  1.6160 || ACC1: 15.5469 || ACC2: 21.0938 - LR: 3.4441e-06
INFO - 04/10/26 19:10:17 - 0:03:42 -    2800 - 1934.40 equations/s - 123801.45 words/s - MEM: 1.36 GB - LOSS:  1.6164 || ACC1: 14.1875 || ACC2: 20.2969 - LR: 3.5065e-06
INFO - 04/10/26 19:10:24 - 0:03:49 -    2850 -  922.15 equations/s - 59017.38 words/s - MEM: 1.36 GB - LOSS:  1.6141 || ACC1: 14.8906 || ACC2: 20.3125 - LR: 3.5689e-06
INFO - 04/10/26 19:10:27 - 0:03:53 -    2900 - 1941.69 equations/s - 124268.25 words/s - MEM: 1.36 GB - LOSS:  1.6160 || ACC1: 14.2656 || ACC2: 20.4219 - LR: 3.6314e-06
INFO - 04/10/26 19:10:30 - 0:03:56 -    2950 - 2133.22 equations/s - 136525.96 words/s - MEM: 1.36 GB - LOSS:  1.6139 || ACC1: 14.5156 || ACC2: 20.0938 - LR: 3.6938e-06
INFO - 04/10/26 19:10:34 - 0:03:59 -    3000 - 2047.96 equations/s - 131069.47 words/s - MEM: 1.36 GB - LOSS:  1.6144 || ACC1: 15.2969 || ACC2: 20.9219 - LR: 3.7563e-06
INFO - 04/10/26 19:10:37 - 0:04:02 -    3050 - 1955.73 equations/s - 125166.77 words/s - MEM: 1.36 GB - LOSS:  1.6159 || ACC1: 14.1406 || ACC2: 19.8594 - LR: 3.8187e-06
INFO - 04/10/26 19:10:40 - 0:04:05 -    3100 - 1968.89 equations/s - 126009.05 words/s - MEM: 1.36 GB - LOSS:  1.6144 || ACC1: 15.2656 || ACC2: 21.0000 - LR: 3.8811e-06
INFO - 04/10/26 19:10:42 - 0:04:07 -    3126 - 2036.15 equations/s - 130313.32 words/s - MEM: 1.36 GB - LOSS:  1.6145 || ACC1: 15.1442 || ACC2: 20.7933 - LR: 3.9136e-06
INFO - 04/10/26 19:10:42 - 0:04:07 - ============ End of epoch 1 ============
INFO - 04/10/26 19:10:42 - 0:04:07 - Starting Distinguisher Method
INFO - 04/10/26 19:10:49 - 0:04:14 - Distinguishing 0s using the emd. 
INFO - 04/10/26 19:10:49 - 0:04:14 - Distinguishing +/-1s using the emd. 
INFO - 04/10/26 19:10:49 - 0:04:14 - Real secret: -1: {np.int64(2), np.int64(27), np.int64(12)}, 1: {np.int64(0), np.int64(1), np.int64(5), np.int64(13), np.int64(14), np.int64(22), np.int64(24)}
INFO - 04/10/26 19:10:49 - 0:04:14 - Nonzero bits not identified. Guess: [27 10 14  7  6 22  5 12  1  0]
INFO - 04/10/26 19:10:49 - 0:04:14 - Distinguishing +/-1s using the mean. 
INFO - 04/10/26 19:10:49 - 0:04:14 - Real secret: -1: {np.int64(2), np.int64(27), np.int64(12)}, 1: {np.int64(0), np.int64(1), np.int64(5), np.int64(13), np.int64(14), np.int64(22), np.int64(24)}
INFO - 04/10/26 19:10:49 - 0:04:14 - Nonzero bits not identified. Guess: [27 10 14  7  6 22  5 12  1  0]
INFO - 04/10/26 19:10:49 - 0:04:14 - Distinguishing 0s using the mean. 
INFO - 04/10/26 19:10:49 - 0:04:14 - Distinguishing +/-1s using the emd. 
INFO - 04/10/26 19:10:49 - 0:04:14 - Real secret: -1: {np.int64(2), np.int64(27), np.int64(12)}, 1: {np.int64(0), np.int64(1), np.int64(5), np.int64(13), np.int64(14), np.int64(22), np.int64(24)}
INFO - 04/10/26 19:10:49 - 0:04:14 - Nonzero bits not identified. Guess: [ 7 24  6 10  2  5 12 22  1  0]
INFO - 04/10/26 19:10:49 - 0:04:14 - Distinguishing +/-1s using the mean. 
INFO - 04/10/26 19:10:49 - 0:04:14 - Real secret: -1: {np.int64(2), np.int64(27), np.int64(12)}, 1: {np.int64(0), np.int64(1), np.int64(5), np.int64(13), np.int64(14), np.int64(22), np.int64(24)}
INFO - 04/10/26 19:10:49 - 0:04:14 - Nonzero bits not identified. Guess: [ 7 24  6 10  2  5 12 22  1  0]
INFO - 04/10/26 19:10:49 - 0:04:14 - Starting Direct Method
INFO - 04/10/26 19:10:49 - 0:04:14 - Direct:  K=46
INFO - 04/10/26 19:10:49 - 0:04:14 - Direct:  K=55
INFO - 04/10/26 19:10:49 - 0:04:14 - Direct:  K=80
INFO - 04/10/26 19:10:49 - 0:04:15 - Direct:  K=32
INFO - 04/10/26 19:10:50 - 0:04:15 - Direct:  K=72
INFO - 04/10/26 19:10:50 - 0:04:15 - Direct:  K=78
INFO - 04/10/26 19:10:50 - 0:04:15 - Direct:  K=46
INFO - 04/10/26 19:10:50 - 0:04:15 - Direct:  K=50
INFO - 04/10/26 19:10:50 - 0:04:15 - Direct:  K=68
INFO - 04/10/26 19:10:50 - 0:04:15 - Direct:  K=66
INFO - 04/10/26 19:10:50 - 0:04:15 - Direct:  K=85
INFO - 04/10/26 19:10:50 - 0:04:15 - Direct:  K=82
INFO - 04/10/26 19:10:50 - 0:04:15 - Direct:  K=62
INFO - 04/10/26 19:10:50 - 0:04:15 - Direct:  K=58
INFO - 04/10/26 19:10:50 - 0:04:15 - Direct:  K=89
INFO - 04/10/26 19:10:50 - 0:04:15 - Direct: secret not predicted. (true secret = [ 1  1 -1  0  0  1  0  0  0  0  0  0 -1  1  1  0  0  0  0  0  0  0  1  0
                                       1  0  0 -1  0  0], predicted secret = [0 0 0 0 0 1 1 1 0 0 0 0 0 0 0 1 0 0 0 1 0 0 0 1 0 0 0 0 0 0], true support = [1 1 1 0 0 1 0 0 0 0 0 0 1 1 1 0 0 0 0 0 0 0 1 0 1 0 0 1 0 0], predicted support = [0 0 0 0 0 1 1 1 0 0 0 0 0 0 0 1 0 0 0 1 0 0 0 1 0 0 0 0 0 0])
INFO - 04/10/26 19:11:00 - 0:04:25 - CA: secret not predicted. (true secret = [ 1  1 -1  0  0  1  0  0  0  0  0  0 -1  1  1  0  0  0  0  0  0  0  1  0
                                       1  0  0 -1  0  0], predicted secret = [0 1 0 1 0 1 0 0 0 0 0 0 1 0 0 0 0 0 0 0 0 0 1 0 0 0 0 1 0 0], true support = [1 1 1 0 0 1 0 0 0 0 0 0 1 1 1 0 0 0 0 0 0 0 1 0 1 0 0 1 0 0], predicted support = [0 1 0 1 0 1 0 0 0 0 0 0 1 0 0 0 0 0 0 0 0 0 1 0 0 0 0 1 0 0])
INFO - 04/10/26 19:11:00 - 0:04:25 - CA: secret not predicted. (true secret = [ 1  1 -1  0  0  1  0  0  0  0  0  0 -1  1  1  0  0  0  0  0  0  0  1  0
                                       1  0  0 -1  0  0], predicted secret = [1 1 0 0 0 1 0 0 0 0 0 0 0 1 1 0 0 1 0 0 0 0 0 0 0 0 0 0 0 0], true support = [1 1 1 0 0 1 0 0 0 0 0 0 1 1 1 0 0 0 0 0 0 0 1 0 1 0 0 1 0 0], predicted support = [1 1 0 0 0 1 0 0 0 0 0 0 0 1 1 0 0 1 0 0 0 0 0 0 0 0 0 0 0 0])
INFO - 04/10/26 19:11:00 - 0:04:25 - Hybrid: direct, ca
INFO - 04/10/26 19:11:00 - 0:04:25 - direct, ca - Sum Normalized: secret not predicted. (true secret = [ 1  1 -1  0  0  1  0  0  0  0  0  0 -1  1  1  0  0  0  0  0  0  0  1  0
                                       1  0  0 -1  0  0], predicted secret = [1 0 0 0 0 1 0 0 0 0 0 0 1 0 1 1 0 0 0 0 0 0 1 0 0 0 0 0 0 0], true support = [1 1 1 0 0 1 0 0 0 0 0 0 1 1 1 0 0 0 0 0 0 0 1 0 1 0 0 1 0 0], predicted support = [1 0 0 0 0 1 0 0 0 0 0 0 1 0 1 1 0 0 0 0 0 0 1 0 0 0 0 0 0 0])
INFO - 04/10/26 19:11:00 - 0:04:25 - direct, ca - Max Normalized: secret not predicted. (true secret = [ 1  1 -1  0  0  1  0  0  0  0  0  0 -1  1  1  0  0  0  0  0  0  0  1  0
                                       1  0  0 -1  0  0], predicted secret = [1 0 0 0 0 1 1 0 0 0 0 0 0 0 1 1 0 0 0 0 0 0 1 0 0 0 0 0 0 0], true support = [1 1 1 0 0 1 0 0 0 0 0 0 1 1 1 0 0 0 0 0 0 0 1 0 1 0 0 1 0 0], predicted support = [1 0 0 0 0 1 1 0 0 0 0 0 0 0 1 1 0 0 0 0 0 0 1 0 0 0 0 0 0 0])
INFO - 04/10/26 19:11:00 - 0:04:25 - direct, ca - Sum Rank: secret not predicted. (true secret = [ 1  1 -1  0  0  1  0  0  0  0  0  0 -1  1  1  0  0  0  0  0  0  0  1  0
                                       1  0  0 -1  0  0], predicted secret = [1 0 0 0 0 1 0 0 0 0 0 0 1 0 1 1 0 0 0 0 0 0 1 0 0 0 0 0 0 0], true support = [1 1 1 0 0 1 0 0 0 0 0 0 1 1 1 0 0 0 0 0 0 0 1 0 1 0 0 1 0 0], predicted support = [1 0 0 0 0 1 0 0 0 0 0 0 1 0 1 1 0 0 0 0 0 0 1 0 0 0 0 0 0 0])
INFO - 04/10/26 19:11:00 - 0:04:25 - direct, ca - Max Rank: secret not predicted. (true secret = [ 1  1 -1  0  0  1  0  0  0  0  0  0 -1  1  1  0  0  0  0  0  0  0  1  0
                                       1  0  0 -1  0  0], predicted secret = [1 0 0 0 0 1 0 0 0 0 0 0 1 0 1 1 0 0 0 0 0 0 1 0 0 0 0 0 0 0], true support = [1 1 1 0 0 1 0 0 0 0 0 0 1 1 1 0 0 0 0 0 0 0 1 0 1 0 0 1 0 0], predicted support = [1 0 0 0 0 1 0 0 0 0 0 0 1 0 1 1 0 0 0 0 0 0 1 0 0 0 0 0 0 0])
INFO - 04/10/26 19:11:00 - 0:04:25 - Hybrid: direct, distinguisher
INFO - 04/10/26 19:11:00 - 0:04:25 - direct, distinguisher - Sum Normalized: secret not predicted. (true secret = [ 1  1 -1  0  0  1  0  0  0  0  0  0 -1  1  1  0  0  0  0  0  0  0  1  0
                                       1  0  0 -1  0  0], predicted secret = [1 1 0 0 0 1 0 0 0 0 0 0 1 0 0 1 0 0 0 0 0 0 1 0 0 0 0 0 0 0], true support = [1 1 1 0 0 1 0 0 0 0 0 0 1 1 1 0 0 0 0 0 0 0 1 0 1 0 0 1 0 0], predicted support = [1 1 0 0 0 1 0 0 0 0 0 0 1 0 0 1 0 0 0 0 0 0 1 0 0 0 0 0 0 0])
INFO - 04/10/26 19:11:00 - 0:04:25 - direct, distinguisher - Max Normalized: secret not predicted. (true secret = [ 1  1 -1  0  0  1  0  0  0  0  0  0 -1  1  1  0  0  0  0  0  0  0  1  0
                                       1  0  0 -1  0  0], predicted secret = [1 1 0 0 0 1 0 0 0 0 0 0 1 0 0 1 0 0 0 0 0 0 1 0 0 0 0 0 0 0], true support = [1 1 1 0 0 1 0 0 0 0 0 0 1 1 1 0 0 0 0 0 0 0 1 0 1 0 0 1 0 0], predicted support = [1 1 0 0 0 1 0 0 0 0 0 0 1 0 0 1 0 0 0 0 0 0 1 0 0 0 0 0 0 0])
INFO - 04/10/26 19:11:00 - 0:04:25 - direct, distinguisher - Sum Rank: secret not predicted. (true secret = [ 1  1 -1  0  0  1  0  0  0  0  0  0 -1  1  1  0  0  0  0  0  0  0  1  0
                                       1  0  0 -1  0  0], predicted secret = [1 0 0 0 0 1 1 1 0 0 0 0 0 0 0 1 0 0 0 0 0 0 0 1 0 0 0 0 0 0], true support = [1 1 1 0 0 1 0 0 0 0 0 0 1 1 1 0 0 0 0 0 0 0 1 0 1 0 0 1 0 0], predicted support = [1 0 0 0 0 1 1 1 0 0 0 0 0 0 0 1 0 0 0 0 0 0 0 1 0 0 0 0 0 0])
INFO - 04/10/26 19:11:00 - 0:04:25 - direct, distinguisher - Max Rank: secret not predicted. (true secret = [ 1  1 -1  0  0  1  0  0  0  0  0  0 -1  1  1  0  0  0  0  0  0  0  1  0
                                       1  0  0 -1  0  0], predicted secret = [1 1 0 0 0 1 0 0 0 0 0 0 1 0 0 1 0 0 0 0 0 0 1 0 0 0 0 0 0 0], true support = [1 1 1 0 0 1 0 0 0 0 0 0 1 1 1 0 0 0 0 0 0 0 1 0 1 0 0 1 0 0], predicted support = [1 1 0 0 0 1 0 0 0 0 0 0 1 0 0 1 0 0 0 0 0 0 1 0 0 0 0 0 0 0])
INFO - 04/10/26 19:11:00 - 0:04:25 - Hybrid: ca, distinguisher
INFO - 04/10/26 19:11:00 - 0:04:25 - ca, distinguisher - Sum Normalized: secret not predicted. (true secret = [ 1  1 -1  0  0  1  0  0  0  0  0  0 -1  1  1  0  0  0  0  0  0  0  1  0
                                       1  0  0 -1  0  0], predicted secret = [1 1 0 0 0 1 0 0 0 0 0 0 1 0 1 0 0 0 0 0 0 0 1 0 0 0 0 0 0 0], true support = [1 1 1 0 0 1 0 0 0 0 0 0 1 1 1 0 0 0 0 0 0 0 1 0 1 0 0 1 0 0], predicted support = [1 1 0 0 0 1 0 0 0 0 0 0 1 0 1 0 0 0 0 0 0 0 1 0 0 0 0 0 0 0])
INFO - 04/10/26 19:11:00 - 0:04:25 - ca, distinguisher - Max Normalized: secret not predicted. (true secret = [ 1  1 -1  0  0  1  0  0  0  0  0  0 -1  1  1  0  0  0  0  0  0  0  1  0
                                       1  0  0 -1  0  0], predicted secret = [1 1 1 0 0 1 0 0 0 0 0 0 1 0 0 0 0 0 0 0 0 0 1 0 0 0 0 0 0 0], true support = [1 1 1 0 0 1 0 0 0 0 0 0 1 1 1 0 0 0 0 0 0 0 1 0 1 0 0 1 0 0], predicted support = [1 1 1 0 0 1 0 0 0 0 0 0 1 0 0 0 0 0 0 0 0 0 1 0 0 0 0 0 0 0])
INFO - 04/10/26 19:11:00 - 0:04:25 - ca, distinguisher - Sum Rank: secret not predicted. (true secret = [ 1  1 -1  0  0  1  0  0  0  0  0  0 -1  1  1  0  0  0  0  0  0  0  1  0
                                       1  0  0 -1  0  0], predicted secret = [1 1 0 0 0 1 0 0 0 0 0 0 1 0 1 0 0 0 0 0 0 0 1 0 0 0 0 0 0 0], true support = [1 1 1 0 0 1 0 0 0 0 0 0 1 1 1 0 0 0 0 0 0 0 1 0 1 0 0 1 0 0], predicted support = [1 1 0 0 0 1 0 0 0 0 0 0 1 0 1 0 0 0 0 0 0 0 1 0 0 0 0 0 0 0])
INFO - 04/10/26 19:11:00 - 0:04:25 - ca, distinguisher - Max Rank: secret not predicted. (true secret = [ 1  1 -1  0  0  1  0  0  0  0  0  0 -1  1  1  0  0  0  0  0  0  0  1  0
                                       1  0  0 -1  0  0], predicted secret = [1 1 0 0 0 1 0 0 0 0 0 0 1 0 1 0 0 0 0 0 0 0 1 0 0 0 0 0 0 0], true support = [1 1 1 0 0 1 0 0 0 0 0 0 1 1 1 0 0 0 0 0 0 0 1 0 1 0 0 1 0 0], predicted support = [1 1 0 0 0 1 0 0 0 0 0 0 1 0 1 0 0 0 0 0 0 0 1 0 0 0 0 0 0 0])
INFO - 04/10/26 19:11:00 - 0:04:25 - Hybrid: direct, ca, distinguisher
INFO - 04/10/26 19:11:00 - 0:04:25 - direct, ca, distinguisher - Sum Normalized: secret not predicted. (true secret = [ 1  1 -1  0  0  1  0  0  0  0  0  0 -1  1  1  0  0  0  0  0  0  0  1  0
                                       1  0  0 -1  0  0], predicted secret = [1 1 0 0 0 1 0 0 0 0 0 0 1 0 0 1 0 0 0 0 0 0 1 0 0 0 0 0 0 0], true support = [1 1 1 0 0 1 0 0 0 0 0 0 1 1 1 0 0 0 0 0 0 0 1 0 1 0 0 1 0 0], predicted support = [1 1 0 0 0 1 0 0 0 0 0 0 1 0 0 1 0 0 0 0 0 0 1 0 0 0 0 0 0 0])
INFO - 04/10/26 19:11:00 - 0:04:25 - direct, ca, distinguisher - Max Normalized: secret not predicted. (true secret = [ 1  1 -1  0  0  1  0  0  0  0  0  0 -1  1  1  0  0  0  0  0  0  0  1  0
                                       1  0  0 -1  0  0], predicted secret = [1 1 0 0 0 1 0 0 0 0 0 0 1 0 0 1 0 0 0 0 0 0 1 0 0 0 0 0 0 0], true support = [1 1 1 0 0 1 0 0 0 0 0 0 1 1 1 0 0 0 0 0 0 0 1 0 1 0 0 1 0 0], predicted support = [1 1 0 0 0 1 0 0 0 0 0 0 1 0 0 1 0 0 0 0 0 0 1 0 0 0 0 0 0 0])
INFO - 04/10/26 19:11:00 - 0:04:25 - direct, ca, distinguisher - Sum Rank: secret not predicted. (true secret = [ 1  1 -1  0  0  1  0  0  0  0  0  0 -1  1  1  0  0  0  0  0  0  0  1  0
                                       1  0  0 -1  0  0], predicted secret = [1 1 0 0 0 1 0 0 0 0 0 0 1 0 1 0 0 0 0 0 0 0 1 0 0 0 0 0 0 0], true support = [1 1 1 0 0 1 0 0 0 0 0 0 1 1 1 0 0 0 0 0 0 0 1 0 1 0 0 1 0 0], predicted support = [1 1 0 0 0 1 0 0 0 0 0 0 1 0 1 0 0 0 0 0 0 0 1 0 0 0 0 0 0 0])
INFO - 04/10/26 19:11:00 - 0:04:25 - direct, ca, distinguisher - Max Rank: secret not predicted. (true secret = [ 1  1 -1  0  0  1  0  0  0  0  0  0 -1  1  1  0  0  0  0  0  0  0  1  0
                                       1  0  0 -1  0  0], predicted secret = [1 1 0 0 0 1 0 0 0 0 0 0 1 0 0 1 0 0 0 0 0 0 1 0 0 0 0 0 0 0], true support = [1 1 1 0 0 1 0 0 0 0 0 0 1 1 1 0 0 0 0 0 0 0 1 0 1 0 0 1 0 0], predicted support = [1 1 0 0 0 1 0 0 0 0 0 0 1 0 0 1 0 0 0 0 0 0 1 0 0 0 0 0 0 0])
INFO - 04/10/26 19:11:00 - 0:04:25 - Epoch 1 metrics | train_loss: 1.618046 | train_acc1: 14.791767 | train_acc2: 20.342990 | valid_xe_loss: 1.616007 | valid_acc1: 14.141614 | valid_acc2: 20.342168
INFO - 04/10/26 19:11:00 - 0:04:25 - __log__:{"train_loss": 1.618046018456467, "train_acc1": 14.791766634676904, "train_acc2": 20.342990243122202, "epoch": 1, "valid_xe_loss": 1.6160073778297328, "valid_acc1": 14.141613924050633, "valid_acc2": 20.342167721518987}
INFO - 04/10/26 19:11:00 - 0:04:25 - Saving checkpoint to /home/yu_mcc/PQC_salsa/runs/n30_q127_h3_1m/train_gpu_proposed_ternary_h10_secret0_init0_paperlike/checkpoint.pth ...
WARNING - 04/10/26 19:11:00 - 0:04:25 - Saving encoder parameters ...
WARNING - 04/10/26 19:11:00 - 0:04:25 - Saving decoder parameters ...
WARNING - 04/10/26 19:11:00 - 0:04:25 - Saving optimizer ...
INFO - 04/10/26 19:11:01 - 0:04:26 - ============ Starting epoch 2 ... ============
INFO - 04/10/26 19:11:02 - 0:04:27 -    3150 -  150.25 equations/s -  9615.86 words/s - MEM: 1.36 GB - LOSS:  1.6168 || ACC1: 14.1602 || ACC2: 19.9544 - LR: 3.9436e-06
INFO - 04/10/26 19:11:05 - 0:04:30 -    3200 - 2167.55 equations/s - 138723.00 words/s - MEM: 1.36 GB - LOSS:  1.6159 || ACC1: 14.6719 || ACC2: 20.0156 - LR: 4.0060e-06
INFO - 04/10/26 19:11:09 - 0:04:34 -    3250 - 1737.21 equations/s - 111181.46 words/s - MEM: 1.36 GB - LOSS:  1.6159 || ACC1: 15.2969 || ACC2: 20.7344 - LR: 4.0684e-06
INFO - 04/10/26 19:11:13 - 0:04:39 -    3300 - 1385.97 equations/s - 88701.82 words/s - MEM: 1.36 GB - LOSS:  1.6122 || ACC1: 16.1094 || ACC2: 21.5156 - LR: 4.1309e-06
INFO - 04/10/26 19:11:18 - 0:04:43 -    3350 - 1439.26 equations/s - 92112.90 words/s - MEM: 1.36 GB - LOSS:  1.6142 || ACC1: 15.0625 || ACC2: 20.9219 - LR: 4.1933e-06
INFO - 04/10/26 19:11:23 - 0:04:48 -    3400 - 1375.09 equations/s - 88005.79 words/s - MEM: 1.36 GB - LOSS:  1.6122 || ACC1: 16.3125 || ACC2: 22.2969 - LR: 4.2557e-06
INFO - 04/10/26 19:11:27 - 0:04:52 -    3450 - 1439.67 equations/s - 92138.94 words/s - MEM: 1.36 GB - LOSS:  1.6119 || ACC1: 15.3438 || ACC2: 21.1094 - LR: 4.3182e-06
INFO - 04/10/26 19:11:35 - 0:05:00 -    3500 -  782.90 equations/s - 50105.76 words/s - MEM: 1.36 GB - LOSS:  1.6138 || ACC1: 15.0000 || ACC2: 20.7500 - LR: 4.3806e-06
INFO - 04/10/26 19:11:40 - 0:05:05 -    3550 - 1331.34 equations/s - 85205.79 words/s - MEM: 1.36 GB - LOSS:  1.6154 || ACC1: 14.8438 || ACC2: 20.0781 - LR: 4.4431e-06
INFO - 04/10/26 19:11:44 - 0:05:10 -    3600 - 1426.04 equations/s - 91266.48 words/s - MEM: 1.36 GB - LOSS:  1.6123 || ACC1: 16.2188 || ACC2: 21.8906 - LR: 4.5055e-06
INFO - 04/10/26 19:11:49 - 0:05:14 -    3650 - 1438.83 equations/s - 92085.37 words/s - MEM: 1.36 GB - LOSS:  1.6137 || ACC1: 15.0781 || ACC2: 20.3750 - LR: 4.5679e-06
INFO - 04/10/26 19:11:54 - 0:05:19 -    3700 - 1361.49 equations/s - 87135.48 words/s - MEM: 1.36 GB - LOSS:  1.6126 || ACC1: 15.9375 || ACC2: 21.2812 - LR: 4.6304e-06
INFO - 04/10/26 19:11:58 - 0:05:23 -    3750 - 1383.79 equations/s - 88562.43 words/s - MEM: 1.36 GB - LOSS:  1.6108 || ACC1: 16.2031 || ACC2: 22.2344 - LR: 4.6928e-06
INFO - 04/10/26 19:12:03 - 0:05:28 -    3800 - 1413.66 equations/s - 90474.36 words/s - MEM: 1.36 GB - LOSS:  1.6116 || ACC1: 16.0938 || ACC2: 21.7656 - LR: 4.7552e-06
INFO - 04/10/26 19:12:11 - 0:05:36 -    3850 -  780.07 equations/s - 49924.34 words/s - MEM: 1.36 GB - LOSS:  1.6116 || ACC1: 16.2188 || ACC2: 21.7188 - LR: 4.8177e-06
INFO - 04/10/26 19:12:16 - 0:05:41 -    3900 - 1345.22 equations/s - 86094.00 words/s - MEM: 1.36 GB - LOSS:  1.6115 || ACC1: 15.1875 || ACC2: 20.9844 - LR: 4.8801e-06
INFO - 04/10/26 19:12:20 - 0:05:45 -    3950 - 1391.76 equations/s - 89072.91 words/s - MEM: 1.36 GB - LOSS:  1.6108 || ACC1: 16.6250 || ACC2: 21.8594 - LR: 4.9426e-06
INFO - 04/10/26 19:12:25 - 0:05:50 -    4000 - 1395.58 equations/s - 89317.06 words/s - MEM: 1.36 GB - LOSS:  1.6089 || ACC1: 16.7188 || ACC2: 21.8750 - LR: 5.0050e-06
INFO - 04/10/26 19:12:30 - 0:05:55 -    4050 - 1378.58 equations/s - 88229.17 words/s - MEM: 1.36 GB - LOSS:  1.6100 || ACC1: 16.0781 || ACC2: 21.7812 - LR: 5.0674e-06
INFO - 04/10/26 19:12:34 - 0:05:59 -    4100 - 1434.31 equations/s - 91795.73 words/s - MEM: 1.36 GB - LOSS:  1.6114 || ACC1: 16.5156 || ACC2: 21.9375 - LR: 5.1299e-06
INFO - 04/10/26 19:12:39 - 0:06:04 -    4150 - 1418.67 equations/s - 90794.62 words/s - MEM: 1.36 GB - LOSS:  1.6078 || ACC1: 16.0312 || ACC2: 21.5781 - LR: 5.1923e-06
INFO - 04/10/26 19:12:47 - 0:06:12 -    4200 -  768.60 equations/s - 49190.09 words/s - MEM: 1.36 GB - LOSS:  1.6114 || ACC1: 16.8125 || ACC2: 22.1094 - LR: 5.2547e-06
INFO - 04/10/26 19:12:51 - 0:06:17 -    4250 - 1412.18 equations/s - 90379.66 words/s - MEM: 1.36 GB - LOSS:  1.6115 || ACC1: 16.1719 || ACC2: 22.1406 - LR: 5.3172e-06
INFO - 04/10/26 19:12:56 - 0:06:21 -    4300 - 1440.52 equations/s - 92193.16 words/s - MEM: 1.36 GB - LOSS:  1.6070 || ACC1: 16.8906 || ACC2: 22.7500 - LR: 5.3796e-06
INFO - 04/10/26 19:13:01 - 0:06:26 -    4350 - 1360.38 equations/s - 87064.39 words/s - MEM: 1.36 GB - LOSS:  1.6070 || ACC1: 17.8125 || ACC2: 23.3281 - LR: 5.4421e-06
INFO - 04/10/26 19:13:05 - 0:06:30 -    4400 - 1383.79 equations/s - 88562.47 words/s - MEM: 1.36 GB - LOSS:  1.6069 || ACC1: 17.5156 || ACC2: 23.2344 - LR: 5.5045e-06
INFO - 04/10/26 19:13:10 - 0:06:35 -    4450 - 1479.15 equations/s - 94665.54 words/s - MEM: 1.36 GB - LOSS:  1.6074 || ACC1: 17.4844 || ACC2: 23.1094 - LR: 5.5669e-06
INFO - 04/10/26 19:13:14 - 0:06:39 -    4500 - 1443.58 equations/s - 92389.20 words/s - MEM: 1.36 GB - LOSS:  1.6064 || ACC1: 17.9219 || ACC2: 23.6250 - LR: 5.6294e-06
INFO - 04/10/26 19:13:22 - 0:06:47 -    4550 -  771.09 equations/s - 49349.57 words/s - MEM: 1.36 GB - LOSS:  1.6071 || ACC1: 17.6875 || ACC2: 23.3281 - LR: 5.6918e-06
INFO - 04/10/26 19:13:27 - 0:06:52 -    4600 - 1389.99 equations/s - 88959.31 words/s - MEM: 1.36 GB - LOSS:  1.6053 || ACC1: 18.0625 || ACC2: 23.9844 - LR: 5.7543e-06
INFO - 04/10/26 19:13:32 - 0:06:57 -    4650 - 1336.74 equations/s - 85551.34 words/s - MEM: 1.36 GB - LOSS:  1.6067 || ACC1: 17.6875 || ACC2: 23.5625 - LR: 5.8167e-06
INFO - 04/10/26 19:13:35 - 0:07:00 -    4689 - 1358.90 equations/s - 86969.72 words/s - MEM: 1.36 GB - LOSS:  1.6042 || ACC1: 18.2692 || ACC2: 23.9183 - LR: 5.8654e-06
INFO - 04/10/26 19:13:35 - 0:07:00 - ============ End of epoch 2 ============
INFO - 04/10/26 19:13:35 - 0:07:00 - Starting Distinguisher Method
INFO - 04/10/26 19:13:49 - 0:07:14 - Distinguishing 0s using the emd. 
INFO - 04/10/26 19:13:49 - 0:07:14 - Distinguishing +/-1s using the emd. 
INFO - 04/10/26 19:13:49 - 0:07:14 - Real secret: -1: {np.int64(2), np.int64(27), np.int64(12)}, 1: {np.int64(0), np.int64(1), np.int64(5), np.int64(13), np.int64(14), np.int64(22), np.int64(24)}
INFO - 04/10/26 19:13:49 - 0:07:14 - Nonzero bits not identified. Guess: [ 0 11 20 14 13  5  1 24 22 27]
INFO - 04/10/26 19:13:49 - 0:07:14 - Distinguishing +/-1s using the mean. 
INFO - 04/10/26 19:13:49 - 0:07:14 - Real secret: -1: {np.int64(2), np.int64(27), np.int64(12)}, 1: {np.int64(0), np.int64(1), np.int64(5), np.int64(13), np.int64(14), np.int64(22), np.int64(24)}
INFO - 04/10/26 19:13:49 - 0:07:14 - Nonzero bits not identified. Guess: [ 0 11 20 14 13  5  1 24 22 27]
INFO - 04/10/26 19:13:49 - 0:07:14 - Distinguishing 0s using the mean. 
INFO - 04/10/26 19:13:49 - 0:07:14 - Distinguishing +/-1s using the emd. 
INFO - 04/10/26 19:13:49 - 0:07:14 - Real secret: -1: {np.int64(2), np.int64(27), np.int64(12)}, 1: {np.int64(0), np.int64(1), np.int64(5), np.int64(13), np.int64(14), np.int64(22), np.int64(24)}
INFO - 04/10/26 19:13:49 - 0:07:14 - Distinguishing +/-1s using the mean. 
INFO - 04/10/26 19:13:49 - 0:07:14 - Real secret: -1: {np.int64(2), np.int64(27), np.int64(12)}, 1: {np.int64(0), np.int64(1), np.int64(5), np.int64(13), np.int64(14), np.int64(22), np.int64(24)}
INFO - 04/10/26 19:13:49 - 0:07:14 - Starting Direct Method
INFO - 04/10/26 19:13:49 - 0:07:14 - Direct:  K=81
INFO - 04/10/26 19:13:49 - 0:07:14 - Direct:  K=83
INFO - 04/10/26 19:13:49 - 0:07:14 - Direct:  K=43
INFO - 04/10/26 19:13:49 - 0:07:14 - Direct:  K=85
INFO - 04/10/26 19:13:49 - 0:07:14 - Direct:  K=68
INFO - 04/10/26 19:13:49 - 0:07:14 - Direct:  K=52
INFO - 04/10/26 19:13:49 - 0:07:14 - Direct:  K=82
INFO - 04/10/26 19:13:49 - 0:07:15 - Direct:  K=63
INFO - 04/10/26 19:13:50 - 0:07:15 - Direct:  K=49
INFO - 04/10/26 19:13:50 - 0:07:15 - Direct:  K=93
INFO - 04/10/26 19:13:50 - 0:07:15 - Direct:  K=63
INFO - 04/10/26 19:13:50 - 0:07:15 - Direct:  K=56
INFO - 04/10/26 19:13:50 - 0:07:15 - Direct:  K=87
INFO - 04/10/26 19:13:50 - 0:07:15 - Direct:  K=92
INFO - 04/10/26 19:13:50 - 0:07:15 - Direct:  K=76
INFO - 04/10/26 19:13:51 - 0:07:16 - Direct: secret not predicted. (true secret = [ 1  1 -1  0  0  1  0  0  0  0  0  0 -1  1  1  0  0  0  0  0  0  0  1  0
                                       1  0  0 -1  0  0], predicted secret = [1 0 0 1 0 0 0 0 0 1 0 0 0 0 0 1 0 0 0 0 1 0 0 0 0 1 0 0 0 0], true support = [1 1 1 0 0 1 0 0 0 0 0 0 1 1 1 0 0 0 0 0 0 0 1 0 1 0 0 1 0 0], predicted support = [1 0 0 1 0 0 0 0 0 1 0 0 0 0 0 1 0 0 0 0 1 0 0 0 0 1 0 0 0 0])
INFO - 04/10/26 19:14:02 - 0:07:27 - CA: secret not predicted. (true secret = [ 1  1 -1  0  0  1  0  0  0  0  0  0 -1  1  1  0  0  0  0  0  0  0  1  0
                                       1  0  0 -1  0  0], predicted secret = [0 1 1 0 0 1 0 0 0 0 0 0 1 0 0 0 0 0 0 0 0 0 1 0 0 0 0 1 0 0], true support = [1 1 1 0 0 1 0 0 0 0 0 0 1 1 1 0 0 0 0 0 0 0 1 0 1 0 0 1 0 0], predicted support = [0 1 1 0 0 1 0 0 0 0 0 0 1 0 0 0 0 0 0 0 0 0 1 0 0 0 0 1 0 0])
INFO - 04/10/26 19:14:02 - 0:07:27 - CA: secret not predicted. (true secret = [ 1  1 -1  0  0  1  0  0  0  0  0  0 -1  1  1  0  0  0  0  0  0  0  1  0
                                       1  0  0 -1  0  0], predicted secret = [1 1 0 0 0 0 0 0 0 0 0 0 0 1 1 0 0 1 0 0 1 0 0 0 0 0 0 0 0 0], true support = [1 1 1 0 0 1 0 0 0 0 0 0 1 1 1 0 0 0 0 0 0 0 1 0 1 0 0 1 0 0], predicted support = [1 1 0 0 0 0 0 0 0 0 0 0 0 1 1 0 0 1 0 0 1 0 0 0 0 0 0 0 0 0])
INFO - 04/10/26 19:14:02 - 0:07:27 - Hybrid: direct, ca
INFO - 04/10/26 19:14:02 - 0:07:27 - direct, ca - Sum Normalized: secret not predicted. (true secret = [ 1  1 -1  0  0  1  0  0  0  0  0  0 -1  1  1  0  0  0  0  0  0  0  1  0
                                       1  0  0 -1  0  0], predicted secret = [1 1 0 0 0 0 0 0 0 0 0 0 1 0 0 1 0 0 0 0 0 0 1 0 0 1 0 0 0 0], true support = [1 1 1 0 0 1 0 0 0 0 0 0 1 1 1 0 0 0 0 0 0 0 1 0 1 0 0 1 0 0], predicted support = [1 1 0 0 0 0 0 0 0 0 0 0 1 0 0 1 0 0 0 0 0 0 1 0 0 1 0 0 0 0])
INFO - 04/10/26 19:14:02 - 0:07:27 - direct, ca - Max Normalized: secret not predicted. (true secret = [ 1  1 -1  0  0  1  0  0  0  0  0  0 -1  1  1  0  0  0  0  0  0  0  1  0
                                       1  0  0 -1  0  0], predicted secret = [1 1 1 0 0 0 0 0 0 0 0 0 1 0 0 1 0 0 0 0 0 0 0 0 0 1 0 0 0 0], true support = [1 1 1 0 0 1 0 0 0 0 0 0 1 1 1 0 0 0 0 0 0 0 1 0 1 0 0 1 0 0], predicted support = [1 1 1 0 0 0 0 0 0 0 0 0 1 0 0 1 0 0 0 0 0 0 0 0 0 1 0 0 0 0])
INFO - 04/10/26 19:14:02 - 0:07:27 - direct, ca - Sum Rank: secret not predicted. (true secret = [ 1  1 -1  0  0  1  0  0  0  0  0  0 -1  1  1  0  0  0  0  0  0  0  1  0
                                       1  0  0 -1  0  0], predicted secret = [1 1 0 1 0 0 0 0 0 0 0 0 0 0 0 0 0 1 0 0 1 0 1 0 0 0 0 0 0 0], true support = [1 1 1 0 0 1 0 0 0 0 0 0 1 1 1 0 0 0 0 0 0 0 1 0 1 0 0 1 0 0], predicted support = [1 1 0 1 0 0 0 0 0 0 0 0 0 0 0 0 0 1 0 0 1 0 1 0 0 0 0 0 0 0])
INFO - 04/10/26 19:14:02 - 0:07:27 - direct, ca - Max Rank: secret not predicted. (true secret = [ 1  1 -1  0  0  1  0  0  0  0  0  0 -1  1  1  0  0  0  0  0  0  0  1  0
                                       1  0  0 -1  0  0], predicted secret = [1 1 0 0 0 0 0 0 0 0 0 0 1 0 0 1 0 0 0 0 1 0 0 0 0 1 0 0 0 0], true support = [1 1 1 0 0 1 0 0 0 0 0 0 1 1 1 0 0 0 0 0 0 0 1 0 1 0 0 1 0 0], predicted support = [1 1 0 0 0 0 0 0 0 0 0 0 1 0 0 1 0 0 0 0 1 0 0 0 0 1 0 0 0 0])
INFO - 04/10/26 19:14:02 - 0:07:27 - Hybrid: direct, distinguisher
INFO - 04/10/26 19:14:02 - 0:07:27 - direct, distinguisher - Sum Normalized: secret not predicted. (true secret = [ 1  1 -1  0  0  1  0  0  0  0  0  0 -1  1  1  0  0  0  0  0  0  0  1  0
                                       1  0  0 -1  0  0], predicted secret = [1 1 1 0 0 0 0 0 0 0 0 0 0 0 0 1 0 0 0 0 0 0 1 0 0 1 0 0 0 0], true support = [1 1 1 0 0 1 0 0 0 0 0 0 1 1 1 0 0 0 0 0 0 0 1 0 1 0 0 1 0 0], predicted support = [1 1 1 0 0 0 0 0 0 0 0 0 0 0 0 1 0 0 0 0 0 0 1 0 0 1 0 0 0 0])
INFO - 04/10/26 19:14:02 - 0:07:27 - direct, distinguisher - Max Normalized: secret not predicted. (true secret = [ 1  1 -1  0  0  1  0  0  0  0  0  0 -1  1  1  0  0  0  0  0  0  0  1  0
                                       1  0  0 -1  0  0], predicted secret = [0 1 1 0 0 1 0 0 0 0 0 0 0 1 0 1 0 0 0 0 0 0 0 0 0 1 0 0 0 0], true support = [1 1 1 0 0 1 0 0 0 0 0 0 1 1 1 0 0 0 0 0 0 0 1 0 1 0 0 1 0 0], predicted support = [0 1 1 0 0 1 0 0 0 0 0 0 0 1 0 1 0 0 0 0 0 0 0 0 0 1 0 0 0 0])
INFO - 04/10/26 19:14:02 - 0:07:27 - direct, distinguisher - Sum Rank: secret not predicted. (true secret = [ 1  1 -1  0  0  1  0  0  0  0  0  0 -1  1  1  0  0  0  0  0  0  0  1  0
                                       1  0  0 -1  0  0], predicted secret = [1 1 0 1 0 0 0 0 0 0 0 0 0 0 0 1 0 0 0 0 1 0 1 0 0 0 0 0 0 0], true support = [1 1 1 0 0 1 0 0 0 0 0 0 1 1 1 0 0 0 0 0 0 0 1 0 1 0 0 1 0 0], predicted support = [1 1 0 1 0 0 0 0 0 0 0 0 0 0 0 1 0 0 0 0 1 0 1 0 0 0 0 0 0 0])
INFO - 04/10/26 19:14:02 - 0:07:27 - direct, distinguisher - Max Rank: secret not predicted. (true secret = [ 1  1 -1  0  0  1  0  0  0  0  0  0 -1  1  1  0  0  0  0  0  0  0  1  0
                                       1  0  0 -1  0  0], predicted secret = [0 1 1 0 0 1 0 0 0 0 0 0 0 0 0 1 0 0 0 0 1 0 0 0 0 1 0 0 0 0], true support = [1 1 1 0 0 1 0 0 0 0 0 0 1 1 1 0 0 0 0 0 0 0 1 0 1 0 0 1 0 0], predicted support = [0 1 1 0 0 1 0 0 0 0 0 0 0 0 0 1 0 0 0 0 1 0 0 0 0 1 0 0 0 0])
INFO - 04/10/26 19:14:02 - 0:07:27 - Hybrid: ca, distinguisher
INFO - 04/10/26 19:14:02 - 0:07:27 - ca, distinguisher - Sum Normalized: secret not predicted. (true secret = [ 1  1 -1  0  0  1  0  0  0  0  0  0 -1  1  1  0  0  0  0  0  0  0  1  0
                                       1  0  0 -1  0  0], predicted secret = [1 1 1 0 0 1 0 0 0 0 0 0 1 0 0 0 0 0 0 0 0 0 1 0 0 0 0 0 0 0], true support = [1 1 1 0 0 1 0 0 0 0 0 0 1 1 1 0 0 0 0 0 0 0 1 0 1 0 0 1 0 0], predicted support = [1 1 1 0 0 1 0 0 0 0 0 0 1 0 0 0 0 0 0 0 0 0 1 0 0 0 0 0 0 0])
INFO - 04/10/26 19:14:02 - 0:07:27 - ca, distinguisher - Max Normalized: secret not predicted. (true secret = [ 1  1 -1  0  0  1  0  0  0  0  0  0 -1  1  1  0  0  0  0  0  0  0  1  0
                                       1  0  0 -1  0  0], predicted secret = [1 1 1 0 0 1 0 0 0 0 0 0 1 1 0 0 0 0 0 0 0 0 0 0 0 0 0 0 0 0], true support = [1 1 1 0 0 1 0 0 0 0 0 0 1 1 1 0 0 0 0 0 0 0 1 0 1 0 0 1 0 0], predicted support = [1 1 1 0 0 1 0 0 0 0 0 0 1 1 0 0 0 0 0 0 0 0 0 0 0 0 0 0 0 0])
INFO - 04/10/26 19:14:02 - 0:07:27 - ca, distinguisher - Sum Rank: secret not predicted. (true secret = [ 1  1 -1  0  0  1  0  0  0  0  0  0 -1  1  1  0  0  0  0  0  0  0  1  0
                                       1  0  0 -1  0  0], predicted secret = [1 1 1 0 0 1 0 0 0 0 0 0 1 1 0 0 0 0 0 0 0 0 0 0 0 0 0 0 0 0], true support = [1 1 1 0 0 1 0 0 0 0 0 0 1 1 1 0 0 0 0 0 0 0 1 0 1 0 0 1 0 0], predicted support = [1 1 1 0 0 1 0 0 0 0 0 0 1 1 0 0 0 0 0 0 0 0 0 0 0 0 0 0 0 0])
INFO - 04/10/26 19:14:02 - 0:07:27 - ca, distinguisher - Max Rank: secret not predicted. (true secret = [ 1  1 -1  0  0  1  0  0  0  0  0  0 -1  1  1  0  0  0  0  0  0  0  1  0
                                       1  0  0 -1  0  0], predicted secret = [1 1 1 0 0 1 0 0 0 0 0 0 1 1 0 0 0 0 0 0 0 0 0 0 0 0 0 0 0 0], true support = [1 1 1 0 0 1 0 0 0 0 0 0 1 1 1 0 0 0 0 0 0 0 1 0 1 0 0 1 0 0], predicted support = [1 1 1 0 0 1 0 0 0 0 0 0 1 1 0 0 0 0 0 0 0 0 0 0 0 0 0 0 0 0])
INFO - 04/10/26 19:14:02 - 0:07:27 - Hybrid: direct, ca, distinguisher
INFO - 04/10/26 19:14:02 - 0:07:27 - direct, ca, distinguisher - Sum Normalized: secret not predicted. (true secret = [ 1  1 -1  0  0  1  0  0  0  0  0  0 -1  1  1  0  0  0  0  0  0  0  1  0
                                       1  0  0 -1  0  0], predicted secret = [1 1 1 0 0 1 0 0 0 0 0 0 1 0 0 0 0 0 0 0 0 0 1 0 0 0 0 0 0 0], true support = [1 1 1 0 0 1 0 0 0 0 0 0 1 1 1 0 0 0 0 0 0 0 1 0 1 0 0 1 0 0], predicted support = [1 1 1 0 0 1 0 0 0 0 0 0 1 0 0 0 0 0 0 0 0 0 1 0 0 0 0 0 0 0])
INFO - 04/10/26 19:14:02 - 0:07:27 - direct, ca, distinguisher - Max Normalized: secret not predicted. (true secret = [ 1  1 -1  0  0  1  0  0  0  0  0  0 -1  1  1  0  0  0  0  0  0  0  1  0
                                       1  0  0 -1  0  0], predicted secret = [1 1 1 0 0 1 0 0 0 0 0 0 0 0 0 1 0 0 0 0 0 0 0 0 0 1 0 0 0 0], true support = [1 1 1 0 0 1 0 0 0 0 0 0 1 1 1 0 0 0 0 0 0 0 1 0 1 0 0 1 0 0], predicted support = [1 1 1 0 0 1 0 0 0 0 0 0 0 0 0 1 0 0 0 0 0 0 0 0 0 1 0 0 0 0])
INFO - 04/10/26 19:14:02 - 0:07:27 - direct, ca, distinguisher - Sum Rank: secret not predicted. (true secret = [ 1  1 -1  0  0  1  0  0  0  0  0  0 -1  1  1  0  0  0  0  0  0  0  1  0
                                       1  0  0 -1  0  0], predicted secret = [1 1 1 0 0 1 0 0 0 0 0 0 0 0 0 0 0 0 0 0 1 0 1 0 0 0 0 0 0 0], true support = [1 1 1 0 0 1 0 0 0 0 0 0 1 1 1 0 0 0 0 0 0 0 1 0 1 0 0 1 0 0], predicted support = [1 1 1 0 0 1 0 0 0 0 0 0 0 0 0 0 0 0 0 0 1 0 1 0 0 0 0 0 0 0])
INFO - 04/10/26 19:14:02 - 0:07:27 - direct, ca, distinguisher - Max Rank: secret not predicted. (true secret = [ 1  1 -1  0  0  1  0  0  0  0  0  0 -1  1  1  0  0  0  0  0  0  0  1  0
                                       1  0  0 -1  0  0], predicted secret = [1 1 1 0 0 1 0 0 0 0 0 0 0 0 0 1 0 0 0 0 0 0 0 0 0 1 0 0 0 0], true support = [1 1 1 0 0 1 0 0 0 0 0 0 1 1 1 0 0 0 0 0 0 0 1 0 1 0 0 1 0 0], predicted support = [1 1 1 0 0 1 0 0 0 0 0 0 0 0 0 1 0 0 0 0 0 0 0 0 0 1 0 0 0 0])
INFO - 04/10/26 19:14:02 - 0:07:27 - Epoch 2 metrics | train_loss: 1.610638 | train_acc1: 16.335273 | train_acc2: 21.948476 | valid_xe_loss: 1.607548 | valid_acc1: 18.186313 | valid_acc2: 23.694620
INFO - 04/10/26 19:14:02 - 0:07:27 - __log__:{"train_loss": 1.6106381677162624, "train_acc1": 16.335272712731925, "train_acc2": 21.948476487523994, "epoch": 2, "valid_xe_loss": 1.6075480527515653, "valid_acc1": 18.18631329113924, "valid_acc2": 23.694620253164558}
INFO - 04/10/26 19:14:02 - 0:07:27 - Saving checkpoint to /home/yu_mcc/PQC_salsa/runs/n30_q127_h3_1m/train_gpu_proposed_ternary_h10_secret0_init0_paperlike/checkpoint.pth ...
WARNING - 04/10/26 19:14:02 - 0:07:27 - Saving encoder parameters ...
WARNING - 04/10/26 19:14:02 - 0:07:27 - Saving decoder parameters ...
WARNING - 04/10/26 19:14:02 - 0:07:27 - Saving optimizer ...
INFO - 04/10/26 19:14:02 - 0:07:28 - ============ Starting epoch 3 ... ============
INFO - 04/10/26 19:14:03 - 0:07:28 -    4700 -   50.17 equations/s -  3211.06 words/s - MEM: 1.36 GB - LOSS:  1.6082 || ACC1: 16.9744 || ACC2: 22.3722 - LR: 5.8791e-06
INFO - 04/10/26 19:14:08 - 0:07:33 -    4750 - 1540.01 equations/s - 98560.95 words/s - MEM: 1.36 GB - LOSS:  1.6041 || ACC1: 18.9531 || ACC2: 24.5781 - LR: 5.9416e-06
INFO - 04/10/26 19:14:12 - 0:07:37 -    4800 - 1354.69 equations/s - 86700.39 words/s - MEM: 1.36 GB - LOSS:  1.6010 || ACC1: 19.9219 || ACC2: 25.5000 - LR: 6.0040e-06
INFO - 04/10/26 19:14:17 - 0:07:42 -    4850 - 1369.68 equations/s - 87659.59 words/s - MEM: 1.36 GB - LOSS:  1.6031 || ACC1: 18.0156 || ACC2: 24.1094 - LR: 6.0664e-06
INFO - 04/10/26 19:14:22 - 0:07:47 -    4900 - 1334.13 equations/s - 85384.62 words/s - MEM: 1.36 GB - LOSS:  1.6032 || ACC1: 18.4375 || ACC2: 23.6875 - LR: 6.1289e-06
INFO - 04/10/26 19:14:26 - 0:07:51 -    4950 - 1422.40 equations/s - 91033.37 words/s - MEM: 1.36 GB - LOSS:  1.6017 || ACC1: 18.7188 || ACC2: 24.3438 - LR: 6.1913e-06
INFO - 04/10/26 19:14:34 - 0:08:00 -    5000 -  780.91 equations/s - 49978.23 words/s - MEM: 1.36 GB - LOSS:  1.5994 || ACC1: 19.3750 || ACC2: 25.2969 - LR: 6.2538e-06
INFO - 04/10/26 19:14:39 - 0:08:04 -    5050 - 1358.09 equations/s - 86917.83 words/s - MEM: 1.36 GB - LOSS:  1.5960 || ACC1: 19.0469 || ACC2: 25.0938 - LR: 6.3162e-06
INFO - 04/10/26 19:14:44 - 0:08:09 -    5100 - 1433.86 equations/s - 91766.82 words/s - MEM: 1.36 GB - LOSS:  1.5921 || ACC1: 19.4531 || ACC2: 25.5156 - LR: 6.3786e-06
INFO - 04/10/26 19:14:48 - 0:08:13 -    5150 - 1390.11 equations/s - 88967.30 words/s - MEM: 1.36 GB - LOSS:  1.5882 || ACC1: 20.4062 || ACC2: 26.0312 - LR: 6.4411e-06
INFO - 04/10/26 19:14:53 - 0:08:18 -    5200 - 1488.71 equations/s - 95277.15 words/s - MEM: 1.36 GB - LOSS:  1.5868 || ACC1: 20.5312 || ACC2: 25.9219 - LR: 6.5035e-06
INFO - 04/10/26 19:14:57 - 0:08:22 -    5250 - 1396.96 equations/s - 89405.69 words/s - MEM: 1.36 GB - LOSS:  1.5858 || ACC1: 20.7500 || ACC2: 26.3438 - LR: 6.5659e-06
INFO - 04/10/26 19:15:02 - 0:08:27 -    5300 - 1396.88 equations/s - 89400.54 words/s - MEM: 1.36 GB - LOSS:  1.5797 || ACC1: 21.3594 || ACC2: 27.5000 - LR: 6.6284e-06
INFO - 04/10/26 19:15:10 - 0:08:35 -    5350 -  795.13 equations/s - 50888.25 words/s - MEM: 1.36 GB - LOSS:  1.5788 || ACC1: 21.4219 || ACC2: 26.9062 - LR: 6.6908e-06
INFO - 04/10/26 19:15:14 - 0:08:39 -    5400 - 1411.40 equations/s - 90329.62 words/s - MEM: 1.36 GB - LOSS:  1.5820 || ACC1: 20.9062 || ACC2: 26.5781 - LR: 6.7533e-06
INFO - 04/10/26 19:15:19 - 0:08:44 -    5450 - 1449.53 equations/s - 92769.73 words/s - MEM: 1.36 GB - LOSS:  1.5752 || ACC1: 21.7812 || ACC2: 27.5938 - LR: 6.8157e-06
INFO - 04/10/26 19:15:23 - 0:08:49 -    5500 - 1352.90 equations/s - 86585.90 words/s - MEM: 1.36 GB - LOSS:  1.5740 || ACC1: 21.6094 || ACC2: 27.1562 - LR: 6.8781e-06
INFO - 04/10/26 19:15:28 - 0:08:53 -    5550 - 1381.77 equations/s - 88433.24 words/s - MEM: 1.36 GB - LOSS:  1.5700 || ACC1: 21.7969 || ACC2: 27.4062 - LR: 6.9406e-06
INFO - 04/10/26 19:15:33 - 0:08:58 -    5600 - 1366.50 equations/s - 87456.18 words/s - MEM: 1.36 GB - LOSS:  1.5658 || ACC1: 22.7188 || ACC2: 28.5312 - LR: 7.0030e-06
INFO - 04/10/26 19:15:37 - 0:09:02 -    5650 - 1399.60 equations/s - 89574.11 words/s - MEM: 1.36 GB - LOSS:  1.5679 || ACC1: 22.6094 || ACC2: 27.9062 - LR: 7.0654e-06
INFO - 04/10/26 19:15:45 - 0:09:10 -    5700 -  790.87 equations/s - 50615.42 words/s - MEM: 1.36 GB - LOSS:  1.5637 || ACC1: 22.6094 || ACC2: 28.1406 - LR: 7.1279e-06
INFO - 04/10/26 19:15:50 - 0:09:15 -    5750 - 1361.87 equations/s - 87159.73 words/s - MEM: 1.36 GB - LOSS:  1.5678 || ACC1: 22.2031 || ACC2: 27.7812 - LR: 7.1903e-06
INFO - 04/10/26 19:15:55 - 0:09:20 -    5800 - 1359.78 equations/s - 87025.83 words/s - MEM: 1.36 GB - LOSS:  1.5590 || ACC1: 22.9062 || ACC2: 28.4844 - LR: 7.2528e-06
INFO - 04/10/26 19:15:59 - 0:09:25 -    5850 - 1357.33 equations/s - 86868.98 words/s - MEM: 1.36 GB - LOSS:  1.5547 || ACC1: 24.0938 || ACC2: 29.6562 - LR: 7.3152e-06
INFO - 04/10/26 19:16:04 - 0:09:29 -    5900 - 1347.87 equations/s - 86263.53 words/s - MEM: 1.36 GB - LOSS:  1.5500 || ACC1: 24.6719 || ACC2: 30.4219 - LR: 7.3776e-06
INFO - 04/10/26 19:16:09 - 0:09:34 -    5950 - 1393.22 equations/s - 89165.85 words/s - MEM: 1.36 GB - LOSS:  1.5536 || ACC1: 23.7188 || ACC2: 28.8281 - LR: 7.4401e-06
INFO - 04/10/26 19:16:13 - 0:09:38 -    6000 - 1432.89 equations/s - 91705.09 words/s - MEM: 1.36 GB - LOSS:  1.5484 || ACC1: 24.0000 || ACC2: 29.4062 - LR: 7.5025e-06
INFO - 04/10/26 19:16:21 - 0:09:47 -    6050 -  785.73 equations/s - 50286.53 words/s - MEM: 1.36 GB - LOSS:  1.5517 || ACC1: 23.9531 || ACC2: 29.0625 - LR: 7.5637e-06
INFO - 04/10/26 19:16:26 - 0:09:51 -    6100 - 1384.39 equations/s - 88600.83 words/s - MEM: 1.36 GB - LOSS:  1.5455 || ACC1: 25.2188 || ACC2: 30.6875 - LR: 7.6261e-06
INFO - 04/10/26 19:16:31 - 0:09:56 -    6150 - 1373.50 equations/s - 87904.11 words/s - MEM: 1.36 GB - LOSS:  1.5388 || ACC1: 25.2188 || ACC2: 30.7812 - LR: 7.6886e-06
INFO - 04/10/26 19:16:35 - 0:10:00 -    6200 - 1408.01 equations/s - 90112.89 words/s - MEM: 1.36 GB - LOSS:  1.5379 || ACC1: 26.5000 || ACC2: 31.8750 - LR: 7.7510e-06
INFO - 04/10/26 19:16:40 - 0:10:05 -    6250 - 1435.18 equations/s - 91851.83 words/s - MEM: 1.36 GB - LOSS:  1.5321 || ACC1: 26.2188 || ACC2: 31.8281 - LR: 7.8134e-06
INFO - 04/10/26 19:16:40 - 0:10:05 -    6252 - 1544.96 equations/s - 98877.23 words/s - MEM: 1.36 GB - LOSS:  1.5246 || ACC1: 26.9531 || ACC2: 30.4688 - LR: 7.8159e-06
INFO - 04/10/26 19:16:40 - 0:10:05 - ============ End of epoch 3 ============
INFO - 04/10/26 19:16:40 - 0:10:05 - Starting Distinguisher Method
INFO - 04/10/26 19:16:58 - 0:10:23 - Distinguishing 0s using the emd. 
INFO - 04/10/26 19:16:58 - 0:10:23 - Distinguishing +/-1s using the emd. 
INFO - 04/10/26 19:16:58 - 0:10:23 - Real secret: -1: {np.int64(2), np.int64(27), np.int64(12)}, 1: {np.int64(0), np.int64(1), np.int64(5), np.int64(13), np.int64(14), np.int64(22), np.int64(24)}
INFO - 04/10/26 19:16:58 - 0:10:23 - Distinguishing +/-1s using the mean. 
INFO - 04/10/26 19:16:58 - 0:10:23 - Real secret: -1: {np.int64(2), np.int64(27), np.int64(12)}, 1: {np.int64(0), np.int64(1), np.int64(5), np.int64(13), np.int64(14), np.int64(22), np.int64(24)}
INFO - 04/10/26 19:16:58 - 0:10:23 - Distinguishing 0s using the mean. 
INFO - 04/10/26 19:16:58 - 0:10:23 - Distinguishing +/-1s using the emd. 
INFO - 04/10/26 19:16:58 - 0:10:23 - Real secret: -1: {np.int64(2), np.int64(27), np.int64(12)}, 1: {np.int64(0), np.int64(1), np.int64(5), np.int64(13), np.int64(14), np.int64(22), np.int64(24)}
INFO - 04/10/26 19:16:58 - 0:10:23 - Distinguishing +/-1s using the mean. 
INFO - 04/10/26 19:16:58 - 0:10:23 - Real secret: -1: {np.int64(2), np.int64(27), np.int64(12)}, 1: {np.int64(0), np.int64(1), np.int64(5), np.int64(13), np.int64(14), np.int64(22), np.int64(24)}
INFO - 04/10/26 19:16:58 - 0:10:23 - Starting Direct Method
INFO - 04/10/26 19:16:58 - 0:10:23 - Direct:  K=32
INFO - 04/10/26 19:16:58 - 0:10:23 - Direct:  K=34
INFO - 04/10/26 19:16:58 - 0:10:23 - Direct:  K=40
INFO - 04/10/26 19:16:58 - 0:10:24 - Direct:  K=64
INFO - 04/10/26 19:16:59 - 0:10:24 - Direct:  K=90
INFO - 04/10/26 19:16:59 - 0:10:24 - Direct:  K=58
INFO - 04/10/26 19:16:59 - 0:10:24 - Direct:  K=66
INFO - 04/10/26 19:16:59 - 0:10:24 - Direct:  K=65
INFO - 04/10/26 19:16:59 - 0:10:24 - Direct:  K=58
INFO - 04/10/26 19:16:59 - 0:10:24 - Direct:  K=43
INFO - 04/10/26 19:16:59 - 0:10:24 - Direct:  K=79
INFO - 04/10/26 19:16:59 - 0:10:25 - Direct:  K=93
INFO - 04/10/26 19:17:00 - 0:10:25 - Direct:  K=71
INFO - 04/10/26 19:17:00 - 0:10:25 - Direct:  K=91
INFO - 04/10/26 19:17:00 - 0:10:25 - Direct:  K=58
INFO - 04/10/26 19:17:00 - 0:10:25 - Direct: secret not predicted. (true secret = [ 1  1 -1  0  0  1  0  0  0  0  0  0 -1  1  1  0  0  0  0  0  0  0  1  0
                                       1  0  0 -1  0  0], predicted secret = [1 0 0 0 0 1 0 0 0 0 0 0 0 1 1 0 0 0 0 0 0 0 1 0 1 0 0 0 0 0], true support = [1 1 1 0 0 1 0 0 0 0 0 0 1 1 1 0 0 0 0 0 0 0 1 0 1 0 0 1 0 0], predicted support = [1 0 0 0 0 1 0 0 0 0 0 0 0 1 1 0 0 0 0 0 0 0 1 0 1 0 0 0 0 0])
INFO - 04/10/26 19:17:10 - 0:10:36 - CA: secret not predicted. (true secret = [ 1  1 -1  0  0  1  0  0  0  0  0  0 -1  1  1  0  0  0  0  0  0  0  1  0
                                       1  0  0 -1  0  0], predicted secret = [1 1 1 0 0 1 0 0 0 0 0 0 1 1 0 0 0 0 0 0 0 0 0 0 0 0 0 0 0 0], true support = [1 1 1 0 0 1 0 0 0 0 0 0 1 1 1 0 0 0 0 0 0 0 1 0 1 0 0 1 0 0], predicted support = [1 1 1 0 0 1 0 0 0 0 0 0 1 1 0 0 0 0 0 0 0 0 0 0 0 0 0 0 0 0])
INFO - 04/10/26 19:17:10 - 0:10:36 - CA: secret not predicted. (true secret = [ 1  1 -1  0  0  1  0  0  0  0  0  0 -1  1  1  0  0  0  0  0  0  0  1  0
                                       1  0  0 -1  0  0], predicted secret = [1 1 0 0 0 0 0 0 0 0 1 0 0 0 1 0 0 0 1 0 1 0 0 0 0 0 0 0 0 0], true support = [1 1 1 0 0 1 0 0 0 0 0 0 1 1 1 0 0 0 0 0 0 0 1 0 1 0 0 1 0 0], predicted support = [1 1 0 0 0 0 0 0 0 0 1 0 0 0 1 0 0 0 1 0 1 0 0 0 0 0 0 0 0 0])
INFO - 04/10/26 19:17:10 - 0:10:36 - Hybrid: direct, ca
INFO - 04/10/26 19:17:10 - 0:10:36 - direct, ca - Sum Normalized: secret not predicted. (true secret = [ 1  1 -1  0  0  1  0  0  0  0  0  0 -1  1  1  0  0  0  0  0  0  0  1  0
                                       1  0  0 -1  0  0], predicted secret = [1 1 0 0 0 1 0 0 0 0 0 0 0 1 1 0 0 0 0 0 0 0 0 0 1 0 0 0 0 0], true support = [1 1 1 0 0 1 0 0 0 0 0 0 1 1 1 0 0 0 0 0 0 0 1 0 1 0 0 1 0 0], predicted support = [1 1 0 0 0 1 0 0 0 0 0 0 0 1 1 0 0 0 0 0 0 0 0 0 1 0 0 0 0 0])
INFO - 04/10/26 19:17:10 - 0:10:36 - direct, ca - Max Normalized: secret not predicted. (true secret = [ 1  1 -1  0  0  1  0  0  0  0  0  0 -1  1  1  0  0  0  0  0  0  0  1  0
                                       1  0  0 -1  0  0], predicted secret = [1 1 0 0 0 1 0 0 0 0 0 0 1 1 0 0 0 0 0 0 0 0 0 0 1 0 0 0 0 0], true support = [1 1 1 0 0 1 0 0 0 0 0 0 1 1 1 0 0 0 0 0 0 0 1 0 1 0 0 1 0 0], predicted support = [1 1 0 0 0 1 0 0 0 0 0 0 1 1 0 0 0 0 0 0 0 0 0 0 1 0 0 0 0 0])
INFO - 04/10/26 19:17:10 - 0:10:36 - direct, ca - Sum Rank: secret not predicted. (true secret = [ 1  1 -1  0  0  1  0  0  0  0  0  0 -1  1  1  0  0  0  0  0  0  0  1  0
                                       1  0  0 -1  0  0], predicted secret = [1 1 0 0 0 1 0 0 0 0 0 0 0 1 1 0 0 0 0 0 0 0 0 0 1 0 0 0 0 0], true support = [1 1 1 0 0 1 0 0 0 0 0 0 1 1 1 0 0 0 0 0 0 0 1 0 1 0 0 1 0 0], predicted support = [1 1 0 0 0 1 0 0 0 0 0 0 0 1 1 0 0 0 0 0 0 0 0 0 1 0 0 0 0 0])
INFO - 04/10/26 19:17:10 - 0:10:36 - direct, ca - Max Rank: secret not predicted. (true secret = [ 1  1 -1  0  0  1  0  0  0  0  0  0 -1  1  1  0  0  0  0  0  0  0  1  0
                                       1  0  0 -1  0  0], predicted secret = [1 1 0 0 0 1 0 0 0 0 0 0 1 1 0 0 0 0 0 0 0 0 0 0 1 0 0 0 0 0], true support = [1 1 1 0 0 1 0 0 0 0 0 0 1 1 1 0 0 0 0 0 0 0 1 0 1 0 0 1 0 0], predicted support = [1 1 0 0 0 1 0 0 0 0 0 0 1 1 0 0 0 0 0 0 0 0 0 0 1 0 0 0 0 0])
INFO - 04/10/26 19:17:10 - 0:10:36 - Hybrid: direct, distinguisher
INFO - 04/10/26 19:17:10 - 0:10:36 - direct, distinguisher - Sum Normalized: secret not predicted. (true secret = [ 1  1 -1  0  0  1  0  0  0  0  0  0 -1  1  1  0  0  0  0  0  0  0  1  0
                                       1  0  0 -1  0  0], predicted secret = [1 1 0 0 0 1 0 0 0 0 0 0 0 0 1 0 0 0 0 0 0 0 1 0 1 0 0 0 0 0], true support = [1 1 1 0 0 1 0 0 0 0 0 0 1 1 1 0 0 0 0 0 0 0 1 0 1 0 0 1 0 0], predicted support = [1 1 0 0 0 1 0 0 0 0 0 0 0 0 1 0 0 0 0 0 0 0 1 0 1 0 0 0 0 0])
INFO - 04/10/26 19:17:10 - 0:10:36 - direct, distinguisher - Max Normalized: secret not predicted. (true secret = [ 1  1 -1  0  0  1  0  0  0  0  0  0 -1  1  1  0  0  0  0  0  0  0  1  0
                                       1  0  0 -1  0  0], predicted secret = [0 1 0 0 0 1 0 0 0 0 0 0 0 1 1 0 0 0 0 0 0 0 1 0 1 0 0 0 0 0], true support = [1 1 1 0 0 1 0 0 0 0 0 0 1 1 1 0 0 0 0 0 0 0 1 0 1 0 0 1 0 0], predicted support = [0 1 0 0 0 1 0 0 0 0 0 0 0 1 1 0 0 0 0 0 0 0 1 0 1 0 0 0 0 0])
INFO - 04/10/26 19:17:10 - 0:10:36 - direct, distinguisher - Sum Rank: secret not predicted. (true secret = [ 1  1 -1  0  0  1  0  0  0  0  0  0 -1  1  1  0  0  0  0  0  0  0  1  0
                                       1  0  0 -1  0  0], predicted secret = [1 1 0 0 0 1 0 0 0 0 0 0 0 0 1 0 0 0 0 0 0 0 1 0 1 0 0 0 0 0], true support = [1 1 1 0 0 1 0 0 0 0 0 0 1 1 1 0 0 0 0 0 0 0 1 0 1 0 0 1 0 0], predicted support = [1 1 0 0 0 1 0 0 0 0 0 0 0 0 1 0 0 0 0 0 0 0 1 0 1 0 0 0 0 0])
INFO - 04/10/26 19:17:10 - 0:10:36 - direct, distinguisher - Max Rank: secret not predicted. (true secret = [ 1  1 -1  0  0  1  0  0  0  0  0  0 -1  1  1  0  0  0  0  0  0  0  1  0
                                       1  0  0 -1  0  0], predicted secret = [1 1 0 0 0 1 0 0 0 0 0 0 0 0 1 0 0 0 0 0 0 0 1 0 1 0 0 0 0 0], true support = [1 1 1 0 0 1 0 0 0 0 0 0 1 1 1 0 0 0 0 0 0 0 1 0 1 0 0 1 0 0], predicted support = [1 1 0 0 0 1 0 0 0 0 0 0 0 0 1 0 0 0 0 0 0 0 1 0 1 0 0 0 0 0])
INFO - 04/10/26 19:17:10 - 0:10:36 - Hybrid: ca, distinguisher
INFO - 04/10/26 19:17:10 - 0:10:36 - ca, distinguisher - Sum Normalized: secret not predicted. (true secret = [ 1  1 -1  0  0  1  0  0  0  0  0  0 -1  1  1  0  0  0  0  0  0  0  1  0
                                       1  0  0 -1  0  0], predicted secret = [1 1 0 0 0 1 0 0 0 0 0 0 0 1 1 0 0 0 0 0 0 0 1 0 0 0 0 0 0 0], true support = [1 1 1 0 0 1 0 0 0 0 0 0 1 1 1 0 0 0 0 0 0 0 1 0 1 0 0 1 0 0], predicted support = [1 1 0 0 0 1 0 0 0 0 0 0 0 1 1 0 0 0 0 0 0 0 1 0 0 0 0 0 0 0])
INFO - 04/10/26 19:17:10 - 0:10:36 - ca, distinguisher - Max Normalized: secret not predicted. (true secret = [ 1  1 -1  0  0  1  0  0  0  0  0  0 -1  1  1  0  0  0  0  0  0  0  1  0
                                       1  0  0 -1  0  0], predicted secret = [1 1 0 0 0 1 0 0 0 0 0 0 0 1 1 0 0 0 0 0 0 0 1 0 0 0 0 0 0 0], true support = [1 1 1 0 0 1 0 0 0 0 0 0 1 1 1 0 0 0 0 0 0 0 1 0 1 0 0 1 0 0], predicted support = [1 1 0 0 0 1 0 0 0 0 0 0 0 1 1 0 0 0 0 0 0 0 1 0 0 0 0 0 0 0])
INFO - 04/10/26 19:17:10 - 0:10:36 - ca, distinguisher - Sum Rank: secret not predicted. (true secret = [ 1  1 -1  0  0  1  0  0  0  0  0  0 -1  1  1  0  0  0  0  0  0  0  1  0
                                       1  0  0 -1  0  0], predicted secret = [1 1 0 0 0 1 0 0 0 0 0 0 0 1 1 0 0 0 0 0 0 0 1 0 0 0 0 0 0 0], true support = [1 1 1 0 0 1 0 0 0 0 0 0 1 1 1 0 0 0 0 0 0 0 1 0 1 0 0 1 0 0], predicted support = [1 1 0 0 0 1 0 0 0 0 0 0 0 1 1 0 0 0 0 0 0 0 1 0 0 0 0 0 0 0])
INFO - 04/10/26 19:17:10 - 0:10:36 - ca, distinguisher - Max Rank: secret not predicted. (true secret = [ 1  1 -1  0  0  1  0  0  0  0  0  0 -1  1  1  0  0  0  0  0  0  0  1  0
                                       1  0  0 -1  0  0], predicted secret = [1 1 0 0 0 1 0 0 0 0 0 0 0 1 1 0 0 0 0 0 0 0 1 0 0 0 0 0 0 0], true support = [1 1 1 0 0 1 0 0 0 0 0 0 1 1 1 0 0 0 0 0 0 0 1 0 1 0 0 1 0 0], predicted support = [1 1 0 0 0 1 0 0 0 0 0 0 0 1 1 0 0 0 0 0 0 0 1 0 0 0 0 0 0 0])
INFO - 04/10/26 19:17:10 - 0:10:36 - Hybrid: direct, ca, distinguisher
INFO - 04/10/26 19:17:10 - 0:10:36 - direct, ca, distinguisher - Sum Normalized: secret not predicted. (true secret = [ 1  1 -1  0  0  1  0  0  0  0  0  0 -1  1  1  0  0  0  0  0  0  0  1  0
                                       1  0  0 -1  0  0], predicted secret = [1 1 0 0 0 1 0 0 0 0 0 0 0 1 1 0 0 0 0 0 0 0 0 0 1 0 0 0 0 0], true support = [1 1 1 0 0 1 0 0 0 0 0 0 1 1 1 0 0 0 0 0 0 0 1 0 1 0 0 1 0 0], predicted support = [1 1 0 0 0 1 0 0 0 0 0 0 0 1 1 0 0 0 0 0 0 0 0 0 1 0 0 0 0 0])
INFO - 04/10/26 19:17:10 - 0:10:36 - direct, ca, distinguisher - Max Normalized: secret not predicted. (true secret = [ 1  1 -1  0  0  1  0  0  0  0  0  0 -1  1  1  0  0  0  0  0  0  0  1  0
                                       1  0  0 -1  0  0], predicted secret = [1 1 0 0 0 0 0 0 0 0 0 0 0 1 1 0 0 0 0 0 0 0 1 0 1 0 0 0 0 0], true support = [1 1 1 0 0 1 0 0 0 0 0 0 1 1 1 0 0 0 0 0 0 0 1 0 1 0 0 1 0 0], predicted support = [1 1 0 0 0 0 0 0 0 0 0 0 0 1 1 0 0 0 0 0 0 0 1 0 1 0 0 0 0 0])
INFO - 04/10/26 19:17:10 - 0:10:36 - direct, ca, distinguisher - Sum Rank: secret not predicted. (true secret = [ 1  1 -1  0  0  1  0  0  0  0  0  0 -1  1  1  0  0  0  0  0  0  0  1  0
                                       1  0  0 -1  0  0], predicted secret = [1 1 0 0 0 1 0 0 0 0 0 0 0 1 1 0 0 0 0 0 0 0 1 0 0 0 0 0 0 0], true support = [1 1 1 0 0 1 0 0 0 0 0 0 1 1 1 0 0 0 0 0 0 0 1 0 1 0 0 1 0 0], predicted support = [1 1 0 0 0 1 0 0 0 0 0 0 0 1 1 0 0 0 0 0 0 0 1 0 0 0 0 0 0 0])
INFO - 04/10/26 19:17:10 - 0:10:36 - direct, ca, distinguisher - Max Rank: secret not predicted. (true secret = [ 1  1 -1  0  0  1  0  0  0  0  0  0 -1  1  1  0  0  0  0  0  0  0  1  0
                                       1  0  0 -1  0  0], predicted secret = [1 1 0 0 0 0 0 0 0 0 0 0 0 1 1 0 0 0 0 0 0 0 1 0 1 0 0 0 0 0], true support = [1 1 1 0 0 1 0 0 0 0 0 0 1 1 1 0 0 0 0 0 0 0 1 0 1 0 0 1 0 0], predicted support = [1 1 0 0 0 0 0 0 0 0 0 0 0 1 1 0 0 0 0 0 0 0 1 0 1 0 0 0 0 0])
INFO - 04/10/26 19:17:10 - 0:10:36 - Epoch 3 metrics | train_loss: 1.573018 | train_acc1: 21.878999 | train_acc2: 27.482206 | valid_xe_loss: 1.526732 | valid_acc1: 25.316456 | valid_acc2: 30.033623
INFO - 04/10/26 19:17:10 - 0:10:36 - __log__:{"train_loss": 1.5730181937025514, "train_acc1": 21.87899872040947, "train_acc2": 27.482205694177864, "epoch": 3, "valid_xe_loss": 1.5267319996145707, "valid_acc1": 25.31645569620253, "valid_acc2": 30.033623417721518}
INFO - 04/10/26 19:17:10 - 0:10:36 - Saving checkpoint to /home/yu_mcc/PQC_salsa/runs/n30_q127_h3_1m/train_gpu_proposed_ternary_h10_secret0_init0_paperlike/checkpoint.pth ...
WARNING - 04/10/26 19:17:10 - 0:10:36 - Saving encoder parameters ...
WARNING - 04/10/26 19:17:10 - 0:10:36 - Saving decoder parameters ...
WARNING - 04/10/26 19:17:10 - 0:10:36 - Saving optimizer ...
INFO - 04/10/26 19:17:11 - 0:10:36 - ============ Starting epoch 4 ... ============
INFO - 04/10/26 19:17:16 - 0:10:41 -    6300 -  172.10 equations/s - 11014.46 words/s - MEM: 1.36 GB - LOSS:  1.5347 || ACC1: 25.8952 || ACC2: 31.2174 - LR: 7.8759e-06
INFO - 04/10/26 19:17:20 - 0:10:45 -    6350 - 1449.31 equations/s - 92755.90 words/s - MEM: 1.36 GB - LOSS:  1.5289 || ACC1: 26.4219 || ACC2: 31.9844 - LR: 7.9383e-06
INFO - 04/10/26 19:17:25 - 0:10:50 -    6400 - 1389.55 equations/s - 88931.44 words/s - MEM: 1.36 GB - LOSS:  1.5267 || ACC1: 25.9844 || ACC2: 32.0156 - LR: 8.0008e-06
INFO - 04/10/26 19:17:33 - 0:10:58 -    6450 -  758.08 equations/s - 48517.42 words/s - MEM: 1.36 GB - LOSS:  1.5344 || ACC1: 26.6875 || ACC2: 31.7812 - LR: 8.0632e-06
INFO - 04/10/26 19:17:38 - 0:11:03 -    6500 - 1394.02 equations/s - 89217.51 words/s - MEM: 1.36 GB - LOSS:  1.5240 || ACC1: 25.8125 || ACC2: 30.9844 - LR: 8.1256e-06
INFO - 04/10/26 19:17:42 - 0:11:07 -    6550 - 1411.79 equations/s - 90354.73 words/s - MEM: 1.36 GB - LOSS:  1.5189 || ACC1: 27.7031 || ACC2: 33.3594 - LR: 8.1881e-06
INFO - 04/10/26 19:17:47 - 0:11:12 -    6600 - 1444.72 equations/s - 92462.25 words/s - MEM: 1.36 GB - LOSS:  1.5237 || ACC1: 26.9688 || ACC2: 32.3125 - LR: 8.2505e-06
INFO - 04/10/26 19:17:51 - 0:11:16 -    6650 - 1411.32 equations/s - 90324.78 words/s - MEM: 1.36 GB - LOSS:  1.5221 || ACC1: 27.2188 || ACC2: 32.4219 - LR: 8.3129e-06
INFO - 04/10/26 19:17:56 - 0:11:21 -    6700 - 1334.92 equations/s - 85435.12 words/s - MEM: 1.36 GB - LOSS:  1.5205 || ACC1: 26.1406 || ACC2: 31.7969 - LR: 8.3754e-06
INFO - 04/10/26 19:18:01 - 0:11:26 -    6750 - 1335.98 equations/s - 85502.81 words/s - MEM: 1.36 GB - LOSS:  1.5179 || ACC1: 26.7969 || ACC2: 32.4844 - LR: 8.4378e-06
INFO - 04/10/26 19:18:09 - 0:11:34 -    6800 -  788.69 equations/s - 50476.11 words/s - MEM: 1.36 GB - LOSS:  1.5161 || ACC1: 28.4062 || ACC2: 34.1719 - LR: 8.5003e-06
INFO - 04/10/26 19:18:13 - 0:11:39 -    6850 - 1401.20 equations/s - 89676.84 words/s - MEM: 1.36 GB - LOSS:  1.5184 || ACC1: 26.5469 || ACC2: 32.7656 - LR: 8.5627e-06
INFO - 04/10/26 19:18:18 - 0:11:43 -    6900 - 1352.22 equations/s - 86542.29 words/s - MEM: 1.36 GB - LOSS:  1.5139 || ACC1: 27.7031 || ACC2: 33.4219 - LR: 8.6251e-06
INFO - 04/10/26 19:18:23 - 0:11:48 -    6950 - 1391.74 equations/s - 89071.42 words/s - MEM: 1.36 GB - LOSS:  1.5199 || ACC1: 27.6250 || ACC2: 33.0625 - LR: 8.6876e-06
INFO - 04/10/26 19:18:27 - 0:11:52 -    7000 - 1384.88 equations/s - 88632.56 words/s - MEM: 1.36 GB - LOSS:  1.5158 || ACC1: 27.9531 || ACC2: 33.3281 - LR: 8.7500e-06
INFO - 04/10/26 19:18:32 - 0:11:57 -    7050 - 1384.10 equations/s - 88582.62 words/s - MEM: 1.36 GB - LOSS:  1.5116 || ACC1: 28.1406 || ACC2: 33.6094 - LR: 8.8124e-06
INFO - 04/10/26 19:18:37 - 0:12:02 -    7100 - 1357.77 equations/s - 86897.23 words/s - MEM: 1.36 GB - LOSS:  1.5102 || ACC1: 28.1875 || ACC2: 33.9375 - LR: 8.8749e-06
INFO - 04/10/26 19:18:45 - 0:12:10 -    7150 -  766.49 equations/s - 49055.05 words/s - MEM: 1.36 GB - LOSS:  1.5190 || ACC1: 27.6875 || ACC2: 33.2656 - LR: 8.9373e-06
INFO - 04/10/26 19:18:50 - 0:12:15 -    7200 - 1366.29 equations/s - 87442.70 words/s - MEM: 1.36 GB - LOSS:  1.5141 || ACC1: 27.6094 || ACC2: 33.1250 - LR: 8.9998e-06
INFO - 04/10/26 19:18:55 - 0:12:20 -    7250 - 1318.17 equations/s - 84363.14 words/s - MEM: 1.36 GB - LOSS:  1.5151 || ACC1: 27.4844 || ACC2: 33.2031 - LR: 9.0622e-06
INFO - 04/10/26 19:18:59 - 0:12:24 -    7300 - 1439.30 equations/s - 92115.16 words/s - MEM: 1.36 GB - LOSS:  1.5145 || ACC1: 27.8125 || ACC2: 32.8750 - LR: 9.1246e-06
INFO - 04/10/26 19:19:04 - 0:12:29 -    7350 - 1363.60 equations/s - 87270.65 words/s - MEM: 1.36 GB - LOSS:  1.5125 || ACC1: 27.7031 || ACC2: 33.4531 - LR: 9.1871e-06
INFO - 04/10/26 19:19:08 - 0:12:34 -    7400 - 1369.37 equations/s - 87639.72 words/s - MEM: 1.36 GB - LOSS:  1.5119 || ACC1: 28.3281 || ACC2: 33.7812 - LR: 9.2495e-06
INFO - 04/10/26 19:19:13 - 0:12:38 -    7450 - 1310.12 equations/s - 83847.76 words/s - MEM: 1.36 GB - LOSS:  1.5162 || ACC1: 27.7344 || ACC2: 33.3906 - LR: 9.3119e-06
INFO - 04/10/26 19:19:22 - 0:12:47 -    7500 -  777.86 equations/s - 49782.84 words/s - MEM: 1.36 GB - LOSS:  1.5135 || ACC1: 27.2344 || ACC2: 32.7969 - LR: 9.3744e-06
INFO - 04/10/26 19:19:26 - 0:12:51 -    7550 - 1391.28 equations/s - 89041.83 words/s - MEM: 1.36 GB - LOSS:  1.5119 || ACC1: 28.6562 || ACC2: 34.3281 - LR: 9.4368e-06
INFO - 04/10/26 19:19:31 - 0:12:56 -    7600 - 1409.02 equations/s - 90177.49 words/s - MEM: 1.36 GB - LOSS:  1.5091 || ACC1: 28.1250 || ACC2: 34.1250 - LR: 9.4993e-06
INFO - 04/10/26 19:19:35 - 0:13:00 -    7650 - 1402.02 equations/s - 89729.39 words/s - MEM: 1.36 GB - LOSS:  1.5078 || ACC1: 28.2812 || ACC2: 34.3594 - LR: 9.5617e-06
INFO - 04/10/26 19:19:40 - 0:13:05 -    7700 - 1319.60 equations/s - 84454.43 words/s - MEM: 1.36 GB - LOSS:  1.5207 || ACC1: 27.0156 || ACC2: 32.4531 - LR: 9.6241e-06
INFO - 04/10/26 19:19:45 - 0:13:10 -    7750 - 1401.91 equations/s - 89722.10 words/s - MEM: 1.36 GB - LOSS:  1.5146 || ACC1: 27.6875 || ACC2: 33.5469 - LR: 9.6866e-06
INFO - 04/10/26 19:19:49 - 0:13:15 -    7800 - 1335.61 equations/s - 85478.79 words/s - MEM: 1.36 GB - LOSS:  1.5106 || ACC1: 28.4531 || ACC2: 34.2969 - LR: 9.7490e-06
INFO - 04/10/26 19:19:51 - 0:13:16 -    7815 - 1259.54 equations/s - 80610.29 words/s - MEM: 1.36 GB - LOSS:  1.5109 || ACC1: 29.3750 || ACC2: 35.3646 - LR: 9.7677e-06
INFO - 04/10/26 19:19:51 - 0:13:16 - ============ End of epoch 4 ============
INFO - 04/10/26 19:19:51 - 0:13:16 - Starting Distinguisher Method
INFO - 04/10/26 19:20:07 - 0:13:33 - Distinguishing 0s using the emd. 
INFO - 04/10/26 19:20:07 - 0:13:33 - Distinguishing +/-1s using the emd. 
INFO - 04/10/26 19:20:07 - 0:13:33 - Real secret: -1: {np.int64(2), np.int64(27), np.int64(12)}, 1: {np.int64(0), np.int64(1), np.int64(5), np.int64(13), np.int64(14), np.int64(22), np.int64(24)}
INFO - 04/10/26 19:20:07 - 0:13:33 - Distinguishing +/-1s using the mean. 
INFO - 04/10/26 19:20:07 - 0:13:33 - Real secret: -1: {np.int64(2), np.int64(27), np.int64(12)}, 1: {np.int64(0), np.int64(1), np.int64(5), np.int64(13), np.int64(14), np.int64(22), np.int64(24)}
INFO - 04/10/26 19:20:07 - 0:13:33 - Distinguishing 0s using the mean. 
INFO - 04/10/26 19:20:07 - 0:13:33 - Distinguishing +/-1s using the emd. 
INFO - 04/10/26 19:20:07 - 0:13:33 - Real secret: -1: {np.int64(2), np.int64(27), np.int64(12)}, 1: {np.int64(0), np.int64(1), np.int64(5), np.int64(13), np.int64(14), np.int64(22), np.int64(24)}
INFO - 04/10/26 19:20:07 - 0:13:33 - Distinguishing +/-1s using the mean. 
INFO - 04/10/26 19:20:07 - 0:13:33 - Real secret: -1: {np.int64(2), np.int64(27), np.int64(12)}, 1: {np.int64(0), np.int64(1), np.int64(5), np.int64(13), np.int64(14), np.int64(22), np.int64(24)}
INFO - 04/10/26 19:20:07 - 0:13:33 - Starting Direct Method
INFO - 04/10/26 19:20:07 - 0:13:33 - Direct:  K=78
INFO - 04/10/26 19:20:08 - 0:13:33 - Direct:  K=47
INFO - 04/10/26 19:20:08 - 0:13:33 - Direct:  K=35
INFO - 04/10/26 19:20:08 - 0:13:33 - Direct:  K=43
INFO - 04/10/26 19:20:08 - 0:13:33 - Direct:  K=93
INFO - 04/10/26 19:20:08 - 0:13:33 - Direct:  K=87
INFO - 04/10/26 19:20:08 - 0:13:33 - Direct:  K=66
INFO - 04/10/26 19:20:08 - 0:13:33 - Direct:  K=80
INFO - 04/10/26 19:20:08 - 0:13:34 - Direct:  K=69
INFO - 04/10/26 19:20:09 - 0:13:34 - Direct:  K=58
INFO - 04/10/26 19:20:09 - 0:13:34 - Direct:  K=35
INFO - 04/10/26 19:20:09 - 0:13:34 - Direct:  K=31
INFO - 04/10/26 19:20:09 - 0:13:34 - Direct:  K=48
INFO - 04/10/26 19:20:09 - 0:13:34 - Direct:  K=36
INFO - 04/10/26 19:20:09 - 0:13:34 - Direct:  K=90
INFO - 04/10/26 19:20:09 - 0:13:34 - Direct: secret not predicted. (true secret = [ 1  1 -1  0  0  1  0  0  0  0  0  0 -1  1  1  0  0  0  0  0  0  0  1  0
                                       1  0  0 -1  0  0], predicted secret = [1 1 1 0 0 1 0 0 0 0 0 0 1 0 0 0 0 0 0 0 0 0 0 0 1 0 0 0 0 0], true support = [1 1 1 0 0 1 0 0 0 0 0 0 1 1 1 0 0 0 0 0 0 0 1 0 1 0 0 1 0 0], predicted support = [1 1 1 0 0 1 0 0 0 0 0 0 1 0 0 0 0 0 0 0 0 0 0 0 1 0 0 0 0 0])
INFO - 04/10/26 19:20:18 - 0:13:43 - CA: secret not predicted. (true secret = [ 1  1 -1  0  0  1  0  0  0  0  0  0 -1  1  1  0  0  0  0  0  0  0  1  0
                                       1  0  0 -1  0  0], predicted secret = [1 0 0 0 0 1 0 0 0 0 0 0 1 1 0 0 0 0 0 0 0 0 1 0 1 0 0 0 0 0], true support = [1 1 1 0 0 1 0 0 0 0 0 0 1 1 1 0 0 0 0 0 0 0 1 0 1 0 0 1 0 0], predicted support = [1 0 0 0 0 1 0 0 0 0 0 0 1 1 0 0 0 0 0 0 0 0 1 0 1 0 0 0 0 0])
INFO - 04/10/26 19:20:18 - 0:13:43 - CA: secret not predicted. (true secret = [ 1  1 -1  0  0  1  0  0  0  0  0  0 -1  1  1  0  0  0  0  0  0  0  1  0
                                       1  0  0 -1  0  0], predicted secret = [1 0 0 0 1 0 0 0 0 0 1 0 1 0 1 0 0 0 0 0 1 0 0 0 0 0 0 0 0 0], true support = [1 1 1 0 0 1 0 0 0 0 0 0 1 1 1 0 0 0 0 0 0 0 1 0 1 0 0 1 0 0], predicted support = [1 0 0 0 1 0 0 0 0 0 1 0 1 0 1 0 0 0 0 0 1 0 0 0 0 0 0 0 0 0])
INFO - 04/10/26 19:20:18 - 0:13:43 - Hybrid: direct, ca
INFO - 04/10/26 19:20:18 - 0:13:43 - direct, ca - Sum Normalized: secret not predicted. (true secret = [ 1  1 -1  0  0  1  0  0  0  0  0  0 -1  1  1  0  0  0  0  0  0  0  1  0
                                       1  0  0 -1  0  0], predicted secret = [1 1 1 0 0 0 0 0 0 0 0 0 1 1 0 0 0 0 0 0 0 0 0 0 1 0 0 0 0 0], true support = [1 1 1 0 0 1 0 0 0 0 0 0 1 1 1 0 0 0 0 0 0 0 1 0 1 0 0 1 0 0], predicted support = [1 1 1 0 0 0 0 0 0 0 0 0 1 1 0 0 0 0 0 0 0 0 0 0 1 0 0 0 0 0])
INFO - 04/10/26 19:20:18 - 0:13:43 - direct, ca - Max Normalized: secret not predicted. (true secret = [ 1  1 -1  0  0  1  0  0  0  0  0  0 -1  1  1  0  0  0  0  0  0  0  1  0
                                       1  0  0 -1  0  0], predicted secret = [1 0 1 0 0 0 0 0 0 0 0 0 1 1 0 0 0 0 0 0 0 0 1 0 1 0 0 0 0 0], true support = [1 1 1 0 0 1 0 0 0 0 0 0 1 1 1 0 0 0 0 0 0 0 1 0 1 0 0 1 0 0], predicted support = [1 0 1 0 0 0 0 0 0 0 0 0 1 1 0 0 0 0 0 0 0 0 1 0 1 0 0 0 0 0])
INFO - 04/10/26 19:20:18 - 0:13:43 - direct, ca - Sum Rank: secret not predicted. (true secret = [ 1  1 -1  0  0  1  0  0  0  0  0  0 -1  1  1  0  0  0  0  0  0  0  1  0
                                       1  0  0 -1  0  0], predicted secret = [1 1 0 0 0 1 0 0 0 0 0 0 1 1 0 0 0 0 0 0 0 0 0 0 1 0 0 0 0 0], true support = [1 1 1 0 0 1 0 0 0 0 0 0 1 1 1 0 0 0 0 0 0 0 1 0 1 0 0 1 0 0], predicted support = [1 1 0 0 0 1 0 0 0 0 0 0 1 1 0 0 0 0 0 0 0 0 0 0 1 0 0 0 0 0])
INFO - 04/10/26 19:20:18 - 0:13:43 - direct, ca - Max Rank: secret not predicted. (true secret = [ 1  1 -1  0  0  1  0  0  0  0  0  0 -1  1  1  0  0  0  0  0  0  0  1  0
                                       1  0  0 -1  0  0], predicted secret = [1 0 1 0 0 0 0 0 0 0 0 0 1 1 0 0 0 0 0 0 0 0 1 0 1 0 0 0 0 0], true support = [1 1 1 0 0 1 0 0 0 0 0 0 1 1 1 0 0 0 0 0 0 0 1 0 1 0 0 1 0 0], predicted support = [1 0 1 0 0 0 0 0 0 0 0 0 1 1 0 0 0 0 0 0 0 0 1 0 1 0 0 0 0 0])
INFO - 04/10/26 19:20:18 - 0:13:43 - Hybrid: direct, distinguisher
INFO - 04/10/26 19:20:18 - 0:13:43 - direct, distinguisher - Sum Normalized: secret not predicted. (true secret = [ 1  1 -1  0  0  1  0  0  0  0  0  0 -1  1  1  0  0  0  0  0  0  0  1  0
                                       1  0  0 -1  0  0], predicted secret = [1 1 1 0 0 0 0 0 0 0 0 0 1 0 0 0 0 0 0 0 0 0 0 0 1 0 0 1 0 0], true support = [1 1 1 0 0 1 0 0 0 0 0 0 1 1 1 0 0 0 0 0 0 0 1 0 1 0 0 1 0 0], predicted support = [1 1 1 0 0 0 0 0 0 0 0 0 1 0 0 0 0 0 0 0 0 0 0 0 1 0 0 1 0 0])
INFO - 04/10/26 19:20:18 - 0:13:43 - direct, distinguisher - Max Normalized: secret not predicted. (true secret = [ 1  1 -1  0  0  1  0  0  0  0  0  0 -1  1  1  0  0  0  0  0  0  0  1  0
                                       1  0  0 -1  0  0], predicted secret = [1 1 1 0 0 0 0 0 0 0 0 0 1 0 0 0 0 0 0 0 0 0 1 0 0 0 0 1 0 0], true support = [1 1 1 0 0 1 0 0 0 0 0 0 1 1 1 0 0 0 0 0 0 0 1 0 1 0 0 1 0 0], predicted support = [1 1 1 0 0 0 0 0 0 0 0 0 1 0 0 0 0 0 0 0 0 0 1 0 0 0 0 1 0 0])
INFO - 04/10/26 19:20:18 - 0:13:43 - direct, distinguisher - Sum Rank: secret not predicted. (true secret = [ 1  1 -1  0  0  1  0  0  0  0  0  0 -1  1  1  0  0  0  0  0  0  0  1  0
                                       1  0  0 -1  0  0], predicted secret = [1 1 1 0 0 0 0 0 0 0 0 0 1 0 0 0 0 0 0 0 0 0 0 0 1 0 0 1 0 0], true support = [1 1 1 0 0 1 0 0 0 0 0 0 1 1 1 0 0 0 0 0 0 0 1 0 1 0 0 1 0 0], predicted support = [1 1 1 0 0 0 0 0 0 0 0 0 1 0 0 0 0 0 0 0 0 0 0 0 1 0 0 1 0 0])
INFO - 04/10/26 19:20:18 - 0:13:43 - direct, distinguisher - Max Rank: secret not predicted. (true secret = [ 1  1 -1  0  0  1  0  0  0  0  0  0 -1  1  1  0  0  0  0  0  0  0  1  0
                                       1  0  0 -1  0  0], predicted secret = [1 1 1 0 0 0 0 0 0 0 0 0 1 0 0 0 0 0 0 0 0 0 0 0 1 0 0 1 0 0], true support = [1 1 1 0 0 1 0 0 0 0 0 0 1 1 1 0 0 0 0 0 0 0 1 0 1 0 0 1 0 0], predicted support = [1 1 1 0 0 0 0 0 0 0 0 0 1 0 0 0 0 0 0 0 0 0 0 0 1 0 0 1 0 0])
INFO - 04/10/26 19:20:18 - 0:13:43 - Hybrid: ca, distinguisher
INFO - 04/10/26 19:20:18 - 0:13:43 - ca, distinguisher - Sum Normalized: secret not predicted. (true secret = [ 1  1 -1  0  0  1  0  0  0  0  0  0 -1  1  1  0  0  0  0  0  0  0  1  0
                                       1  0  0 -1  0  0], predicted secret = [1 1 1 0 0 0 0 0 0 0 0 0 1 1 0 0 0 0 0 0 0 0 1 0 0 0 0 0 0 0], true support = [1 1 1 0 0 1 0 0 0 0 0 0 1 1 1 0 0 0 0 0 0 0 1 0 1 0 0 1 0 0], predicted support = [1 1 1 0 0 0 0 0 0 0 0 0 1 1 0 0 0 0 0 0 0 0 1 0 0 0 0 0 0 0])
INFO - 04/10/26 19:20:18 - 0:13:43 - ca, distinguisher - Max Normalized: secret not predicted. (true secret = [ 1  1 -1  0  0  1  0  0  0  0  0  0 -1  1  1  0  0  0  0  0  0  0  1  0
                                       1  0  0 -1  0  0], predicted secret = [1 1 1 0 0 0 0 0 0 0 0 0 1 1 0 0 0 0 0 0 0 0 0 0 0 0 0 1 0 0], true support = [1 1 1 0 0 1 0 0 0 0 0 0 1 1 1 0 0 0 0 0 0 0 1 0 1 0 0 1 0 0], predicted support = [1 1 1 0 0 0 0 0 0 0 0 0 1 1 0 0 0 0 0 0 0 0 0 0 0 0 0 1 0 0])
INFO - 04/10/26 19:20:18 - 0:13:43 - ca, distinguisher - Sum Rank: secret not predicted. (true secret = [ 1  1 -1  0  0  1  0  0  0  0  0  0 -1  1  1  0  0  0  0  0  0  0  1  0
                                       1  0  0 -1  0  0], predicted secret = [1 1 1 0 0 0 0 0 0 0 0 0 1 1 0 0 0 0 0 0 0 0 1 0 0 0 0 0 0 0], true support = [1 1 1 0 0 1 0 0 0 0 0 0 1 1 1 0 0 0 0 0 0 0 1 0 1 0 0 1 0 0], predicted support = [1 1 1 0 0 0 0 0 0 0 0 0 1 1 0 0 0 0 0 0 0 0 1 0 0 0 0 0 0 0])
INFO - 04/10/26 19:20:18 - 0:13:43 - ca, distinguisher - Max Rank: secret not predicted. (true secret = [ 1  1 -1  0  0  1  0  0  0  0  0  0 -1  1  1  0  0  0  0  0  0  0  1  0
                                       1  0  0 -1  0  0], predicted secret = [1 1 1 0 0 0 0 0 0 0 0 0 1 1 0 0 0 0 0 0 0 0 0 0 0 0 0 1 0 0], true support = [1 1 1 0 0 1 0 0 0 0 0 0 1 1 1 0 0 0 0 0 0 0 1 0 1 0 0 1 0 0], predicted support = [1 1 1 0 0 0 0 0 0 0 0 0 1 1 0 0 0 0 0 0 0 0 0 0 0 0 0 1 0 0])
INFO - 04/10/26 19:20:18 - 0:13:43 - Hybrid: direct, ca, distinguisher
INFO - 04/10/26 19:20:18 - 0:13:43 - direct, ca, distinguisher - Sum Normalized: secret not predicted. (true secret = [ 1  1 -1  0  0  1  0  0  0  0  0  0 -1  1  1  0  0  0  0  0  0  0  1  0
                                       1  0  0 -1  0  0], predicted secret = [1 1 1 0 0 0 0 0 0 0 0 0 1 1 0 0 0 0 0 0 0 0 0 0 1 0 0 0 0 0], true support = [1 1 1 0 0 1 0 0 0 0 0 0 1 1 1 0 0 0 0 0 0 0 1 0 1 0 0 1 0 0], predicted support = [1 1 1 0 0 0 0 0 0 0 0 0 1 1 0 0 0 0 0 0 0 0 0 0 1 0 0 0 0 0])
INFO - 04/10/26 19:20:18 - 0:13:43 - direct, ca, distinguisher - Max Normalized: secret not predicted. (true secret = [ 1  1 -1  0  0  1  0  0  0  0  0  0 -1  1  1  0  0  0  0  0  0  0  1  0
                                       1  0  0 -1  0  0], predicted secret = [1 1 1 0 0 0 0 0 0 0 0 0 1 1 0 0 0 0 0 0 0 0 0 0 0 0 0 1 0 0], true support = [1 1 1 0 0 1 0 0 0 0 0 0 1 1 1 0 0 0 0 0 0 0 1 0 1 0 0 1 0 0], predicted support = [1 1 1 0 0 0 0 0 0 0 0 0 1 1 0 0 0 0 0 0 0 0 0 0 0 0 0 1 0 0])
INFO - 04/10/26 19:20:18 - 0:13:43 - direct, ca, distinguisher - Sum Rank: secret not predicted. (true secret = [ 1  1 -1  0  0  1  0  0  0  0  0  0 -1  1  1  0  0  0  0  0  0  0  1  0
                                       1  0  0 -1  0  0], predicted secret = [1 1 1 0 0 0 0 0 0 0 0 0 1 1 0 0 0 0 0 0 0 0 1 0 0 0 0 0 0 0], true support = [1 1 1 0 0 1 0 0 0 0 0 0 1 1 1 0 0 0 0 0 0 0 1 0 1 0 0 1 0 0], predicted support = [1 1 1 0 0 0 0 0 0 0 0 0 1 1 0 0 0 0 0 0 0 0 1 0 0 0 0 0 0 0])
INFO - 04/10/26 19:20:18 - 0:13:43 - direct, ca, distinguisher - Max Rank: secret not predicted. (true secret = [ 1  1 -1  0  0  1  0  0  0  0  0  0 -1  1  1  0  0  0  0  0  0  0  1  0
                                       1  0  0 -1  0  0], predicted secret = [1 1 1 0 0 0 0 0 0 0 0 0 1 1 0 0 0 0 0 0 0 0 0 0 1 0 0 0 0 0], true support = [1 1 1 0 0 1 0 0 0 0 0 0 1 1 1 0 0 0 0 0 0 0 1 0 1 0 0 1 0 0], predicted support = [1 1 1 0 0 0 0 0 0 0 0 0 1 1 0 0 0 0 0 0 0 0 0 0 1 0 0 0 0 0])
INFO - 04/10/26 19:20:18 - 0:13:43 - Epoch 4 metrics | train_loss: 1.517638 | train_acc1: 27.440219 | train_acc2: 33.045925 | valid_xe_loss: 1.506347 | valid_acc1: 26.463608 | valid_acc2: 30.152294
INFO - 04/10/26 19:20:18 - 0:13:43 - __log__:{"train_loss": 1.517638432773656, "train_acc1": 27.44021912987844, "train_acc2": 33.04592530390275, "epoch": 4, "valid_xe_loss": 1.5063466859769217, "valid_acc1": 26.463607594936708, "valid_acc2": 30.15229430379747}
INFO - 04/10/26 19:20:18 - 0:13:43 - Saving checkpoint to /home/yu_mcc/PQC_salsa/runs/n30_q127_h3_1m/train_gpu_proposed_ternary_h10_secret0_init0_paperlike/checkpoint.pth ...
WARNING - 04/10/26 19:20:18 - 0:13:43 - Saving encoder parameters ...
WARNING - 04/10/26 19:20:18 - 0:13:43 - Saving decoder parameters ...
WARNING - 04/10/26 19:20:18 - 0:13:43 - Saving optimizer ...
INFO - 04/10/26 19:20:19 - 0:13:44 - ============ Starting epoch 5 ... ============
INFO - 04/10/26 19:20:22 - 0:13:47 -    7850 -  142.73 equations/s -  9134.77 words/s - MEM: 1.36 GB - LOSS:  1.5043 || ACC1: 28.2589 || ACC2: 34.2634 - LR: 9.8114e-06
INFO - 04/10/26 19:20:27 - 0:13:52 -    7900 - 1328.86 equations/s - 85047.05 words/s - MEM: 1.36 GB - LOSS:  1.5083 || ACC1: 28.3125 || ACC2: 34.2031 - LR: 9.8739e-06
INFO - 04/10/26 19:20:35 - 0:14:00 -    7950 -  782.55 equations/s - 50083.28 words/s - MEM: 1.36 GB - LOSS:  1.5130 || ACC1: 27.6250 || ACC2: 33.8281 - LR: 9.9363e-06
INFO - 04/10/26 19:20:40 - 0:14:05 -    8000 - 1356.60 equations/s - 86822.21 words/s - MEM: 1.36 GB - LOSS:  1.5129 || ACC1: 26.9844 || ACC2: 32.5469 - LR: 9.9988e-06
INFO - 04/10/26 19:20:45 - 0:14:10 -    8050 - 1291.45 equations/s - 82652.56 words/s - MEM: 1.36 GB - LOSS:  1.5043 || ACC1: 28.5625 || ACC2: 34.4844 - LR: 1.0000e-05
INFO - 04/10/26 19:20:50 - 0:14:15 -    8100 - 1337.15 equations/s - 85577.43 words/s - MEM: 1.36 GB - LOSS:  1.5096 || ACC1: 29.0312 || ACC2: 34.4375 - LR: 1.0000e-05
INFO - 04/10/26 19:20:55 - 0:14:20 -    8150 - 1362.50 equations/s - 87199.98 words/s - MEM: 1.36 GB - LOSS:  1.5108 || ACC1: 28.6094 || ACC2: 35.0000 - LR: 1.0000e-05
INFO - 04/10/26 19:20:59 - 0:14:24 -    8200 - 1391.22 equations/s - 89037.85 words/s - MEM: 1.36 GB - LOSS:  1.5007 || ACC1: 29.1250 || ACC2: 35.5000 - LR: 1.0000e-05
INFO - 04/10/26 19:21:04 - 0:14:29 -    8250 - 1298.92 equations/s - 83131.17 words/s - MEM: 1.36 GB - LOSS:  1.5118 || ACC1: 27.7500 || ACC2: 33.6719 - LR: 1.0000e-05
INFO - 04/10/26 19:21:12 - 0:14:38 -    8300 -  766.04 equations/s - 49026.75 words/s - MEM: 1.36 GB - LOSS:  1.5106 || ACC1: 27.6094 || ACC2: 33.4062 - LR: 1.0000e-05
INFO - 04/10/26 19:21:17 - 0:14:42 -    8350 - 1334.13 equations/s - 85384.35 words/s - MEM: 1.36 GB - LOSS:  1.5077 || ACC1: 27.5625 || ACC2: 33.7344 - LR: 1.0000e-05
INFO - 04/10/26 19:21:22 - 0:14:47 -    8400 - 1284.54 equations/s - 82210.72 words/s - MEM: 1.36 GB - LOSS:  1.5067 || ACC1: 27.2344 || ACC2: 33.5781 - LR: 1.0000e-05
INFO - 04/10/26 19:21:27 - 0:14:52 -    8450 - 1371.22 equations/s - 87758.36 words/s - MEM: 1.36 GB - LOSS:  1.5028 || ACC1: 28.1719 || ACC2: 34.1250 - LR: 1.0000e-05
INFO - 04/10/26 19:21:32 - 0:14:57 -    8500 - 1337.04 equations/s - 85570.26 words/s - MEM: 1.36 GB - LOSS:  1.5037 || ACC1: 29.0312 || ACC2: 34.8750 - LR: 1.0000e-05
INFO - 04/10/26 19:21:36 - 0:15:02 -    8550 - 1328.96 equations/s - 85053.75 words/s - MEM: 1.36 GB - LOSS:  1.5039 || ACC1: 28.8281 || ACC2: 35.1094 - LR: 1.0000e-05
INFO - 04/10/26 19:21:45 - 0:15:10 -    8600 -  759.32 equations/s - 48596.53 words/s - MEM: 1.36 GB - LOSS:  1.5032 || ACC1: 28.2812 || ACC2: 34.4844 - LR: 1.0000e-05
INFO - 04/10/26 19:21:50 - 0:15:15 -    8650 - 1300.08 equations/s - 83204.96 words/s - MEM: 1.36 GB - LOSS:  1.5050 || ACC1: 28.5469 || ACC2: 34.7031 - LR: 1.0000e-05
INFO - 04/10/26 19:21:54 - 0:15:20 -    8700 - 1374.98 equations/s - 87998.46 words/s - MEM: 1.36 GB - LOSS:  1.5100 || ACC1: 27.8750 || ACC2: 33.5000 - LR: 1.0000e-05
INFO - 04/10/26 19:21:59 - 0:15:24 -    8750 - 1333.99 equations/s - 85375.10 words/s - MEM: 1.36 GB - LOSS:  1.5034 || ACC1: 29.3438 || ACC2: 35.3750 - LR: 1.0000e-05
INFO - 04/10/26 19:22:04 - 0:15:29 -    8800 - 1339.72 equations/s - 85742.23 words/s - MEM: 1.36 GB - LOSS:  1.5030 || ACC1: 28.0312 || ACC2: 34.8125 - LR: 1.0000e-05
INFO - 04/10/26 19:22:09 - 0:15:34 -    8850 - 1359.08 equations/s - 86981.40 words/s - MEM: 1.36 GB - LOSS:  1.5037 || ACC1: 28.2031 || ACC2: 34.0625 - LR: 1.0000e-05
INFO - 04/10/26 19:22:14 - 0:15:39 -    8900 - 1324.08 equations/s - 84741.26 words/s - MEM: 1.36 GB - LOSS:  1.5028 || ACC1: 29.4844 || ACC2: 35.8438 - LR: 1.0000e-05
INFO - 04/10/26 19:22:22 - 0:15:47 -    8950 -  757.57 equations/s - 48484.70 words/s - MEM: 1.36 GB - LOSS:  1.5032 || ACC1: 28.8750 || ACC2: 34.4375 - LR: 1.0000e-05
INFO - 04/10/26 19:22:27 - 0:15:52 -    9000 - 1280.47 equations/s - 81950.18 words/s - MEM: 1.36 GB - LOSS:  1.5096 || ACC1: 26.5938 || ACC2: 33.0938 - LR: 1.0000e-05
INFO - 04/10/26 19:22:32 - 0:15:57 -    9050 - 1344.00 equations/s - 86015.96 words/s - MEM: 1.36 GB - LOSS:  1.5038 || ACC1: 28.4531 || ACC2: 34.8750 - LR: 1.0000e-05
INFO - 04/10/26 19:22:37 - 0:16:02 -    9100 - 1316.54 equations/s - 84258.59 words/s - MEM: 1.36 GB - LOSS:  1.5029 || ACC1: 28.1719 || ACC2: 34.9844 - LR: 1.0000e-05
INFO - 04/10/26 19:22:41 - 0:16:06 -    9150 - 1350.60 equations/s - 86438.28 words/s - MEM: 1.36 GB - LOSS:  1.4975 || ACC1: 28.6250 || ACC2: 35.2031 - LR: 1.0000e-05
INFO - 04/10/26 19:22:46 - 0:16:11 -    9200 - 1340.82 equations/s - 85812.53 words/s - MEM: 1.36 GB - LOSS:  1.4985 || ACC1: 28.4531 || ACC2: 35.2188 - LR: 1.0000e-05
INFO - 04/10/26 19:22:51 - 0:16:16 -    9250 - 1326.56 equations/s - 84900.01 words/s - MEM: 1.36 GB - LOSS:  1.4993 || ACC1: 28.7812 || ACC2: 35.2500 - LR: 1.0000e-05
INFO - 04/10/26 19:22:59 - 0:16:24 -    9300 -  767.20 equations/s - 49100.84 words/s - MEM: 1.36 GB - LOSS:  1.5055 || ACC1: 27.8750 || ACC2: 33.9375 - LR: 1.0000e-05
INFO - 04/10/26 19:23:04 - 0:16:29 -    9350 - 1356.57 equations/s - 86820.57 words/s - MEM: 1.36 GB - LOSS:  1.5015 || ACC1: 29.4531 || ACC2: 36.0156 - LR: 1.0000e-05
INFO - 04/10/26 19:23:07 - 0:16:32 -    9378 - 1387.11 equations/s - 88774.83 words/s - MEM: 1.36 GB - LOSS:  1.4984 || ACC1: 29.5480 || ACC2: 35.4632 - LR: 1.0000e-05
INFO - 04/10/26 19:23:07 - 0:16:32 - ============ End of epoch 5 ============
INFO - 04/10/26 19:23:07 - 0:16:32 - Starting Distinguisher Method
INFO - 04/10/26 19:23:21 - 0:16:46 - Distinguishing 0s using the emd. 
INFO - 04/10/26 19:23:21 - 0:16:46 - Distinguishing +/-1s using the emd. 
INFO - 04/10/26 19:23:21 - 0:16:46 - Real secret: -1: {np.int64(2), np.int64(27), np.int64(12)}, 1: {np.int64(0), np.int64(1), np.int64(5), np.int64(13), np.int64(14), np.int64(22), np.int64(24)}
INFO - 04/10/26 19:23:21 - 0:16:46 - Distinguishing +/-1s using the mean. 
INFO - 04/10/26 19:23:21 - 0:16:46 - Real secret: -1: {np.int64(2), np.int64(27), np.int64(12)}, 1: {np.int64(0), np.int64(1), np.int64(5), np.int64(13), np.int64(14), np.int64(22), np.int64(24)}
INFO - 04/10/26 19:23:21 - 0:16:46 - Distinguishing 0s using the mean. 
INFO - 04/10/26 19:23:21 - 0:16:46 - Distinguishing +/-1s using the emd. 
INFO - 04/10/26 19:23:21 - 0:16:46 - Real secret: -1: {np.int64(2), np.int64(27), np.int64(12)}, 1: {np.int64(0), np.int64(1), np.int64(5), np.int64(13), np.int64(14), np.int64(22), np.int64(24)}
INFO - 04/10/26 19:23:21 - 0:16:46 - Distinguishing +/-1s using the mean. 
INFO - 04/10/26 19:23:21 - 0:16:46 - Real secret: -1: {np.int64(2), np.int64(27), np.int64(12)}, 1: {np.int64(0), np.int64(1), np.int64(5), np.int64(13), np.int64(14), np.int64(22), np.int64(24)}
INFO - 04/10/26 19:23:21 - 0:16:46 - Starting Direct Method
INFO - 04/10/26 19:23:21 - 0:16:46 - Direct:  K=58
INFO - 04/10/26 19:23:21 - 0:16:46 - Direct:  K=44
INFO - 04/10/26 19:23:21 - 0:16:47 - Direct:  K=67
INFO - 04/10/26 19:23:22 - 0:16:47 - Direct:  K=41
INFO - 04/10/26 19:23:22 - 0:16:47 - Direct:  K=88
INFO - 04/10/26 19:23:22 - 0:16:47 - Direct:  K=68
INFO - 04/10/26 19:23:22 - 0:16:47 - Direct:  K=64
INFO - 04/10/26 19:23:22 - 0:16:47 - Direct:  K=61
INFO - 04/10/26 19:23:22 - 0:16:47 - Direct:  K=88
INFO - 04/10/26 19:23:22 - 0:16:47 - Direct:  K=89
INFO - 04/10/26 19:23:22 - 0:16:48 - Direct:  K=47
INFO - 04/10/26 19:23:23 - 0:16:48 - Direct:  K=64
INFO - 04/10/26 19:23:23 - 0:16:48 - Direct:  K=32
INFO - 04/10/26 19:23:23 - 0:16:48 - Direct:  K=60
INFO - 04/10/26 19:23:23 - 0:16:48 - Direct:  K=83
INFO - 04/10/26 19:23:23 - 0:16:48 - Direct: secret not predicted. (true secret = [ 1  1 -1  0  0  1  0  0  0  0  0  0 -1  1  1  0  0  0  0  0  0  0  1  0
                                       1  0  0 -1  0  0], predicted secret = [1 0 1 0 0 0 0 0 0 0 0 0 1 0 1 0 0 0 0 0 0 0 1 0 1 0 0 0 0 0], true support = [1 1 1 0 0 1 0 0 0 0 0 0 1 1 1 0 0 0 0 0 0 0 1 0 1 0 0 1 0 0], predicted support = [1 0 1 0 0 0 0 0 0 0 0 0 1 0 1 0 0 0 0 0 0 0 1 0 1 0 0 0 0 0])
INFO - 04/10/26 19:23:35 - 0:17:00 - CA: secret not predicted. (true secret = [ 1  1 -1  0  0  1  0  0  0  0  0  0 -1  1  1  0  0  0  0  0  0  0  1  0
                                       1  0  0 -1  0  0], predicted secret = [1 1 0 0 0 1 0 0 0 0 0 0 1 1 0 0 0 0 0 0 0 0 1 0 0 0 0 0 0 0], true support = [1 1 1 0 0 1 0 0 0 0 0 0 1 1 1 0 0 0 0 0 0 0 1 0 1 0 0 1 0 0], predicted support = [1 1 0 0 0 1 0 0 0 0 0 0 1 1 0 0 0 0 0 0 0 0 1 0 0 0 0 0 0 0])
INFO - 04/10/26 19:23:35 - 0:17:00 - CA: secret not predicted. (true secret = [ 1  1 -1  0  0  1  0  0  0  0  0  0 -1  1  1  0  0  0  0  0  0  0  1  0
                                       1  0  0 -1  0  0], predicted secret = [1 0 0 0 1 0 0 0 0 0 0 1 0 0 1 0 0 0 0 1 1 0 0 0 0 0 0 0 0 0], true support = [1 1 1 0 0 1 0 0 0 0 0 0 1 1 1 0 0 0 0 0 0 0 1 0 1 0 0 1 0 0], predicted support = [1 0 0 0 1 0 0 0 0 0 0 1 0 0 1 0 0 0 0 1 1 0 0 0 0 0 0 0 0 0])
INFO - 04/10/26 19:23:35 - 0:17:00 - Hybrid: direct, ca
INFO - 04/10/26 19:23:35 - 0:17:00 - direct, ca - Sum Normalized: secret not predicted. (true secret = [ 1  1 -1  0  0  1  0  0  0  0  0  0 -1  1  1  0  0  0  0  0  0  0  1  0
                                       1  0  0 -1  0  0], predicted secret = [1 0 1 0 0 0 0 0 0 0 0 0 1 1 1 0 0 0 0 0 0 0 1 0 0 0 0 0 0 0], true support = [1 1 1 0 0 1 0 0 0 0 0 0 1 1 1 0 0 0 0 0 0 0 1 0 1 0 0 1 0 0], predicted support = [1 0 1 0 0 0 0 0 0 0 0 0 1 1 1 0 0 0 0 0 0 0 1 0 0 0 0 0 0 0])
INFO - 04/10/26 19:23:35 - 0:17:00 - direct, ca - Max Normalized: secret not predicted. (true secret = [ 1  1 -1  0  0  1  0  0  0  0  0  0 -1  1  1  0  0  0  0  0  0  0  1  0
                                       1  0  0 -1  0  0], predicted secret = [1 0 1 0 0 0 0 0 0 0 0 0 1 1 1 0 0 0 0 0 0 0 1 0 0 0 0 0 0 0], true support = [1 1 1 0 0 1 0 0 0 0 0 0 1 1 1 0 0 0 0 0 0 0 1 0 1 0 0 1 0 0], predicted support = [1 0 1 0 0 0 0 0 0 0 0 0 1 1 1 0 0 0 0 0 0 0 1 0 0 0 0 0 0 0])
INFO - 04/10/26 19:23:35 - 0:17:00 - direct, ca - Sum Rank: secret not predicted. (true secret = [ 1  1 -1  0  0  1  0  0  0  0  0  0 -1  1  1  0  0  0  0  0  0  0  1  0
                                       1  0  0 -1  0  0], predicted secret = [1 0 1 0 0 0 0 0 0 0 0 0 1 1 1 0 0 0 0 0 0 0 1 0 0 0 0 0 0 0], true support = [1 1 1 0 0 1 0 0 0 0 0 0 1 1 1 0 0 0 0 0 0 0 1 0 1 0 0 1 0 0], predicted support = [1 0 1 0 0 0 0 0 0 0 0 0 1 1 1 0 0 0 0 0 0 0 1 0 0 0 0 0 0 0])
INFO - 04/10/26 19:23:35 - 0:17:00 - direct, ca - Max Rank: secret not predicted. (true secret = [ 1  1 -1  0  0  1  0  0  0  0  0  0 -1  1  1  0  0  0  0  0  0  0  1  0
                                       1  0  0 -1  0  0], predicted secret = [1 0 1 0 0 0 0 0 0 0 0 0 1 1 1 0 0 0 0 0 0 0 1 0 0 0 0 0 0 0], true support = [1 1 1 0 0 1 0 0 0 0 0 0 1 1 1 0 0 0 0 0 0 0 1 0 1 0 0 1 0 0], predicted support = [1 0 1 0 0 0 0 0 0 0 0 0 1 1 1 0 0 0 0 0 0 0 1 0 0 0 0 0 0 0])
INFO - 04/10/26 19:23:35 - 0:17:00 - Hybrid: direct, distinguisher
INFO - 04/10/26 19:23:35 - 0:17:00 - direct, distinguisher - Sum Normalized: secret not predicted. (true secret = [ 1  1 -1  0  0  1  0  0  0  0  0  0 -1  1  1  0  0  0  0  0  0  0  1  0
                                       1  0  0 -1  0  0], predicted secret = [1 0 1 0 0 0 0 0 0 0 0 0 1 0 1 0 0 0 0 0 0 0 0 0 1 0 0 1 0 0], true support = [1 1 1 0 0 1 0 0 0 0 0 0 1 1 1 0 0 0 0 0 0 0 1 0 1 0 0 1 0 0], predicted support = [1 0 1 0 0 0 0 0 0 0 0 0 1 0 1 0 0 0 0 0 0 0 0 0 1 0 0 1 0 0])
INFO - 04/10/26 19:23:35 - 0:17:00 - direct, distinguisher - Max Normalized: secret not predicted. (true secret = [ 1  1 -1  0  0  1  0  0  0  0  0  0 -1  1  1  0  0  0  0  0  0  0  1  0
                                       1  0  0 -1  0  0], predicted secret = [0 1 1 0 0 0 0 0 0 0 0 0 1 1 1 0 0 0 0 0 0 0 0 0 0 0 0 1 0 0], true support = [1 1 1 0 0 1 0 0 0 0 0 0 1 1 1 0 0 0 0 0 0 0 1 0 1 0 0 1 0 0], predicted support = [0 1 1 0 0 0 0 0 0 0 0 0 1 1 1 0 0 0 0 0 0 0 0 0 0 0 0 1 0 0])
INFO - 04/10/26 19:23:35 - 0:17:00 - direct, distinguisher - Sum Rank: secret not predicted. (true secret = [ 1  1 -1  0  0  1  0  0  0  0  0  0 -1  1  1  0  0  0  0  0  0  0  1  0
                                       1  0  0 -1  0  0], predicted secret = [1 0 1 0 0 0 0 0 0 0 0 0 1 0 1 0 0 0 0 0 0 0 0 0 1 0 0 1 0 0], true support = [1 1 1 0 0 1 0 0 0 0 0 0 1 1 1 0 0 0 0 0 0 0 1 0 1 0 0 1 0 0], predicted support = [1 0 1 0 0 0 0 0 0 0 0 0 1 0 1 0 0 0 0 0 0 0 0 0 1 0 0 1 0 0])
INFO - 04/10/26 19:23:35 - 0:17:00 - direct, distinguisher - Max Rank: secret not predicted. (true secret = [ 1  1 -1  0  0  1  0  0  0  0  0  0 -1  1  1  0  0  0  0  0  0  0  1  0
                                       1  0  0 -1  0  0], predicted secret = [1 1 1 0 0 0 0 0 0 0 0 0 1 0 1 0 0 0 0 0 0 0 0 0 0 0 0 1 0 0], true support = [1 1 1 0 0 1 0 0 0 0 0 0 1 1 1 0 0 0 0 0 0 0 1 0 1 0 0 1 0 0], predicted support = [1 1 1 0 0 0 0 0 0 0 0 0 1 0 1 0 0 0 0 0 0 0 0 0 0 0 0 1 0 0])
INFO - 04/10/26 19:23:35 - 0:17:00 - Hybrid: ca, distinguisher
INFO - 04/10/26 19:23:35 - 0:17:00 - ca, distinguisher - Sum Normalized: secret not predicted. (true secret = [ 1  1 -1  0  0  1  0  0  0  0  0  0 -1  1  1  0  0  0  0  0  0  0  1  0
                                       1  0  0 -1  0  0], predicted secret = [1 0 0 0 0 1 0 0 0 0 0 0 1 1 1 0 0 0 0 0 0 0 1 0 0 0 0 0 0 0], true support = [1 1 1 0 0 1 0 0 0 0 0 0 1 1 1 0 0 0 0 0 0 0 1 0 1 0 0 1 0 0], predicted support = [1 0 0 0 0 1 0 0 0 0 0 0 1 1 1 0 0 0 0 0 0 0 1 0 0 0 0 0 0 0])
INFO - 04/10/26 19:23:35 - 0:17:00 - ca, distinguisher - Max Normalized: secret not predicted. (true secret = [ 1  1 -1  0  0  1  0  0  0  0  0  0 -1  1  1  0  0  0  0  0  0  0  1  0
                                       1  0  0 -1  0  0], predicted secret = [1 1 1 0 0 0 0 0 0 0 0 0 0 1 1 0 0 0 0 0 0 0 0 0 0 0 0 1 0 0], true support = [1 1 1 0 0 1 0 0 0 0 0 0 1 1 1 0 0 0 0 0 0 0 1 0 1 0 0 1 0 0], predicted support = [1 1 1 0 0 0 0 0 0 0 0 0 0 1 1 0 0 0 0 0 0 0 0 0 0 0 0 1 0 0])
INFO - 04/10/26 19:23:35 - 0:17:00 - ca, distinguisher - Sum Rank: secret not predicted. (true secret = [ 1  1 -1  0  0  1  0  0  0  0  0  0 -1  1  1  0  0  0  0  0  0  0  1  0
                                       1  0  0 -1  0  0], predicted secret = [1 1 1 0 0 0 0 0 0 0 0 0 1 1 1 0 0 0 0 0 0 0 0 0 0 0 0 0 0 0], true support = [1 1 1 0 0 1 0 0 0 0 0 0 1 1 1 0 0 0 0 0 0 0 1 0 1 0 0 1 0 0], predicted support = [1 1 1 0 0 0 0 0 0 0 0 0 1 1 1 0 0 0 0 0 0 0 0 0 0 0 0 0 0 0])
INFO - 04/10/26 19:23:35 - 0:17:00 - ca, distinguisher - Max Rank: secret not predicted. (true secret = [ 1  1 -1  0  0  1  0  0  0  0  0  0 -1  1  1  0  0  0  0  0  0  0  1  0
                                       1  0  0 -1  0  0], predicted secret = [1 0 1 0 0 0 0 0 0 0 0 0 0 1 1 0 0 0 0 0 0 0 1 0 0 0 0 1 0 0], true support = [1 1 1 0 0 1 0 0 0 0 0 0 1 1 1 0 0 0 0 0 0 0 1 0 1 0 0 1 0 0], predicted support = [1 0 1 0 0 0 0 0 0 0 0 0 0 1 1 0 0 0 0 0 0 0 1 0 0 0 0 1 0 0])
INFO - 04/10/26 19:23:35 - 0:17:00 - Hybrid: direct, ca, distinguisher
INFO - 04/10/26 19:23:35 - 0:17:00 - direct, ca, distinguisher - Sum Normalized: secret not predicted. (true secret = [ 1  1 -1  0  0  1  0  0  0  0  0  0 -1  1  1  0  0  0  0  0  0  0  1  0
                                       1  0  0 -1  0  0], predicted secret = [1 0 1 0 0 0 0 0 0 0 0 0 1 1 1 0 0 0 0 0 0 0 1 0 0 0 0 0 0 0], true support = [1 1 1 0 0 1 0 0 0 0 0 0 1 1 1 0 0 0 0 0 0 0 1 0 1 0 0 1 0 0], predicted support = [1 0 1 0 0 0 0 0 0 0 0 0 1 1 1 0 0 0 0 0 0 0 1 0 0 0 0 0 0 0])
INFO - 04/10/26 19:23:35 - 0:17:00 - direct, ca, distinguisher - Max Normalized: secret not predicted. (true secret = [ 1  1 -1  0  0  1  0  0  0  0  0  0 -1  1  1  0  0  0  0  0  0  0  1  0
                                       1  0  0 -1  0  0], predicted secret = [1 1 1 0 0 0 0 0 0 0 0 0 0 1 1 0 0 0 0 0 0 0 0 0 0 0 0 1 0 0], true support = [1 1 1 0 0 1 0 0 0 0 0 0 1 1 1 0 0 0 0 0 0 0 1 0 1 0 0 1 0 0], predicted support = [1 1 1 0 0 0 0 0 0 0 0 0 0 1 1 0 0 0 0 0 0 0 0 0 0 0 0 1 0 0])
INFO - 04/10/26 19:23:35 - 0:17:00 - direct, ca, distinguisher - Sum Rank: secret not predicted. (true secret = [ 1  1 -1  0  0  1  0  0  0  0  0  0 -1  1  1  0  0  0  0  0  0  0  1  0
                                       1  0  0 -1  0  0], predicted secret = [1 0 1 0 0 0 0 0 0 0 0 0 1 1 1 0 0 0 0 0 0 0 1 0 0 0 0 0 0 0], true support = [1 1 1 0 0 1 0 0 0 0 0 0 1 1 1 0 0 0 0 0 0 0 1 0 1 0 0 1 0 0], predicted support = [1 0 1 0 0 0 0 0 0 0 0 0 1 1 1 0 0 0 0 0 0 0 1 0 0 0 0 0 0 0])
INFO - 04/10/26 19:23:35 - 0:17:00 - direct, ca, distinguisher - Max Rank: secret not predicted. (true secret = [ 1  1 -1  0  0  1  0  0  0  0  0  0 -1  1  1  0  0  0  0  0  0  0  1  0
                                       1  0  0 -1  0  0], predicted secret = [1 0 1 0 0 0 0 0 0 0 0 0 1 1 1 0 0 0 0 0 0 0 1 0 0 0 0 0 0 0], true support = [1 1 1 0 0 1 0 0 0 0 0 0 1 1 1 0 0 0 0 0 0 0 1 0 1 0 0 1 0 0], predicted support = [1 0 1 0 0 0 0 0 0 0 0 0 1 1 1 0 0 0 0 0 0 0 1 0 0 0 0 0 0 0])
INFO - 04/10/26 19:23:35 - 0:17:00 - Epoch 5 metrics | train_loss: 1.505186 | train_acc1: 28.336932 | train_acc2: 34.489463 | valid_xe_loss: 1.502600 | valid_acc1: 27.561313 | valid_acc2: 32.575158
INFO - 04/10/26 19:23:35 - 0:17:00 - __log__:{"train_loss": 1.5051859145887525, "train_acc1": 28.336932181701854, "train_acc2": 34.48946337172105, "epoch": 5, "valid_xe_loss": 1.502600055706652, "valid_acc1": 27.56131329113924, "valid_acc2": 32.5751582278481}
INFO - 04/10/26 19:23:35 - 0:17:00 - Saving checkpoint to /home/yu_mcc/PQC_salsa/runs/n30_q127_h3_1m/train_gpu_proposed_ternary_h10_secret0_init0_paperlike/checkpoint.pth ...
WARNING - 04/10/26 19:23:35 - 0:17:00 - Saving encoder parameters ...
WARNING - 04/10/26 19:23:35 - 0:17:00 - Saving decoder parameters ...
WARNING - 04/10/26 19:23:35 - 0:17:00 - Saving optimizer ...
INFO - 04/10/26 19:23:36 - 0:17:01 - ============ Starting epoch 6 ... ============
INFO - 04/10/26 19:23:38 - 0:17:03 -    9400 -   89.99 equations/s -  5759.56 words/s - MEM: 1.36 GB - LOSS:  1.5117 || ACC1: 29.2614 || ACC2: 35.0497 - LR: 1.0000e-05
INFO - 04/10/26 19:23:43 - 0:17:08 -    9450 - 1285.26 equations/s - 82256.54 words/s - MEM: 1.36 GB - LOSS:  1.4962 || ACC1: 29.8906 || ACC2: 36.5938 - LR: 1.0000e-05
INFO - 04/10/26 19:23:47 - 0:17:13 -    9500 - 1407.35 equations/s - 90070.21 words/s - MEM: 1.36 GB - LOSS:  1.4968 || ACC1: 29.2500 || ACC2: 35.1719 - LR: 1.0000e-05
INFO - 04/10/26 19:23:52 - 0:17:17 -    9550 - 1332.40 equations/s - 85273.75 words/s - MEM: 1.36 GB - LOSS:  1.4968 || ACC1: 28.8281 || ACC2: 35.1719 - LR: 1.0000e-05
INFO - 04/10/26 19:23:57 - 0:17:22 -    9600 - 1353.86 equations/s - 86647.36 words/s - MEM: 1.36 GB - LOSS:  1.5020 || ACC1: 28.5000 || ACC2: 34.5938 - LR: 1.0000e-05
INFO - 04/10/26 19:24:02 - 0:17:27 -    9650 - 1376.03 equations/s - 88065.69 words/s - MEM: 1.36 GB - LOSS:  1.5007 || ACC1: 28.0156 || ACC2: 34.4844 - LR: 1.0000e-05
INFO - 04/10/26 19:24:10 - 0:17:35 -    9700 -  761.85 equations/s - 48758.65 words/s - MEM: 1.36 GB - LOSS:  1.4949 || ACC1: 28.4375 || ACC2: 34.8281 - LR: 1.0000e-05
INFO - 04/10/26 19:24:15 - 0:17:40 -    9750 - 1362.45 equations/s - 87197.05 words/s - MEM: 1.36 GB - LOSS:  1.4994 || ACC1: 29.1875 || ACC2: 35.4375 - LR: 1.0000e-05
INFO - 04/10/26 19:24:19 - 0:17:45 -    9800 - 1364.56 equations/s - 87331.77 words/s - MEM: 1.36 GB - LOSS:  1.5002 || ACC1: 28.3438 || ACC2: 34.8125 - LR: 1.0000e-05
INFO - 04/10/26 19:24:24 - 0:17:49 -    9850 - 1310.26 equations/s - 83856.89 words/s - MEM: 1.36 GB - LOSS:  1.4930 || ACC1: 29.5000 || ACC2: 36.1406 - LR: 1.0000e-05
INFO - 04/10/26 19:24:29 - 0:17:54 -    9900 - 1319.25 equations/s - 84431.70 words/s - MEM: 1.36 GB - LOSS:  1.4974 || ACC1: 29.0938 || ACC2: 35.6562 - LR: 1.0000e-05
INFO - 04/10/26 19:24:34 - 0:17:59 -    9950 - 1309.79 equations/s - 83826.25 words/s - MEM: 1.36 GB - LOSS:  1.4973 || ACC1: 29.1719 || ACC2: 35.2031 - LR: 1.0000e-05
INFO - 04/10/26 19:24:39 - 0:18:04 -   10000 - 1419.71 equations/s - 90861.56 words/s - MEM: 1.36 GB - LOSS:  1.4986 || ACC1: 28.6406 || ACC2: 35.0625 - LR: 1.0000e-05
INFO - 04/10/26 19:24:47 - 0:18:12 -   10050 -  774.60 equations/s - 49574.35 words/s - MEM: 1.36 GB - LOSS:  1.4944 || ACC1: 29.1406 || ACC2: 35.4219 - LR: 1.0000e-05
INFO - 04/10/26 19:24:51 - 0:18:17 -   10100 - 1360.23 equations/s - 87054.47 words/s - MEM: 1.36 GB - LOSS:  1.5025 || ACC1: 28.3438 || ACC2: 34.5469 - LR: 1.0000e-05
INFO - 04/10/26 19:24:56 - 0:18:21 -   10150 - 1346.47 equations/s - 86174.21 words/s - MEM: 1.36 GB - LOSS:  1.4959 || ACC1: 28.4062 || ACC2: 35.1250 - LR: 1.0000e-05
INFO - 04/10/26 19:25:01 - 0:18:26 -   10200 - 1312.75 equations/s - 84015.80 words/s - MEM: 1.36 GB - LOSS:  1.5055 || ACC1: 28.0469 || ACC2: 34.6406 - LR: 1.0000e-05
INFO - 04/10/26 19:25:06 - 0:18:31 -   10250 - 1311.55 equations/s - 83938.96 words/s - MEM: 1.36 GB - LOSS:  1.4974 || ACC1: 28.1406 || ACC2: 35.0156 - LR: 1.0000e-05
INFO - 04/10/26 19:25:11 - 0:18:36 -   10300 - 1363.18 equations/s - 87243.62 words/s - MEM: 1.36 GB - LOSS:  1.4993 || ACC1: 28.7188 || ACC2: 35.5625 - LR: 1.0000e-05
INFO - 04/10/26 19:25:19 - 0:18:44 -   10350 -  742.18 equations/s - 47499.36 words/s - MEM: 1.36 GB - LOSS:  1.4983 || ACC1: 28.8906 || ACC2: 35.2969 - LR: 1.0000e-05
INFO - 04/10/26 19:25:24 - 0:18:49 -   10400 - 1356.02 equations/s - 86785.02 words/s - MEM: 1.36 GB - LOSS:  1.5005 || ACC1: 29.2344 || ACC2: 36.0938 - LR: 1.0000e-05
INFO - 04/10/26 19:25:29 - 0:18:54 -   10450 - 1317.03 equations/s - 84289.62 words/s - MEM: 1.36 GB - LOSS:  1.4951 || ACC1: 29.2344 || ACC2: 36.2500 - LR: 1.0000e-05
INFO - 04/10/26 19:25:34 - 0:18:59 -   10500 - 1366.22 equations/s - 87437.88 words/s - MEM: 1.36 GB - LOSS:  1.5007 || ACC1: 28.3594 || ACC2: 35.0156 - LR: 1.0000e-05
INFO - 04/10/26 19:25:38 - 0:19:04 -   10550 - 1320.23 equations/s - 84494.91 words/s - MEM: 1.36 GB - LOSS:  1.4938 || ACC1: 28.6719 || ACC2: 35.2188 - LR: 1.0000e-05
INFO - 04/10/26 19:25:43 - 0:19:08 -   10600 - 1308.53 equations/s - 83746.13 words/s - MEM: 1.36 GB - LOSS:  1.4878 || ACC1: 28.7344 || ACC2: 35.0156 - LR: 1.0000e-05
INFO - 04/10/26 19:25:48 - 0:19:13 -   10650 - 1347.35 equations/s - 86230.22 words/s - MEM: 1.36 GB - LOSS:  1.4948 || ACC1: 29.4688 || ACC2: 36.2656 - LR: 1.0000e-05
INFO - 04/10/26 19:25:56 - 0:19:22 -   10700 -  763.89 equations/s - 48889.05 words/s - MEM: 1.36 GB - LOSS:  1.4940 || ACC1: 29.2656 || ACC2: 36.2031 - LR: 1.0000e-05
INFO - 04/10/26 19:26:01 - 0:19:26 -   10750 - 1331.63 equations/s - 85224.58 words/s - MEM: 1.36 GB - LOSS:  1.4873 || ACC1: 29.7188 || ACC2: 36.6562 - LR: 1.0000e-05
INFO - 04/10/26 19:26:06 - 0:19:31 -   10800 - 1305.89 equations/s - 83576.71 words/s - MEM: 1.36 GB - LOSS:  1.4980 || ACC1: 28.5000 || ACC2: 35.3125 - LR: 1.0000e-05
INFO - 04/10/26 19:26:11 - 0:19:36 -   10850 - 1271.76 equations/s - 81392.35 words/s - MEM: 1.36 GB - LOSS:  1.4946 || ACC1: 28.4688 || ACC2: 35.6094 - LR: 1.0000e-05
INFO - 04/10/26 19:26:16 - 0:19:41 -   10900 - 1292.44 equations/s - 82716.22 words/s - MEM: 1.36 GB - LOSS:  1.4879 || ACC1: 29.6406 || ACC2: 36.7500 - LR: 1.0000e-05
INFO - 04/10/26 19:26:20 - 0:19:45 -   10941 - 1336.93 equations/s - 85563.44 words/s - MEM: 1.36 GB - LOSS:  1.4925 || ACC1: 29.2111 || ACC2: 35.6326 - LR: 1.0000e-05
INFO - 04/10/26 19:26:20 - 0:19:45 - ============ End of epoch 6 ============
INFO - 04/10/26 19:26:20 - 0:19:45 - Starting Distinguisher Method
INFO - 04/10/26 19:26:37 - 0:20:02 - Distinguishing 0s using the emd. 
INFO - 04/10/26 19:26:37 - 0:20:02 - Distinguishing +/-1s using the emd. 
INFO - 04/10/26 19:26:37 - 0:20:02 - Real secret: -1: {np.int64(2), np.int64(27), np.int64(12)}, 1: {np.int64(0), np.int64(1), np.int64(5), np.int64(13), np.int64(14), np.int64(22), np.int64(24)}
INFO - 04/10/26 19:26:37 - 0:20:02 - Distinguishing +/-1s using the mean. 
INFO - 04/10/26 19:26:37 - 0:20:02 - Real secret: -1: {np.int64(2), np.int64(27), np.int64(12)}, 1: {np.int64(0), np.int64(1), np.int64(5), np.int64(13), np.int64(14), np.int64(22), np.int64(24)}
INFO - 04/10/26 19:26:37 - 0:20:02 - Distinguishing 0s using the mean. 
INFO - 04/10/26 19:26:37 - 0:20:02 - Distinguishing +/-1s using the emd. 
INFO - 04/10/26 19:26:37 - 0:20:02 - Real secret: -1: {np.int64(2), np.int64(27), np.int64(12)}, 1: {np.int64(0), np.int64(1), np.int64(5), np.int64(13), np.int64(14), np.int64(22), np.int64(24)}
INFO - 04/10/26 19:26:37 - 0:20:02 - Distinguishing +/-1s using the mean. 
INFO - 04/10/26 19:26:37 - 0:20:02 - Real secret: -1: {np.int64(2), np.int64(27), np.int64(12)}, 1: {np.int64(0), np.int64(1), np.int64(5), np.int64(13), np.int64(14), np.int64(22), np.int64(24)}
INFO - 04/10/26 19:26:37 - 0:20:02 - Starting Direct Method
INFO - 04/10/26 19:26:37 - 0:20:02 - Direct:  K=51
INFO - 04/10/26 19:26:37 - 0:20:02 - Direct:  K=56
INFO - 04/10/26 19:26:37 - 0:20:02 - Direct:  K=83
INFO - 04/10/26 19:26:37 - 0:20:02 - Direct:  K=85
INFO - 04/10/26 19:26:37 - 0:20:02 - Direct:  K=40
INFO - 04/10/26 19:26:38 - 0:20:03 - Direct:  K=49
INFO - 04/10/26 19:26:38 - 0:20:03 - Direct:  K=32
INFO - 04/10/26 19:26:38 - 0:20:03 - Direct:  K=64
INFO - 04/10/26 19:26:38 - 0:20:03 - Direct:  K=74
INFO - 04/10/26 19:26:38 - 0:20:04 - Direct:  K=60
INFO - 04/10/26 19:26:39 - 0:20:04 - Direct:  K=39
INFO - 04/10/26 19:26:39 - 0:20:04 - Direct:  K=87
INFO - 04/10/26 19:26:39 - 0:20:04 - Direct:  K=56
INFO - 04/10/26 19:26:39 - 0:20:05 - Direct:  K=84
INFO - 04/10/26 19:26:40 - 0:20:05 - Direct:  K=31
INFO - 04/10/26 19:26:40 - 0:20:05 - Direct: secret not predicted. (true secret = [ 1  1 -1  0  0  1  0  0  0  0  0  0 -1  1  1  0  0  0  0  0  0  0  1  0
                                       1  0  0 -1  0  0], predicted secret = [1 0 1 0 0 0 0 0 0 0 0 0 1 0 1 0 0 0 0 0 0 0 1 0 0 0 0 1 0 0], true support = [1 1 1 0 0 1 0 0 0 0 0 0 1 1 1 0 0 0 0 0 0 0 1 0 1 0 0 1 0 0], predicted support = [1 0 1 0 0 0 0 0 0 0 0 0 1 0 1 0 0 0 0 0 0 0 1 0 0 0 0 1 0 0])
INFO - 04/10/26 19:26:49 - 0:20:14 - CA: secret not predicted. (true secret = [ 1  1 -1  0  0  1  0  0  0  0  0  0 -1  1  1  0  0  0  0  0  0  0  1  0
                                       1  0  0 -1  0  0], predicted secret = [1 1 0 0 0 1 0 0 0 0 0 0 1 1 0 0 0 0 0 0 0 0 1 0 0 0 0 0 0 0], true support = [1 1 1 0 0 1 0 0 0 0 0 0 1 1 1 0 0 0 0 0 0 0 1 0 1 0 0 1 0 0], predicted support = [1 1 0 0 0 1 0 0 0 0 0 0 1 1 0 0 0 0 0 0 0 0 1 0 0 0 0 0 0 0])
INFO - 04/10/26 19:26:49 - 0:20:14 - CA: secret not predicted. (true secret = [ 1  1 -1  0  0  1  0  0  0  0  0  0 -1  1  1  0  0  0  0  0  0  0  1  0
                                       1  0  0 -1  0  0], predicted secret = [1 0 0 1 1 0 0 0 0 0 0 0 0 0 0 0 0 0 0 1 1 0 0 1 0 0 0 0 0 0], true support = [1 1 1 0 0 1 0 0 0 0 0 0 1 1 1 0 0 0 0 0 0 0 1 0 1 0 0 1 0 0], predicted support = [1 0 0 1 1 0 0 0 0 0 0 0 0 0 0 0 0 0 0 1 1 0 0 1 0 0 0 0 0 0])
INFO - 04/10/26 19:26:49 - 0:20:14 - Hybrid: direct, ca
INFO - 04/10/26 19:26:49 - 0:20:14 - direct, ca - Sum Normalized: secret not predicted. (true secret = [ 1  1 -1  0  0  1  0  0  0  0  0  0 -1  1  1  0  0  0  0  0  0  0  1  0
                                       1  0  0 -1  0  0], predicted secret = [1 0 0 0 0 0 0 0 0 0 0 0 1 1 1 0 0 0 0 0 0 0 1 0 0 0 0 1 0 0], true support = [1 1 1 0 0 1 0 0 0 0 0 0 1 1 1 0 0 0 0 0 0 0 1 0 1 0 0 1 0 0], predicted support = [1 0 0 0 0 0 0 0 0 0 0 0 1 1 1 0 0 0 0 0 0 0 1 0 0 0 0 1 0 0])
INFO - 04/10/26 19:26:49 - 0:20:14 - direct, ca - Max Normalized: secret not predicted. (true secret = [ 1  1 -1  0  0  1  0  0  0  0  0  0 -1  1  1  0  0  0  0  0  0  0  1  0
                                       1  0  0 -1  0  0], predicted secret = [1 0 0 0 0 0 0 0 0 0 0 0 1 1 1 0 0 0 0 0 0 0 1 0 0 0 0 1 0 0], true support = [1 1 1 0 0 1 0 0 0 0 0 0 1 1 1 0 0 0 0 0 0 0 1 0 1 0 0 1 0 0], predicted support = [1 0 0 0 0 0 0 0 0 0 0 0 1 1 1 0 0 0 0 0 0 0 1 0 0 0 0 1 0 0])
INFO - 04/10/26 19:26:49 - 0:20:14 - direct, ca - Sum Rank: secret not predicted. (true secret = [ 1  1 -1  0  0  1  0  0  0  0  0  0 -1  1  1  0  0  0  0  0  0  0  1  0
                                       1  0  0 -1  0  0], predicted secret = [1 0 0 0 0 1 0 0 0 0 0 0 1 1 1 0 0 0 0 0 0 0 1 0 0 0 0 0 0 0], true support = [1 1 1 0 0 1 0 0 0 0 0 0 1 1 1 0 0 0 0 0 0 0 1 0 1 0 0 1 0 0], predicted support = [1 0 0 0 0 1 0 0 0 0 0 0 1 1 1 0 0 0 0 0 0 0 1 0 0 0 0 0 0 0])
INFO - 04/10/26 19:26:49 - 0:20:14 - direct, ca - Max Rank: secret not predicted. (true secret = [ 1  1 -1  0  0  1  0  0  0  0  0  0 -1  1  1  0  0  0  0  0  0  0  1  0
                                       1  0  0 -1  0  0], predicted secret = [1 0 0 1 0 0 0 0 0 0 0 0 1 1 0 0 0 0 0 0 0 0 1 0 0 0 0 1 0 0], true support = [1 1 1 0 0 1 0 0 0 0 0 0 1 1 1 0 0 0 0 0 0 0 1 0 1 0 0 1 0 0], predicted support = [1 0 0 1 0 0 0 0 0 0 0 0 1 1 0 0 0 0 0 0 0 0 1 0 0 0 0 1 0 0])
INFO - 04/10/26 19:26:49 - 0:20:14 - Hybrid: direct, distinguisher
INFO - 04/10/26 19:26:49 - 0:20:14 - direct, distinguisher - Sum Normalized: secret not predicted. (true secret = [ 1  1 -1  0  0  1  0  0  0  0  0  0 -1  1  1  0  0  0  0  0  0  0  1  0
                                       1  0  0 -1  0  0], predicted secret = [1 0 1 0 0 0 0 0 0 0 0 0 1 0 1 0 0 0 0 0 0 0 1 0 0 0 0 1 0 0], true support = [1 1 1 0 0 1 0 0 0 0 0 0 1 1 1 0 0 0 0 0 0 0 1 0 1 0 0 1 0 0], predicted support = [1 0 1 0 0 0 0 0 0 0 0 0 1 0 1 0 0 0 0 0 0 0 1 0 0 0 0 1 0 0])
INFO - 04/10/26 19:26:49 - 0:20:14 - direct, distinguisher - Max Normalized: secret not predicted. (true secret = [ 1  1 -1  0  0  1  0  0  0  0  0  0 -1  1  1  0  0  0  0  0  0  0  1  0
                                       1  0  0 -1  0  0], predicted secret = [0 1 1 0 0 1 0 0 0 0 0 0 1 1 0 0 0 0 0 0 0 0 0 0 0 0 0 1 0 0], true support = [1 1 1 0 0 1 0 0 0 0 0 0 1 1 1 0 0 0 0 0 0 0 1 0 1 0 0 1 0 0], predicted support = [0 1 1 0 0 1 0 0 0 0 0 0 1 1 0 0 0 0 0 0 0 0 0 0 0 0 0 1 0 0])
INFO - 04/10/26 19:26:49 - 0:20:14 - direct, distinguisher - Sum Rank: secret not predicted. (true secret = [ 1  1 -1  0  0  1  0  0  0  0  0  0 -1  1  1  0  0  0  0  0  0  0  1  0
                                       1  0  0 -1  0  0], predicted secret = [1 1 1 0 0 0 0 0 0 0 0 0 1 0 1 0 0 0 0 0 0 0 0 0 0 0 0 1 0 0], true support = [1 1 1 0 0 1 0 0 0 0 0 0 1 1 1 0 0 0 0 0 0 0 1 0 1 0 0 1 0 0], predicted support = [1 1 1 0 0 0 0 0 0 0 0 0 1 0 1 0 0 0 0 0 0 0 0 0 0 0 0 1 0 0])
INFO - 04/10/26 19:26:49 - 0:20:14 - direct, distinguisher - Max Rank: secret not predicted. (true secret = [ 1  1 -1  0  0  1  0  0  0  0  0  0 -1  1  1  0  0  0  0  0  0  0  1  0
                                       1  0  0 -1  0  0], predicted secret = [1 1 1 0 0 0 0 0 0 0 0 0 1 1 0 0 0 0 0 0 0 0 0 0 0 0 0 1 0 0], true support = [1 1 1 0 0 1 0 0 0 0 0 0 1 1 1 0 0 0 0 0 0 0 1 0 1 0 0 1 0 0], predicted support = [1 1 1 0 0 0 0 0 0 0 0 0 1 1 0 0 0 0 0 0 0 0 0 0 0 0 0 1 0 0])
INFO - 04/10/26 19:26:49 - 0:20:14 - Hybrid: ca, distinguisher
INFO - 04/10/26 19:26:49 - 0:20:14 - ca, distinguisher - Sum Normalized: secret not predicted. (true secret = [ 1  1 -1  0  0  1  0  0  0  0  0  0 -1  1  1  0  0  0  0  0  0  0  1  0
                                       1  0  0 -1  0  0], predicted secret = [1 0 1 0 0 1 0 0 0 0 0 0 1 1 0 0 0 0 0 0 0 0 1 0 0 0 0 0 0 0], true support = [1 1 1 0 0 1 0 0 0 0 0 0 1 1 1 0 0 0 0 0 0 0 1 0 1 0 0 1 0 0], predicted support = [1 0 1 0 0 1 0 0 0 0 0 0 1 1 0 0 0 0 0 0 0 0 1 0 0 0 0 0 0 0])
INFO - 04/10/26 19:26:49 - 0:20:14 - ca, distinguisher - Max Normalized: secret not predicted. (true secret = [ 1  1 -1  0  0  1  0  0  0  0  0  0 -1  1  1  0  0  0  0  0  0  0  1  0
                                       1  0  0 -1  0  0], predicted secret = [1 1 1 0 0 1 0 0 0 0 0 0 0 1 0 0 0 0 0 0 0 0 0 0 0 0 0 1 0 0], true support = [1 1 1 0 0 1 0 0 0 0 0 0 1 1 1 0 0 0 0 0 0 0 1 0 1 0 0 1 0 0], predicted support = [1 1 1 0 0 1 0 0 0 0 0 0 0 1 0 0 0 0 0 0 0 0 0 0 0 0 0 1 0 0])
INFO - 04/10/26 19:26:49 - 0:20:14 - ca, distinguisher - Sum Rank: secret not predicted. (true secret = [ 1  1 -1  0  0  1  0  0  0  0  0  0 -1  1  1  0  0  0  0  0  0  0  1  0
                                       1  0  0 -1  0  0], predicted secret = [1 1 0 0 0 1 0 0 0 0 0 0 1 1 0 0 0 0 0 0 0 0 1 0 0 0 0 0 0 0], true support = [1 1 1 0 0 1 0 0 0 0 0 0 1 1 1 0 0 0 0 0 0 0 1 0 1 0 0 1 0 0], predicted support = [1 1 0 0 0 1 0 0 0 0 0 0 1 1 0 0 0 0 0 0 0 0 1 0 0 0 0 0 0 0])
INFO - 04/10/26 19:26:49 - 0:20:14 - ca, distinguisher - Max Rank: secret not predicted. (true secret = [ 1  1 -1  0  0  1  0  0  0  0  0  0 -1  1  1  0  0  0  0  0  0  0  1  0
                                       1  0  0 -1  0  0], predicted secret = [1 1 1 0 0 0 0 0 0 0 0 0 0 1 0 0 0 0 0 0 0 0 1 0 0 0 0 1 0 0], true support = [1 1 1 0 0 1 0 0 0 0 0 0 1 1 1 0 0 0 0 0 0 0 1 0 1 0 0 1 0 0], predicted support = [1 1 1 0 0 0 0 0 0 0 0 0 0 1 0 0 0 0 0 0 0 0 1 0 0 0 0 1 0 0])
INFO - 04/10/26 19:26:49 - 0:20:14 - Hybrid: direct, ca, distinguisher
INFO - 04/10/26 19:26:49 - 0:20:14 - direct, ca, distinguisher - Sum Normalized: secret not predicted. (true secret = [ 1  1 -1  0  0  1  0  0  0  0  0  0 -1  1  1  0  0  0  0  0  0  0  1  0
                                       1  0  0 -1  0  0], predicted secret = [1 0 0 0 0 0 0 0 0 0 0 0 1 1 1 0 0 0 0 0 0 0 1 0 0 0 0 1 0 0], true support = [1 1 1 0 0 1 0 0 0 0 0 0 1 1 1 0 0 0 0 0 0 0 1 0 1 0 0 1 0 0], predicted support = [1 0 0 0 0 0 0 0 0 0 0 0 1 1 1 0 0 0 0 0 0 0 1 0 0 0 0 1 0 0])
INFO - 04/10/26 19:26:49 - 0:20:14 - direct, ca, distinguisher - Max Normalized: secret not predicted. (true secret = [ 1  1 -1  0  0  1  0  0  0  0  0  0 -1  1  1  0  0  0  0  0  0  0  1  0
                                       1  0  0 -1  0  0], predicted secret = [1 1 1 0 0 0 0 0 0 0 0 0 1 1 0 0 0 0 0 0 0 0 0 0 0 0 0 1 0 0], true support = [1 1 1 0 0 1 0 0 0 0 0 0 1 1 1 0 0 0 0 0 0 0 1 0 1 0 0 1 0 0], predicted support = [1 1 1 0 0 0 0 0 0 0 0 0 1 1 0 0 0 0 0 0 0 0 0 0 0 0 0 1 0 0])
INFO - 04/10/26 19:26:49 - 0:20:14 - direct, ca, distinguisher - Sum Rank: secret not predicted. (true secret = [ 1  1 -1  0  0  1  0  0  0  0  0  0 -1  1  1  0  0  0  0  0  0  0  1  0
                                       1  0  0 -1  0  0], predicted secret = [1 0 1 0 0 0 0 0 0 0 0 0 1 1 0 0 0 0 0 0 0 0 1 0 0 0 0 1 0 0], true support = [1 1 1 0 0 1 0 0 0 0 0 0 1 1 1 0 0 0 0 0 0 0 1 0 1 0 0 1 0 0], predicted support = [1 0 1 0 0 0 0 0 0 0 0 0 1 1 0 0 0 0 0 0 0 0 1 0 0 0 0 1 0 0])
INFO - 04/10/26 19:26:49 - 0:20:14 - direct, ca, distinguisher - Max Rank: secret not predicted. (true secret = [ 1  1 -1  0  0  1  0  0  0  0  0  0 -1  1  1  0  0  0  0  0  0  0  1  0
                                       1  0  0 -1  0  0], predicted secret = [1 1 1 0 0 0 0 0 0 0 0 0 1 1 0 0 0 0 0 0 0 0 0 0 0 0 0 1 0 0], true support = [1 1 1 0 0 1 0 0 0 0 0 0 1 1 1 0 0 0 0 0 0 0 1 0 1 0 0 1 0 0], predicted support = [1 1 1 0 0 0 0 0 0 0 0 0 1 1 0 0 0 0 0 0 0 0 0 0 0 0 0 1 0 0])
INFO - 04/10/26 19:26:49 - 0:20:14 - Epoch 6 metrics | train_loss: 1.496814 | train_acc1: 28.876260 | train_acc2: 35.438160 | valid_xe_loss: 1.507913 | valid_acc1: 27.877769 | valid_acc2: 33.840981
INFO - 04/10/26 19:26:49 - 0:20:14 - __log__:{"train_loss": 1.4968135188347396, "train_acc1": 28.876259596928982, "train_acc2": 35.438159788867566, "epoch": 6, "valid_xe_loss": 1.507913212232952, "valid_acc1": 27.87776898734177, "valid_acc2": 33.840981012658226}
INFO - 04/10/26 19:26:49 - 0:20:14 - Saving checkpoint to /home/yu_mcc/PQC_salsa/runs/n30_q127_h3_1m/train_gpu_proposed_ternary_h10_secret0_init0_paperlike/checkpoint.pth ...
WARNING - 04/10/26 19:26:49 - 0:20:14 - Saving encoder parameters ...
WARNING - 04/10/26 19:26:49 - 0:20:14 - Saving decoder parameters ...
WARNING - 04/10/26 19:26:49 - 0:20:14 - Saving optimizer ...
INFO - 04/10/26 19:26:50 - 0:20:15 - ============ Starting epoch 7 ... ============
INFO - 04/10/26 19:26:50 - 0:20:15 -   10950 -   38.02 equations/s -  2433.39 words/s - MEM: 1.36 GB - LOSS:  1.4979 || ACC1: 30.2083 || ACC2: 36.7188 - LR: 1.0000e-05
INFO - 04/10/26 19:26:55 - 0:20:20 -   11000 - 1445.93 equations/s - 92539.27 words/s - MEM: 1.36 GB - LOSS:  1.4925 || ACC1: 29.3281 || ACC2: 35.6250 - LR: 1.0000e-05
INFO - 04/10/26 19:26:59 - 0:20:24 -   11050 - 1405.99 equations/s - 89983.27 words/s - MEM: 1.36 GB - LOSS:  1.4940 || ACC1: 28.9375 || ACC2: 35.7031 - LR: 1.0000e-05
INFO - 04/10/26 19:27:08 - 0:20:33 -   11100 -  767.89 equations/s - 49145.08 words/s - MEM: 1.36 GB - LOSS:  1.4936 || ACC1: 28.7656 || ACC2: 35.2500 - LR: 1.0000e-05
INFO - 04/10/26 19:27:12 - 0:20:38 -   11150 - 1346.80 equations/s - 86195.38 words/s - MEM: 1.36 GB - LOSS:  1.4942 || ACC1: 29.0000 || ACC2: 35.5312 - LR: 1.0000e-05
INFO - 04/10/26 19:27:17 - 0:20:42 -   11200 - 1355.86 equations/s - 86774.83 words/s - MEM: 1.36 GB - LOSS:  1.4985 || ACC1: 28.7344 || ACC2: 35.1562 - LR: 1.0000e-05
INFO - 04/10/26 19:27:22 - 0:20:47 -   11250 - 1358.85 equations/s - 86966.55 words/s - MEM: 1.36 GB - LOSS:  1.4961 || ACC1: 29.0000 || ACC2: 36.0000 - LR: 1.0000e-05
INFO - 04/10/26 19:27:27 - 0:20:52 -   11300 - 1347.48 equations/s - 86238.58 words/s - MEM: 1.36 GB - LOSS:  1.4888 || ACC1: 29.6094 || ACC2: 35.9219 - LR: 1.0000e-05
INFO - 04/10/26 19:27:31 - 0:20:56 -   11350 - 1358.43 equations/s - 86939.38 words/s - MEM: 1.36 GB - LOSS:  1.4932 || ACC1: 30.6094 || ACC2: 37.4531 - LR: 1.0000e-05
INFO - 04/10/26 19:27:36 - 0:21:01 -   11400 - 1317.72 equations/s - 84334.05 words/s - MEM: 1.36 GB - LOSS:  1.4901 || ACC1: 29.6562 || ACC2: 36.5312 - LR: 1.0000e-05
INFO - 04/10/26 19:27:45 - 0:21:10 -   11450 -  764.66 equations/s - 48938.02 words/s - MEM: 1.36 GB - LOSS:  1.4929 || ACC1: 28.3281 || ACC2: 35.4844 - LR: 1.0000e-05
INFO - 04/10/26 19:27:49 - 0:21:14 -   11500 - 1353.29 equations/s - 86610.80 words/s - MEM: 1.36 GB - LOSS:  1.4886 || ACC1: 28.8438 || ACC2: 35.9844 - LR: 1.0000e-05
INFO - 04/10/26 19:27:54 - 0:21:19 -   11550 - 1339.38 equations/s - 85720.30 words/s - MEM: 1.36 GB - LOSS:  1.4878 || ACC1: 28.8594 || ACC2: 35.6562 - LR: 1.0000e-05
INFO - 04/10/26 19:27:59 - 0:21:24 -   11600 - 1309.07 equations/s - 83780.63 words/s - MEM: 1.36 GB - LOSS:  1.4887 || ACC1: 29.5625 || ACC2: 36.2656 - LR: 1.0000e-05
INFO - 04/10/26 19:28:04 - 0:21:29 -   11650 - 1286.11 equations/s - 82311.16 words/s - MEM: 1.36 GB - LOSS:  1.4975 || ACC1: 29.5625 || ACC2: 36.5156 - LR: 1.0000e-05
INFO - 04/10/26 19:28:09 - 0:21:34 -   11700 - 1372.96 equations/s - 87869.67 words/s - MEM: 1.36 GB - LOSS:  1.4892 || ACC1: 29.4844 || ACC2: 37.0156 - LR: 1.0000e-05
INFO - 04/10/26 19:28:13 - 0:21:38 -   11750 - 1338.37 equations/s - 85655.61 words/s - MEM: 1.36 GB - LOSS:  1.4876 || ACC1: 30.3438 || ACC2: 37.2812 - LR: 1.0000e-05
INFO - 04/10/26 19:28:22 - 0:21:47 -   11800 -  757.23 equations/s - 48462.83 words/s - MEM: 1.36 GB - LOSS:  1.4910 || ACC1: 28.8281 || ACC2: 35.6719 - LR: 1.0000e-05
INFO - 04/10/26 19:28:27 - 0:21:52 -   11850 - 1352.69 equations/s - 86572.30 words/s - MEM: 1.36 GB - LOSS:  1.4950 || ACC1: 28.8750 || ACC2: 35.6562 - LR: 1.0000e-05
INFO - 04/10/26 19:28:31 - 0:21:56 -   11900 - 1354.49 equations/s - 86687.28 words/s - MEM: 1.36 GB - LOSS:  1.4871 || ACC1: 29.0938 || ACC2: 35.9375 - LR: 1.0000e-05
INFO - 04/10/26 19:28:36 - 0:22:01 -   11950 - 1370.63 equations/s - 87720.33 words/s - MEM: 1.36 GB - LOSS:  1.4965 || ACC1: 29.6562 || ACC2: 36.3906 - LR: 1.0000e-05
INFO - 04/10/26 19:28:41 - 0:22:06 -   12000 - 1361.71 equations/s - 87149.48 words/s - MEM: 1.36 GB - LOSS:  1.4904 || ACC1: 28.6406 || ACC2: 35.8906 - LR: 1.0000e-05
INFO - 04/10/26 19:28:45 - 0:22:11 -   12050 - 1346.36 equations/s - 86167.14 words/s - MEM: 1.36 GB - LOSS:  1.4886 || ACC1: 29.6719 || ACC2: 36.4688 - LR: 1.0000e-05
INFO - 04/10/26 19:28:50 - 0:22:15 -   12100 - 1387.19 equations/s - 88780.15 words/s - MEM: 1.36 GB - LOSS:  1.4901 || ACC1: 28.9375 || ACC2: 36.4375 - LR: 1.0000e-05
INFO - 04/10/26 19:28:58 - 0:22:23 -   12150 -  780.70 equations/s - 49964.96 words/s - MEM: 1.36 GB - LOSS:  1.4898 || ACC1: 29.2969 || ACC2: 37.2969 - LR: 1.0000e-05
INFO - 04/10/26 19:29:03 - 0:22:28 -   12200 - 1325.09 equations/s - 84805.44 words/s - MEM: 1.36 GB - LOSS:  1.4914 || ACC1: 28.8906 || ACC2: 36.2031 - LR: 1.0000e-05
INFO - 04/10/26 19:29:08 - 0:22:33 -   12250 - 1304.37 equations/s - 83479.59 words/s - MEM: 1.36 GB - LOSS:  1.4939 || ACC1: 29.6875 || ACC2: 36.6250 - LR: 1.0000e-05
INFO - 04/10/26 19:29:13 - 0:22:38 -   12300 - 1293.95 equations/s - 82812.60 words/s - MEM: 1.36 GB - LOSS:  1.4949 || ACC1: 28.6562 || ACC2: 35.5312 - LR: 1.0000e-05
INFO - 04/10/26 19:29:18 - 0:22:43 -   12350 - 1335.02 equations/s - 85441.04 words/s - MEM: 1.36 GB - LOSS:  1.4822 || ACC1: 29.9688 || ACC2: 37.2031 - LR: 1.0000e-05
INFO - 04/10/26 19:29:22 - 0:22:48 -   12400 - 1361.48 equations/s - 87134.77 words/s - MEM: 1.36 GB - LOSS:  1.4868 || ACC1: 30.0000 || ACC2: 37.0781 - LR: 1.0000e-05
INFO - 04/10/26 19:29:31 - 0:22:56 -   12450 -  787.25 equations/s - 50383.74 words/s - MEM: 1.36 GB - LOSS:  1.4875 || ACC1: 30.4062 || ACC2: 37.5000 - LR: 1.0000e-05
INFO - 04/10/26 19:29:35 - 0:23:00 -   12500 - 1324.57 equations/s - 84772.75 words/s - MEM: 1.36 GB - LOSS:  1.4924 || ACC1: 29.0938 || ACC2: 36.5000 - LR: 1.0000e-05
INFO - 04/10/26 19:29:36 - 0:23:01 -   12504 - 1380.48 equations/s - 88351.03 words/s - MEM: 1.36 GB - LOSS:  1.4755 || ACC1: 30.2734 || ACC2: 37.5000 - LR: 1.0000e-05
INFO - 04/10/26 19:29:36 - 0:23:01 - ============ End of epoch 7 ============
INFO - 04/10/26 19:29:36 - 0:23:01 - Starting Distinguisher Method
INFO - 04/10/26 19:29:51 - 0:23:16 - Distinguishing 0s using the emd. 
INFO - 04/10/26 19:29:51 - 0:23:16 - Distinguishing +/-1s using the emd. 
INFO - 04/10/26 19:29:51 - 0:23:16 - Real secret: -1: {np.int64(2), np.int64(27), np.int64(12)}, 1: {np.int64(0), np.int64(1), np.int64(5), np.int64(13), np.int64(14), np.int64(22), np.int64(24)}
INFO - 04/10/26 19:29:51 - 0:23:16 - Nonzero bits not identified. Guess: [24 13  7 12 14  5  2 22 27  0]
INFO - 04/10/26 19:29:51 - 0:23:16 - Distinguishing +/-1s using the mean. 
INFO - 04/10/26 19:29:51 - 0:23:16 - Real secret: -1: {np.int64(2), np.int64(27), np.int64(12)}, 1: {np.int64(0), np.int64(1), np.int64(5), np.int64(13), np.int64(14), np.int64(22), np.int64(24)}
INFO - 04/10/26 19:29:51 - 0:23:16 - Nonzero bits not identified. Guess: [24 13  7 12 14  5  2 22 27  0]
INFO - 04/10/26 19:29:51 - 0:23:16 - Distinguishing 0s using the mean. 
INFO - 04/10/26 19:29:51 - 0:23:16 - Distinguishing +/-1s using the emd. 
INFO - 04/10/26 19:29:51 - 0:23:16 - Real secret: -1: {np.int64(2), np.int64(27), np.int64(12)}, 1: {np.int64(0), np.int64(1), np.int64(5), np.int64(13), np.int64(14), np.int64(22), np.int64(24)}
INFO - 04/10/26 19:29:51 - 0:23:16 - Distinguishing +/-1s using the mean. 
INFO - 04/10/26 19:29:51 - 0:23:16 - Real secret: -1: {np.int64(2), np.int64(27), np.int64(12)}, 1: {np.int64(0), np.int64(1), np.int64(5), np.int64(13), np.int64(14), np.int64(22), np.int64(24)}
INFO - 04/10/26 19:29:51 - 0:23:16 - Starting Direct Method
INFO - 04/10/26 19:29:51 - 0:23:16 - Direct:  K=76
INFO - 04/10/26 19:29:51 - 0:23:16 - Direct:  K=88
INFO - 04/10/26 19:29:51 - 0:23:16 - Direct:  K=52
INFO - 04/10/26 19:29:51 - 0:23:16 - Direct:  K=50
INFO - 04/10/26 19:29:51 - 0:23:16 - Direct:  K=93
INFO - 04/10/26 19:29:52 - 0:23:17 - Direct:  K=42
INFO - 04/10/26 19:29:52 - 0:23:17 - Direct:  K=37
INFO - 04/10/26 19:29:52 - 0:23:17 - Direct:  K=47
INFO - 04/10/26 19:29:52 - 0:23:17 - Direct:  K=40
INFO - 04/10/26 19:29:53 - 0:23:18 - Direct:  K=68
INFO - 04/10/26 19:29:53 - 0:23:18 - Direct:  K=53
INFO - 04/10/26 19:29:53 - 0:23:18 - Direct:  K=92
INFO - 04/10/26 19:29:53 - 0:23:18 - Direct:  K=43
INFO - 04/10/26 19:29:54 - 0:23:19 - Direct:  K=61
INFO - 04/10/26 19:29:54 - 0:23:19 - Direct:  K=32
INFO - 04/10/26 19:29:54 - 0:23:19 - Direct: secret not predicted. (true secret = [ 1  1 -1  0  0  1  0  0  0  0  0  0 -1  1  1  0  0  0  0  0  0  0  1  0
                                       1  0  0 -1  0  0], predicted secret = [0 0 1 0 0 0 0 0 0 0 0 0 1 0 0 0 0 0 1 0 1 0 0 0 1 0 0 1 0 0], true support = [1 1 1 0 0 1 0 0 0 0 0 0 1 1 1 0 0 0 0 0 0 0 1 0 1 0 0 1 0 0], predicted support = [0 0 1 0 0 0 0 0 0 0 0 0 1 0 0 0 0 0 1 0 1 0 0 0 1 0 0 1 0 0])
INFO - 04/10/26 19:30:07 - 0:23:32 - CA: secret not predicted. (true secret = [ 1  1 -1  0  0  1  0  0  0  0  0  0 -1  1  1  0  0  0  0  0  0  0  1  0
                                       1  0  0 -1  0  0], predicted secret = [1 1 0 0 0 0 0 0 0 0 0 0 1 1 0 0 0 0 0 0 0 0 1 0 1 0 0 0 0 0], true support = [1 1 1 0 0 1 0 0 0 0 0 0 1 1 1 0 0 0 0 0 0 0 1 0 1 0 0 1 0 0], predicted support = [1 1 0 0 0 0 0 0 0 0 0 0 1 1 0 0 0 0 0 0 0 0 1 0 1 0 0 0 0 0])
INFO - 04/10/26 19:30:07 - 0:23:32 - CA: secret not predicted. (true secret = [ 1  1 -1  0  0  1  0  0  0  0  0  0 -1  1  1  0  0  0  0  0  0  0  1  0
                                       1  0  0 -1  0  0], predicted secret = [1 0 0 1 1 0 0 0 0 0 0 0 0 0 1 0 0 0 0 1 1 0 0 0 0 0 0 0 0 0], true support = [1 1 1 0 0 1 0 0 0 0 0 0 1 1 1 0 0 0 0 0 0 0 1 0 1 0 0 1 0 0], predicted support = [1 0 0 1 1 0 0 0 0 0 0 0 0 0 1 0 0 0 0 1 1 0 0 0 0 0 0 0 0 0])
INFO - 04/10/26 19:30:07 - 0:23:32 - Hybrid: direct, ca
INFO - 04/10/26 19:30:07 - 0:23:32 - direct, ca - Sum Normalized: secret not predicted. (true secret = [ 1  1 -1  0  0  1  0  0  0  0  0  0 -1  1  1  0  0  0  0  0  0  0  1  0
                                       1  0  0 -1  0  0], predicted secret = [1 0 1 0 0 0 0 0 0 0 0 0 1 1 0 0 0 0 0 0 0 0 1 0 1 0 0 0 0 0], true support = [1 1 1 0 0 1 0 0 0 0 0 0 1 1 1 0 0 0 0 0 0 0 1 0 1 0 0 1 0 0], predicted support = [1 0 1 0 0 0 0 0 0 0 0 0 1 1 0 0 0 0 0 0 0 0 1 0 1 0 0 0 0 0])
INFO - 04/10/26 19:30:07 - 0:23:32 - direct, ca - Max Normalized: secret not predicted. (true secret = [ 1  1 -1  0  0  1  0  0  0  0  0  0 -1  1  1  0  0  0  0  0  0  0  1  0
                                       1  0  0 -1  0  0], predicted secret = [1 0 1 0 0 0 0 0 0 0 0 0 1 1 0 0 0 0 0 0 0 0 0 0 1 0 0 1 0 0], true support = [1 1 1 0 0 1 0 0 0 0 0 0 1 1 1 0 0 0 0 0 0 0 1 0 1 0 0 1 0 0], predicted support = [1 0 1 0 0 0 0 0 0 0 0 0 1 1 0 0 0 0 0 0 0 0 0 0 1 0 0 1 0 0])
INFO - 04/10/26 19:30:07 - 0:23:32 - direct, ca - Sum Rank: secret not predicted. (true secret = [ 1  1 -1  0  0  1  0  0  0  0  0  0 -1  1  1  0  0  0  0  0  0  0  1  0
                                       1  0  0 -1  0  0], predicted secret = [1 0 1 0 0 0 0 0 0 0 0 0 1 1 0 0 0 0 0 0 1 0 0 0 1 0 0 0 0 0], true support = [1 1 1 0 0 1 0 0 0 0 0 0 1 1 1 0 0 0 0 0 0 0 1 0 1 0 0 1 0 0], predicted support = [1 0 1 0 0 0 0 0 0 0 0 0 1 1 0 0 0 0 0 0 1 0 0 0 1 0 0 0 0 0])
INFO - 04/10/26 19:30:07 - 0:23:32 - direct, ca - Max Rank: secret not predicted. (true secret = [ 1  1 -1  0  0  1  0  0  0  0  0  0 -1  1  1  0  0  0  0  0  0  0  1  0
                                       1  0  0 -1  0  0], predicted secret = [1 0 1 0 0 0 0 0 0 0 0 0 1 1 0 0 0 0 0 0 0 0 1 0 1 0 0 0 0 0], true support = [1 1 1 0 0 1 0 0 0 0 0 0 1 1 1 0 0 0 0 0 0 0 1 0 1 0 0 1 0 0], predicted support = [1 0 1 0 0 0 0 0 0 0 0 0 1 1 0 0 0 0 0 0 0 0 1 0 1 0 0 0 0 0])
INFO - 04/10/26 19:30:07 - 0:23:32 - Hybrid: direct, distinguisher
INFO - 04/10/26 19:30:07 - 0:23:32 - direct, distinguisher - Sum Normalized: secret not predicted. (true secret = [ 1  1 -1  0  0  1  0  0  0  0  0  0 -1  1  1  0  0  0  0  0  0  0  1  0
                                       1  0  0 -1  0  0], predicted secret = [0 0 1 0 0 0 0 0 0 0 0 0 1 1 1 0 0 0 0 0 0 0 0 0 1 0 0 1 0 0], true support = [1 1 1 0 0 1 0 0 0 0 0 0 1 1 1 0 0 0 0 0 0 0 1 0 1 0 0 1 0 0], predicted support = [0 0 1 0 0 0 0 0 0 0 0 0 1 1 1 0 0 0 0 0 0 0 0 0 1 0 0 1 0 0])
INFO - 04/10/26 19:30:07 - 0:23:32 - direct, distinguisher - Max Normalized: secret not predicted. (true secret = [ 1  1 -1  0  0  1  0  0  0  0  0  0 -1  1  1  0  0  0  0  0  0  0  1  0
                                       1  0  0 -1  0  0], predicted secret = [0 1 1 0 0 0 0 0 0 0 0 0 0 1 1 0 0 0 0 0 0 0 1 0 1 0 0 0 0 0], true support = [1 1 1 0 0 1 0 0 0 0 0 0 1 1 1 0 0 0 0 0 0 0 1 0 1 0 0 1 0 0], predicted support = [0 1 1 0 0 0 0 0 0 0 0 0 0 1 1 0 0 0 0 0 0 0 1 0 1 0 0 0 0 0])
INFO - 04/10/26 19:30:07 - 0:23:32 - direct, distinguisher - Sum Rank: secret not predicted. (true secret = [ 1  1 -1  0  0  1  0  0  0  0  0  0 -1  1  1  0  0  0  0  0  0  0  1  0
                                       1  0  0 -1  0  0], predicted secret = [0 1 1 0 0 0 0 0 0 0 0 0 1 1 0 0 0 0 0 0 0 0 0 0 1 0 0 1 0 0], true support = [1 1 1 0 0 1 0 0 0 0 0 0 1 1 1 0 0 0 0 0 0 0 1 0 1 0 0 1 0 0], predicted support = [0 1 1 0 0 0 0 0 0 0 0 0 1 1 0 0 0 0 0 0 0 0 0 0 1 0 0 1 0 0])
INFO - 04/10/26 19:30:07 - 0:23:32 - direct, distinguisher - Max Rank: secret not predicted. (true secret = [ 1  1 -1  0  0  1  0  0  0  0  0  0 -1  1  1  0  0  0  0  0  0  0  1  0
                                       1  0  0 -1  0  0], predicted secret = [0 1 1 0 0 0 0 0 0 0 0 0 1 1 1 0 0 0 0 0 0 0 0 0 1 0 0 0 0 0], true support = [1 1 1 0 0 1 0 0 0 0 0 0 1 1 1 0 0 0 0 0 0 0 1 0 1 0 0 1 0 0], predicted support = [0 1 1 0 0 0 0 0 0 0 0 0 1 1 1 0 0 0 0 0 0 0 0 0 1 0 0 0 0 0])
INFO - 04/10/26 19:30:07 - 0:23:32 - Hybrid: ca, distinguisher
INFO - 04/10/26 19:30:07 - 0:23:32 - ca, distinguisher - Sum Normalized: secret not predicted. (true secret = [ 1  1 -1  0  0  1  0  0  0  0  0  0 -1  1  1  0  0  0  0  0  0  0  1  0
                                       1  0  0 -1  0  0], predicted secret = [1 1 0 0 0 0 0 0 0 0 0 0 1 1 1 0 0 0 0 0 0 0 1 0 0 0 0 0 0 0], true support = [1 1 1 0 0 1 0 0 0 0 0 0 1 1 1 0 0 0 0 0 0 0 1 0 1 0 0 1 0 0], predicted support = [1 1 0 0 0 0 0 0 0 0 0 0 1 1 1 0 0 0 0 0 0 0 1 0 0 0 0 0 0 0])
INFO - 04/10/26 19:30:07 - 0:23:32 - ca, distinguisher - Max Normalized: secret not predicted. (true secret = [ 1  1 -1  0  0  1  0  0  0  0  0  0 -1  1  1  0  0  0  0  0  0  0  1  0
                                       1  0  0 -1  0  0], predicted secret = [1 1 1 0 0 0 0 0 0 0 0 0 0 1 1 0 0 0 0 0 0 0 1 0 0 0 0 0 0 0], true support = [1 1 1 0 0 1 0 0 0 0 0 0 1 1 1 0 0 0 0 0 0 0 1 0 1 0 0 1 0 0], predicted support = [1 1 1 0 0 0 0 0 0 0 0 0 0 1 1 0 0 0 0 0 0 0 1 0 0 0 0 0 0 0])
INFO - 04/10/26 19:30:07 - 0:23:32 - ca, distinguisher - Sum Rank: secret not predicted. (true secret = [ 1  1 -1  0  0  1  0  0  0  0  0  0 -1  1  1  0  0  0  0  0  0  0  1  0
                                       1  0  0 -1  0  0], predicted secret = [1 1 0 0 0 0 0 0 0 0 0 0 1 1 1 0 0 0 0 0 0 0 1 0 0 0 0 0 0 0], true support = [1 1 1 0 0 1 0 0 0 0 0 0 1 1 1 0 0 0 0 0 0 0 1 0 1 0 0 1 0 0], predicted support = [1 1 0 0 0 0 0 0 0 0 0 0 1 1 1 0 0 0 0 0 0 0 1 0 0 0 0 0 0 0])
INFO - 04/10/26 19:30:07 - 0:23:32 - ca, distinguisher - Max Rank: secret not predicted. (true secret = [ 1  1 -1  0  0  1  0  0  0  0  0  0 -1  1  1  0  0  0  0  0  0  0  1  0
                                       1  0  0 -1  0  0], predicted secret = [1 1 1 0 0 0 0 0 0 0 0 0 1 1 1 0 0 0 0 0 0 0 0 0 0 0 0 0 0 0], true support = [1 1 1 0 0 1 0 0 0 0 0 0 1 1 1 0 0 0 0 0 0 0 1 0 1 0 0 1 0 0], predicted support = [1 1 1 0 0 0 0 0 0 0 0 0 1 1 1 0 0 0 0 0 0 0 0 0 0 0 0 0 0 0])
INFO - 04/10/26 19:30:07 - 0:23:32 - Hybrid: direct, ca, distinguisher
INFO - 04/10/26 19:30:07 - 0:23:32 - direct, ca, distinguisher - Sum Normalized: secret not predicted. (true secret = [ 1  1 -1  0  0  1  0  0  0  0  0  0 -1  1  1  0  0  0  0  0  0  0  1  0
                                       1  0  0 -1  0  0], predicted secret = [1 0 1 0 0 0 0 0 0 0 0 0 1 1 0 0 0 0 0 0 0 0 1 0 1 0 0 0 0 0], true support = [1 1 1 0 0 1 0 0 0 0 0 0 1 1 1 0 0 0 0 0 0 0 1 0 1 0 0 1 0 0], predicted support = [1 0 1 0 0 0 0 0 0 0 0 0 1 1 0 0 0 0 0 0 0 0 1 0 1 0 0 0 0 0])
INFO - 04/10/26 19:30:07 - 0:23:32 - direct, ca, distinguisher - Max Normalized: secret not predicted. (true secret = [ 1  1 -1  0  0  1  0  0  0  0  0  0 -1  1  1  0  0  0  0  0  0  0  1  0
                                       1  0  0 -1  0  0], predicted secret = [1 1 1 0 0 0 0 0 0 0 0 0 0 1 1 0 0 0 0 0 0 0 0 0 1 0 0 0 0 0], true support = [1 1 1 0 0 1 0 0 0 0 0 0 1 1 1 0 0 0 0 0 0 0 1 0 1 0 0 1 0 0], predicted support = [1 1 1 0 0 0 0 0 0 0 0 0 0 1 1 0 0 0 0 0 0 0 0 0 1 0 0 0 0 0])
INFO - 04/10/26 19:30:07 - 0:23:32 - direct, ca, distinguisher - Sum Rank: secret not predicted. (true secret = [ 1  1 -1  0  0  1  0  0  0  0  0  0 -1  1  1  0  0  0  0  0  0  0  1  0
                                       1  0  0 -1  0  0], predicted secret = [0 0 1 0 0 0 0 0 0 0 0 0 1 1 1 0 0 0 0 0 0 0 1 0 1 0 0 0 0 0], true support = [1 1 1 0 0 1 0 0 0 0 0 0 1 1 1 0 0 0 0 0 0 0 1 0 1 0 0 1 0 0], predicted support = [0 0 1 0 0 0 0 0 0 0 0 0 1 1 1 0 0 0 0 0 0 0 1 0 1 0 0 0 0 0])
INFO - 04/10/26 19:30:07 - 0:23:32 - direct, ca, distinguisher - Max Rank: secret not predicted. (true secret = [ 1  1 -1  0  0  1  0  0  0  0  0  0 -1  1  1  0  0  0  0  0  0  0  1  0
                                       1  0  0 -1  0  0], predicted secret = [1 1 0 0 0 0 0 0 0 0 0 0 1 1 1 0 0 0 0 0 0 0 0 0 1 0 0 0 0 0], true support = [1 1 1 0 0 1 0 0 0 0 0 0 1 1 1 0 0 0 0 0 0 0 1 0 1 0 0 1 0 0], predicted support = [1 1 0 0 0 0 0 0 0 0 0 0 1 1 1 0 0 0 0 0 0 0 0 0 1 0 0 0 0 0])
INFO - 04/10/26 19:30:07 - 0:23:32 - Epoch 7 metrics | train_loss: 1.491321 | train_acc1: 29.308621 | train_acc2: 36.256398 | valid_xe_loss: 1.503917 | valid_acc1: 25.959256 | valid_acc2: 32.001582
INFO - 04/10/26 19:30:07 - 0:23:32 - __log__:{"train_loss": 1.491321359394608, "train_acc1": 29.308621241202815, "train_acc2": 36.25639795265515, "epoch": 7, "valid_xe_loss": 1.5039172896855995, "valid_acc1": 25.959256329113924, "valid_acc2": 32.00158227848101}
INFO - 04/10/26 19:30:07 - 0:23:32 - Saving checkpoint to /home/yu_mcc/PQC_salsa/runs/n30_q127_h3_1m/train_gpu_proposed_ternary_h10_secret0_init0_paperlike/checkpoint.pth ...
WARNING - 04/10/26 19:30:07 - 0:23:32 - Saving encoder parameters ...
WARNING - 04/10/26 19:30:07 - 0:23:32 - Saving decoder parameters ...
WARNING - 04/10/26 19:30:07 - 0:23:32 - Saving optimizer ...
INFO - 04/10/26 19:30:07 - 0:23:32 - ============ Starting epoch 8 ... ============
INFO - 04/10/26 19:30:12 - 0:23:37 -   12550 -  164.29 equations/s - 10514.79 words/s - MEM: 1.36 GB - LOSS:  1.4853 || ACC1: 29.8573 || ACC2: 36.7867 - LR: 1.0000e-05
INFO - 04/10/26 19:30:16 - 0:23:41 -   12600 - 1358.18 equations/s - 86923.25 words/s - MEM: 1.36 GB - LOSS:  1.4829 || ACC1: 30.6562 || ACC2: 37.5000 - LR: 1.0000e-05
INFO - 04/10/26 19:30:21 - 0:23:46 -   12650 - 1326.99 equations/s - 84927.32 words/s - MEM: 1.36 GB - LOSS:  1.4892 || ACC1: 29.8906 || ACC2: 36.4062 - LR: 1.0000e-05
INFO - 04/10/26 19:30:26 - 0:23:51 -   12700 - 1326.49 equations/s - 84895.56 words/s - MEM: 1.36 GB - LOSS:  1.4855 || ACC1: 30.1250 || ACC2: 36.9688 - LR: 1.0000e-05
INFO - 04/10/26 19:30:31 - 0:23:56 -   12750 - 1304.67 equations/s - 83499.12 words/s - MEM: 1.36 GB - LOSS:  1.4868 || ACC1: 29.7969 || ACC2: 36.7188 - LR: 1.0000e-05
INFO - 04/10/26 19:30:35 - 0:24:00 -   12800 - 1412.12 equations/s - 90375.97 words/s - MEM: 1.36 GB - LOSS:  1.4826 || ACC1: 30.8594 || ACC2: 38.0156 - LR: 1.0000e-05
INFO - 04/10/26 19:30:44 - 0:24:09 -   12850 -  773.19 equations/s - 49483.88 words/s - MEM: 1.36 GB - LOSS:  1.4897 || ACC1: 29.6719 || ACC2: 37.1406 - LR: 1.0000e-05
INFO - 04/10/26 19:30:49 - 0:24:14 -   12900 - 1295.73 equations/s - 82926.91 words/s - MEM: 1.36 GB - LOSS:  1.4892 || ACC1: 29.1875 || ACC2: 36.0781 - LR: 1.0000e-05
INFO - 04/10/26 19:30:53 - 0:24:18 -   12950 - 1377.28 equations/s - 88145.88 words/s - MEM: 1.36 GB - LOSS:  1.4928 || ACC1: 28.4844 || ACC2: 36.3750 - LR: 1.0000e-05
INFO - 04/10/26 19:30:58 - 0:24:23 -   13000 - 1264.39 equations/s - 80921.03 words/s - MEM: 1.36 GB - LOSS:  1.4956 || ACC1: 29.0156 || ACC2: 35.9062 - LR: 1.0000e-05
INFO - 04/10/26 19:31:03 - 0:24:28 -   13050 - 1303.91 equations/s - 83450.46 words/s - MEM: 1.36 GB - LOSS:  1.4860 || ACC1: 28.9844 || ACC2: 36.1719 - LR: 1.0000e-05
INFO - 04/10/26 19:31:08 - 0:24:33 -   13100 - 1336.06 equations/s - 85507.58 words/s - MEM: 1.36 GB - LOSS:  1.4814 || ACC1: 29.7500 || ACC2: 37.1875 - LR: 1.0000e-05
INFO - 04/10/26 19:31:13 - 0:24:38 -   13150 - 1384.18 equations/s - 88587.28 words/s - MEM: 1.36 GB - LOSS:  1.4820 || ACC1: 29.6094 || ACC2: 36.2031 - LR: 1.0000e-05
INFO - 04/10/26 19:31:21 - 0:24:46 -   13200 -  789.65 equations/s - 50537.32 words/s - MEM: 1.36 GB - LOSS:  1.4849 || ACC1: 30.0625 || ACC2: 36.7188 - LR: 1.0000e-05
INFO - 04/10/26 19:31:25 - 0:24:51 -   13250 - 1345.60 equations/s - 86118.72 words/s - MEM: 1.36 GB - LOSS:  1.4889 || ACC1: 30.5000 || ACC2: 37.5938 - LR: 1.0000e-05
INFO - 04/10/26 19:31:30 - 0:24:55 -   13300 - 1381.30 equations/s - 88403.46 words/s - MEM: 1.36 GB - LOSS:  1.4872 || ACC1: 29.7812 || ACC2: 37.2500 - LR: 1.0000e-05
INFO - 04/10/26 19:31:35 - 0:25:00 -   13350 - 1348.44 equations/s - 86300.29 words/s - MEM: 1.36 GB - LOSS:  1.4873 || ACC1: 30.0312 || ACC2: 37.5625 - LR: 1.0000e-05
INFO - 04/10/26 19:31:40 - 0:25:05 -   13400 - 1323.17 equations/s - 84682.86 words/s - MEM: 1.36 GB - LOSS:  1.4842 || ACC1: 30.4062 || ACC2: 37.0156 - LR: 1.0000e-05
INFO - 04/10/26 19:31:45 - 0:25:10 -   13450 - 1323.08 equations/s - 84677.20 words/s - MEM: 1.36 GB - LOSS:  1.4894 || ACC1: 28.5156 || ACC2: 35.4219 - LR: 1.0000e-05
INFO - 04/10/26 19:31:53 - 0:25:18 -   13500 -  769.59 equations/s - 49253.47 words/s - MEM: 1.36 GB - LOSS:  1.4832 || ACC1: 29.4219 || ACC2: 36.8438 - LR: 1.0000e-05
INFO - 04/10/26 19:31:58 - 0:25:23 -   13550 - 1333.10 equations/s - 85318.66 words/s - MEM: 1.36 GB - LOSS:  1.4880 || ACC1: 29.3281 || ACC2: 36.8594 - LR: 1.0000e-05
INFO - 04/10/26 19:32:02 - 0:25:28 -   13600 - 1317.56 equations/s - 84323.77 words/s - MEM: 1.36 GB - LOSS:  1.4873 || ACC1: 29.7500 || ACC2: 37.0000 - LR: 1.0000e-05
INFO - 04/10/26 19:32:07 - 0:25:33 -   13650 - 1287.98 equations/s - 82430.52 words/s - MEM: 1.36 GB - LOSS:  1.4807 || ACC1: 30.9531 || ACC2: 38.3594 - LR: 1.0000e-05
INFO - 04/10/26 19:32:12 - 0:25:37 -   13700 - 1308.88 equations/s - 83768.04 words/s - MEM: 1.36 GB - LOSS:  1.4802 || ACC1: 30.1719 || ACC2: 37.5625 - LR: 1.0000e-05
INFO - 04/10/26 19:32:17 - 0:25:42 -   13750 - 1345.79 equations/s - 86130.37 words/s - MEM: 1.36 GB - LOSS:  1.4866 || ACC1: 30.0312 || ACC2: 37.4844 - LR: 1.0000e-05
INFO - 04/10/26 19:32:22 - 0:25:47 -   13800 - 1315.35 equations/s - 84182.71 words/s - MEM: 1.36 GB - LOSS:  1.4844 || ACC1: 30.0312 || ACC2: 37.3594 - LR: 1.0000e-05
INFO - 04/10/26 19:32:30 - 0:25:55 -   13850 -  769.35 equations/s - 49238.68 words/s - MEM: 1.36 GB - LOSS:  1.4800 || ACC1: 30.2188 || ACC2: 37.7031 - LR: 1.0000e-05
INFO - 04/10/26 19:32:35 - 0:26:00 -   13900 - 1366.43 equations/s - 87451.61 words/s - MEM: 1.36 GB - LOSS:  1.4851 || ACC1: 30.0000 || ACC2: 37.2188 - LR: 1.0000e-05
INFO - 04/10/26 19:32:40 - 0:26:05 -   13950 - 1316.72 equations/s - 84270.08 words/s - MEM: 1.36 GB - LOSS:  1.4820 || ACC1: 30.2031 || ACC2: 37.7500 - LR: 1.0000e-05
INFO - 04/10/26 19:32:45 - 0:26:10 -   14000 - 1349.44 equations/s - 86363.96 words/s - MEM: 1.36 GB - LOSS:  1.4834 || ACC1: 30.4688 || ACC2: 37.5781 - LR: 1.0000e-05
INFO - 04/10/26 19:32:49 - 0:26:14 -   14050 - 1363.00 equations/s - 87232.08 words/s - MEM: 1.36 GB - LOSS:  1.4790 || ACC1: 30.1875 || ACC2: 37.2031 - LR: 1.0000e-05
INFO - 04/10/26 19:32:51 - 0:26:16 -   14067 - 1371.93 equations/s - 87803.68 words/s - MEM: 1.36 GB - LOSS:  1.4795 || ACC1: 29.4577 || ACC2: 37.3621 - LR: 1.0000e-05
INFO - 04/10/26 19:32:51 - 0:26:16 - ============ End of epoch 8 ============
INFO - 04/10/26 19:32:51 - 0:26:16 - Starting Distinguisher Method
INFO - 04/10/26 19:33:08 - 0:26:33 - Distinguishing 0s using the emd. 
INFO - 04/10/26 19:33:08 - 0:26:33 - Distinguishing +/-1s using the emd. 
INFO - 04/10/26 19:33:08 - 0:26:33 - Real secret: -1: {np.int64(2), np.int64(27), np.int64(12)}, 1: {np.int64(0), np.int64(1), np.int64(5), np.int64(13), np.int64(14), np.int64(22), np.int64(24)}
INFO - 04/10/26 19:33:08 - 0:26:33 - Nonzero bits not identified. Guess: [13 24 18  1 17  5 14 27 22  0]
INFO - 04/10/26 19:33:08 - 0:26:33 - Distinguishing +/-1s using the mean. 
INFO - 04/10/26 19:33:08 - 0:26:33 - Real secret: -1: {np.int64(2), np.int64(27), np.int64(12)}, 1: {np.int64(0), np.int64(1), np.int64(5), np.int64(13), np.int64(14), np.int64(22), np.int64(24)}
INFO - 04/10/26 19:33:08 - 0:26:33 - Nonzero bits not identified. Guess: [13 24 18  1 17  5 14 27 22  0]
INFO - 04/10/26 19:33:08 - 0:26:33 - Distinguishing 0s using the mean. 
INFO - 04/10/26 19:33:08 - 0:26:33 - Distinguishing +/-1s using the emd. 
INFO - 04/10/26 19:33:08 - 0:26:33 - Real secret: -1: {np.int64(2), np.int64(27), np.int64(12)}, 1: {np.int64(0), np.int64(1), np.int64(5), np.int64(13), np.int64(14), np.int64(22), np.int64(24)}
INFO - 04/10/26 19:33:08 - 0:26:33 - Distinguishing +/-1s using the mean. 
INFO - 04/10/26 19:33:08 - 0:26:33 - Real secret: -1: {np.int64(2), np.int64(27), np.int64(12)}, 1: {np.int64(0), np.int64(1), np.int64(5), np.int64(13), np.int64(14), np.int64(22), np.int64(24)}
INFO - 04/10/26 19:33:08 - 0:26:33 - Starting Direct Method
INFO - 04/10/26 19:33:08 - 0:26:33 - Direct:  K=65
INFO - 04/10/26 19:33:08 - 0:26:33 - Direct:  K=52
INFO - 04/10/26 19:33:08 - 0:26:33 - Direct:  K=32
INFO - 04/10/26 19:33:08 - 0:26:33 - Direct:  K=56
INFO - 04/10/26 19:33:08 - 0:26:33 - Direct:  K=33
INFO - 04/10/26 19:33:08 - 0:26:33 - Direct:  K=56
INFO - 04/10/26 19:33:08 - 0:26:33 - Direct:  K=36
INFO - 04/10/26 19:33:08 - 0:26:33 - Direct:  K=93
INFO - 04/10/26 19:33:08 - 0:26:34 - Direct:  K=64
INFO - 04/10/26 19:33:09 - 0:26:34 - Direct:  K=84
INFO - 04/10/26 19:33:09 - 0:26:34 - Direct:  K=45
INFO - 04/10/26 19:33:09 - 0:26:34 - Direct:  K=33
INFO - 04/10/26 19:33:09 - 0:26:34 - Direct:  K=86
INFO - 04/10/26 19:33:09 - 0:26:34 - Direct:  K=43
INFO - 04/10/26 19:33:09 - 0:26:34 - Direct:  K=68
INFO - 04/10/26 19:33:09 - 0:26:34 - Direct: secret not predicted. (true secret = [ 1  1 -1  0  0  1  0  0  0  0  0  0 -1  1  1  0  0  0  0  0  0  0  1  0
                                       1  0  0 -1  0  0], predicted secret = [0 1 0 0 0 0 0 0 0 0 0 0 1 1 1 0 0 0 0 0 0 0 0 0 1 0 0 1 0 0], true support = [1 1 1 0 0 1 0 0 0 0 0 0 1 1 1 0 0 0 0 0 0 0 1 0 1 0 0 1 0 0], predicted support = [0 1 0 0 0 0 0 0 0 0 0 0 1 1 1 0 0 0 0 0 0 0 0 0 1 0 0 1 0 0])
INFO - 04/10/26 19:33:18 - 0:26:43 - CA: secret not predicted. (true secret = [ 1  1 -1  0  0  1  0  0  0  0  0  0 -1  1  1  0  0  0  0  0  0  0  1  0
                                       1  0  0 -1  0  0], predicted secret = [1 1 0 0 0 0 0 0 0 0 0 0 1 1 0 0 0 0 0 0 0 0 1 0 1 0 0 0 0 0], true support = [1 1 1 0 0 1 0 0 0 0 0 0 1 1 1 0 0 0 0 0 0 0 1 0 1 0 0 1 0 0], predicted support = [1 1 0 0 0 0 0 0 0 0 0 0 1 1 0 0 0 0 0 0 0 0 1 0 1 0 0 0 0 0])
INFO - 04/10/26 19:33:18 - 0:26:43 - CA: secret not predicted. (true secret = [ 1  1 -1  0  0  1  0  0  0  0  0  0 -1  1  1  0  0  0  0  0  0  0  1  0
                                       1  0  0 -1  0  0], predicted secret = [1 0 0 1 1 0 0 0 0 0 1 0 0 0 0 0 0 0 0 1 1 0 0 0 0 0 0 0 0 0], true support = [1 1 1 0 0 1 0 0 0 0 0 0 1 1 1 0 0 0 0 0 0 0 1 0 1 0 0 1 0 0], predicted support = [1 0 0 1 1 0 0 0 0 0 1 0 0 0 0 0 0 0 0 1 1 0 0 0 0 0 0 0 0 0])
INFO - 04/10/26 19:33:18 - 0:26:43 - Hybrid: direct, ca
INFO - 04/10/26 19:33:18 - 0:26:43 - direct, ca - Sum Normalized: secret not predicted. (true secret = [ 1  1 -1  0  0  1  0  0  0  0  0  0 -1  1  1  0  0  0  0  0  0  0  1  0
                                       1  0  0 -1  0  0], predicted secret = [1 1 0 0 0 0 0 0 0 0 0 0 1 1 0 0 0 0 0 0 0 0 0 0 1 0 0 1 0 0], true support = [1 1 1 0 0 1 0 0 0 0 0 0 1 1 1 0 0 0 0 0 0 0 1 0 1 0 0 1 0 0], predicted support = [1 1 0 0 0 0 0 0 0 0 0 0 1 1 0 0 0 0 0 0 0 0 0 0 1 0 0 1 0 0])
INFO - 04/10/26 19:33:18 - 0:26:43 - direct, ca - Max Normalized: secret not predicted. (true secret = [ 1  1 -1  0  0  1  0  0  0  0  0  0 -1  1  1  0  0  0  0  0  0  0  1  0
                                       1  0  0 -1  0  0], predicted secret = [1 0 0 0 0 0 0 0 0 0 0 0 1 1 0 0 0 0 0 0 0 0 1 0 1 0 0 1 0 0], true support = [1 1 1 0 0 1 0 0 0 0 0 0 1 1 1 0 0 0 0 0 0 0 1 0 1 0 0 1 0 0], predicted support = [1 0 0 0 0 0 0 0 0 0 0 0 1 1 0 0 0 0 0 0 0 0 1 0 1 0 0 1 0 0])
INFO - 04/10/26 19:33:18 - 0:26:43 - direct, ca - Sum Rank: secret not predicted. (true secret = [ 1  1 -1  0  0  1  0  0  0  0  0  0 -1  1  1  0  0  0  0  0  0  0  1  0
                                       1  0  0 -1  0  0], predicted secret = [1 1 0 0 0 0 0 0 0 0 0 0 1 1 1 0 0 0 0 0 0 0 0 0 1 0 0 0 0 0], true support = [1 1 1 0 0 1 0 0 0 0 0 0 1 1 1 0 0 0 0 0 0 0 1 0 1 0 0 1 0 0], predicted support = [1 1 0 0 0 0 0 0 0 0 0 0 1 1 1 0 0 0 0 0 0 0 0 0 1 0 0 0 0 0])
INFO - 04/10/26 19:33:18 - 0:26:43 - direct, ca - Max Rank: secret not predicted. (true secret = [ 1  1 -1  0  0  1  0  0  0  0  0  0 -1  1  1  0  0  0  0  0  0  0  1  0
                                       1  0  0 -1  0  0], predicted secret = [1 1 0 0 0 0 0 0 0 0 0 0 1 1 0 0 0 0 0 0 0 0 0 0 1 0 0 1 0 0], true support = [1 1 1 0 0 1 0 0 0 0 0 0 1 1 1 0 0 0 0 0 0 0 1 0 1 0 0 1 0 0], predicted support = [1 1 0 0 0 0 0 0 0 0 0 0 1 1 0 0 0 0 0 0 0 0 0 0 1 0 0 1 0 0])
INFO - 04/10/26 19:33:18 - 0:26:43 - Hybrid: direct, distinguisher
INFO - 04/10/26 19:33:18 - 0:26:43 - direct, distinguisher - Sum Normalized: secret not predicted. (true secret = [ 1  1 -1  0  0  1  0  0  0  0  0  0 -1  1  1  0  0  0  0  0  0  0  1  0
                                       1  0  0 -1  0  0], predicted secret = [0 1 0 0 0 0 0 0 0 0 0 0 1 1 1 0 0 0 0 0 0 0 0 0 1 0 0 1 0 0], true support = [1 1 1 0 0 1 0 0 0 0 0 0 1 1 1 0 0 0 0 0 0 0 1 0 1 0 0 1 0 0], predicted support = [0 1 0 0 0 0 0 0 0 0 0 0 1 1 1 0 0 0 0 0 0 0 0 0 1 0 0 1 0 0])
INFO - 04/10/26 19:33:18 - 0:26:43 - direct, distinguisher - Max Normalized: secret not predicted. (true secret = [ 1  1 -1  0  0  1  0  0  0  0  0  0 -1  1  1  0  0  0  0  0  0  0  1  0
                                       1  0  0 -1  0  0], predicted secret = [0 1 1 0 0 0 0 0 0 0 0 0 0 1 1 0 0 0 0 0 0 0 0 0 1 0 0 1 0 0], true support = [1 1 1 0 0 1 0 0 0 0 0 0 1 1 1 0 0 0 0 0 0 0 1 0 1 0 0 1 0 0], predicted support = [0 1 1 0 0 0 0 0 0 0 0 0 0 1 1 0 0 0 0 0 0 0 0 0 1 0 0 1 0 0])
INFO - 04/10/26 19:33:18 - 0:26:43 - direct, distinguisher - Sum Rank: secret not predicted. (true secret = [ 1  1 -1  0  0  1  0  0  0  0  0  0 -1  1  1  0  0  0  0  0  0  0  1  0
                                       1  0  0 -1  0  0], predicted secret = [0 1 0 0 0 0 0 0 0 0 0 0 1 1 1 0 0 0 0 0 0 0 0 0 1 0 0 1 0 0], true support = [1 1 1 0 0 1 0 0 0 0 0 0 1 1 1 0 0 0 0 0 0 0 1 0 1 0 0 1 0 0], predicted support = [0 1 0 0 0 0 0 0 0 0 0 0 1 1 1 0 0 0 0 0 0 0 0 0 1 0 0 1 0 0])
INFO - 04/10/26 19:33:18 - 0:26:43 - direct, distinguisher - Max Rank: secret not predicted. (true secret = [ 1  1 -1  0  0  1  0  0  0  0  0  0 -1  1  1  0  0  0  0  0  0  0  1  0
                                       1  0  0 -1  0  0], predicted secret = [0 1 1 0 0 0 0 0 0 0 0 0 1 1 0 0 0 0 0 0 0 0 0 0 1 0 0 1 0 0], true support = [1 1 1 0 0 1 0 0 0 0 0 0 1 1 1 0 0 0 0 0 0 0 1 0 1 0 0 1 0 0], predicted support = [0 1 1 0 0 0 0 0 0 0 0 0 1 1 0 0 0 0 0 0 0 0 0 0 1 0 0 1 0 0])
INFO - 04/10/26 19:33:18 - 0:26:43 - Hybrid: ca, distinguisher
INFO - 04/10/26 19:33:18 - 0:26:43 - ca, distinguisher - Sum Normalized: secret not predicted. (true secret = [ 1  1 -1  0  0  1  0  0  0  0  0  0 -1  1  1  0  0  0  0  0  0  0  1  0
                                       1  0  0 -1  0  0], predicted secret = [1 1 0 0 0 0 0 0 0 0 0 0 1 1 0 0 0 0 0 0 0 0 1 0 1 0 0 0 0 0], true support = [1 1 1 0 0 1 0 0 0 0 0 0 1 1 1 0 0 0 0 0 0 0 1 0 1 0 0 1 0 0], predicted support = [1 1 0 0 0 0 0 0 0 0 0 0 1 1 0 0 0 0 0 0 0 0 1 0 1 0 0 0 0 0])
INFO - 04/10/26 19:33:18 - 0:26:43 - ca, distinguisher - Max Normalized: secret not predicted. (true secret = [ 1  1 -1  0  0  1  0  0  0  0  0  0 -1  1  1  0  0  0  0  0  0  0  1  0
                                       1  0  0 -1  0  0], predicted secret = [1 1 1 0 0 0 0 0 0 0 0 0 0 1 0 0 0 0 0 0 0 0 0 0 1 0 0 1 0 0], true support = [1 1 1 0 0 1 0 0 0 0 0 0 1 1 1 0 0 0 0 0 0 0 1 0 1 0 0 1 0 0], predicted support = [1 1 1 0 0 0 0 0 0 0 0 0 0 1 0 0 0 0 0 0 0 0 0 0 1 0 0 1 0 0])
INFO - 04/10/26 19:33:18 - 0:26:43 - ca, distinguisher - Sum Rank: secret not predicted. (true secret = [ 1  1 -1  0  0  1  0  0  0  0  0  0 -1  1  1  0  0  0  0  0  0  0  1  0
                                       1  0  0 -1  0  0], predicted secret = [1 1 0 0 0 0 0 0 0 0 0 0 1 1 0 0 0 0 0 0 0 0 1 0 1 0 0 0 0 0], true support = [1 1 1 0 0 1 0 0 0 0 0 0 1 1 1 0 0 0 0 0 0 0 1 0 1 0 0 1 0 0], predicted support = [1 1 0 0 0 0 0 0 0 0 0 0 1 1 0 0 0 0 0 0 0 0 1 0 1 0 0 0 0 0])
INFO - 04/10/26 19:33:18 - 0:26:43 - ca, distinguisher - Max Rank: secret not predicted. (true secret = [ 1  1 -1  0  0  1  0  0  0  0  0  0 -1  1  1  0  0  0  0  0  0  0  1  0
                                       1  0  0 -1  0  0], predicted secret = [1 1 0 0 0 0 0 0 0 0 0 0 0 1 0 0 0 0 0 0 0 0 1 0 1 0 0 1 0 0], true support = [1 1 1 0 0 1 0 0 0 0 0 0 1 1 1 0 0 0 0 0 0 0 1 0 1 0 0 1 0 0], predicted support = [1 1 0 0 0 0 0 0 0 0 0 0 0 1 0 0 0 0 0 0 0 0 1 0 1 0 0 1 0 0])
INFO - 04/10/26 19:33:18 - 0:26:43 - Hybrid: direct, ca, distinguisher
INFO - 04/10/26 19:33:18 - 0:26:43 - direct, ca, distinguisher - Sum Normalized: secret not predicted. (true secret = [ 1  1 -1  0  0  1  0  0  0  0  0  0 -1  1  1  0  0  0  0  0  0  0  1  0
                                       1  0  0 -1  0  0], predicted secret = [1 1 0 0 0 0 0 0 0 0 0 0 1 1 0 0 0 0 0 0 0 0 0 0 1 0 0 1 0 0], true support = [1 1 1 0 0 1 0 0 0 0 0 0 1 1 1 0 0 0 0 0 0 0 1 0 1 0 0 1 0 0], predicted support = [1 1 0 0 0 0 0 0 0 0 0 0 1 1 0 0 0 0 0 0 0 0 0 0 1 0 0 1 0 0])
INFO - 04/10/26 19:33:18 - 0:26:43 - direct, ca, distinguisher - Max Normalized: secret not predicted. (true secret = [ 1  1 -1  0  0  1  0  0  0  0  0  0 -1  1  1  0  0  0  0  0  0  0  1  0
                                       1  0  0 -1  0  0], predicted secret = [1 1 1 0 0 0 0 0 0 0 0 0 0 1 0 0 0 0 0 0 0 0 0 0 1 0 0 1 0 0], true support = [1 1 1 0 0 1 0 0 0 0 0 0 1 1 1 0 0 0 0 0 0 0 1 0 1 0 0 1 0 0], predicted support = [1 1 1 0 0 0 0 0 0 0 0 0 0 1 0 0 0 0 0 0 0 0 0 0 1 0 0 1 0 0])
INFO - 04/10/26 19:33:18 - 0:26:43 - direct, ca, distinguisher - Sum Rank: secret not predicted. (true secret = [ 1  1 -1  0  0  1  0  0  0  0  0  0 -1  1  1  0  0  0  0  0  0  0  1  0
                                       1  0  0 -1  0  0], predicted secret = [1 1 0 0 0 0 0 0 0 0 0 0 1 1 1 0 0 0 0 0 0 0 0 0 1 0 0 0 0 0], true support = [1 1 1 0 0 1 0 0 0 0 0 0 1 1 1 0 0 0 0 0 0 0 1 0 1 0 0 1 0 0], predicted support = [1 1 0 0 0 0 0 0 0 0 0 0 1 1 1 0 0 0 0 0 0 0 0 0 1 0 0 0 0 0])
INFO - 04/10/26 19:33:18 - 0:26:43 - direct, ca, distinguisher - Max Rank: secret not predicted. (true secret = [ 1  1 -1  0  0  1  0  0  0  0  0  0 -1  1  1  0  0  0  0  0  0  0  1  0
                                       1  0  0 -1  0  0], predicted secret = [1 1 0 0 0 0 0 0 0 0 0 0 1 1 0 0 0 0 0 0 0 0 0 0 1 0 0 1 0 0], true support = [1 1 1 0 0 1 0 0 0 0 0 0 1 1 1 0 0 0 0 0 0 0 1 0 1 0 0 1 0 0], predicted support = [1 1 0 0 0 0 0 0 0 0 0 0 1 1 0 0 0 0 0 0 0 0 0 0 1 0 0 1 0 0])
INFO - 04/10/26 19:33:18 - 0:26:43 - Epoch 8 metrics | train_loss: 1.485445 | train_acc1: 29.864943 | train_acc2: 37.034649 | valid_xe_loss: 1.498193 | valid_acc1: 25.909810 | valid_acc2: 31.437896
INFO - 04/10/26 19:33:18 - 0:26:43 - __log__:{"train_loss": 1.485444881408091, "train_acc1": 29.864943218170186, "train_acc2": 37.03464891234805, "epoch": 8, "valid_xe_loss": 1.4981926664521423, "valid_acc1": 25.90981012658228, "valid_acc2": 31.437895569620252}
INFO - 04/10/26 19:33:18 - 0:26:43 - Saving checkpoint to /home/yu_mcc/PQC_salsa/runs/n30_q127_h3_1m/train_gpu_proposed_ternary_h10_secret0_init0_paperlike/checkpoint.pth ...
WARNING - 04/10/26 19:33:18 - 0:26:43 - Saving encoder parameters ...
WARNING - 04/10/26 19:33:18 - 0:26:43 - Saving decoder parameters ...
WARNING - 04/10/26 19:33:18 - 0:26:43 - Saving optimizer ...
INFO - 04/10/26 19:33:18 - 0:26:44 - ============ Starting epoch 9 ... ============
INFO - 04/10/26 19:33:21 - 0:26:47 -   14100 -  138.28 equations/s -  8850.10 words/s - MEM: 1.36 GB - LOSS:  1.4900 || ACC1: 29.3324 || ACC2: 36.1032 - LR: 1.0000e-05
INFO - 04/10/26 19:33:26 - 0:26:52 -   14150 - 1274.39 equations/s - 81560.71 words/s - MEM: 1.36 GB - LOSS:  1.4808 || ACC1: 30.0938 || ACC2: 37.6875 - LR: 1.0000e-05
INFO - 04/10/26 19:33:31 - 0:26:56 -   14200 - 1330.97 equations/s - 85182.10 words/s - MEM: 1.36 GB - LOSS:  1.4801 || ACC1: 31.0156 || ACC2: 38.4688 - LR: 1.0000e-05
INFO - 04/10/26 19:33:36 - 0:27:01 -   14250 - 1291.30 equations/s - 82643.23 words/s - MEM: 1.36 GB - LOSS:  1.4810 || ACC1: 29.9531 || ACC2: 37.1719 - LR: 1.0000e-05
INFO - 04/10/26 19:33:45 - 0:27:10 -   14300 -  767.00 equations/s - 49088.06 words/s - MEM: 1.36 GB - LOSS:  1.4805 || ACC1: 30.7500 || ACC2: 37.8906 - LR: 1.0000e-05
INFO - 04/10/26 19:33:49 - 0:27:14 -   14350 - 1371.84 equations/s - 87797.55 words/s - MEM: 1.36 GB - LOSS:  1.4827 || ACC1: 29.5938 || ACC2: 37.1875 - LR: 1.0000e-05
INFO - 04/10/26 19:33:54 - 0:27:19 -   14400 - 1325.96 equations/s - 84861.51 words/s - MEM: 1.36 GB - LOSS:  1.4808 || ACC1: 30.9688 || ACC2: 38.5156 - LR: 1.0000e-05
INFO - 04/10/26 19:33:59 - 0:27:24 -   14450 - 1352.71 equations/s - 86573.74 words/s - MEM: 1.36 GB - LOSS:  1.4818 || ACC1: 30.0000 || ACC2: 37.1719 - LR: 1.0000e-05
INFO - 04/10/26 19:34:04 - 0:27:29 -   14500 - 1346.08 equations/s - 86148.97 words/s - MEM: 1.36 GB - LOSS:  1.4768 || ACC1: 30.4688 || ACC2: 37.4688 - LR: 1.0000e-05
INFO - 04/10/26 19:34:08 - 0:27:33 -   14550 - 1336.08 equations/s - 85508.88 words/s - MEM: 1.36 GB - LOSS:  1.4749 || ACC1: 30.7500 || ACC2: 38.0625 - LR: 1.0000e-05
INFO - 04/10/26 19:34:16 - 0:27:42 -   14600 -  781.65 equations/s - 50025.62 words/s - MEM: 1.36 GB - LOSS:  1.4846 || ACC1: 30.5156 || ACC2: 37.7500 - LR: 1.0000e-05
INFO - 04/10/26 19:34:21 - 0:27:46 -   14650 - 1380.45 equations/s - 88348.83 words/s - MEM: 1.36 GB - LOSS:  1.4873 || ACC1: 27.9844 || ACC2: 35.8438 - LR: 1.0000e-05
INFO - 04/10/26 19:34:26 - 0:27:51 -   14700 - 1321.77 equations/s - 84593.16 words/s - MEM: 1.36 GB - LOSS:  1.4842 || ACC1: 30.0000 || ACC2: 37.0000 - LR: 1.0000e-05
INFO - 04/10/26 19:34:31 - 0:27:56 -   14750 - 1305.71 equations/s - 83565.67 words/s - MEM: 1.36 GB - LOSS:  1.4797 || ACC1: 30.4844 || ACC2: 38.0625 - LR: 1.0000e-05
INFO - 04/10/26 19:34:36 - 0:28:01 -   14800 - 1367.56 equations/s - 87523.55 words/s - MEM: 1.36 GB - LOSS:  1.4845 || ACC1: 29.5000 || ACC2: 36.6719 - LR: 1.0000e-05
INFO - 04/10/26 19:34:40 - 0:28:05 -   14850 - 1347.54 equations/s - 86242.73 words/s - MEM: 1.36 GB - LOSS:  1.4772 || ACC1: 30.4531 || ACC2: 37.9375 - LR: 1.0000e-05
INFO - 04/10/26 19:34:45 - 0:28:10 -   14900 - 1260.70 equations/s - 80685.05 words/s - MEM: 1.36 GB - LOSS:  1.4783 || ACC1: 29.3594 || ACC2: 37.1406 - LR: 1.0000e-05
INFO - 04/10/26 19:34:54 - 0:28:19 -   14950 -  737.17 equations/s - 47179.01 words/s - MEM: 1.36 GB - LOSS:  1.4783 || ACC1: 30.0938 || ACC2: 37.5156 - LR: 1.0000e-05
INFO - 04/10/26 19:34:59 - 0:28:24 -   15000 - 1301.71 equations/s - 83309.29 words/s - MEM: 1.36 GB - LOSS:  1.4863 || ACC1: 29.6875 || ACC2: 38.1250 - LR: 1.0000e-05
INFO - 04/10/26 19:35:04 - 0:28:29 -   15050 - 1372.54 equations/s - 87842.60 words/s - MEM: 1.36 GB - LOSS:  1.4765 || ACC1: 30.5781 || ACC2: 38.2656 - LR: 1.0000e-05
INFO - 04/10/26 19:35:08 - 0:28:33 -   15100 - 1363.63 equations/s - 87272.28 words/s - MEM: 1.36 GB - LOSS:  1.4802 || ACC1: 30.1406 || ACC2: 37.7812 - LR: 1.0000e-05
INFO - 04/10/26 19:35:13 - 0:28:38 -   15150 - 1371.67 equations/s - 87786.99 words/s - MEM: 1.36 GB - LOSS:  1.4797 || ACC1: 30.4375 || ACC2: 37.8906 - LR: 1.0000e-05
INFO - 04/10/26 19:35:18 - 0:28:43 -   15200 - 1326.18 equations/s - 84875.23 words/s - MEM: 1.36 GB - LOSS:  1.4768 || ACC1: 29.6562 || ACC2: 37.0312 - LR: 1.0000e-05
INFO - 04/10/26 19:35:23 - 0:28:48 -   15250 - 1340.44 equations/s - 85788.47 words/s - MEM: 1.36 GB - LOSS:  1.4758 || ACC1: 29.9531 || ACC2: 38.2969 - LR: 1.0000e-05
INFO - 04/10/26 19:35:31 - 0:28:56 -   15300 -  782.49 equations/s - 50079.11 words/s - MEM: 1.36 GB - LOSS:  1.4809 || ACC1: 29.0938 || ACC2: 37.0625 - LR: 1.0000e-05
INFO - 04/10/26 19:35:36 - 0:29:01 -   15350 - 1314.53 equations/s - 84130.16 words/s - MEM: 1.36 GB - LOSS:  1.4799 || ACC1: 29.7656 || ACC2: 38.1094 - LR: 1.0000e-05
INFO - 04/10/26 19:35:40 - 0:29:06 -   15400 - 1336.63 equations/s - 85544.46 words/s - MEM: 1.36 GB - LOSS:  1.4773 || ACC1: 29.9375 || ACC2: 38.2188 - LR: 1.0000e-05
INFO - 04/10/26 19:35:45 - 0:29:10 -   15450 - 1345.68 equations/s - 86123.24 words/s - MEM: 1.36 GB - LOSS:  1.4820 || ACC1: 30.6719 || ACC2: 37.5625 - LR: 1.0000e-05
INFO - 04/10/26 19:35:50 - 0:29:15 -   15500 - 1312.62 equations/s - 84007.90 words/s - MEM: 1.36 GB - LOSS:  1.4774 || ACC1: 30.2812 || ACC2: 38.6094 - LR: 1.0000e-05
INFO - 04/10/26 19:35:55 - 0:29:20 -   15550 - 1337.47 equations/s - 85597.84 words/s - MEM: 1.36 GB - LOSS:  1.4744 || ACC1: 30.6562 || ACC2: 38.5000 - LR: 1.0000e-05
INFO - 04/10/26 19:36:00 - 0:29:25 -   15600 - 1353.51 equations/s - 86624.88 words/s - MEM: 1.36 GB - LOSS:  1.4674 || ACC1: 30.6406 || ACC2: 38.3594 - LR: 1.0000e-05
INFO - 04/10/26 19:36:06 - 0:29:31 -   15630 -  589.72 equations/s - 37742.39 words/s - MEM: 1.36 GB - LOSS:  1.4824 || ACC1: 30.7031 || ACC2: 38.7760 - LR: 1.0000e-05
INFO - 04/10/26 19:36:06 - 0:29:31 - ============ End of epoch 9 ============
INFO - 04/10/26 19:36:06 - 0:29:31 - Starting Distinguisher Method
INFO - 04/10/26 19:36:20 - 0:29:45 - Distinguishing 0s using the emd. 
INFO - 04/10/26 19:36:20 - 0:29:45 - Distinguishing +/-1s using the emd. 
INFO - 04/10/26 19:36:20 - 0:29:45 - Real secret: -1: {np.int64(2), np.int64(27), np.int64(12)}, 1: {np.int64(0), np.int64(1), np.int64(5), np.int64(13), np.int64(14), np.int64(22), np.int64(24)}
INFO - 04/10/26 19:36:20 - 0:29:45 - Distinguishing +/-1s using the mean. 
INFO - 04/10/26 19:36:20 - 0:29:45 - Real secret: -1: {np.int64(2), np.int64(27), np.int64(12)}, 1: {np.int64(0), np.int64(1), np.int64(5), np.int64(13), np.int64(14), np.int64(22), np.int64(24)}
INFO - 04/10/26 19:36:20 - 0:29:45 - Distinguishing 0s using the mean. 
INFO - 04/10/26 19:36:20 - 0:29:45 - Distinguishing +/-1s using the emd. 
INFO - 04/10/26 19:36:20 - 0:29:45 - Real secret: -1: {np.int64(2), np.int64(27), np.int64(12)}, 1: {np.int64(0), np.int64(1), np.int64(5), np.int64(13), np.int64(14), np.int64(22), np.int64(24)}
INFO - 04/10/26 19:36:20 - 0:29:45 - Distinguishing +/-1s using the mean. 
INFO - 04/10/26 19:36:20 - 0:29:45 - Real secret: -1: {np.int64(2), np.int64(27), np.int64(12)}, 1: {np.int64(0), np.int64(1), np.int64(5), np.int64(13), np.int64(14), np.int64(22), np.int64(24)}
INFO - 04/10/26 19:36:20 - 0:29:45 - Starting Direct Method
INFO - 04/10/26 19:36:20 - 0:29:45 - Direct:  K=53
INFO - 04/10/26 19:36:20 - 0:29:45 - Direct:  K=31
INFO - 04/10/26 19:36:20 - 0:29:45 - Direct:  K=36
INFO - 04/10/26 19:36:20 - 0:29:45 - Direct:  K=59
INFO - 04/10/26 19:36:20 - 0:29:45 - Direct:  K=84
INFO - 04/10/26 19:36:21 - 0:29:46 - Direct:  K=74
INFO - 04/10/26 19:36:21 - 0:29:46 - Direct:  K=87
INFO - 04/10/26 19:36:21 - 0:29:46 - Direct:  K=36
INFO - 04/10/26 19:36:21 - 0:29:46 - Direct:  K=50
INFO - 04/10/26 19:36:21 - 0:29:46 - Direct:  K=92
INFO - 04/10/26 19:36:21 - 0:29:46 - Direct:  K=80
INFO - 04/10/26 19:36:21 - 0:29:46 - Direct:  K=81
INFO - 04/10/26 19:36:21 - 0:29:46 - Direct:  K=59
INFO - 04/10/26 19:36:21 - 0:29:47 - Direct:  K=53
INFO - 04/10/26 19:36:21 - 0:29:47 - Direct:  K=53
INFO - 04/10/26 19:36:22 - 0:29:47 - Direct: secret not predicted. (true secret = [ 1  1 -1  0  0  1  0  0  0  0  0  0 -1  1  1  0  0  0  0  0  0  0  1  0
                                       1  0  0 -1  0  0], predicted secret = [0 0 0 0 0 1 0 0 0 0 0 0 1 1 0 0 0 0 0 0 1 0 0 0 1 0 0 1 0 0], true support = [1 1 1 0 0 1 0 0 0 0 0 0 1 1 1 0 0 0 0 0 0 0 1 0 1 0 0 1 0 0], predicted support = [0 0 0 0 0 1 0 0 0 0 0 0 1 1 0 0 0 0 0 0 1 0 0 0 1 0 0 1 0 0])
INFO - 04/10/26 19:36:31 - 0:29:56 - CA: secret not predicted. (true secret = [ 1  1 -1  0  0  1  0  0  0  0  0  0 -1  1  1  0  0  0  0  0  0  0  1  0
                                       1  0  0 -1  0  0], predicted secret = [1 1 0 0 0 0 0 0 0 0 0 0 1 1 0 0 0 0 0 0 0 0 1 0 1 0 0 0 0 0], true support = [1 1 1 0 0 1 0 0 0 0 0 0 1 1 1 0 0 0 0 0 0 0 1 0 1 0 0 1 0 0], predicted support = [1 1 0 0 0 0 0 0 0 0 0 0 1 1 0 0 0 0 0 0 0 0 1 0 1 0 0 0 0 0])
INFO - 04/10/26 19:36:31 - 0:29:56 - CA: secret not predicted. (true secret = [ 1  1 -1  0  0  1  0  0  0  0  0  0 -1  1  1  0  0  0  0  0  0  0  1  0
                                       1  0  0 -1  0  0], predicted secret = [0 0 0 0 1 0 0 0 0 0 0 0 0 0 1 0 0 0 1 1 1 0 0 0 0 0 0 0 0 1], true support = [1 1 1 0 0 1 0 0 0 0 0 0 1 1 1 0 0 0 0 0 0 0 1 0 1 0 0 1 0 0], predicted support = [0 0 0 0 1 0 0 0 0 0 0 0 0 0 1 0 0 0 1 1 1 0 0 0 0 0 0 0 0 1])
INFO - 04/10/26 19:36:31 - 0:29:56 - Hybrid: direct, ca
INFO - 04/10/26 19:36:31 - 0:29:56 - direct, ca - Sum Normalized: secret not predicted. (true secret = [ 1  1 -1  0  0  1  0  0  0  0  0  0 -1  1  1  0  0  0  0  0  0  0  1  0
                                       1  0  0 -1  0  0], predicted secret = [1 1 0 0 0 0 0 0 0 0 0 0 1 1 0 0 0 0 0 0 1 0 0 0 1 0 0 0 0 0], true support = [1 1 1 0 0 1 0 0 0 0 0 0 1 1 1 0 0 0 0 0 0 0 1 0 1 0 0 1 0 0], predicted support = [1 1 0 0 0 0 0 0 0 0 0 0 1 1 0 0 0 0 0 0 1 0 0 0 1 0 0 0 0 0])
INFO - 04/10/26 19:36:31 - 0:29:56 - direct, ca - Max Normalized: secret not predicted. (true secret = [ 1  1 -1  0  0  1  0  0  0  0  0  0 -1  1  1  0  0  0  0  0  0  0  1  0
                                       1  0  0 -1  0  0], predicted secret = [1 1 0 0 0 0 0 0 0 0 0 0 0 1 1 0 0 0 0 0 0 0 1 0 1 0 0 0 0 0], true support = [1 1 1 0 0 1 0 0 0 0 0 0 1 1 1 0 0 0 0 0 0 0 1 0 1 0 0 1 0 0], predicted support = [1 1 0 0 0 0 0 0 0 0 0 0 0 1 1 0 0 0 0 0 0 0 1 0 1 0 0 0 0 0])
INFO - 04/10/26 19:36:31 - 0:29:56 - direct, ca - Sum Rank: secret not predicted. (true secret = [ 1  1 -1  0  0  1  0  0  0  0  0  0 -1  1  1  0  0  0  0  0  0  0  1  0
                                       1  0  0 -1  0  0], predicted secret = [1 1 0 0 0 0 0 0 0 0 0 0 1 1 0 0 0 0 0 0 1 0 0 0 1 0 0 0 0 0], true support = [1 1 1 0 0 1 0 0 0 0 0 0 1 1 1 0 0 0 0 0 0 0 1 0 1 0 0 1 0 0], predicted support = [1 1 0 0 0 0 0 0 0 0 0 0 1 1 0 0 0 0 0 0 1 0 0 0 1 0 0 0 0 0])
INFO - 04/10/26 19:36:31 - 0:29:56 - direct, ca - Max Rank: secret not predicted. (true secret = [ 1  1 -1  0  0  1  0  0  0  0  0  0 -1  1  1  0  0  0  0  0  0  0  1  0
                                       1  0  0 -1  0  0], predicted secret = [1 1 0 0 0 0 0 0 0 0 0 0 0 1 0 0 0 0 0 0 1 0 0 0 1 0 0 1 0 0], true support = [1 1 1 0 0 1 0 0 0 0 0 0 1 1 1 0 0 0 0 0 0 0 1 0 1 0 0 1 0 0], predicted support = [1 1 0 0 0 0 0 0 0 0 0 0 0 1 0 0 0 0 0 0 1 0 0 0 1 0 0 1 0 0])
INFO - 04/10/26 19:36:31 - 0:29:56 - Hybrid: direct, distinguisher
INFO - 04/10/26 19:36:31 - 0:29:56 - direct, distinguisher - Sum Normalized: secret not predicted. (true secret = [ 1  1 -1  0  0  1  0  0  0  0  0  0 -1  1  1  0  0  0  0  0  0  0  1  0
                                       1  0  0 -1  0  0], predicted secret = [0 1 0 0 0 0 0 0 0 0 0 0 1 1 1 0 0 0 0 0 0 0 0 0 1 0 0 1 0 0], true support = [1 1 1 0 0 1 0 0 0 0 0 0 1 1 1 0 0 0 0 0 0 0 1 0 1 0 0 1 0 0], predicted support = [0 1 0 0 0 0 0 0 0 0 0 0 1 1 1 0 0 0 0 0 0 0 0 0 1 0 0 1 0 0])
INFO - 04/10/26 19:36:31 - 0:29:56 - direct, distinguisher - Max Normalized: secret not predicted. (true secret = [ 1  1 -1  0  0  1  0  0  0  0  0  0 -1  1  1  0  0  0  0  0  0  0  1  0
                                       1  0  0 -1  0  0], predicted secret = [0 1 1 0 0 0 0 0 0 0 0 0 0 1 1 0 0 0 0 0 0 0 1 0 0 0 0 1 0 0], true support = [1 1 1 0 0 1 0 0 0 0 0 0 1 1 1 0 0 0 0 0 0 0 1 0 1 0 0 1 0 0], predicted support = [0 1 1 0 0 0 0 0 0 0 0 0 0 1 1 0 0 0 0 0 0 0 1 0 0 0 0 1 0 0])
INFO - 04/10/26 19:36:31 - 0:29:56 - direct, distinguisher - Sum Rank: secret not predicted. (true secret = [ 1  1 -1  0  0  1  0  0  0  0  0  0 -1  1  1  0  0  0  0  0  0  0  1  0
                                       1  0  0 -1  0  0], predicted secret = [0 1 1 0 0 0 0 0 0 0 0 0 1 1 1 0 0 0 0 0 0 0 0 0 0 0 0 1 0 0], true support = [1 1 1 0 0 1 0 0 0 0 0 0 1 1 1 0 0 0 0 0 0 0 1 0 1 0 0 1 0 0], predicted support = [0 1 1 0 0 0 0 0 0 0 0 0 1 1 1 0 0 0 0 0 0 0 0 0 0 0 0 1 0 0])
INFO - 04/10/26 19:36:31 - 0:29:56 - direct, distinguisher - Max Rank: secret not predicted. (true secret = [ 1  1 -1  0  0  1  0  0  0  0  0  0 -1  1  1  0  0  0  0  0  0  0  1  0
                                       1  0  0 -1  0  0], predicted secret = [0 1 1 0 0 0 0 0 0 0 0 0 0 1 1 0 0 0 0 0 1 0 0 0 0 0 0 1 0 0], true support = [1 1 1 0 0 1 0 0 0 0 0 0 1 1 1 0 0 0 0 0 0 0 1 0 1 0 0 1 0 0], predicted support = [0 1 1 0 0 0 0 0 0 0 0 0 0 1 1 0 0 0 0 0 1 0 0 0 0 0 0 1 0 0])
INFO - 04/10/26 19:36:31 - 0:29:56 - Hybrid: ca, distinguisher
INFO - 04/10/26 19:36:31 - 0:29:56 - ca, distinguisher - Sum Normalized: secret not predicted. (true secret = [ 1  1 -1  0  0  1  0  0  0  0  0  0 -1  1  1  0  0  0  0  0  0  0  1  0
                                       1  0  0 -1  0  0], predicted secret = [1 1 0 0 0 0 0 0 0 0 0 0 0 1 1 0 0 0 0 0 0 0 1 0 1 0 0 0 0 0], true support = [1 1 1 0 0 1 0 0 0 0 0 0 1 1 1 0 0 0 0 0 0 0 1 0 1 0 0 1 0 0], predicted support = [1 1 0 0 0 0 0 0 0 0 0 0 0 1 1 0 0 0 0 0 0 0 1 0 1 0 0 0 0 0])
INFO - 04/10/26 19:36:31 - 0:29:56 - ca, distinguisher - Max Normalized: secret not predicted. (true secret = [ 1  1 -1  0  0  1  0  0  0  0  0  0 -1  1  1  0  0  0  0  0  0  0  1  0
                                       1  0  0 -1  0  0], predicted secret = [0 1 1 0 0 0 0 0 0 0 0 0 0 1 1 0 0 0 0 0 0 0 1 0 0 0 0 1 0 0], true support = [1 1 1 0 0 1 0 0 0 0 0 0 1 1 1 0 0 0 0 0 0 0 1 0 1 0 0 1 0 0], predicted support = [0 1 1 0 0 0 0 0 0 0 0 0 0 1 1 0 0 0 0 0 0 0 1 0 0 0 0 1 0 0])
INFO - 04/10/26 19:36:31 - 0:29:56 - ca, distinguisher - Sum Rank: secret not predicted. (true secret = [ 1  1 -1  0  0  1  0  0  0  0  0  0 -1  1  1  0  0  0  0  0  0  0  1  0
                                       1  0  0 -1  0  0], predicted secret = [0 1 1 0 0 0 0 0 0 0 0 0 0 1 1 0 0 0 0 0 0 0 1 0 1 0 0 0 0 0], true support = [1 1 1 0 0 1 0 0 0 0 0 0 1 1 1 0 0 0 0 0 0 0 1 0 1 0 0 1 0 0], predicted support = [0 1 1 0 0 0 0 0 0 0 0 0 0 1 1 0 0 0 0 0 0 0 1 0 1 0 0 0 0 0])
INFO - 04/10/26 19:36:31 - 0:29:56 - ca, distinguisher - Max Rank: secret not predicted. (true secret = [ 1  1 -1  0  0  1  0  0  0  0  0  0 -1  1  1  0  0  0  0  0  0  0  1  0
                                       1  0  0 -1  0  0], predicted secret = [1 1 1 0 0 0 0 0 0 0 0 0 0 1 1 0 0 0 0 0 0 0 0 0 1 0 0 0 0 0], true support = [1 1 1 0 0 1 0 0 0 0 0 0 1 1 1 0 0 0 0 0 0 0 1 0 1 0 0 1 0 0], predicted support = [1 1 1 0 0 0 0 0 0 0 0 0 0 1 1 0 0 0 0 0 0 0 0 0 1 0 0 0 0 0])
INFO - 04/10/26 19:36:31 - 0:29:56 - Hybrid: direct, ca, distinguisher
INFO - 04/10/26 19:36:31 - 0:29:56 - direct, ca, distinguisher - Sum Normalized: secret not predicted. (true secret = [ 1  1 -1  0  0  1  0  0  0  0  0  0 -1  1  1  0  0  0  0  0  0  0  1  0
                                       1  0  0 -1  0  0], predicted secret = [1 1 0 0 0 0 0 0 0 0 0 0 1 1 0 0 0 0 0 0 0 0 1 0 1 0 0 0 0 0], true support = [1 1 1 0 0 1 0 0 0 0 0 0 1 1 1 0 0 0 0 0 0 0 1 0 1 0 0 1 0 0], predicted support = [1 1 0 0 0 0 0 0 0 0 0 0 1 1 0 0 0 0 0 0 0 0 1 0 1 0 0 0 0 0])
INFO - 04/10/26 19:36:31 - 0:29:56 - direct, ca, distinguisher - Max Normalized: secret not predicted. (true secret = [ 1  1 -1  0  0  1  0  0  0  0  0  0 -1  1  1  0  0  0  0  0  0  0  1  0
                                       1  0  0 -1  0  0], predicted secret = [0 1 1 0 0 0 0 0 0 0 0 0 0 1 1 0 0 0 0 0 0 0 1 0 0 0 0 1 0 0], true support = [1 1 1 0 0 1 0 0 0 0 0 0 1 1 1 0 0 0 0 0 0 0 1 0 1 0 0 1 0 0], predicted support = [0 1 1 0 0 0 0 0 0 0 0 0 0 1 1 0 0 0 0 0 0 0 1 0 0 0 0 1 0 0])
INFO - 04/10/26 19:36:31 - 0:29:56 - direct, ca, distinguisher - Sum Rank: secret not predicted. (true secret = [ 1  1 -1  0  0  1  0  0  0  0  0  0 -1  1  1  0  0  0  0  0  0  0  1  0
                                       1  0  0 -1  0  0], predicted secret = [1 1 0 0 0 0 0 0 0 0 0 0 1 1 1 0 0 0 0 0 0 0 0 0 1 0 0 0 0 0], true support = [1 1 1 0 0 1 0 0 0 0 0 0 1 1 1 0 0 0 0 0 0 0 1 0 1 0 0 1 0 0], predicted support = [1 1 0 0 0 0 0 0 0 0 0 0 1 1 1 0 0 0 0 0 0 0 0 0 1 0 0 0 0 0])
INFO - 04/10/26 19:36:31 - 0:29:56 - direct, ca, distinguisher - Max Rank: secret not predicted. (true secret = [ 1  1 -1  0  0  1  0  0  0  0  0  0 -1  1  1  0  0  0  0  0  0  0  1  0
                                       1  0  0 -1  0  0], predicted secret = [1 1 1 0 0 0 0 0 0 0 0 0 0 1 1 0 0 0 0 0 0 0 0 0 0 0 0 1 0 0], true support = [1 1 1 0 0 1 0 0 0 0 0 0 1 1 1 0 0 0 0 0 0 0 1 0 1 0 0 1 0 0], predicted support = [1 1 1 0 0 0 0 0 0 0 0 0 0 1 1 0 0 0 0 0 0 0 0 0 0 0 0 1 0 0])
INFO - 04/10/26 19:36:31 - 0:29:56 - Epoch 9 metrics | train_loss: 1.479876 | train_acc1: 30.110865 | train_acc2: 37.698437 | valid_xe_loss: 1.505874 | valid_acc1: 25.632911 | valid_acc2: 31.180775
INFO - 04/10/26 19:36:31 - 0:29:56 - __log__:{"train_loss": 1.479876076572611, "train_acc1": 30.11086452335253, "train_acc2": 37.6984365003199, "epoch": 9, "valid_xe_loss": 1.5058741312992723, "valid_acc1": 25.632911392405063, "valid_acc2": 31.180775316455698}
INFO - 04/10/26 19:36:31 - 0:29:56 - Saving checkpoint to /home/yu_mcc/PQC_salsa/runs/n30_q127_h3_1m/train_gpu_proposed_ternary_h10_secret0_init0_paperlike/checkpoint.pth ...
WARNING - 04/10/26 19:36:31 - 0:29:56 - Saving encoder parameters ...
WARNING - 04/10/26 19:36:31 - 0:29:56 - Saving decoder parameters ...
WARNING - 04/10/26 19:36:31 - 0:29:56 - Saving optimizer ...
INFO - 04/10/26 19:36:31 - 0:29:56 - ============ Starting epoch 10 ... ============
INFO - 04/10/26 19:36:33 - 0:29:58 -   15650 -   95.30 equations/s -  6099.18 words/s - MEM: 1.36 GB - LOSS:  1.4774 || ACC1: 30.9375 || ACC2: 38.0469 - LR: 1.0000e-05
INFO - 04/10/26 19:36:41 - 0:30:06 -   15700 -  773.65 equations/s - 49513.35 words/s - MEM: 1.36 GB - LOSS:  1.4765 || ACC1: 30.0312 || ACC2: 37.4531 - LR: 1.0000e-05
INFO - 04/10/26 19:36:46 - 0:30:11 -   15750 - 1378.77 equations/s - 88241.21 words/s - MEM: 1.36 GB - LOSS:  1.4749 || ACC1: 30.4688 || ACC2: 37.3438 - LR: 1.0000e-05
INFO - 04/10/26 19:36:50 - 0:30:16 -   15800 - 1387.62 equations/s - 88807.44 words/s - MEM: 1.36 GB - LOSS:  1.4769 || ACC1: 30.2969 || ACC2: 38.1562 - LR: 1.0000e-05
INFO - 04/10/26 19:36:55 - 0:30:20 -   15850 - 1323.11 equations/s - 84679.33 words/s - MEM: 1.36 GB - LOSS:  1.4749 || ACC1: 30.2812 || ACC2: 38.6875 - LR: 1.0000e-05
INFO - 04/10/26 19:37:00 - 0:30:25 -   15900 - 1394.88 equations/s - 89272.35 words/s - MEM: 1.36 GB - LOSS:  1.4763 || ACC1: 30.1094 || ACC2: 38.4531 - LR: 1.0000e-05
INFO - 04/10/26 19:37:05 - 0:30:30 -   15950 - 1364.04 equations/s - 87298.54 words/s - MEM: 1.36 GB - LOSS:  1.4752 || ACC1: 29.8906 || ACC2: 37.6094 - LR: 1.0000e-05
INFO - 04/10/26 19:37:09 - 0:30:35 -   16000 - 1307.89 equations/s - 83705.11 words/s - MEM: 1.36 GB - LOSS:  1.4713 || ACC1: 30.3594 || ACC2: 38.1719 - LR: 1.0000e-05
INFO - 04/10/26 19:37:18 - 0:30:43 -   16050 -  755.91 equations/s - 48378.21 words/s - MEM: 1.36 GB - LOSS:  1.4705 || ACC1: 31.3750 || ACC2: 38.8594 - LR: 1.0000e-05
INFO - 04/10/26 19:37:23 - 0:30:48 -   16100 - 1290.21 equations/s - 82573.72 words/s - MEM: 1.36 GB - LOSS:  1.4736 || ACC1: 30.0938 || ACC2: 38.0312 - LR: 1.0000e-05
INFO - 04/10/26 19:37:28 - 0:30:53 -   16150 - 1292.20 equations/s - 82701.00 words/s - MEM: 1.36 GB - LOSS:  1.4755 || ACC1: 30.7031 || ACC2: 37.9375 - LR: 1.0000e-05
INFO - 04/10/26 19:37:33 - 0:30:58 -   16200 - 1336.99 equations/s - 85567.31 words/s - MEM: 1.36 GB - LOSS:  1.4700 || ACC1: 31.2656 || ACC2: 39.0625 - LR: 1.0000e-05
INFO - 04/10/26 19:37:37 - 0:31:02 -   16250 - 1374.02 equations/s - 87937.02 words/s - MEM: 1.36 GB - LOSS:  1.4693 || ACC1: 31.4062 || ACC2: 39.5938 - LR: 1.0000e-05
INFO - 04/10/26 19:37:42 - 0:31:07 -   16300 - 1300.65 equations/s - 83241.72 words/s - MEM: 1.36 GB - LOSS:  1.4750 || ACC1: 30.2344 || ACC2: 37.7500 - LR: 1.0000e-05
INFO - 04/10/26 19:37:47 - 0:31:12 -   16350 - 1314.28 equations/s - 84113.98 words/s - MEM: 1.36 GB - LOSS:  1.4747 || ACC1: 31.2969 || ACC2: 38.9688 - LR: 1.0000e-05
INFO - 04/10/26 19:37:55 - 0:31:21 -   16400 -  770.54 equations/s - 49314.28 words/s - MEM: 1.36 GB - LOSS:  1.4749 || ACC1: 29.1719 || ACC2: 37.9062 - LR: 1.0000e-05
INFO - 04/10/26 19:38:00 - 0:31:25 -   16450 - 1370.25 equations/s - 87696.10 words/s - MEM: 1.36 GB - LOSS:  1.4731 || ACC1: 30.3438 || ACC2: 38.5156 - LR: 1.0000e-05
INFO - 04/10/26 19:38:05 - 0:31:30 -   16500 - 1389.18 equations/s - 88907.32 words/s - MEM: 1.36 GB - LOSS:  1.4704 || ACC1: 31.6094 || ACC2: 39.9531 - LR: 1.0000e-05
INFO - 04/10/26 19:38:09 - 0:31:35 -   16550 - 1357.16 equations/s - 86857.99 words/s - MEM: 1.36 GB - LOSS:  1.4681 || ACC1: 31.0469 || ACC2: 39.5000 - LR: 1.0000e-05
INFO - 04/10/26 19:38:14 - 0:31:39 -   16600 - 1387.52 equations/s - 88801.09 words/s - MEM: 1.36 GB - LOSS:  1.4686 || ACC1: 30.8438 || ACC2: 39.3750 - LR: 1.0000e-05
INFO - 04/10/26 19:38:19 - 0:31:44 -   16650 - 1394.30 equations/s - 89234.98 words/s - MEM: 1.36 GB - LOSS:  1.4739 || ACC1: 30.8750 || ACC2: 39.2188 - LR: 1.0000e-05
INFO - 04/10/26 19:38:23 - 0:31:48 -   16700 - 1392.76 equations/s - 89136.33 words/s - MEM: 1.36 GB - LOSS:  1.4688 || ACC1: 31.3750 || ACC2: 39.5156 - LR: 1.0000e-05
INFO - 04/10/26 19:38:31 - 0:31:57 -   16750 -  772.66 equations/s - 49450.29 words/s - MEM: 1.36 GB - LOSS:  1.4660 || ACC1: 30.6875 || ACC2: 38.9531 - LR: 1.0000e-05
INFO - 04/10/26 19:38:36 - 0:32:01 -   16800 - 1354.58 equations/s - 86692.84 words/s - MEM: 1.36 GB - LOSS:  1.4677 || ACC1: 30.2969 || ACC2: 38.6250 - LR: 1.0000e-05
INFO - 04/10/26 19:38:41 - 0:32:06 -   16850 - 1284.06 equations/s - 82179.83 words/s - MEM: 1.36 GB - LOSS:  1.4732 || ACC1: 31.0156 || ACC2: 39.0312 - LR: 1.0000e-05
INFO - 04/10/26 19:38:46 - 0:32:11 -   16900 - 1372.02 equations/s - 87809.32 words/s - MEM: 1.36 GB - LOSS:  1.4640 || ACC1: 31.0938 || ACC2: 39.5156 - LR: 1.0000e-05
INFO - 04/10/26 19:38:50 - 0:32:16 -   16950 - 1379.55 equations/s - 88291.45 words/s - MEM: 1.36 GB - LOSS:  1.4715 || ACC1: 30.0938 || ACC2: 37.9688 - LR: 1.0000e-05
INFO - 04/10/26 19:38:55 - 0:32:20 -   17000 - 1392.65 equations/s - 89129.52 words/s - MEM: 1.36 GB - LOSS:  1.4693 || ACC1: 30.8750 || ACC2: 38.5312 - LR: 1.0000e-05
INFO - 04/10/26 19:39:03 - 0:32:28 -   17050 -  772.48 equations/s - 49438.91 words/s - MEM: 1.36 GB - LOSS:  1.4648 || ACC1: 31.7344 || ACC2: 39.6562 - LR: 1.0000e-05
INFO - 04/10/26 19:39:08 - 0:32:33 -   17100 - 1363.30 equations/s - 87251.33 words/s - MEM: 1.36 GB - LOSS:  1.4696 || ACC1: 31.2344 || ACC2: 39.3438 - LR: 1.0000e-05
INFO - 04/10/26 19:39:13 - 0:32:38 -   17150 - 1331.99 equations/s - 85247.68 words/s - MEM: 1.36 GB - LOSS:  1.4717 || ACC1: 30.4062 || ACC2: 38.8281 - LR: 1.0000e-05
INFO - 04/10/26 19:39:17 - 0:32:42 -   17193 - 1408.99 equations/s - 90175.16 words/s - MEM: 1.36 GB - LOSS:  1.4684 || ACC1: 31.7769 || ACC2: 39.8074 - LR: 1.0000e-05
INFO - 04/10/26 19:39:17 - 0:32:42 - ============ End of epoch 10 ============
INFO - 04/10/26 19:39:17 - 0:32:42 - Starting Distinguisher Method
INFO - 04/10/26 19:39:30 - 0:32:55 - Distinguishing 0s using the emd. 
INFO - 04/10/26 19:39:30 - 0:32:55 - Distinguishing +/-1s using the emd. 
INFO - 04/10/26 19:39:30 - 0:32:55 - Real secret: -1: {np.int64(2), np.int64(27), np.int64(12)}, 1: {np.int64(0), np.int64(1), np.int64(5), np.int64(13), np.int64(14), np.int64(22), np.int64(24)}
INFO - 04/10/26 19:39:30 - 0:32:55 - Nonzero bits not identified. Guess: [ 9 13 24  5 22 12 14  2 27  0]
INFO - 04/10/26 19:39:30 - 0:32:55 - Distinguishing +/-1s using the mean. 
INFO - 04/10/26 19:39:30 - 0:32:55 - Real secret: -1: {np.int64(2), np.int64(27), np.int64(12)}, 1: {np.int64(0), np.int64(1), np.int64(5), np.int64(13), np.int64(14), np.int64(22), np.int64(24)}
INFO - 04/10/26 19:39:30 - 0:32:55 - Nonzero bits not identified. Guess: [ 9 13 24  5 22 12 14  2 27  0]
INFO - 04/10/26 19:39:30 - 0:32:55 - Distinguishing 0s using the mean. 
INFO - 04/10/26 19:39:30 - 0:32:55 - Distinguishing +/-1s using the emd. 
INFO - 04/10/26 19:39:30 - 0:32:55 - Real secret: -1: {np.int64(2), np.int64(27), np.int64(12)}, 1: {np.int64(0), np.int64(1), np.int64(5), np.int64(13), np.int64(14), np.int64(22), np.int64(24)}
INFO - 04/10/26 19:39:30 - 0:32:55 - Distinguishing +/-1s using the mean. 
INFO - 04/10/26 19:39:30 - 0:32:55 - Real secret: -1: {np.int64(2), np.int64(27), np.int64(12)}, 1: {np.int64(0), np.int64(1), np.int64(5), np.int64(13), np.int64(14), np.int64(22), np.int64(24)}
INFO - 04/10/26 19:39:30 - 0:32:55 - Starting Direct Method
INFO - 04/10/26 19:39:30 - 0:32:55 - Direct:  K=48
INFO - 04/10/26 19:39:30 - 0:32:55 - Direct:  K=55
INFO - 04/10/26 19:39:30 - 0:32:56 - Direct:  K=43
INFO - 04/10/26 19:39:30 - 0:32:56 - Direct:  K=83
INFO - 04/10/26 19:39:31 - 0:32:56 - Direct:  K=38
INFO - 04/10/26 19:39:31 - 0:32:56 - Direct:  K=62
INFO - 04/10/26 19:39:31 - 0:32:56 - Direct:  K=75
INFO - 04/10/26 19:39:31 - 0:32:56 - Direct:  K=86
INFO - 04/10/26 19:39:31 - 0:32:56 - Direct:  K=55
INFO - 04/10/26 19:39:31 - 0:32:56 - Direct:  K=60
INFO - 04/10/26 19:39:31 - 0:32:57 - Direct:  K=60
INFO - 04/10/26 19:39:32 - 0:32:57 - Direct:  K=67
INFO - 04/10/26 19:39:32 - 0:32:57 - Direct:  K=42
INFO - 04/10/26 19:39:32 - 0:32:57 - Direct:  K=36
INFO - 04/10/26 19:39:32 - 0:32:57 - Direct:  K=52
INFO - 04/10/26 19:39:32 - 0:32:57 - Direct: secret not predicted. (true secret = [ 1  1 -1  0  0  1  0  0  0  0  0  0 -1  1  1  0  0  0  0  0  0  0  1  0
                                       1  0  0 -1  0  0], predicted secret = [0 0 1 0 0 1 0 0 0 0 0 0 1 1 0 0 0 0 0 0 0 0 1 0 0 0 0 1 0 0], true support = [1 1 1 0 0 1 0 0 0 0 0 0 1 1 1 0 0 0 0 0 0 0 1 0 1 0 0 1 0 0], predicted support = [0 0 1 0 0 1 0 0 0 0 0 0 1 1 0 0 0 0 0 0 0 0 1 0 0 0 0 1 0 0])
INFO - 04/10/26 19:39:45 - 0:33:10 - CA: secret not predicted. (true secret = [ 1  1 -1  0  0  1  0  0  0  0  0  0 -1  1  1  0  0  0  0  0  0  0  1  0
                                       1  0  0 -1  0  0], predicted secret = [1 1 1 0 0 0 0 0 0 0 0 0 0 1 0 0 0 0 0 0 0 0 1 0 1 0 0 0 0 0], true support = [1 1 1 0 0 1 0 0 0 0 0 0 1 1 1 0 0 0 0 0 0 0 1 0 1 0 0 1 0 0], predicted support = [1 1 1 0 0 0 0 0 0 0 0 0 0 1 0 0 0 0 0 0 0 0 1 0 1 0 0 0 0 0])
INFO - 04/10/26 19:39:45 - 0:33:10 - CA: secret not predicted. (true secret = [ 1  1 -1  0  0  1  0  0  0  0  0  0 -1  1  1  0  0  0  0  0  0  0  1  0
                                       1  0  0 -1  0  0], predicted secret = [1 0 0 0 1 0 0 0 0 0 1 1 0 0 0 0 0 0 1 0 1 0 0 0 0 0 0 0 0 0], true support = [1 1 1 0 0 1 0 0 0 0 0 0 1 1 1 0 0 0 0 0 0 0 1 0 1 0 0 1 0 0], predicted support = [1 0 0 0 1 0 0 0 0 0 1 1 0 0 0 0 0 0 1 0 1 0 0 0 0 0 0 0 0 0])
INFO - 04/10/26 19:39:45 - 0:33:10 - Hybrid: direct, ca
INFO - 04/10/26 19:39:45 - 0:33:10 - direct, ca - Sum Normalized: secret not predicted. (true secret = [ 1  1 -1  0  0  1  0  0  0  0  0  0 -1  1  1  0  0  0  0  0  0  0  1  0
                                       1  0  0 -1  0  0], predicted secret = [1 0 0 0 0 0 0 0 0 0 0 0 1 1 0 0 0 0 0 0 0 0 1 0 1 0 0 1 0 0], true support = [1 1 1 0 0 1 0 0 0 0 0 0 1 1 1 0 0 0 0 0 0 0 1 0 1 0 0 1 0 0], predicted support = [1 0 0 0 0 0 0 0 0 0 0 0 1 1 0 0 0 0 0 0 0 0 1 0 1 0 0 1 0 0])
INFO - 04/10/26 19:39:45 - 0:33:10 - direct, ca - Max Normalized: secret not predicted. (true secret = [ 1  1 -1  0  0  1  0  0  0  0  0  0 -1  1  1  0  0  0  0  0  0  0  1  0
                                       1  0  0 -1  0  0], predicted secret = [1 0 0 0 0 0 0 0 0 0 0 0 0 1 0 0 0 0 0 0 1 0 1 0 1 0 0 1 0 0], true support = [1 1 1 0 0 1 0 0 0 0 0 0 1 1 1 0 0 0 0 0 0 0 1 0 1 0 0 1 0 0], predicted support = [1 0 0 0 0 0 0 0 0 0 0 0 0 1 0 0 0 0 0 0 1 0 1 0 1 0 0 1 0 0])
INFO - 04/10/26 19:39:45 - 0:33:10 - direct, ca - Sum Rank: secret not predicted. (true secret = [ 1  1 -1  0  0  1  0  0  0  0  0  0 -1  1  1  0  0  0  0  0  0  0  1  0
                                       1  0  0 -1  0  0], predicted secret = [0 0 1 0 0 1 0 0 0 0 0 0 1 1 0 0 0 0 0 0 0 0 1 0 1 0 0 0 0 0], true support = [1 1 1 0 0 1 0 0 0 0 0 0 1 1 1 0 0 0 0 0 0 0 1 0 1 0 0 1 0 0], predicted support = [0 0 1 0 0 1 0 0 0 0 0 0 1 1 0 0 0 0 0 0 0 0 1 0 1 0 0 0 0 0])
INFO - 04/10/26 19:39:45 - 0:33:10 - direct, ca - Max Rank: secret not predicted. (true secret = [ 1  1 -1  0  0  1  0  0  0  0  0  0 -1  1  1  0  0  0  0  0  0  0  1  0
                                       1  0  0 -1  0  0], predicted secret = [1 0 0 0 0 1 0 0 0 0 0 0 1 1 0 0 0 0 0 0 0 0 0 0 1 0 0 1 0 0], true support = [1 1 1 0 0 1 0 0 0 0 0 0 1 1 1 0 0 0 0 0 0 0 1 0 1 0 0 1 0 0], predicted support = [1 0 0 0 0 1 0 0 0 0 0 0 1 1 0 0 0 0 0 0 0 0 0 0 1 0 0 1 0 0])
INFO - 04/10/26 19:39:45 - 0:33:10 - Hybrid: direct, distinguisher
INFO - 04/10/26 19:39:45 - 0:33:10 - direct, distinguisher - Sum Normalized: secret not predicted. (true secret = [ 1  1 -1  0  0  1  0  0  0  0  0  0 -1  1  1  0  0  0  0  0  0  0  1  0
                                       1  0  0 -1  0  0], predicted secret = [0 1 1 0 0 1 0 0 0 0 0 0 1 1 0 0 0 0 0 0 0 0 0 0 0 0 0 1 0 0], true support = [1 1 1 0 0 1 0 0 0 0 0 0 1 1 1 0 0 0 0 0 0 0 1 0 1 0 0 1 0 0], predicted support = [0 1 1 0 0 1 0 0 0 0 0 0 1 1 0 0 0 0 0 0 0 0 0 0 0 0 0 1 0 0])
INFO - 04/10/26 19:39:45 - 0:33:10 - direct, distinguisher - Max Normalized: secret not predicted. (true secret = [ 1  1 -1  0  0  1  0  0  0  0  0  0 -1  1  1  0  0  0  0  0  0  0  1  0
                                       1  0  0 -1  0  0], predicted secret = [0 1 1 0 0 0 0 0 0 0 0 0 1 1 1 0 0 0 0 0 0 0 0 0 0 0 0 1 0 0], true support = [1 1 1 0 0 1 0 0 0 0 0 0 1 1 1 0 0 0 0 0 0 0 1 0 1 0 0 1 0 0], predicted support = [0 1 1 0 0 0 0 0 0 0 0 0 1 1 1 0 0 0 0 0 0 0 0 0 0 0 0 1 0 0])
INFO - 04/10/26 19:39:45 - 0:33:10 - direct, distinguisher - Sum Rank: secret not predicted. (true secret = [ 1  1 -1  0  0  1  0  0  0  0  0  0 -1  1  1  0  0  0  0  0  0  0  1  0
                                       1  0  0 -1  0  0], predicted secret = [0 0 1 0 0 1 0 0 0 0 0 0 1 1 0 0 0 0 0 0 0 0 1 0 0 0 0 1 0 0], true support = [1 1 1 0 0 1 0 0 0 0 0 0 1 1 1 0 0 0 0 0 0 0 1 0 1 0 0 1 0 0], predicted support = [0 0 1 0 0 1 0 0 0 0 0 0 1 1 0 0 0 0 0 0 0 0 1 0 0 0 0 1 0 0])
INFO - 04/10/26 19:39:45 - 0:33:10 - direct, distinguisher - Max Rank: secret not predicted. (true secret = [ 1  1 -1  0  0  1  0  0  0  0  0  0 -1  1  1  0  0  0  0  0  0  0  1  0
                                       1  0  0 -1  0  0], predicted secret = [0 1 0 0 0 1 0 0 0 0 0 0 1 1 1 0 0 0 0 0 0 0 0 0 0 0 0 1 0 0], true support = [1 1 1 0 0 1 0 0 0 0 0 0 1 1 1 0 0 0 0 0 0 0 1 0 1 0 0 1 0 0], predicted support = [0 1 0 0 0 1 0 0 0 0 0 0 1 1 1 0 0 0 0 0 0 0 0 0 0 0 0 1 0 0])
INFO - 04/10/26 19:39:45 - 0:33:10 - Hybrid: ca, distinguisher
INFO - 04/10/26 19:39:45 - 0:33:10 - ca, distinguisher - Sum Normalized: secret not predicted. (true secret = [ 1  1 -1  0  0  1  0  0  0  0  0  0 -1  1  1  0  0  0  0  0  0  0  1  0
                                       1  0  0 -1  0  0], predicted secret = [1 1 0 0 0 0 0 0 0 0 0 0 1 1 0 0 0 0 0 0 0 0 1 0 1 0 0 0 0 0], true support = [1 1 1 0 0 1 0 0 0 0 0 0 1 1 1 0 0 0 0 0 0 0 1 0 1 0 0 1 0 0], predicted support = [1 1 0 0 0 0 0 0 0 0 0 0 1 1 0 0 0 0 0 0 0 0 1 0 1 0 0 0 0 0])
INFO - 04/10/26 19:39:45 - 0:33:10 - ca, distinguisher - Max Normalized: secret not predicted. (true secret = [ 1  1 -1  0  0  1  0  0  0  0  0  0 -1  1  1  0  0  0  0  0  0  0  1  0
                                       1  0  0 -1  0  0], predicted secret = [0 1 1 0 0 0 0 0 0 0 0 0 1 1 1 0 0 0 0 0 0 0 0 0 0 0 0 1 0 0], true support = [1 1 1 0 0 1 0 0 0 0 0 0 1 1 1 0 0 0 0 0 0 0 1 0 1 0 0 1 0 0], predicted support = [0 1 1 0 0 0 0 0 0 0 0 0 1 1 1 0 0 0 0 0 0 0 0 0 0 0 0 1 0 0])
INFO - 04/10/26 19:39:45 - 0:33:10 - ca, distinguisher - Sum Rank: secret not predicted. (true secret = [ 1  1 -1  0  0  1  0  0  0  0  0  0 -1  1  1  0  0  0  0  0  0  0  1  0
                                       1  0  0 -1  0  0], predicted secret = [0 1 0 0 0 0 0 0 0 0 0 0 1 1 1 0 0 0 0 0 0 0 1 0 1 0 0 0 0 0], true support = [1 1 1 0 0 1 0 0 0 0 0 0 1 1 1 0 0 0 0 0 0 0 1 0 1 0 0 1 0 0], predicted support = [0 1 0 0 0 0 0 0 0 0 0 0 1 1 1 0 0 0 0 0 0 0 1 0 1 0 0 0 0 0])
INFO - 04/10/26 19:39:45 - 0:33:10 - ca, distinguisher - Max Rank: secret not predicted. (true secret = [ 1  1 -1  0  0  1  0  0  0  0  0  0 -1  1  1  0  0  0  0  0  0  0  1  0
                                       1  0  0 -1  0  0], predicted secret = [1 1 0 0 0 0 0 0 0 0 0 0 1 1 1 0 0 0 0 0 0 0 0 0 1 0 0 0 0 0], true support = [1 1 1 0 0 1 0 0 0 0 0 0 1 1 1 0 0 0 0 0 0 0 1 0 1 0 0 1 0 0], predicted support = [1 1 0 0 0 0 0 0 0 0 0 0 1 1 1 0 0 0 0 0 0 0 0 0 1 0 0 0 0 0])
INFO - 04/10/26 19:39:45 - 0:33:10 - Hybrid: direct, ca, distinguisher
INFO - 04/10/26 19:39:45 - 0:33:10 - direct, ca, distinguisher - Sum Normalized: secret not predicted. (true secret = [ 1  1 -1  0  0  1  0  0  0  0  0  0 -1  1  1  0  0  0  0  0  0  0  1  0
                                       1  0  0 -1  0  0], predicted secret = [1 0 0 0 0 0 0 0 0 0 0 0 1 1 0 0 0 0 0 0 0 0 1 0 1 0 0 1 0 0], true support = [1 1 1 0 0 1 0 0 0 0 0 0 1 1 1 0 0 0 0 0 0 0 1 0 1 0 0 1 0 0], predicted support = [1 0 0 0 0 0 0 0 0 0 0 0 1 1 0 0 0 0 0 0 0 0 1 0 1 0 0 1 0 0])
INFO - 04/10/26 19:39:45 - 0:33:10 - direct, ca, distinguisher - Max Normalized: secret not predicted. (true secret = [ 1  1 -1  0  0  1  0  0  0  0  0  0 -1  1  1  0  0  0  0  0  0  0  1  0
                                       1  0  0 -1  0  0], predicted secret = [0 1 1 0 0 0 0 0 0 0 0 0 1 1 1 0 0 0 0 0 0 0 0 0 0 0 0 1 0 0], true support = [1 1 1 0 0 1 0 0 0 0 0 0 1 1 1 0 0 0 0 0 0 0 1 0 1 0 0 1 0 0], predicted support = [0 1 1 0 0 0 0 0 0 0 0 0 1 1 1 0 0 0 0 0 0 0 0 0 0 0 0 1 0 0])
INFO - 04/10/26 19:39:45 - 0:33:10 - direct, ca, distinguisher - Sum Rank: secret not predicted. (true secret = [ 1  1 -1  0  0  1  0  0  0  0  0  0 -1  1  1  0  0  0  0  0  0  0  1  0
                                       1  0  0 -1  0  0], predicted secret = [0 0 1 0 0 0 0 0 0 0 0 0 1 1 0 0 0 0 0 0 0 0 1 0 1 0 0 1 0 0], true support = [1 1 1 0 0 1 0 0 0 0 0 0 1 1 1 0 0 0 0 0 0 0 1 0 1 0 0 1 0 0], predicted support = [0 0 1 0 0 0 0 0 0 0 0 0 1 1 0 0 0 0 0 0 0 0 1 0 1 0 0 1 0 0])
INFO - 04/10/26 19:39:45 - 0:33:10 - direct, ca, distinguisher - Max Rank: secret not predicted. (true secret = [ 1  1 -1  0  0  1  0  0  0  0  0  0 -1  1  1  0  0  0  0  0  0  0  1  0
                                       1  0  0 -1  0  0], predicted secret = [1 1 0 0 0 0 0 0 0 0 0 0 0 1 1 0 0 0 0 0 0 0 0 0 1 0 0 1 0 0], true support = [1 1 1 0 0 1 0 0 0 0 0 0 1 1 1 0 0 0 0 0 0 0 1 0 1 0 0 1 0 0], predicted support = [1 1 0 0 0 0 0 0 0 0 0 0 0 1 1 0 0 0 0 0 0 0 0 0 1 0 0 1 0 0])
INFO - 04/10/26 19:39:45 - 0:33:10 - Epoch 10 metrics | train_loss: 1.471653 | train_acc1: 30.717171 | train_acc2: 38.706614 | valid_xe_loss: 1.508401 | valid_acc1: 29.133703 | valid_acc2: 34.800237
INFO - 04/10/26 19:39:45 - 0:33:10 - __log__:{"train_loss": 1.4716528866890524, "train_acc1": 30.71717050543826, "train_acc2": 38.70661388355726, "epoch": 10, "valid_xe_loss": 1.5084006514730333, "valid_acc1": 29.133702531645568, "valid_acc2": 34.80023734177215}
INFO - 04/10/26 19:39:45 - 0:33:10 - Saving checkpoint to /home/yu_mcc/PQC_salsa/runs/n30_q127_h3_1m/train_gpu_proposed_ternary_h10_secret0_init0_paperlike/checkpoint.pth ...
WARNING - 04/10/26 19:39:45 - 0:33:10 - Saving encoder parameters ...
WARNING - 04/10/26 19:39:45 - 0:33:10 - Saving decoder parameters ...
WARNING - 04/10/26 19:39:45 - 0:33:10 - Saving optimizer ...
INFO - 04/10/26 19:39:45 - 0:33:10 - ============ Starting epoch 11 ... ============
INFO - 04/10/26 19:39:46 - 0:33:11 -   17200 -   30.83 equations/s -  1973.39 words/s - MEM: 1.36 GB - LOSS:  1.4711 || ACC1: 31.3616 || ACC2: 37.9464 - LR: 1.0000e-05
INFO - 04/10/26 19:39:51 - 0:33:16 -   17250 - 1303.61 equations/s - 83430.84 words/s - MEM: 1.36 GB - LOSS:  1.4662 || ACC1: 31.4531 || ACC2: 39.1250 - LR: 1.0000e-05
INFO - 04/10/26 19:39:55 - 0:33:20 -   17300 - 1389.68 equations/s - 88939.57 words/s - MEM: 1.36 GB - LOSS:  1.4732 || ACC1: 30.2500 || ACC2: 38.0625 - LR: 1.0000e-05
INFO - 04/10/26 19:40:00 - 0:33:25 -   17350 - 1397.85 equations/s - 89462.61 words/s - MEM: 1.36 GB - LOSS:  1.4699 || ACC1: 30.5625 || ACC2: 38.5312 - LR: 1.0000e-05
INFO - 04/10/26 19:40:05 - 0:33:30 -   17400 - 1399.81 equations/s - 89587.66 words/s - MEM: 1.36 GB - LOSS:  1.4641 || ACC1: 31.9062 || ACC2: 40.3125 - LR: 1.0000e-05
INFO - 04/10/26 19:40:09 - 0:33:34 -   17450 - 1417.30 equations/s - 90707.39 words/s - MEM: 1.36 GB - LOSS:  1.4676 || ACC1: 32.2500 || ACC2: 40.4844 - LR: 1.0000e-05
INFO - 04/10/26 19:40:17 - 0:33:42 -   17500 -  773.39 equations/s - 49497.17 words/s - MEM: 1.36 GB - LOSS:  1.4665 || ACC1: 31.7344 || ACC2: 39.6875 - LR: 1.0000e-05
INFO - 04/10/26 19:40:22 - 0:33:47 -   17550 - 1394.87 equations/s - 89271.40 words/s - MEM: 1.36 GB - LOSS:  1.4679 || ACC1: 30.7500 || ACC2: 39.4375 - LR: 1.0000e-05
INFO - 04/10/26 19:40:27 - 0:33:52 -   17600 - 1379.83 equations/s - 88309.33 words/s - MEM: 1.36 GB - LOSS:  1.4636 || ACC1: 32.4375 || ACC2: 40.4375 - LR: 1.0000e-05
INFO - 04/10/26 19:40:31 - 0:33:56 -   17650 - 1366.29 equations/s - 87442.55 words/s - MEM: 1.36 GB - LOSS:  1.4641 || ACC1: 31.0625 || ACC2: 40.1406 - LR: 1.0000e-05
INFO - 04/10/26 19:40:36 - 0:34:01 -   17700 - 1364.44 equations/s - 87324.45 words/s - MEM: 1.36 GB - LOSS:  1.4659 || ACC1: 31.4062 || ACC2: 40.0000 - LR: 1.0000e-05
INFO - 04/10/26 19:40:41 - 0:34:06 -   17750 - 1333.53 equations/s - 85345.80 words/s - MEM: 1.36 GB - LOSS:  1.4689 || ACC1: 31.2031 || ACC2: 39.8594 - LR: 1.0000e-05
INFO - 04/10/26 19:40:45 - 0:34:10 -   17800 - 1415.88 equations/s - 90616.49 words/s - MEM: 1.36 GB - LOSS:  1.4586 || ACC1: 31.5469 || ACC2: 40.4688 - LR: 1.0000e-05
INFO - 04/10/26 19:40:53 - 0:34:19 -   17850 -  775.04 equations/s - 49602.49 words/s - MEM: 1.36 GB - LOSS:  1.4573 || ACC1: 31.6719 || ACC2: 40.2500 - LR: 1.0000e-05
INFO - 04/10/26 19:40:58 - 0:34:23 -   17900 - 1308.76 equations/s - 83760.38 words/s - MEM: 1.36 GB - LOSS:  1.4644 || ACC1: 31.1406 || ACC2: 39.3281 - LR: 1.0000e-05
INFO - 04/10/26 19:41:03 - 0:34:28 -   17950 - 1324.18 equations/s - 84747.78 words/s - MEM: 1.36 GB - LOSS:  1.4597 || ACC1: 31.2500 || ACC2: 40.1406 - LR: 1.0000e-05
INFO - 04/10/26 19:41:08 - 0:34:33 -   18000 - 1345.75 equations/s - 86127.88 words/s - MEM: 1.36 GB - LOSS:  1.4651 || ACC1: 30.4375 || ACC2: 39.6406 - LR: 1.0000e-05
INFO - 04/10/26 19:41:13 - 0:34:38 -   18050 - 1336.31 equations/s - 85523.94 words/s - MEM: 1.36 GB - LOSS:  1.4654 || ACC1: 31.5312 || ACC2: 40.1719 - LR: 1.0000e-05
INFO - 04/10/26 19:41:17 - 0:34:42 -   18100 - 1404.67 equations/s - 89898.76 words/s - MEM: 1.36 GB - LOSS:  1.4606 || ACC1: 32.2500 || ACC2: 40.8906 - LR: 1.0000e-05
INFO - 04/10/26 19:41:22 - 0:34:47 -   18150 - 1434.54 equations/s - 91810.63 words/s - MEM: 1.36 GB - LOSS:  1.4632 || ACC1: 31.9219 || ACC2: 39.9688 - LR: 1.0000e-05
INFO - 04/10/26 19:41:30 - 0:34:55 -   18200 -  773.78 equations/s - 49522.02 words/s - MEM: 1.36 GB - LOSS:  1.4643 || ACC1: 32.5781 || ACC2: 40.7344 - LR: 1.0000e-05
INFO - 04/10/26 19:41:35 - 0:35:00 -   18250 - 1347.02 equations/s - 86209.20 words/s - MEM: 1.36 GB - LOSS:  1.4648 || ACC1: 31.8750 || ACC2: 39.9062 - LR: 1.0000e-05
INFO - 04/10/26 19:41:39 - 0:35:05 -   18300 - 1370.36 equations/s - 87703.14 words/s - MEM: 1.36 GB - LOSS:  1.4642 || ACC1: 31.0000 || ACC2: 39.4688 - LR: 1.0000e-05
INFO - 04/10/26 19:41:44 - 0:35:09 -   18350 - 1379.84 equations/s - 88309.68 words/s - MEM: 1.36 GB - LOSS:  1.4588 || ACC1: 32.3281 || ACC2: 40.2969 - LR: 1.0000e-05
INFO - 04/10/26 19:41:49 - 0:35:14 -   18400 - 1376.56 equations/s - 88099.98 words/s - MEM: 1.36 GB - LOSS:  1.4638 || ACC1: 31.7031 || ACC2: 40.0781 - LR: 1.0000e-05
INFO - 04/10/26 19:41:53 - 0:35:18 -   18450 - 1409.01 equations/s - 90176.75 words/s - MEM: 1.36 GB - LOSS:  1.4605 || ACC1: 32.0781 || ACC2: 40.7812 - LR: 1.0000e-05
INFO - 04/10/26 19:41:58 - 0:35:23 -   18500 - 1388.60 equations/s - 88870.62 words/s - MEM: 1.36 GB - LOSS:  1.4574 || ACC1: 31.7188 || ACC2: 40.4688 - LR: 1.0000e-05
INFO - 04/10/26 19:42:06 - 0:35:31 -   18550 -  780.40 equations/s - 49945.61 words/s - MEM: 1.36 GB - LOSS:  1.4623 || ACC1: 30.9219 || ACC2: 40.2969 - LR: 1.0000e-05
INFO - 04/10/26 19:42:11 - 0:35:36 -   18600 - 1353.11 equations/s - 86598.95 words/s - MEM: 1.36 GB - LOSS:  1.4592 || ACC1: 31.7812 || ACC2: 40.2188 - LR: 1.0000e-05
INFO - 04/10/26 19:42:15 - 0:35:41 -   18650 - 1402.01 equations/s - 89728.57 words/s - MEM: 1.36 GB - LOSS:  1.4548 || ACC1: 32.7344 || ACC2: 41.6406 - LR: 1.0000e-05
INFO - 04/10/26 19:42:20 - 0:35:45 -   18700 - 1352.64 equations/s - 86569.00 words/s - MEM: 1.36 GB - LOSS:  1.4584 || ACC1: 31.5156 || ACC2: 40.3438 - LR: 1.0000e-05
INFO - 04/10/26 19:42:25 - 0:35:50 -   18750 - 1456.44 equations/s - 93212.21 words/s - MEM: 1.36 GB - LOSS:  1.4629 || ACC1: 31.8594 || ACC2: 40.4688 - LR: 1.0000e-05
INFO - 04/10/26 19:42:25 - 0:35:50 -   18756 - 1401.76 equations/s - 89712.46 words/s - MEM: 1.36 GB - LOSS:  1.4537 || ACC1: 32.9427 || ACC2: 42.8385 - LR: 1.0000e-05
INFO - 04/10/26 19:42:25 - 0:35:50 - ============ End of epoch 11 ============
INFO - 04/10/26 19:42:25 - 0:35:50 - Starting Distinguisher Method
INFO - 04/10/26 19:42:41 - 0:36:06 - Distinguishing 0s using the emd. 
INFO - 04/10/26 19:42:41 - 0:36:06 - Distinguishing +/-1s using the emd. 
INFO - 04/10/26 19:42:41 - 0:36:06 - Real secret: -1: {np.int64(2), np.int64(27), np.int64(12)}, 1: {np.int64(0), np.int64(1), np.int64(5), np.int64(13), np.int64(14), np.int64(22), np.int64(24)}
INFO - 04/10/26 19:42:41 - 0:36:06 - Nonzero bits not identified. Guess: [21 12 24  0  1  5 13 14 22 27]
INFO - 04/10/26 19:42:41 - 0:36:06 - Distinguishing +/-1s using the mean. 
INFO - 04/10/26 19:42:41 - 0:36:06 - Real secret: -1: {np.int64(2), np.int64(27), np.int64(12)}, 1: {np.int64(0), np.int64(1), np.int64(5), np.int64(13), np.int64(14), np.int64(22), np.int64(24)}
INFO - 04/10/26 19:42:41 - 0:36:06 - Nonzero bits not identified. Guess: [21 12 24  0  1  5 13 14 22 27]
INFO - 04/10/26 19:42:41 - 0:36:06 - Distinguishing 0s using the mean. 
INFO - 04/10/26 19:42:41 - 0:36:06 - Distinguishing +/-1s using the emd. 
INFO - 04/10/26 19:42:41 - 0:36:06 - Real secret: -1: {np.int64(2), np.int64(27), np.int64(12)}, 1: {np.int64(0), np.int64(1), np.int64(5), np.int64(13), np.int64(14), np.int64(22), np.int64(24)}
INFO - 04/10/26 19:42:41 - 0:36:06 - Distinguishing +/-1s using the mean. 
INFO - 04/10/26 19:42:41 - 0:36:06 - Real secret: -1: {np.int64(2), np.int64(27), np.int64(12)}, 1: {np.int64(0), np.int64(1), np.int64(5), np.int64(13), np.int64(14), np.int64(22), np.int64(24)}
INFO - 04/10/26 19:42:41 - 0:36:06 - Starting Direct Method
INFO - 04/10/26 19:42:41 - 0:36:06 - Direct:  K=80
INFO - 04/10/26 19:42:42 - 0:36:07 - Direct:  K=42
INFO - 04/10/26 19:42:42 - 0:36:07 - Direct:  K=41
INFO - 04/10/26 19:42:42 - 0:36:07 - Direct:  K=41
INFO - 04/10/26 19:42:42 - 0:36:07 - Direct:  K=59
INFO - 04/10/26 19:42:42 - 0:36:07 - Direct:  K=37
INFO - 04/10/26 19:42:42 - 0:36:07 - Direct:  K=75
INFO - 04/10/26 19:42:42 - 0:36:07 - Direct:  K=40
INFO - 04/10/26 19:42:42 - 0:36:07 - Direct:  K=71
INFO - 04/10/26 19:42:42 - 0:36:08 - Direct:  K=49
INFO - 04/10/26 19:42:42 - 0:36:08 - Direct:  K=64
INFO - 04/10/26 19:42:43 - 0:36:08 - Direct:  K=38
INFO - 04/10/26 19:42:43 - 0:36:08 - Direct:  K=42
INFO - 04/10/26 19:42:43 - 0:36:08 - Direct:  K=82
INFO - 04/10/26 19:42:43 - 0:36:08 - Direct:  K=60
INFO - 04/10/26 19:42:43 - 0:36:08 - Direct: secret not predicted. (true secret = [ 1  1 -1  0  0  1  0  0  0  0  0  0 -1  1  1  0  0  0  0  0  0  0  1  0
                                       1  0  0 -1  0  0], predicted secret = [1 1 0 1 0 0 0 0 0 0 0 0 0 0 1 0 0 0 0 0 0 0 1 0 1 0 0 0 0 0], true support = [1 1 1 0 0 1 0 0 0 0 0 0 1 1 1 0 0 0 0 0 0 0 1 0 1 0 0 1 0 0], predicted support = [1 1 0 1 0 0 0 0 0 0 0 0 0 0 1 0 0 0 0 0 0 0 1 0 1 0 0 0 0 0])
INFO - 04/10/26 19:42:52 - 0:36:17 - CA: secret not predicted. (true secret = [ 1  1 -1  0  0  1  0  0  0  0  0  0 -1  1  1  0  0  0  0  0  0  0  1  0
                                       1  0  0 -1  0  0], predicted secret = [1 1 1 0 0 0 0 0 0 0 0 0 0 1 0 0 0 0 0 0 0 0 1 0 1 0 0 0 0 0], true support = [1 1 1 0 0 1 0 0 0 0 0 0 1 1 1 0 0 0 0 0 0 0 1 0 1 0 0 1 0 0], predicted support = [1 1 1 0 0 0 0 0 0 0 0 0 0 1 0 0 0 0 0 0 0 0 1 0 1 0 0 0 0 0])
INFO - 04/10/26 19:42:52 - 0:36:17 - CA: secret not predicted. (true secret = [ 1  1 -1  0  0  1  0  0  0  0  0  0 -1  1  1  0  0  0  0  0  0  0  1  0
                                       1  0  0 -1  0  0], predicted secret = [1 0 0 0 1 0 0 0 0 0 1 0 0 0 1 0 0 0 1 0 1 0 0 0 0 0 0 0 0 0], true support = [1 1 1 0 0 1 0 0 0 0 0 0 1 1 1 0 0 0 0 0 0 0 1 0 1 0 0 1 0 0], predicted support = [1 0 0 0 1 0 0 0 0 0 1 0 0 0 1 0 0 0 1 0 1 0 0 0 0 0 0 0 0 0])
INFO - 04/10/26 19:42:52 - 0:36:17 - Hybrid: direct, ca
INFO - 04/10/26 19:42:52 - 0:36:17 - direct, ca - Sum Normalized: secret not predicted. (true secret = [ 1  1 -1  0  0  1  0  0  0  0  0  0 -1  1  1  0  0  0  0  0  0  0  1  0
                                       1  0  0 -1  0  0], predicted secret = [1 1 0 0 0 0 0 0 0 0 0 0 0 1 1 0 0 0 0 0 0 0 1 0 1 0 0 0 0 0], true support = [1 1 1 0 0 1 0 0 0 0 0 0 1 1 1 0 0 0 0 0 0 0 1 0 1 0 0 1 0 0], predicted support = [1 1 0 0 0 0 0 0 0 0 0 0 0 1 1 0 0 0 0 0 0 0 1 0 1 0 0 0 0 0])
INFO - 04/10/26 19:42:52 - 0:36:17 - direct, ca - Max Normalized: secret not predicted. (true secret = [ 1  1 -1  0  0  1  0  0  0  0  0  0 -1  1  1  0  0  0  0  0  0  0  1  0
                                       1  0  0 -1  0  0], predicted secret = [1 1 0 0 0 0 0 0 0 0 0 0 0 1 1 0 0 0 0 0 0 0 1 0 1 0 0 0 0 0], true support = [1 1 1 0 0 1 0 0 0 0 0 0 1 1 1 0 0 0 0 0 0 0 1 0 1 0 0 1 0 0], predicted support = [1 1 0 0 0 0 0 0 0 0 0 0 0 1 1 0 0 0 0 0 0 0 1 0 1 0 0 0 0 0])
INFO - 04/10/26 19:42:52 - 0:36:17 - direct, ca - Sum Rank: secret not predicted. (true secret = [ 1  1 -1  0  0  1  0  0  0  0  0  0 -1  1  1  0  0  0  0  0  0  0  1  0
                                       1  0  0 -1  0  0], predicted secret = [1 1 0 0 0 0 0 0 0 0 0 0 0 1 1 0 0 0 0 0 0 0 1 0 1 0 0 0 0 0], true support = [1 1 1 0 0 1 0 0 0 0 0 0 1 1 1 0 0 0 0 0 0 0 1 0 1 0 0 1 0 0], predicted support = [1 1 0 0 0 0 0 0 0 0 0 0 0 1 1 0 0 0 0 0 0 0 1 0 1 0 0 0 0 0])
INFO - 04/10/26 19:42:52 - 0:36:17 - direct, ca - Max Rank: secret not predicted. (true secret = [ 1  1 -1  0  0  1  0  0  0  0  0  0 -1  1  1  0  0  0  0  0  0  0  1  0
                                       1  0  0 -1  0  0], predicted secret = [1 1 0 0 0 0 0 0 0 0 0 0 0 1 1 0 0 0 0 0 0 0 1 0 1 0 0 0 0 0], true support = [1 1 1 0 0 1 0 0 0 0 0 0 1 1 1 0 0 0 0 0 0 0 1 0 1 0 0 1 0 0], predicted support = [1 1 0 0 0 0 0 0 0 0 0 0 0 1 1 0 0 0 0 0 0 0 1 0 1 0 0 0 0 0])
INFO - 04/10/26 19:42:52 - 0:36:17 - Hybrid: direct, distinguisher
INFO - 04/10/26 19:42:52 - 0:36:17 - direct, distinguisher - Sum Normalized: secret not predicted. (true secret = [ 1  1 -1  0  0  1  0  0  0  0  0  0 -1  1  1  0  0  0  0  0  0  0  1  0
                                       1  0  0 -1  0  0], predicted secret = [1 1 0 0 0 0 0 0 0 0 0 0 0 1 1 0 0 0 0 0 0 0 1 0 1 0 0 0 0 0], true support = [1 1 1 0 0 1 0 0 0 0 0 0 1 1 1 0 0 0 0 0 0 0 1 0 1 0 0 1 0 0], predicted support = [1 1 0 0 0 0 0 0 0 0 0 0 0 1 1 0 0 0 0 0 0 0 1 0 1 0 0 0 0 0])
INFO - 04/10/26 19:42:52 - 0:36:17 - direct, distinguisher - Max Normalized: secret not predicted. (true secret = [ 1  1 -1  0  0  1  0  0  0  0  0  0 -1  1  1  0  0  0  0  0  0  0  1  0
                                       1  0  0 -1  0  0], predicted secret = [0 1 0 0 0 0 0 0 0 0 0 0 0 1 1 0 0 0 0 0 0 0 1 0 1 0 0 1 0 0], true support = [1 1 1 0 0 1 0 0 0 0 0 0 1 1 1 0 0 0 0 0 0 0 1 0 1 0 0 1 0 0], predicted support = [0 1 0 0 0 0 0 0 0 0 0 0 0 1 1 0 0 0 0 0 0 0 1 0 1 0 0 1 0 0])
INFO - 04/10/26 19:42:52 - 0:36:17 - direct, distinguisher - Sum Rank: secret not predicted. (true secret = [ 1  1 -1  0  0  1  0  0  0  0  0  0 -1  1  1  0  0  0  0  0  0  0  1  0
                                       1  0  0 -1  0  0], predicted secret = [1 1 0 0 0 1 0 0 0 0 0 0 0 0 1 0 0 0 0 0 0 0 1 0 1 0 0 0 0 0], true support = [1 1 1 0 0 1 0 0 0 0 0 0 1 1 1 0 0 0 0 0 0 0 1 0 1 0 0 1 0 0], predicted support = [1 1 0 0 0 1 0 0 0 0 0 0 0 0 1 0 0 0 0 0 0 0 1 0 1 0 0 0 0 0])
INFO - 04/10/26 19:42:52 - 0:36:17 - direct, distinguisher - Max Rank: secret not predicted. (true secret = [ 1  1 -1  0  0  1  0  0  0  0  0  0 -1  1  1  0  0  0  0  0  0  0  1  0
                                       1  0  0 -1  0  0], predicted secret = [1 1 0 0 0 0 0 0 0 0 0 0 0 1 1 0 0 0 0 0 0 0 1 0 1 0 0 0 0 0], true support = [1 1 1 0 0 1 0 0 0 0 0 0 1 1 1 0 0 0 0 0 0 0 1 0 1 0 0 1 0 0], predicted support = [1 1 0 0 0 0 0 0 0 0 0 0 0 1 1 0 0 0 0 0 0 0 1 0 1 0 0 0 0 0])
INFO - 04/10/26 19:42:52 - 0:36:17 - Hybrid: ca, distinguisher
INFO - 04/10/26 19:42:52 - 0:36:17 - ca, distinguisher - Sum Normalized: secret not predicted. (true secret = [ 1  1 -1  0  0  1  0  0  0  0  0  0 -1  1  1  0  0  0  0  0  0  0  1  0
                                       1  0  0 -1  0  0], predicted secret = [1 1 0 0 0 0 0 0 0 0 0 0 0 1 1 0 0 0 0 0 0 0 1 0 1 0 0 0 0 0], true support = [1 1 1 0 0 1 0 0 0 0 0 0 1 1 1 0 0 0 0 0 0 0 1 0 1 0 0 1 0 0], predicted support = [1 1 0 0 0 0 0 0 0 0 0 0 0 1 1 0 0 0 0 0 0 0 1 0 1 0 0 0 0 0])
INFO - 04/10/26 19:42:52 - 0:36:17 - ca, distinguisher - Max Normalized: secret not predicted. (true secret = [ 1  1 -1  0  0  1  0  0  0  0  0  0 -1  1  1  0  0  0  0  0  0  0  1  0
                                       1  0  0 -1  0  0], predicted secret = [1 1 0 0 0 0 0 0 0 0 0 0 0 1 1 0 0 0 0 0 0 0 1 0 1 0 0 0 0 0], true support = [1 1 1 0 0 1 0 0 0 0 0 0 1 1 1 0 0 0 0 0 0 0 1 0 1 0 0 1 0 0], predicted support = [1 1 0 0 0 0 0 0 0 0 0 0 0 1 1 0 0 0 0 0 0 0 1 0 1 0 0 0 0 0])
INFO - 04/10/26 19:42:52 - 0:36:17 - ca, distinguisher - Sum Rank: secret not predicted. (true secret = [ 1  1 -1  0  0  1  0  0  0  0  0  0 -1  1  1  0  0  0  0  0  0  0  1  0
                                       1  0  0 -1  0  0], predicted secret = [1 1 0 0 0 0 0 0 0 0 0 0 0 1 1 0 0 0 0 0 0 0 1 0 1 0 0 0 0 0], true support = [1 1 1 0 0 1 0 0 0 0 0 0 1 1 1 0 0 0 0 0 0 0 1 0 1 0 0 1 0 0], predicted support = [1 1 0 0 0 0 0 0 0 0 0 0 0 1 1 0 0 0 0 0 0 0 1 0 1 0 0 0 0 0])
INFO - 04/10/26 19:42:52 - 0:36:17 - ca, distinguisher - Max Rank: secret not predicted. (true secret = [ 1  1 -1  0  0  1  0  0  0  0  0  0 -1  1  1  0  0  0  0  0  0  0  1  0
                                       1  0  0 -1  0  0], predicted secret = [1 1 0 0 0 0 0 0 0 0 0 0 0 1 1 0 0 0 0 0 0 0 1 0 1 0 0 0 0 0], true support = [1 1 1 0 0 1 0 0 0 0 0 0 1 1 1 0 0 0 0 0 0 0 1 0 1 0 0 1 0 0], predicted support = [1 1 0 0 0 0 0 0 0 0 0 0 0 1 1 0 0 0 0 0 0 0 1 0 1 0 0 0 0 0])
INFO - 04/10/26 19:42:52 - 0:36:17 - Hybrid: direct, ca, distinguisher
INFO - 04/10/26 19:42:52 - 0:36:17 - direct, ca, distinguisher - Sum Normalized: secret not predicted. (true secret = [ 1  1 -1  0  0  1  0  0  0  0  0  0 -1  1  1  0  0  0  0  0  0  0  1  0
                                       1  0  0 -1  0  0], predicted secret = [1 1 0 0 0 0 0 0 0 0 0 0 0 1 1 0 0 0 0 0 0 0 1 0 1 0 0 0 0 0], true support = [1 1 1 0 0 1 0 0 0 0 0 0 1 1 1 0 0 0 0 0 0 0 1 0 1 0 0 1 0 0], predicted support = [1 1 0 0 0 0 0 0 0 0 0 0 0 1 1 0 0 0 0 0 0 0 1 0 1 0 0 0 0 0])
INFO - 04/10/26 19:42:52 - 0:36:17 - direct, ca, distinguisher - Max Normalized: secret not predicted. (true secret = [ 1  1 -1  0  0  1  0  0  0  0  0  0 -1  1  1  0  0  0  0  0  0  0  1  0
                                       1  0  0 -1  0  0], predicted secret = [1 1 0 0 0 0 0 0 0 0 0 0 0 1 1 0 0 0 0 0 0 0 1 0 1 0 0 0 0 0], true support = [1 1 1 0 0 1 0 0 0 0 0 0 1 1 1 0 0 0 0 0 0 0 1 0 1 0 0 1 0 0], predicted support = [1 1 0 0 0 0 0 0 0 0 0 0 0 1 1 0 0 0 0 0 0 0 1 0 1 0 0 0 0 0])
INFO - 04/10/26 19:42:52 - 0:36:17 - direct, ca, distinguisher - Sum Rank: secret not predicted. (true secret = [ 1  1 -1  0  0  1  0  0  0  0  0  0 -1  1  1  0  0  0  0  0  0  0  1  0
                                       1  0  0 -1  0  0], predicted secret = [1 1 0 0 0 0 0 0 0 0 0 0 0 1 1 0 0 0 0 0 0 0 1 0 1 0 0 0 0 0], true support = [1 1 1 0 0 1 0 0 0 0 0 0 1 1 1 0 0 0 0 0 0 0 1 0 1 0 0 1 0 0], predicted support = [1 1 0 0 0 0 0 0 0 0 0 0 0 1 1 0 0 0 0 0 0 0 1 0 1 0 0 0 0 0])
INFO - 04/10/26 19:42:52 - 0:36:17 - direct, ca, distinguisher - Max Rank: secret not predicted. (true secret = [ 1  1 -1  0  0  1  0  0  0  0  0  0 -1  1  1  0  0  0  0  0  0  0  1  0
                                       1  0  0 -1  0  0], predicted secret = [1 1 0 0 0 0 0 0 0 0 0 0 0 1 1 0 0 0 0 0 0 0 1 0 1 0 0 0 0 0], true support = [1 1 1 0 0 1 0 0 0 0 0 0 1 1 1 0 0 0 0 0 0 0 1 0 1 0 0 1 0 0], predicted support = [1 1 0 0 0 0 0 0 0 0 0 0 0 1 1 0 0 0 0 0 0 0 1 0 1 0 0 0 0 0])
INFO - 04/10/26 19:42:52 - 0:36:17 - Epoch 11 metrics | train_loss: 1.463339 | train_acc1: 31.580394 | train_acc2: 40.054183 | valid_xe_loss: 1.515757 | valid_acc1: 24.960443 | valid_acc2: 30.745649
INFO - 04/10/26 19:42:52 - 0:36:17 - __log__:{"train_loss": 1.4633386656784966, "train_acc1": 31.580394273832372, "train_acc2": 40.0541826615483, "epoch": 11, "valid_xe_loss": 1.5157574822631064, "valid_acc1": 24.960443037974684, "valid_acc2": 30.745648734177216}
INFO - 04/10/26 19:42:52 - 0:36:17 - Saving checkpoint to /home/yu_mcc/PQC_salsa/runs/n30_q127_h3_1m/train_gpu_proposed_ternary_h10_secret0_init0_paperlike/checkpoint.pth ...
WARNING - 04/10/26 19:42:52 - 0:36:17 - Saving encoder parameters ...
WARNING - 04/10/26 19:42:52 - 0:36:17 - Saving decoder parameters ...
WARNING - 04/10/26 19:42:52 - 0:36:17 - Saving optimizer ...
INFO - 04/10/26 19:42:52 - 0:36:17 - ============ Starting epoch 12 ... ============
INFO - 04/10/26 19:42:56 - 0:36:21 -   18800 -  181.08 equations/s - 11588.85 words/s - MEM: 1.36 GB - LOSS:  1.4551 || ACC1: 31.5696 || ACC2: 40.5362 - LR: 1.0000e-05
INFO - 04/10/26 19:43:01 - 0:36:26 -   18850 - 1376.11 equations/s - 88071.00 words/s - MEM: 1.36 GB - LOSS:  1.4608 || ACC1: 31.5312 || ACC2: 39.9375 - LR: 1.0000e-05
INFO - 04/10/26 19:43:05 - 0:36:30 -   18900 - 1414.17 equations/s - 90506.87 words/s - MEM: 1.36 GB - LOSS:  1.4599 || ACC1: 31.2031 || ACC2: 40.0625 - LR: 1.0000e-05
INFO - 04/10/26 19:43:10 - 0:36:35 -   18950 - 1431.72 equations/s - 91630.35 words/s - MEM: 1.36 GB - LOSS:  1.4594 || ACC1: 31.6250 || ACC2: 40.2812 - LR: 1.0000e-05
INFO - 04/10/26 19:43:18 - 0:36:43 -   19000 -  772.37 equations/s - 49431.63 words/s - MEM: 1.36 GB - LOSS:  1.4556 || ACC1: 31.6719 || ACC2: 41.1562 - LR: 1.0000e-05
INFO - 04/10/26 19:43:23 - 0:36:48 -   19050 - 1374.35 equations/s - 87958.62 words/s - MEM: 1.36 GB - LOSS:  1.4580 || ACC1: 31.5312 || ACC2: 39.7969 - LR: 1.0000e-05
INFO - 04/10/26 19:43:27 - 0:36:53 -   19100 - 1381.74 equations/s - 88431.13 words/s - MEM: 1.36 GB - LOSS:  1.4526 || ACC1: 32.9531 || ACC2: 42.2500 - LR: 1.0000e-05
INFO - 04/10/26 19:43:32 - 0:36:57 -   19150 - 1359.36 equations/s - 86999.24 words/s - MEM: 1.36 GB - LOSS:  1.4589 || ACC1: 32.0000 || ACC2: 40.7969 - LR: 1.0000e-05
INFO - 04/10/26 19:43:37 - 0:37:02 -   19200 - 1391.51 equations/s - 89056.44 words/s - MEM: 1.36 GB - LOSS:  1.4565 || ACC1: 31.7344 || ACC2: 40.7969 - LR: 1.0000e-05
INFO - 04/10/26 19:43:42 - 0:37:07 -   19250 - 1312.73 equations/s - 84014.83 words/s - MEM: 1.36 GB - LOSS:  1.4483 || ACC1: 32.3750 || ACC2: 41.8281 - LR: 1.0000e-05
INFO - 04/10/26 19:43:50 - 0:37:15 -   19300 -  784.24 equations/s - 50191.06 words/s - MEM: 1.36 GB - LOSS:  1.4550 || ACC1: 31.4219 || ACC2: 40.2812 - LR: 1.0000e-05
INFO - 04/10/26 19:43:54 - 0:37:19 -   19350 - 1432.86 equations/s - 91702.80 words/s - MEM: 1.36 GB - LOSS:  1.4568 || ACC1: 31.3281 || ACC2: 40.6250 - LR: 1.0000e-05
INFO - 04/10/26 19:43:59 - 0:37:24 -   19400 - 1406.97 equations/s - 90045.95 words/s - MEM: 1.36 GB - LOSS:  1.4528 || ACC1: 31.9844 || ACC2: 41.2188 - LR: 1.0000e-05
INFO - 04/10/26 19:44:03 - 0:37:28 -   19450 - 1433.04 equations/s - 91714.61 words/s - MEM: 1.36 GB - LOSS:  1.4513 || ACC1: 32.7344 || ACC2: 41.5938 - LR: 1.0000e-05
INFO - 04/10/26 19:44:08 - 0:37:33 -   19500 - 1447.17 equations/s - 92618.97 words/s - MEM: 1.36 GB - LOSS:  1.4528 || ACC1: 32.3750 || ACC2: 41.0156 - LR: 1.0000e-05
INFO - 04/10/26 19:44:12 - 0:37:38 -   19550 - 1343.80 equations/s - 86003.36 words/s - MEM: 1.36 GB - LOSS:  1.4500 || ACC1: 32.0938 || ACC2: 41.9844 - LR: 1.0000e-05
INFO - 04/10/26 19:44:17 - 0:37:42 -   19600 - 1422.81 equations/s - 91059.83 words/s - MEM: 1.36 GB - LOSS:  1.4542 || ACC1: 31.9375 || ACC2: 41.0625 - LR: 1.0000e-05
INFO - 04/10/26 19:44:21 - 0:37:47 -   19650 - 1410.32 equations/s - 90260.47 words/s - MEM: 1.36 GB - LOSS:  1.4574 || ACC1: 32.3906 || ACC2: 41.1094 - LR: 1.0000e-05
INFO - 04/10/26 19:44:30 - 0:37:55 -   19700 -  772.44 equations/s - 49435.90 words/s - MEM: 1.36 GB - LOSS:  1.4473 || ACC1: 33.2344 || ACC2: 42.3438 - LR: 1.0000e-05
INFO - 04/10/26 19:44:34 - 0:37:59 -   19750 - 1374.49 equations/s - 87967.47 words/s - MEM: 1.36 GB - LOSS:  1.4500 || ACC1: 31.7812 || ACC2: 40.8750 - LR: 1.0000e-05
INFO - 04/10/26 19:44:39 - 0:38:04 -   19800 - 1432.86 equations/s - 91703.31 words/s - MEM: 1.36 GB - LOSS:  1.4488 || ACC1: 32.0312 || ACC2: 40.9219 - LR: 1.0000e-05
INFO - 04/10/26 19:44:43 - 0:38:09 -   19850 - 1393.59 equations/s - 89190.06 words/s - MEM: 1.36 GB - LOSS:  1.4515 || ACC1: 31.7188 || ACC2: 41.4062 - LR: 1.0000e-05
INFO - 04/10/26 19:44:48 - 0:38:13 -   19900 - 1444.95 equations/s - 92477.07 words/s - MEM: 1.36 GB - LOSS:  1.4461 || ACC1: 32.8594 || ACC2: 43.0469 - LR: 1.0000e-05
INFO - 04/10/26 19:44:52 - 0:38:18 -   19950 - 1382.78 equations/s - 88498.20 words/s - MEM: 1.36 GB - LOSS:  1.4469 || ACC1: 32.5312 || ACC2: 41.7969 - LR: 1.0000e-05
INFO - 04/10/26 19:44:57 - 0:38:22 -   20000 - 1392.53 equations/s - 89121.76 words/s - MEM: 1.36 GB - LOSS:  1.4525 || ACC1: 32.2812 || ACC2: 41.6562 - LR: 1.0000e-05
INFO - 04/10/26 19:45:05 - 0:38:30 -   20050 -  790.23 equations/s - 50574.91 words/s - MEM: 1.36 GB - LOSS:  1.4454 || ACC1: 33.6562 || ACC2: 42.5469 - LR: 1.0000e-05
INFO - 04/10/26 19:45:10 - 0:38:35 -   20100 - 1364.87 equations/s - 87351.59 words/s - MEM: 1.36 GB - LOSS:  1.4460 || ACC1: 32.4688 || ACC2: 41.4219 - LR: 1.0000e-05
INFO - 04/10/26 19:45:15 - 0:38:40 -   20150 - 1356.28 equations/s - 86802.03 words/s - MEM: 1.36 GB - LOSS:  1.4497 || ACC1: 31.7656 || ACC2: 41.0625 - LR: 1.0000e-05
INFO - 04/10/26 19:45:19 - 0:38:44 -   20200 - 1393.35 equations/s - 89174.12 words/s - MEM: 1.36 GB - LOSS:  1.4525 || ACC1: 30.9688 || ACC2: 40.5312 - LR: 1.0000e-05
INFO - 04/10/26 19:45:24 - 0:38:49 -   20250 - 1314.62 equations/s - 84135.99 words/s - MEM: 1.36 GB - LOSS:  1.4461 || ACC1: 32.5938 || ACC2: 41.9688 - LR: 1.0000e-05
INFO - 04/10/26 19:45:28 - 0:38:54 -   20300 - 1446.86 equations/s - 92598.98 words/s - MEM: 1.36 GB - LOSS:  1.4485 || ACC1: 32.0312 || ACC2: 41.4375 - LR: 1.0000e-05
INFO - 04/10/26 19:45:30 - 0:38:55 -   20319 - 1667.12 equations/s - 106695.61 words/s - MEM: 1.36 GB - LOSS:  1.4466 || ACC1: 32.4424 || ACC2: 42.0230 - LR: 1.0000e-05
INFO - 04/10/26 19:45:30 - 0:38:55 - ============ End of epoch 12 ============
INFO - 04/10/26 19:45:30 - 0:38:55 - Starting Distinguisher Method
INFO - 04/10/26 19:45:46 - 0:39:11 - Distinguishing 0s using the emd. 
INFO - 04/10/26 19:45:46 - 0:39:11 - Distinguishing +/-1s using the emd. 
INFO - 04/10/26 19:45:46 - 0:39:11 - Real secret: -1: {np.int64(2), np.int64(27), np.int64(12)}, 1: {np.int64(0), np.int64(1), np.int64(5), np.int64(13), np.int64(14), np.int64(22), np.int64(24)}
INFO - 04/10/26 19:45:46 - 0:39:11 - Distinguishing +/-1s using the mean. 
INFO - 04/10/26 19:45:46 - 0:39:11 - Real secret: -1: {np.int64(2), np.int64(27), np.int64(12)}, 1: {np.int64(0), np.int64(1), np.int64(5), np.int64(13), np.int64(14), np.int64(22), np.int64(24)}
INFO - 04/10/26 19:45:46 - 0:39:11 - Distinguishing 0s using the mean. 
INFO - 04/10/26 19:45:46 - 0:39:11 - Distinguishing +/-1s using the emd. 
INFO - 04/10/26 19:45:46 - 0:39:11 - Real secret: -1: {np.int64(2), np.int64(27), np.int64(12)}, 1: {np.int64(0), np.int64(1), np.int64(5), np.int64(13), np.int64(14), np.int64(22), np.int64(24)}
INFO - 04/10/26 19:45:46 - 0:39:11 - Distinguishing +/-1s using the mean. 
INFO - 04/10/26 19:45:46 - 0:39:11 - Real secret: -1: {np.int64(2), np.int64(27), np.int64(12)}, 1: {np.int64(0), np.int64(1), np.int64(5), np.int64(13), np.int64(14), np.int64(22), np.int64(24)}
INFO - 04/10/26 19:45:46 - 0:39:11 - Starting Direct Method
INFO - 04/10/26 19:45:46 - 0:39:11 - Direct:  K=48
INFO - 04/10/26 19:45:46 - 0:39:11 - Direct:  K=83
INFO - 04/10/26 19:45:46 - 0:39:11 - Direct:  K=82
INFO - 04/10/26 19:45:46 - 0:39:11 - Direct:  K=83
INFO - 04/10/26 19:45:46 - 0:39:11 - Direct:  K=62
INFO - 04/10/26 19:45:47 - 0:39:12 - Direct:  K=56
INFO - 04/10/26 19:45:47 - 0:39:12 - Direct:  K=64
INFO - 04/10/26 19:45:47 - 0:39:12 - Direct:  K=81
INFO - 04/10/26 19:45:47 - 0:39:12 - Direct:  K=89
INFO - 04/10/26 19:45:47 - 0:39:12 - Direct:  K=49
INFO - 04/10/26 19:45:47 - 0:39:12 - Direct:  K=40
INFO - 04/10/26 19:45:47 - 0:39:12 - Direct:  K=80
INFO - 04/10/26 19:45:47 - 0:39:13 - Direct:  K=81
INFO - 04/10/26 19:45:48 - 0:39:13 - Direct:  K=31
INFO - 04/10/26 19:45:48 - 0:39:13 - Direct:  K=81
INFO - 04/10/26 19:45:48 - 0:39:13 - Direct: secret not predicted. (true secret = [ 1  1 -1  0  0  1  0  0  0  0  0  0 -1  1  1  0  0  0  0  0  0  0  1  0
                                       1  0  0 -1  0  0], predicted secret = [1 1 0 0 0 1 0 0 0 0 0 0 0 1 1 0 0 0 0 0 0 0 0 0 1 0 0 0 0 0], true support = [1 1 1 0 0 1 0 0 0 0 0 0 1 1 1 0 0 0 0 0 0 0 1 0 1 0 0 1 0 0], predicted support = [1 1 0 0 0 1 0 0 0 0 0 0 0 1 1 0 0 0 0 0 0 0 0 0 1 0 0 0 0 0])
INFO - 04/10/26 19:45:56 - 0:39:22 - CA: secret not predicted. (true secret = [ 1  1 -1  0  0  1  0  0  0  0  0  0 -1  1  1  0  0  0  0  0  0  0  1  0
                                       1  0  0 -1  0  0], predicted secret = [1 1 1 0 0 0 0 0 0 0 0 0 0 1 0 0 0 0 0 0 0 0 1 0 1 0 0 0 0 0], true support = [1 1 1 0 0 1 0 0 0 0 0 0 1 1 1 0 0 0 0 0 0 0 1 0 1 0 0 1 0 0], predicted support = [1 1 1 0 0 0 0 0 0 0 0 0 0 1 0 0 0 0 0 0 0 0 1 0 1 0 0 0 0 0])
INFO - 04/10/26 19:45:56 - 0:39:22 - CA: secret not predicted. (true secret = [ 1  1 -1  0  0  1  0  0  0  0  0  0 -1  1  1  0  0  0  0  0  0  0  1  0
                                       1  0  0 -1  0  0], predicted secret = [1 0 0 0 1 0 0 0 0 0 1 0 0 0 0 0 0 0 1 0 1 0 0 0 0 0 0 0 0 1], true support = [1 1 1 0 0 1 0 0 0 0 0 0 1 1 1 0 0 0 0 0 0 0 1 0 1 0 0 1 0 0], predicted support = [1 0 0 0 1 0 0 0 0 0 1 0 0 0 0 0 0 0 1 0 1 0 0 0 0 0 0 0 0 1])
INFO - 04/10/26 19:45:56 - 0:39:22 - Hybrid: direct, ca
INFO - 04/10/26 19:45:56 - 0:39:22 - direct, ca - Sum Normalized: secret not predicted. (true secret = [ 1  1 -1  0  0  1  0  0  0  0  0  0 -1  1  1  0  0  0  0  0  0  0  1  0
                                       1  0  0 -1  0  0], predicted secret = [1 1 0 0 0 0 0 0 0 0 0 0 0 1 1 0 0 0 0 0 0 0 1 0 1 0 0 0 0 0], true support = [1 1 1 0 0 1 0 0 0 0 0 0 1 1 1 0 0 0 0 0 0 0 1 0 1 0 0 1 0 0], predicted support = [1 1 0 0 0 0 0 0 0 0 0 0 0 1 1 0 0 0 0 0 0 0 1 0 1 0 0 0 0 0])
INFO - 04/10/26 19:45:56 - 0:39:22 - direct, ca - Max Normalized: secret not predicted. (true secret = [ 1  1 -1  0  0  1  0  0  0  0  0  0 -1  1  1  0  0  0  0  0  0  0  1  0
                                       1  0  0 -1  0  0], predicted secret = [1 0 0 0 0 1 0 0 0 0 0 0 0 1 1 0 0 0 0 0 0 0 1 0 1 0 0 0 0 0], true support = [1 1 1 0 0 1 0 0 0 0 0 0 1 1 1 0 0 0 0 0 0 0 1 0 1 0 0 1 0 0], predicted support = [1 0 0 0 0 1 0 0 0 0 0 0 0 1 1 0 0 0 0 0 0 0 1 0 1 0 0 0 0 0])
INFO - 04/10/26 19:45:56 - 0:39:22 - direct, ca - Sum Rank: secret not predicted. (true secret = [ 1  1 -1  0  0  1  0  0  0  0  0  0 -1  1  1  0  0  0  0  0  0  0  1  0
                                       1  0  0 -1  0  0], predicted secret = [1 1 0 0 0 0 0 0 0 0 0 0 0 1 1 0 0 0 0 0 0 0 1 0 1 0 0 0 0 0], true support = [1 1 1 0 0 1 0 0 0 0 0 0 1 1 1 0 0 0 0 0 0 0 1 0 1 0 0 1 0 0], predicted support = [1 1 0 0 0 0 0 0 0 0 0 0 0 1 1 0 0 0 0 0 0 0 1 0 1 0 0 0 0 0])
INFO - 04/10/26 19:45:56 - 0:39:22 - direct, ca - Max Rank: secret not predicted. (true secret = [ 1  1 -1  0  0  1  0  0  0  0  0  0 -1  1  1  0  0  0  0  0  0  0  1  0
                                       1  0  0 -1  0  0], predicted secret = [1 1 0 0 0 0 0 0 0 0 0 0 0 1 1 0 0 0 0 0 0 0 1 0 1 0 0 0 0 0], true support = [1 1 1 0 0 1 0 0 0 0 0 0 1 1 1 0 0 0 0 0 0 0 1 0 1 0 0 1 0 0], predicted support = [1 1 0 0 0 0 0 0 0 0 0 0 0 1 1 0 0 0 0 0 0 0 1 0 1 0 0 0 0 0])
INFO - 04/10/26 19:45:56 - 0:39:22 - Hybrid: direct, distinguisher
INFO - 04/10/26 19:45:56 - 0:39:22 - direct, distinguisher - Sum Normalized: secret not predicted. (true secret = [ 1  1 -1  0  0  1  0  0  0  0  0  0 -1  1  1  0  0  0  0  0  0  0  1  0
                                       1  0  0 -1  0  0], predicted secret = [1 1 0 0 0 1 0 0 0 0 0 0 0 1 1 0 0 0 0 0 0 0 0 0 1 0 0 0 0 0], true support = [1 1 1 0 0 1 0 0 0 0 0 0 1 1 1 0 0 0 0 0 0 0 1 0 1 0 0 1 0 0], predicted support = [1 1 0 0 0 1 0 0 0 0 0 0 0 1 1 0 0 0 0 0 0 0 0 0 1 0 0 0 0 0])
INFO - 04/10/26 19:45:56 - 0:39:22 - direct, distinguisher - Max Normalized: secret not predicted. (true secret = [ 1  1 -1  0  0  1  0  0  0  0  0  0 -1  1  1  0  0  0  0  0  0  0  1  0
                                       1  0  0 -1  0  0], predicted secret = [0 1 0 0 0 1 0 0 0 0 0 0 0 0 1 0 0 0 0 0 0 0 1 0 1 0 0 1 0 0], true support = [1 1 1 0 0 1 0 0 0 0 0 0 1 1 1 0 0 0 0 0 0 0 1 0 1 0 0 1 0 0], predicted support = [0 1 0 0 0 1 0 0 0 0 0 0 0 0 1 0 0 0 0 0 0 0 1 0 1 0 0 1 0 0])
INFO - 04/10/26 19:45:56 - 0:39:22 - direct, distinguisher - Sum Rank: secret not predicted. (true secret = [ 1  1 -1  0  0  1  0  0  0  0  0  0 -1  1  1  0  0  0  0  0  0  0  1  0
                                       1  0  0 -1  0  0], predicted secret = [0 1 0 0 0 1 0 0 0 0 0 0 0 1 1 0 0 0 0 0 0 0 1 0 1 0 0 0 0 0], true support = [1 1 1 0 0 1 0 0 0 0 0 0 1 1 1 0 0 0 0 0 0 0 1 0 1 0 0 1 0 0], predicted support = [0 1 0 0 0 1 0 0 0 0 0 0 0 1 1 0 0 0 0 0 0 0 1 0 1 0 0 0 0 0])
INFO - 04/10/26 19:45:56 - 0:39:22 - direct, distinguisher - Max Rank: secret not predicted. (true secret = [ 1  1 -1  0  0  1  0  0  0  0  0  0 -1  1  1  0  0  0  0  0  0  0  1  0
                                       1  0  0 -1  0  0], predicted secret = [1 1 0 0 0 0 0 0 0 0 0 0 0 1 1 0 0 0 0 0 0 0 1 0 1 0 0 0 0 0], true support = [1 1 1 0 0 1 0 0 0 0 0 0 1 1 1 0 0 0 0 0 0 0 1 0 1 0 0 1 0 0], predicted support = [1 1 0 0 0 0 0 0 0 0 0 0 0 1 1 0 0 0 0 0 0 0 1 0 1 0 0 0 0 0])
INFO - 04/10/26 19:45:56 - 0:39:22 - Hybrid: ca, distinguisher
INFO - 04/10/26 19:45:56 - 0:39:22 - ca, distinguisher - Sum Normalized: secret not predicted. (true secret = [ 1  1 -1  0  0  1  0  0  0  0  0  0 -1  1  1  0  0  0  0  0  0  0  1  0
                                       1  0  0 -1  0  0], predicted secret = [1 1 0 0 0 0 0 0 0 0 0 0 0 1 1 0 0 0 0 0 0 0 1 0 1 0 0 0 0 0], true support = [1 1 1 0 0 1 0 0 0 0 0 0 1 1 1 0 0 0 0 0 0 0 1 0 1 0 0 1 0 0], predicted support = [1 1 0 0 0 0 0 0 0 0 0 0 0 1 1 0 0 0 0 0 0 0 1 0 1 0 0 0 0 0])
INFO - 04/10/26 19:45:56 - 0:39:22 - ca, distinguisher - Max Normalized: secret not predicted. (true secret = [ 1  1 -1  0  0  1  0  0  0  0  0  0 -1  1  1  0  0  0  0  0  0  0  1  0
                                       1  0  0 -1  0  0], predicted secret = [0 1 0 0 0 0 0 0 0 0 0 0 0 1 1 0 0 0 0 0 0 0 1 0 1 0 0 1 0 0], true support = [1 1 1 0 0 1 0 0 0 0 0 0 1 1 1 0 0 0 0 0 0 0 1 0 1 0 0 1 0 0], predicted support = [0 1 0 0 0 0 0 0 0 0 0 0 0 1 1 0 0 0 0 0 0 0 1 0 1 0 0 1 0 0])
INFO - 04/10/26 19:45:56 - 0:39:22 - ca, distinguisher - Sum Rank: secret not predicted. (true secret = [ 1  1 -1  0  0  1  0  0  0  0  0  0 -1  1  1  0  0  0  0  0  0  0  1  0
                                       1  0  0 -1  0  0], predicted secret = [1 1 0 0 0 0 0 0 0 0 0 0 0 1 1 0 0 0 0 0 0 0 1 0 1 0 0 0 0 0], true support = [1 1 1 0 0 1 0 0 0 0 0 0 1 1 1 0 0 0 0 0 0 0 1 0 1 0 0 1 0 0], predicted support = [1 1 0 0 0 0 0 0 0 0 0 0 0 1 1 0 0 0 0 0 0 0 1 0 1 0 0 0 0 0])
INFO - 04/10/26 19:45:56 - 0:39:22 - ca, distinguisher - Max Rank: secret not predicted. (true secret = [ 1  1 -1  0  0  1  0  0  0  0  0  0 -1  1  1  0  0  0  0  0  0  0  1  0
                                       1  0  0 -1  0  0], predicted secret = [1 1 0 0 0 0 0 0 0 0 0 0 0 1 1 0 0 0 0 0 0 0 1 0 1 0 0 0 0 0], true support = [1 1 1 0 0 1 0 0 0 0 0 0 1 1 1 0 0 0 0 0 0 0 1 0 1 0 0 1 0 0], predicted support = [1 1 0 0 0 0 0 0 0 0 0 0 0 1 1 0 0 0 0 0 0 0 1 0 1 0 0 0 0 0])
INFO - 04/10/26 19:45:56 - 0:39:22 - Hybrid: direct, ca, distinguisher
INFO - 04/10/26 19:45:56 - 0:39:22 - direct, ca, distinguisher - Sum Normalized: secret not predicted. (true secret = [ 1  1 -1  0  0  1  0  0  0  0  0  0 -1  1  1  0  0  0  0  0  0  0  1  0
                                       1  0  0 -1  0  0], predicted secret = [1 1 0 0 0 0 0 0 0 0 0 0 0 1 1 0 0 0 0 0 0 0 1 0 1 0 0 0 0 0], true support = [1 1 1 0 0 1 0 0 0 0 0 0 1 1 1 0 0 0 0 0 0 0 1 0 1 0 0 1 0 0], predicted support = [1 1 0 0 0 0 0 0 0 0 0 0 0 1 1 0 0 0 0 0 0 0 1 0 1 0 0 0 0 0])
INFO - 04/10/26 19:45:56 - 0:39:22 - direct, ca, distinguisher - Max Normalized: secret not predicted. (true secret = [ 1  1 -1  0  0  1  0  0  0  0  0  0 -1  1  1  0  0  0  0  0  0  0  1  0
                                       1  0  0 -1  0  0], predicted secret = [0 1 0 0 0 0 0 0 0 0 0 0 0 1 1 0 0 0 0 0 0 0 1 0 1 0 0 1 0 0], true support = [1 1 1 0 0 1 0 0 0 0 0 0 1 1 1 0 0 0 0 0 0 0 1 0 1 0 0 1 0 0], predicted support = [0 1 0 0 0 0 0 0 0 0 0 0 0 1 1 0 0 0 0 0 0 0 1 0 1 0 0 1 0 0])
INFO - 04/10/26 19:45:56 - 0:39:22 - direct, ca, distinguisher - Sum Rank: secret not predicted. (true secret = [ 1  1 -1  0  0  1  0  0  0  0  0  0 -1  1  1  0  0  0  0  0  0  0  1  0
                                       1  0  0 -1  0  0], predicted secret = [1 1 0 0 0 0 0 0 0 0 0 0 0 1 1 0 0 0 0 0 0 0 1 0 1 0 0 0 0 0], true support = [1 1 1 0 0 1 0 0 0 0 0 0 1 1 1 0 0 0 0 0 0 0 1 0 1 0 0 1 0 0], predicted support = [1 1 0 0 0 0 0 0 0 0 0 0 0 1 1 0 0 0 0 0 0 0 1 0 1 0 0 0 0 0])
INFO - 04/10/26 19:45:56 - 0:39:22 - direct, ca, distinguisher - Max Rank: secret not predicted. (true secret = [ 1  1 -1  0  0  1  0  0  0  0  0  0 -1  1  1  0  0  0  0  0  0  0  1  0
                                       1  0  0 -1  0  0], predicted secret = [1 1 0 0 0 0 0 0 0 0 0 0 0 1 1 0 0 0 0 0 0 0 1 0 1 0 0 0 0 0], true support = [1 1 1 0 0 1 0 0 0 0 0 0 1 1 1 0 0 0 0 0 0 0 1 0 1 0 0 1 0 0], predicted support = [1 1 0 0 0 0 0 0 0 0 0 0 0 1 1 0 0 0 0 0 0 0 1 0 1 0 0 0 0 0])
INFO - 04/10/26 19:45:56 - 0:39:22 - Epoch 12 metrics | train_loss: 1.452392 | train_acc1: 32.083233 | train_acc2: 41.217310 | valid_xe_loss: 1.527366 | valid_acc1: 27.333861 | valid_acc2: 31.556566
INFO - 04/10/26 19:45:56 - 0:39:22 - __log__:{"train_loss": 1.4523915634350524, "train_acc1": 32.083233365323096, "train_acc2": 41.21731046065259, "epoch": 12, "valid_xe_loss": 1.527365942544575, "valid_acc1": 27.33386075949367, "valid_acc2": 31.556566455696203}
INFO - 04/10/26 19:45:56 - 0:39:22 - Saving checkpoint to /home/yu_mcc/PQC_salsa/runs/n30_q127_h3_1m/train_gpu_proposed_ternary_h10_secret0_init0_paperlike/checkpoint.pth ...
WARNING - 04/10/26 19:45:56 - 0:39:22 - Saving encoder parameters ...
WARNING - 04/10/26 19:45:56 - 0:39:22 - Saving decoder parameters ...
WARNING - 04/10/26 19:45:56 - 0:39:22 - Saving optimizer ...
INFO - 04/10/26 19:45:57 - 0:39:22 - ============ Starting epoch 13 ... ============
INFO - 04/10/26 19:46:00 - 0:39:25 -   20350 -  133.51 equations/s -  8544.46 words/s - MEM: 1.36 GB - LOSS:  1.4454 || ACC1: 31.8800 || ACC2: 41.3306 - LR: 1.0000e-05
INFO - 04/10/26 19:46:04 - 0:39:29 -   20400 - 1382.15 equations/s - 88457.57 words/s - MEM: 1.36 GB - LOSS:  1.4420 || ACC1: 33.2031 || ACC2: 43.2812 - LR: 1.0000e-05
INFO - 04/10/26 19:46:09 - 0:39:34 -   20450 - 1327.37 equations/s - 84951.45 words/s - MEM: 1.36 GB - LOSS:  1.4467 || ACC1: 32.6406 || ACC2: 42.2812 - LR: 1.0000e-05
INFO - 04/10/26 19:46:17 - 0:39:43 -   20500 -  768.84 equations/s - 49205.48 words/s - MEM: 1.36 GB - LOSS:  1.4401 || ACC1: 33.0312 || ACC2: 42.7500 - LR: 1.0000e-05
INFO - 04/10/26 19:46:22 - 0:39:47 -   20550 - 1352.07 equations/s - 86532.54 words/s - MEM: 1.36 GB - LOSS:  1.4371 || ACC1: 33.2188 || ACC2: 43.9062 - LR: 1.0000e-05
INFO - 04/10/26 19:46:27 - 0:39:52 -   20600 - 1361.36 equations/s - 87127.18 words/s - MEM: 1.36 GB - LOSS:  1.4441 || ACC1: 32.2344 || ACC2: 41.7656 - LR: 1.0000e-05
INFO - 04/10/26 19:46:31 - 0:39:56 -   20650 - 1450.49 equations/s - 92831.24 words/s - MEM: 1.36 GB - LOSS:  1.4444 || ACC1: 31.3594 || ACC2: 41.4062 - LR: 1.0000e-05
INFO - 04/10/26 19:46:36 - 0:40:01 -   20700 - 1306.33 equations/s - 83605.24 words/s - MEM: 1.36 GB - LOSS:  1.4394 || ACC1: 32.9844 || ACC2: 43.0469 - LR: 1.0000e-05
INFO - 04/10/26 19:46:41 - 0:40:06 -   20750 - 1344.62 equations/s - 86055.89 words/s - MEM: 1.36 GB - LOSS:  1.4419 || ACC1: 32.2812 || ACC2: 42.6719 - LR: 1.0000e-05
INFO - 04/10/26 19:46:49 - 0:40:15 -   20800 -  753.50 equations/s - 48223.89 words/s - MEM: 1.36 GB - LOSS:  1.4381 || ACC1: 32.6875 || ACC2: 42.6250 - LR: 1.0000e-05
INFO - 04/10/26 19:46:54 - 0:40:19 -   20850 - 1359.69 equations/s - 87020.45 words/s - MEM: 1.36 GB - LOSS:  1.4384 || ACC1: 32.9844 || ACC2: 43.0781 - LR: 1.0000e-05
INFO - 04/10/26 19:46:59 - 0:40:24 -   20900 - 1359.50 equations/s - 87007.74 words/s - MEM: 1.36 GB - LOSS:  1.4294 || ACC1: 33.2812 || ACC2: 43.3906 - LR: 1.0000e-05
INFO - 04/10/26 19:47:03 - 0:40:29 -   20950 - 1381.60 equations/s - 88422.35 words/s - MEM: 1.36 GB - LOSS:  1.4378 || ACC1: 33.1719 || ACC2: 43.4844 - LR: 1.0000e-05
INFO - 04/10/26 19:47:08 - 0:40:33 -   21000 - 1395.38 equations/s - 89304.01 words/s - MEM: 1.36 GB - LOSS:  1.4453 || ACC1: 32.6406 || ACC2: 42.3125 - LR: 1.0000e-05
INFO - 04/10/26 19:47:13 - 0:40:38 -   21050 - 1380.16 equations/s - 88330.18 words/s - MEM: 1.36 GB - LOSS:  1.4335 || ACC1: 32.7031 || ACC2: 42.8750 - LR: 1.0000e-05
INFO - 04/10/26 19:47:17 - 0:40:42 -   21100 - 1405.92 equations/s - 89979.16 words/s - MEM: 1.36 GB - LOSS:  1.4387 || ACC1: 32.3906 || ACC2: 42.4531 - LR: 1.0000e-05
INFO - 04/10/26 19:47:25 - 0:40:51 -   21150 -  778.02 equations/s - 49793.16 words/s - MEM: 1.36 GB - LOSS:  1.4354 || ACC1: 33.2031 || ACC2: 43.1094 - LR: 1.0000e-05
INFO - 04/10/26 19:47:30 - 0:40:55 -   21200 - 1396.59 equations/s - 89381.88 words/s - MEM: 1.36 GB - LOSS:  1.4400 || ACC1: 33.2812 || ACC2: 43.4688 - LR: 1.0000e-05
INFO - 04/10/26 19:47:35 - 0:41:00 -   21250 - 1401.00 equations/s - 89663.81 words/s - MEM: 1.36 GB - LOSS:  1.4322 || ACC1: 32.8125 || ACC2: 42.4062 - LR: 1.0000e-05
INFO - 04/10/26 19:47:39 - 0:41:04 -   21300 - 1365.60 equations/s - 87398.65 words/s - MEM: 1.36 GB - LOSS:  1.4303 || ACC1: 32.7500 || ACC2: 43.7500 - LR: 1.0000e-05
INFO - 04/10/26 19:47:44 - 0:41:09 -   21350 - 1404.98 equations/s - 89918.45 words/s - MEM: 1.36 GB - LOSS:  1.4364 || ACC1: 32.6719 || ACC2: 43.1094 - LR: 1.0000e-05
INFO - 04/10/26 19:47:49 - 0:41:14 -   21400 - 1357.30 equations/s - 86867.09 words/s - MEM: 1.36 GB - LOSS:  1.4415 || ACC1: 32.1875 || ACC2: 42.4688 - LR: 1.0000e-05
INFO - 04/10/26 19:47:53 - 0:41:18 -   21450 - 1428.57 equations/s - 91428.53 words/s - MEM: 1.36 GB - LOSS:  1.4310 || ACC1: 33.0938 || ACC2: 43.3281 - LR: 1.0000e-05
INFO - 04/10/26 19:48:01 - 0:41:26 -   21500 -  784.14 equations/s - 50185.01 words/s - MEM: 1.36 GB - LOSS:  1.4255 || ACC1: 33.2500 || ACC2: 43.4375 - LR: 1.0000e-05
INFO - 04/10/26 19:48:06 - 0:41:31 -   21550 - 1474.52 equations/s - 94369.49 words/s - MEM: 1.36 GB - LOSS:  1.4310 || ACC1: 34.2188 || ACC2: 44.2500 - LR: 1.0000e-05
INFO - 04/10/26 19:48:10 - 0:41:35 -   21600 - 1338.78 equations/s - 85681.96 words/s - MEM: 1.36 GB - LOSS:  1.4294 || ACC1: 33.3125 || ACC2: 44.6562 - LR: 1.0000e-05
INFO - 04/10/26 19:48:15 - 0:41:40 -   21650 - 1358.14 equations/s - 86921.06 words/s - MEM: 1.36 GB - LOSS:  1.4281 || ACC1: 34.4531 || ACC2: 44.7188 - LR: 1.0000e-05
INFO - 04/10/26 19:48:20 - 0:41:45 -   21700 - 1403.50 equations/s - 89823.90 words/s - MEM: 1.36 GB - LOSS:  1.4288 || ACC1: 34.2812 || ACC2: 45.1562 - LR: 1.0000e-05
INFO - 04/10/26 19:48:24 - 0:41:49 -   21750 - 1387.77 equations/s - 88817.60 words/s - MEM: 1.36 GB - LOSS:  1.4299 || ACC1: 33.5781 || ACC2: 44.3594 - LR: 1.0000e-05
INFO - 04/10/26 19:48:29 - 0:41:54 -   21800 - 1384.50 equations/s - 88608.14 words/s - MEM: 1.36 GB - LOSS:  1.4326 || ACC1: 32.7656 || ACC2: 43.7500 - LR: 1.0000e-05
INFO - 04/10/26 19:48:37 - 0:42:02 -   21850 -  809.30 equations/s - 51795.26 words/s - MEM: 1.36 GB - LOSS:  1.4315 || ACC1: 32.8438 || ACC2: 43.7188 - LR: 1.0000e-05
INFO - 04/10/26 19:48:39 - 0:42:04 -   21882 - 1601.03 equations/s - 102466.14 words/s - MEM: 1.36 GB - LOSS:  1.4266 || ACC1: 32.4951 || ACC2: 42.8467 - LR: 1.0000e-05
INFO - 04/10/26 19:48:39 - 0:42:04 - ============ End of epoch 13 ============
INFO - 04/10/26 19:48:39 - 0:42:04 - Starting Distinguisher Method
INFO - 04/10/26 19:48:52 - 0:42:17 - Distinguishing 0s using the emd. 
INFO - 04/10/26 19:48:52 - 0:42:17 - Distinguishing +/-1s using the emd. 
INFO - 04/10/26 19:48:52 - 0:42:17 - Real secret: -1: {np.int64(2), np.int64(27), np.int64(12)}, 1: {np.int64(0), np.int64(1), np.int64(5), np.int64(13), np.int64(14), np.int64(22), np.int64(24)}
INFO - 04/10/26 19:48:52 - 0:42:17 - Nonzero bits not identified. Guess: [27 14 25 21  0 13  1 22  5 24]
INFO - 04/10/26 19:48:52 - 0:42:17 - Distinguishing +/-1s using the mean. 
INFO - 04/10/26 19:48:52 - 0:42:17 - Real secret: -1: {np.int64(2), np.int64(27), np.int64(12)}, 1: {np.int64(0), np.int64(1), np.int64(5), np.int64(13), np.int64(14), np.int64(22), np.int64(24)}
INFO - 04/10/26 19:48:52 - 0:42:17 - Nonzero bits not identified. Guess: [27 14 25 21  0 13  1 22  5 24]
INFO - 04/10/26 19:48:52 - 0:42:17 - Distinguishing 0s using the mean. 
INFO - 04/10/26 19:48:52 - 0:42:17 - Distinguishing +/-1s using the emd. 
INFO - 04/10/26 19:48:52 - 0:42:17 - Real secret: -1: {np.int64(2), np.int64(27), np.int64(12)}, 1: {np.int64(0), np.int64(1), np.int64(5), np.int64(13), np.int64(14), np.int64(22), np.int64(24)}
INFO - 04/10/26 19:48:52 - 0:42:17 - Distinguishing +/-1s using the mean. 
INFO - 04/10/26 19:48:52 - 0:42:17 - Real secret: -1: {np.int64(2), np.int64(27), np.int64(12)}, 1: {np.int64(0), np.int64(1), np.int64(5), np.int64(13), np.int64(14), np.int64(22), np.int64(24)}
INFO - 04/10/26 19:48:52 - 0:42:17 - Starting Direct Method
INFO - 04/10/26 19:48:52 - 0:42:17 - Direct:  K=58
INFO - 04/10/26 19:48:52 - 0:42:17 - Direct:  K=31
INFO - 04/10/26 19:48:52 - 0:42:17 - Direct:  K=62
INFO - 04/10/26 19:48:52 - 0:42:17 - Direct:  K=39
INFO - 04/10/26 19:48:52 - 0:42:18 - Direct:  K=41
INFO - 04/10/26 19:48:53 - 0:42:18 - Direct:  K=87
INFO - 04/10/26 19:48:53 - 0:42:18 - Direct:  K=51
INFO - 04/10/26 19:48:53 - 0:42:18 - Direct:  K=71
INFO - 04/10/26 19:48:53 - 0:42:18 - Direct:  K=91
INFO - 04/10/26 19:48:53 - 0:42:18 - Direct:  K=94
INFO - 04/10/26 19:48:53 - 0:42:18 - Direct:  K=64
INFO - 04/10/26 19:48:53 - 0:42:18 - Direct:  K=33
INFO - 04/10/26 19:48:53 - 0:42:19 - Direct:  K=31
INFO - 04/10/26 19:48:54 - 0:42:19 - Direct:  K=31
INFO - 04/10/26 19:48:54 - 0:42:19 - Direct:  K=66
INFO - 04/10/26 19:48:54 - 0:42:19 - Direct: secret not predicted. (true secret = [ 1  1 -1  0  0  1  0  0  0  0  0  0 -1  1  1  0  0  0  0  0  0  0  1  0
                                       1  0  0 -1  0  0], predicted secret = [1 0 0 0 0 0 0 0 0 0 0 0 1 1 0 0 0 0 0 0 0 0 1 0 1 0 0 1 0 0], true support = [1 1 1 0 0 1 0 0 0 0 0 0 1 1 1 0 0 0 0 0 0 0 1 0 1 0 0 1 0 0], predicted support = [1 0 0 0 0 0 0 0 0 0 0 0 1 1 0 0 0 0 0 0 0 0 1 0 1 0 0 1 0 0])
INFO - 04/10/26 19:49:03 - 0:42:28 - CA: secret not predicted. (true secret = [ 1  1 -1  0  0  1  0  0  0  0  0  0 -1  1  1  0  0  0  0  0  0  0  1  0
                                       1  0  0 -1  0  0], predicted secret = [1 1 1 0 0 0 0 0 0 0 0 0 0 1 0 0 0 0 0 0 0 0 1 0 1 0 0 0 0 0], true support = [1 1 1 0 0 1 0 0 0 0 0 0 1 1 1 0 0 0 0 0 0 0 1 0 1 0 0 1 0 0], predicted support = [1 1 1 0 0 0 0 0 0 0 0 0 0 1 0 0 0 0 0 0 0 0 1 0 1 0 0 0 0 0])
INFO - 04/10/26 19:49:03 - 0:42:28 - CA: secret not predicted. (true secret = [ 1  1 -1  0  0  1  0  0  0  0  0  0 -1  1  1  0  0  0  0  0  0  0  1  0
                                       1  0  0 -1  0  0], predicted secret = [1 0 0 0 1 0 0 0 0 0 1 0 0 0 1 0 0 0 0 0 1 0 0 0 0 0 0 0 0 1], true support = [1 1 1 0 0 1 0 0 0 0 0 0 1 1 1 0 0 0 0 0 0 0 1 0 1 0 0 1 0 0], predicted support = [1 0 0 0 1 0 0 0 0 0 1 0 0 0 1 0 0 0 0 0 1 0 0 0 0 0 0 0 0 1])
INFO - 04/10/26 19:49:03 - 0:42:28 - Hybrid: direct, ca
INFO - 04/10/26 19:49:03 - 0:42:28 - direct, ca - Sum Normalized: secret not predicted. (true secret = [ 1  1 -1  0  0  1  0  0  0  0  0  0 -1  1  1  0  0  0  0  0  0  0  1  0
                                       1  0  0 -1  0  0], predicted secret = [1 0 0 0 0 0 0 0 0 0 0 0 1 1 1 0 0 0 0 0 0 0 1 0 1 0 0 0 0 0], true support = [1 1 1 0 0 1 0 0 0 0 0 0 1 1 1 0 0 0 0 0 0 0 1 0 1 0 0 1 0 0], predicted support = [1 0 0 0 0 0 0 0 0 0 0 0 1 1 1 0 0 0 0 0 0 0 1 0 1 0 0 0 0 0])
INFO - 04/10/26 19:49:03 - 0:42:28 - direct, ca - Max Normalized: secret not predicted. (true secret = [ 1  1 -1  0  0  1  0  0  0  0  0  0 -1  1  1  0  0  0  0  0  0  0  1  0
                                       1  0  0 -1  0  0], predicted secret = [1 0 0 0 0 0 0 0 0 0 0 0 1 1 0 0 0 0 0 0 0 0 1 0 1 0 0 0 0 1], true support = [1 1 1 0 0 1 0 0 0 0 0 0 1 1 1 0 0 0 0 0 0 0 1 0 1 0 0 1 0 0], predicted support = [1 0 0 0 0 0 0 0 0 0 0 0 1 1 0 0 0 0 0 0 0 0 1 0 1 0 0 0 0 1])
INFO - 04/10/26 19:49:03 - 0:42:28 - direct, ca - Sum Rank: secret not predicted. (true secret = [ 1  1 -1  0  0  1  0  0  0  0  0  0 -1  1  1  0  0  0  0  0  0  0  1  0
                                       1  0  0 -1  0  0], predicted secret = [1 0 1 0 0 0 0 0 0 0 0 0 1 1 0 0 0 0 0 0 0 0 1 0 1 0 0 0 0 0], true support = [1 1 1 0 0 1 0 0 0 0 0 0 1 1 1 0 0 0 0 0 0 0 1 0 1 0 0 1 0 0], predicted support = [1 0 1 0 0 0 0 0 0 0 0 0 1 1 0 0 0 0 0 0 0 0 1 0 1 0 0 0 0 0])
INFO - 04/10/26 19:49:03 - 0:42:28 - direct, ca - Max Rank: secret not predicted. (true secret = [ 1  1 -1  0  0  1  0  0  0  0  0  0 -1  1  1  0  0  0  0  0  0  0  1  0
                                       1  0  0 -1  0  0], predicted secret = [1 0 0 0 0 0 0 0 0 0 0 0 1 1 0 0 0 0 0 0 0 0 1 0 1 0 0 0 0 1], true support = [1 1 1 0 0 1 0 0 0 0 0 0 1 1 1 0 0 0 0 0 0 0 1 0 1 0 0 1 0 0], predicted support = [1 0 0 0 0 0 0 0 0 0 0 0 1 1 0 0 0 0 0 0 0 0 1 0 1 0 0 0 0 1])
INFO - 04/10/26 19:49:03 - 0:42:28 - Hybrid: direct, distinguisher
INFO - 04/10/26 19:49:03 - 0:42:28 - direct, distinguisher - Sum Normalized: secret not predicted. (true secret = [ 1  1 -1  0  0  1  0  0  0  0  0  0 -1  1  1  0  0  0  0  0  0  0  1  0
                                       1  0  0 -1  0  0], predicted secret = [1 0 0 0 0 0 0 0 0 0 0 0 1 1 0 0 0 0 0 0 0 0 1 0 1 0 0 1 0 0], true support = [1 1 1 0 0 1 0 0 0 0 0 0 1 1 1 0 0 0 0 0 0 0 1 0 1 0 0 1 0 0], predicted support = [1 0 0 0 0 0 0 0 0 0 0 0 1 1 0 0 0 0 0 0 0 0 1 0 1 0 0 1 0 0])
INFO - 04/10/26 19:49:03 - 0:42:28 - direct, distinguisher - Max Normalized: secret not predicted. (true secret = [ 1  1 -1  0  0  1  0  0  0  0  0  0 -1  1  1  0  0  0  0  0  0  0  1  0
                                       1  0  0 -1  0  0], predicted secret = [0 1 0 0 0 0 0 0 0 0 0 0 1 1 1 0 0 0 0 0 0 0 1 0 0 0 0 1 0 0], true support = [1 1 1 0 0 1 0 0 0 0 0 0 1 1 1 0 0 0 0 0 0 0 1 0 1 0 0 1 0 0], predicted support = [0 1 0 0 0 0 0 0 0 0 0 0 1 1 1 0 0 0 0 0 0 0 1 0 0 0 0 1 0 0])
INFO - 04/10/26 19:49:03 - 0:42:28 - direct, distinguisher - Sum Rank: secret not predicted. (true secret = [ 1  1 -1  0  0  1  0  0  0  0  0  0 -1  1  1  0  0  0  0  0  0  0  1  0
                                       1  0  0 -1  0  0], predicted secret = [1 0 0 0 0 0 0 0 0 0 0 0 1 1 0 0 0 0 0 0 0 0 1 0 1 0 0 1 0 0], true support = [1 1 1 0 0 1 0 0 0 0 0 0 1 1 1 0 0 0 0 0 0 0 1 0 1 0 0 1 0 0], predicted support = [1 0 0 0 0 0 0 0 0 0 0 0 1 1 0 0 0 0 0 0 0 0 1 0 1 0 0 1 0 0])
INFO - 04/10/26 19:49:03 - 0:42:28 - direct, distinguisher - Max Rank: secret not predicted. (true secret = [ 1  1 -1  0  0  1  0  0  0  0  0  0 -1  1  1  0  0  0  0  0  0  0  1  0
                                       1  0  0 -1  0  0], predicted secret = [0 1 0 0 0 0 0 0 0 0 0 0 1 1 1 0 0 0 0 0 0 0 1 0 1 0 0 0 0 0], true support = [1 1 1 0 0 1 0 0 0 0 0 0 1 1 1 0 0 0 0 0 0 0 1 0 1 0 0 1 0 0], predicted support = [0 1 0 0 0 0 0 0 0 0 0 0 1 1 1 0 0 0 0 0 0 0 1 0 1 0 0 0 0 0])
INFO - 04/10/26 19:49:03 - 0:42:28 - Hybrid: ca, distinguisher
INFO - 04/10/26 19:49:03 - 0:42:28 - ca, distinguisher - Sum Normalized: secret not predicted. (true secret = [ 1  1 -1  0  0  1  0  0  0  0  0  0 -1  1  1  0  0  0  0  0  0  0  1  0
                                       1  0  0 -1  0  0], predicted secret = [1 1 0 0 0 0 0 0 0 0 0 0 0 1 1 0 0 0 0 0 0 0 1 0 1 0 0 0 0 0], true support = [1 1 1 0 0 1 0 0 0 0 0 0 1 1 1 0 0 0 0 0 0 0 1 0 1 0 0 1 0 0], predicted support = [1 1 0 0 0 0 0 0 0 0 0 0 0 1 1 0 0 0 0 0 0 0 1 0 1 0 0 0 0 0])
INFO - 04/10/26 19:49:03 - 0:42:28 - ca, distinguisher - Max Normalized: secret not predicted. (true secret = [ 1  1 -1  0  0  1  0  0  0  0  0  0 -1  1  1  0  0  0  0  0  0  0  1  0
                                       1  0  0 -1  0  0], predicted secret = [1 1 0 0 0 0 0 0 0 0 0 0 0 1 1 0 0 0 0 0 0 0 1 0 1 0 0 0 0 0], true support = [1 1 1 0 0 1 0 0 0 0 0 0 1 1 1 0 0 0 0 0 0 0 1 0 1 0 0 1 0 0], predicted support = [1 1 0 0 0 0 0 0 0 0 0 0 0 1 1 0 0 0 0 0 0 0 1 0 1 0 0 0 0 0])
INFO - 04/10/26 19:49:03 - 0:42:28 - ca, distinguisher - Sum Rank: secret not predicted. (true secret = [ 1  1 -1  0  0  1  0  0  0  0  0  0 -1  1  1  0  0  0  0  0  0  0  1  0
                                       1  0  0 -1  0  0], predicted secret = [1 1 0 0 0 0 0 0 0 0 0 0 0 1 1 0 0 0 0 0 0 0 1 0 1 0 0 0 0 0], true support = [1 1 1 0 0 1 0 0 0 0 0 0 1 1 1 0 0 0 0 0 0 0 1 0 1 0 0 1 0 0], predicted support = [1 1 0 0 0 0 0 0 0 0 0 0 0 1 1 0 0 0 0 0 0 0 1 0 1 0 0 0 0 0])
INFO - 04/10/26 19:49:03 - 0:42:28 - ca, distinguisher - Max Rank: secret not predicted. (true secret = [ 1  1 -1  0  0  1  0  0  0  0  0  0 -1  1  1  0  0  0  0  0  0  0  1  0
                                       1  0  0 -1  0  0], predicted secret = [1 1 0 0 0 0 0 0 0 0 0 0 0 1 1 0 0 0 0 0 0 0 1 0 1 0 0 0 0 0], true support = [1 1 1 0 0 1 0 0 0 0 0 0 1 1 1 0 0 0 0 0 0 0 1 0 1 0 0 1 0 0], predicted support = [1 1 0 0 0 0 0 0 0 0 0 0 0 1 1 0 0 0 0 0 0 0 1 0 1 0 0 0 0 0])
INFO - 04/10/26 19:49:03 - 0:42:28 - Hybrid: direct, ca, distinguisher
INFO - 04/10/26 19:49:03 - 0:42:28 - direct, ca, distinguisher - Sum Normalized: secret not predicted. (true secret = [ 1  1 -1  0  0  1  0  0  0  0  0  0 -1  1  1  0  0  0  0  0  0  0  1  0
                                       1  0  0 -1  0  0], predicted secret = [1 0 0 0 0 0 0 0 0 0 0 0 1 1 1 0 0 0 0 0 0 0 1 0 1 0 0 0 0 0], true support = [1 1 1 0 0 1 0 0 0 0 0 0 1 1 1 0 0 0 0 0 0 0 1 0 1 0 0 1 0 0], predicted support = [1 0 0 0 0 0 0 0 0 0 0 0 1 1 1 0 0 0 0 0 0 0 1 0 1 0 0 0 0 0])
INFO - 04/10/26 19:49:03 - 0:42:28 - direct, ca, distinguisher - Max Normalized: secret not predicted. (true secret = [ 1  1 -1  0  0  1  0  0  0  0  0  0 -1  1  1  0  0  0  0  0  0  0  1  0
                                       1  0  0 -1  0  0], predicted secret = [0 1 0 0 0 0 0 0 0 0 0 0 1 1 1 0 0 0 0 0 0 0 1 0 1 0 0 0 0 0], true support = [1 1 1 0 0 1 0 0 0 0 0 0 1 1 1 0 0 0 0 0 0 0 1 0 1 0 0 1 0 0], predicted support = [0 1 0 0 0 0 0 0 0 0 0 0 1 1 1 0 0 0 0 0 0 0 1 0 1 0 0 0 0 0])
INFO - 04/10/26 19:49:03 - 0:42:28 - direct, ca, distinguisher - Sum Rank: secret not predicted. (true secret = [ 1  1 -1  0  0  1  0  0  0  0  0  0 -1  1  1  0  0  0  0  0  0  0  1  0
                                       1  0  0 -1  0  0], predicted secret = [1 0 0 0 0 0 0 0 0 0 0 0 1 1 1 0 0 0 0 0 0 0 1 0 1 0 0 0 0 0], true support = [1 1 1 0 0 1 0 0 0 0 0 0 1 1 1 0 0 0 0 0 0 0 1 0 1 0 0 1 0 0], predicted support = [1 0 0 0 0 0 0 0 0 0 0 0 1 1 1 0 0 0 0 0 0 0 1 0 1 0 0 0 0 0])
INFO - 04/10/26 19:49:03 - 0:42:28 - direct, ca, distinguisher - Max Rank: secret not predicted. (true secret = [ 1  1 -1  0  0  1  0  0  0  0  0  0 -1  1  1  0  0  0  0  0  0  0  1  0
                                       1  0  0 -1  0  0], predicted secret = [1 1 0 0 0 0 0 0 0 0 0 0 1 1 0 0 0 0 0 0 0 0 1 0 1 0 0 0 0 0], true support = [1 1 1 0 0 1 0 0 0 0 0 0 1 1 1 0 0 0 0 0 0 0 1 0 1 0 0 1 0 0], predicted support = [1 1 0 0 0 0 0 0 0 0 0 0 1 1 0 0 0 0 0 0 0 0 1 0 1 0 0 0 0 0])
INFO - 04/10/26 19:49:03 - 0:42:28 - Epoch 13 metrics | train_loss: 1.436008 | train_acc1: 32.951955 | train_acc2: 43.188180 | valid_xe_loss: 1.529765 | valid_acc1: 27.620649 | valid_acc2: 32.743275
INFO - 04/10/26 19:49:03 - 0:42:28 - __log__:{"train_loss": 1.436008058674276, "train_acc1": 32.95195537428023, "train_acc2": 43.18817978246961, "epoch": 13, "valid_xe_loss": 1.5297647820243352, "valid_acc1": 27.620648734177216, "valid_acc2": 32.743275316455694}
INFO - 04/10/26 19:49:03 - 0:42:28 - Saving checkpoint to /home/yu_mcc/PQC_salsa/runs/n30_q127_h3_1m/train_gpu_proposed_ternary_h10_secret0_init0_paperlike/checkpoint.pth ...
WARNING - 04/10/26 19:49:03 - 0:42:28 - Saving encoder parameters ...
WARNING - 04/10/26 19:49:03 - 0:42:28 - Saving decoder parameters ...
WARNING - 04/10/26 19:49:03 - 0:42:28 - Saving optimizer ...
INFO - 04/10/26 19:49:03 - 0:42:28 - ============ Starting epoch 14 ... ============
INFO - 04/10/26 19:49:05 - 0:42:30 -   21900 -   91.37 equations/s -  5847.76 words/s - MEM: 1.36 GB - LOSS:  1.4240 || ACC1: 32.9427 || ACC2: 43.5330 - LR: 1.0000e-05
INFO - 04/10/26 19:49:13 - 0:42:38 -   21950 -  756.73 equations/s - 48430.46 words/s - MEM: 1.36 GB - LOSS:  1.4233 || ACC1: 33.9062 || ACC2: 44.3438 - LR: 1.0000e-05
INFO - 04/10/26 19:49:18 - 0:42:43 -   22000 - 1419.95 equations/s - 90876.96 words/s - MEM: 1.36 GB - LOSS:  1.4290 || ACC1: 32.9219 || ACC2: 44.8750 - LR: 1.0000e-05
INFO - 04/10/26 19:49:22 - 0:42:47 -   22050 - 1401.44 equations/s - 89692.35 words/s - MEM: 1.36 GB - LOSS:  1.4281 || ACC1: 33.2188 || ACC2: 43.5938 - LR: 1.0000e-05
INFO - 04/10/26 19:49:27 - 0:42:52 -   22100 - 1342.71 equations/s - 85933.34 words/s - MEM: 1.36 GB - LOSS:  1.4271 || ACC1: 33.3594 || ACC2: 44.6875 - LR: 1.0000e-05
INFO - 04/10/26 19:49:31 - 0:42:56 -   22150 - 1417.05 equations/s - 90691.48 words/s - MEM: 1.36 GB - LOSS:  1.4225 || ACC1: 32.8125 || ACC2: 43.9688 - LR: 1.0000e-05
INFO - 04/10/26 19:49:36 - 0:43:01 -   22200 - 1395.23 equations/s - 89294.78 words/s - MEM: 1.36 GB - LOSS:  1.4293 || ACC1: 33.5938 || ACC2: 43.9219 - LR: 1.0000e-05
INFO - 04/10/26 19:49:40 - 0:43:06 -   22250 - 1420.26 equations/s - 90896.82 words/s - MEM: 1.36 GB - LOSS:  1.4293 || ACC1: 33.2031 || ACC2: 43.9688 - LR: 1.0000e-05
INFO - 04/10/26 19:49:49 - 0:43:14 -   22300 -  787.56 equations/s - 50403.66 words/s - MEM: 1.36 GB - LOSS:  1.4216 || ACC1: 34.1250 || ACC2: 44.2031 - LR: 1.0000e-05
INFO - 04/10/26 19:49:53 - 0:43:18 -   22350 - 1401.78 equations/s - 89713.73 words/s - MEM: 1.36 GB - LOSS:  1.4225 || ACC1: 33.9062 || ACC2: 43.9844 - LR: 1.0000e-05
INFO - 04/10/26 19:49:58 - 0:43:23 -   22400 - 1385.93 equations/s - 88699.75 words/s - MEM: 1.36 GB - LOSS:  1.4174 || ACC1: 33.1094 || ACC2: 45.0625 - LR: 1.0000e-05
INFO - 04/10/26 19:50:02 - 0:43:28 -   22450 - 1368.99 equations/s - 87615.05 words/s - MEM: 1.36 GB - LOSS:  1.4201 || ACC1: 33.3750 || ACC2: 45.2031 - LR: 1.0000e-05
INFO - 04/10/26 19:50:07 - 0:43:32 -   22500 - 1388.68 equations/s - 88875.30 words/s - MEM: 1.36 GB - LOSS:  1.4248 || ACC1: 32.3438 || ACC2: 43.5000 - LR: 1.0000e-05
INFO - 04/10/26 19:50:11 - 0:43:37 -   22550 - 1437.24 equations/s - 91983.63 words/s - MEM: 1.36 GB - LOSS:  1.4219 || ACC1: 33.4062 || ACC2: 44.4531 - LR: 1.0000e-05
INFO - 04/10/26 19:50:16 - 0:43:41 -   22600 - 1378.71 equations/s - 88237.76 words/s - MEM: 1.36 GB - LOSS:  1.4189 || ACC1: 34.4375 || ACC2: 44.9688 - LR: 1.0000e-05
INFO - 04/10/26 19:50:24 - 0:43:49 -   22650 -  778.92 equations/s - 49850.92 words/s - MEM: 1.36 GB - LOSS:  1.4201 || ACC1: 34.1562 || ACC2: 45.0781 - LR: 1.0000e-05
INFO - 04/10/26 19:50:29 - 0:43:54 -   22700 - 1410.35 equations/s - 90262.38 words/s - MEM: 1.36 GB - LOSS:  1.4219 || ACC1: 32.8750 || ACC2: 43.9688 - LR: 1.0000e-05
INFO - 04/10/26 19:50:34 - 0:43:59 -   22750 - 1387.51 equations/s - 88800.66 words/s - MEM: 1.36 GB - LOSS:  1.4180 || ACC1: 34.5000 || ACC2: 46.0156 - LR: 1.0000e-05
INFO - 04/10/26 19:50:38 - 0:44:03 -   22800 - 1366.85 equations/s - 87478.24 words/s - MEM: 1.36 GB - LOSS:  1.4196 || ACC1: 33.1094 || ACC2: 44.2500 - LR: 1.0000e-05
INFO - 04/10/26 19:50:43 - 0:44:08 -   22850 - 1419.24 equations/s - 90831.08 words/s - MEM: 1.36 GB - LOSS:  1.4112 || ACC1: 33.0625 || ACC2: 44.8438 - LR: 1.0000e-05
INFO - 04/10/26 19:50:47 - 0:44:12 -   22900 - 1442.80 equations/s - 92339.11 words/s - MEM: 1.36 GB - LOSS:  1.4156 || ACC1: 34.4844 || ACC2: 46.1094 - LR: 1.0000e-05
INFO - 04/10/26 19:50:52 - 0:44:17 -   22950 - 1454.43 equations/s - 93083.75 words/s - MEM: 1.36 GB - LOSS:  1.4167 || ACC1: 33.4844 || ACC2: 44.1875 - LR: 1.0000e-05
INFO - 04/10/26 19:51:00 - 0:44:25 -   23000 -  782.61 equations/s - 50086.95 words/s - MEM: 1.36 GB - LOSS:  1.4170 || ACC1: 33.6875 || ACC2: 45.3438 - LR: 1.0000e-05
INFO - 04/10/26 19:51:04 - 0:44:29 -   23050 - 1395.82 equations/s - 89332.36 words/s - MEM: 1.36 GB - LOSS:  1.4139 || ACC1: 34.1250 || ACC2: 45.6875 - LR: 1.0000e-05
INFO - 04/10/26 19:51:09 - 0:44:34 -   23100 - 1432.16 equations/s - 91658.35 words/s - MEM: 1.36 GB - LOSS:  1.4152 || ACC1: 33.5000 || ACC2: 44.4219 - LR: 1.0000e-05
INFO - 04/10/26 19:51:13 - 0:44:38 -   23150 - 1428.95 equations/s - 91453.03 words/s - MEM: 1.36 GB - LOSS:  1.4131 || ACC1: 33.9375 || ACC2: 45.2188 - LR: 1.0000e-05
INFO - 04/10/26 19:51:18 - 0:44:43 -   23200 - 1388.33 equations/s - 88853.04 words/s - MEM: 1.36 GB - LOSS:  1.4103 || ACC1: 33.7500 || ACC2: 45.7500 - LR: 1.0000e-05
INFO - 04/10/26 19:51:22 - 0:44:48 -   23250 - 1401.39 equations/s - 89689.09 words/s - MEM: 1.36 GB - LOSS:  1.4122 || ACC1: 33.8750 || ACC2: 46.0781 - LR: 1.0000e-05
INFO - 04/10/26 19:51:27 - 0:44:52 -   23300 - 1369.78 equations/s - 87665.74 words/s - MEM: 1.36 GB - LOSS:  1.4160 || ACC1: 33.6719 || ACC2: 45.1094 - LR: 1.0000e-05
INFO - 04/10/26 19:51:32 - 0:44:57 -   23350 - 1387.38 equations/s - 88792.42 words/s - MEM: 1.36 GB - LOSS:  1.4100 || ACC1: 34.3594 || ACC2: 46.5156 - LR: 1.0000e-05
INFO - 04/10/26 19:51:40 - 0:45:05 -   23400 -  789.70 equations/s - 50541.03 words/s - MEM: 1.36 GB - LOSS:  1.4100 || ACC1: 33.2344 || ACC2: 45.0156 - LR: 1.0000e-05
INFO - 04/10/26 19:51:44 - 0:45:09 -   23445 - 1469.69 equations/s - 94060.47 words/s - MEM: 1.36 GB - LOSS:  1.4026 || ACC1: 34.8611 || ACC2: 46.5625 - LR: 1.0000e-05
INFO - 04/10/26 19:51:44 - 0:45:09 - ============ End of epoch 14 ============
INFO - 04/10/26 19:51:44 - 0:45:09 - Starting Distinguisher Method
INFO - 04/10/26 19:51:57 - 0:45:22 - Distinguishing 0s using the emd. 
INFO - 04/10/26 19:51:57 - 0:45:22 - Distinguishing +/-1s using the emd. 
INFO - 04/10/26 19:51:57 - 0:45:22 - Real secret: -1: {np.int64(2), np.int64(27), np.int64(12)}, 1: {np.int64(0), np.int64(1), np.int64(5), np.int64(13), np.int64(14), np.int64(22), np.int64(24)}
INFO - 04/10/26 19:51:57 - 0:45:22 - Distinguishing +/-1s using the mean. 
INFO - 04/10/26 19:51:57 - 0:45:22 - Real secret: -1: {np.int64(2), np.int64(27), np.int64(12)}, 1: {np.int64(0), np.int64(1), np.int64(5), np.int64(13), np.int64(14), np.int64(22), np.int64(24)}
INFO - 04/10/26 19:51:57 - 0:45:22 - Distinguishing 0s using the mean. 
INFO - 04/10/26 19:51:57 - 0:45:22 - Distinguishing +/-1s using the emd. 
INFO - 04/10/26 19:51:57 - 0:45:22 - Real secret: -1: {np.int64(2), np.int64(27), np.int64(12)}, 1: {np.int64(0), np.int64(1), np.int64(5), np.int64(13), np.int64(14), np.int64(22), np.int64(24)}
INFO - 04/10/26 19:51:57 - 0:45:22 - Distinguishing +/-1s using the mean. 
INFO - 04/10/26 19:51:57 - 0:45:22 - Real secret: -1: {np.int64(2), np.int64(27), np.int64(12)}, 1: {np.int64(0), np.int64(1), np.int64(5), np.int64(13), np.int64(14), np.int64(22), np.int64(24)}
INFO - 04/10/26 19:51:57 - 0:45:22 - Starting Direct Method
INFO - 04/10/26 19:51:57 - 0:45:22 - Direct:  K=49
INFO - 04/10/26 19:51:57 - 0:45:22 - Direct:  K=48
INFO - 04/10/26 19:51:57 - 0:45:22 - Direct:  K=80
INFO - 04/10/26 19:51:57 - 0:45:22 - Direct:  K=79
INFO - 04/10/26 19:51:57 - 0:45:22 - Direct:  K=45
INFO - 04/10/26 19:51:57 - 0:45:22 - Direct:  K=85
INFO - 04/10/26 19:51:57 - 0:45:23 - Direct:  K=80
INFO - 04/10/26 19:51:58 - 0:45:23 - Direct:  K=90
INFO - 04/10/26 19:51:58 - 0:45:23 - Direct:  K=75
INFO - 04/10/26 19:51:58 - 0:45:23 - Direct:  K=60
INFO - 04/10/26 19:51:58 - 0:45:23 - Direct:  K=42
INFO - 04/10/26 19:51:58 - 0:45:23 - Direct:  K=56
INFO - 04/10/26 19:51:58 - 0:45:23 - Direct:  K=47
INFO - 04/10/26 19:51:58 - 0:45:23 - Direct:  K=93
INFO - 04/10/26 19:51:58 - 0:45:24 - Direct:  K=69
INFO - 04/10/26 19:51:59 - 0:45:24 - Direct: secret not predicted. (true secret = [ 1  1 -1  0  0  1  0  0  0  0  0  0 -1  1  1  0  0  0  0  0  0  0  1  0
                                       1  0  0 -1  0  0], predicted secret = [0 1 0 0 0 0 0 0 0 0 0 0 1 1 1 0 0 0 0 0 1 0 0 0 1 0 0 0 0 0], true support = [1 1 1 0 0 1 0 0 0 0 0 0 1 1 1 0 0 0 0 0 0 0 1 0 1 0 0 1 0 0], predicted support = [0 1 0 0 0 0 0 0 0 0 0 0 1 1 1 0 0 0 0 0 1 0 0 0 1 0 0 0 0 0])
INFO - 04/10/26 19:52:08 - 0:45:33 - CA: secret not predicted. (true secret = [ 1  1 -1  0  0  1  0  0  0  0  0  0 -1  1  1  0  0  0  0  0  0  0  1  0
                                       1  0  0 -1  0  0], predicted secret = [1 1 0 0 0 0 0 0 0 0 0 0 1 1 0 0 0 0 0 0 0 0 1 0 1 0 0 0 0 0], true support = [1 1 1 0 0 1 0 0 0 0 0 0 1 1 1 0 0 0 0 0 0 0 1 0 1 0 0 1 0 0], predicted support = [1 1 0 0 0 0 0 0 0 0 0 0 1 1 0 0 0 0 0 0 0 0 1 0 1 0 0 0 0 0])
INFO - 04/10/26 19:52:08 - 0:45:33 - CA: secret not predicted. (true secret = [ 1  1 -1  0  0  1  0  0  0  0  0  0 -1  1  1  0  0  0  0  0  0  0  1  0
                                       1  0  0 -1  0  0], predicted secret = [1 0 0 0 1 0 0 0 0 0 1 0 0 0 1 0 0 0 0 0 1 0 0 0 0 0 0 0 0 1], true support = [1 1 1 0 0 1 0 0 0 0 0 0 1 1 1 0 0 0 0 0 0 0 1 0 1 0 0 1 0 0], predicted support = [1 0 0 0 1 0 0 0 0 0 1 0 0 0 1 0 0 0 0 0 1 0 0 0 0 0 0 0 0 1])
INFO - 04/10/26 19:52:08 - 0:45:33 - Hybrid: direct, ca
INFO - 04/10/26 19:52:08 - 0:45:33 - direct, ca - Sum Normalized: secret not predicted. (true secret = [ 1  1 -1  0  0  1  0  0  0  0  0  0 -1  1  1  0  0  0  0  0  0  0  1  0
                                       1  0  0 -1  0  0], predicted secret = [1 0 0 0 0 0 0 0 0 0 0 0 1 1 1 0 0 0 0 0 0 0 1 0 1 0 0 0 0 0], true support = [1 1 1 0 0 1 0 0 0 0 0 0 1 1 1 0 0 0 0 0 0 0 1 0 1 0 0 1 0 0], predicted support = [1 0 0 0 0 0 0 0 0 0 0 0 1 1 1 0 0 0 0 0 0 0 1 0 1 0 0 0 0 0])
INFO - 04/10/26 19:52:08 - 0:45:33 - direct, ca - Max Normalized: secret not predicted. (true secret = [ 1  1 -1  0  0  1  0  0  0  0  0  0 -1  1  1  0  0  0  0  0  0  0  1  0
                                       1  0  0 -1  0  0], predicted secret = [1 0 0 0 0 0 0 0 0 0 0 0 0 1 1 0 0 0 0 0 0 0 1 0 1 0 0 0 0 1], true support = [1 1 1 0 0 1 0 0 0 0 0 0 1 1 1 0 0 0 0 0 0 0 1 0 1 0 0 1 0 0], predicted support = [1 0 0 0 0 0 0 0 0 0 0 0 0 1 1 0 0 0 0 0 0 0 1 0 1 0 0 0 0 1])
INFO - 04/10/26 19:52:08 - 0:45:33 - direct, ca - Sum Rank: secret not predicted. (true secret = [ 1  1 -1  0  0  1  0  0  0  0  0  0 -1  1  1  0  0  0  0  0  0  0  1  0
                                       1  0  0 -1  0  0], predicted secret = [0 1 0 0 0 0 0 0 0 0 0 0 1 1 1 0 0 0 0 0 1 0 0 0 1 0 0 0 0 0], true support = [1 1 1 0 0 1 0 0 0 0 0 0 1 1 1 0 0 0 0 0 0 0 1 0 1 0 0 1 0 0], predicted support = [0 1 0 0 0 0 0 0 0 0 0 0 1 1 1 0 0 0 0 0 1 0 0 0 1 0 0 0 0 0])
INFO - 04/10/26 19:52:08 - 0:45:33 - direct, ca - Max Rank: secret not predicted. (true secret = [ 1  1 -1  0  0  1  0  0  0  0  0  0 -1  1  1  0  0  0  0  0  0  0  1  0
                                       1  0  0 -1  0  0], predicted secret = [1 0 0 0 0 0 0 0 0 0 0 0 1 1 1 0 0 0 0 0 0 0 1 0 1 0 0 0 0 0], true support = [1 1 1 0 0 1 0 0 0 0 0 0 1 1 1 0 0 0 0 0 0 0 1 0 1 0 0 1 0 0], predicted support = [1 0 0 0 0 0 0 0 0 0 0 0 1 1 1 0 0 0 0 0 0 0 1 0 1 0 0 0 0 0])
INFO - 04/10/26 19:52:08 - 0:45:33 - Hybrid: direct, distinguisher
INFO - 04/10/26 19:52:08 - 0:45:33 - direct, distinguisher - Sum Normalized: secret not predicted. (true secret = [ 1  1 -1  0  0  1  0  0  0  0  0  0 -1  1  1  0  0  0  0  0  0  0  1  0
                                       1  0  0 -1  0  0], predicted secret = [0 1 0 0 0 0 0 0 0 0 0 0 1 1 1 0 0 0 0 0 0 0 0 0 1 0 0 1 0 0], true support = [1 1 1 0 0 1 0 0 0 0 0 0 1 1 1 0 0 0 0 0 0 0 1 0 1 0 0 1 0 0], predicted support = [0 1 0 0 0 0 0 0 0 0 0 0 1 1 1 0 0 0 0 0 0 0 0 0 1 0 0 1 0 0])
INFO - 04/10/26 19:52:08 - 0:45:33 - direct, distinguisher - Max Normalized: secret not predicted. (true secret = [ 1  1 -1  0  0  1  0  0  0  0  0  0 -1  1  1  0  0  0  0  0  0  0  1  0
                                       1  0  0 -1  0  0], predicted secret = [1 1 1 0 0 0 0 0 0 0 0 0 0 0 1 0 0 0 0 0 0 0 0 0 1 0 0 1 0 0], true support = [1 1 1 0 0 1 0 0 0 0 0 0 1 1 1 0 0 0 0 0 0 0 1 0 1 0 0 1 0 0], predicted support = [1 1 1 0 0 0 0 0 0 0 0 0 0 0 1 0 0 0 0 0 0 0 0 0 1 0 0 1 0 0])
INFO - 04/10/26 19:52:08 - 0:45:33 - direct, distinguisher - Sum Rank: secret not predicted. (true secret = [ 1  1 -1  0  0  1  0  0  0  0  0  0 -1  1  1  0  0  0  0  0  0  0  1  0
                                       1  0  0 -1  0  0], predicted secret = [0 1 1 0 0 0 0 0 0 0 0 0 1 0 1 0 0 0 0 0 0 0 0 0 1 0 0 1 0 0], true support = [1 1 1 0 0 1 0 0 0 0 0 0 1 1 1 0 0 0 0 0 0 0 1 0 1 0 0 1 0 0], predicted support = [0 1 1 0 0 0 0 0 0 0 0 0 1 0 1 0 0 0 0 0 0 0 0 0 1 0 0 1 0 0])
INFO - 04/10/26 19:52:08 - 0:45:33 - direct, distinguisher - Max Rank: secret not predicted. (true secret = [ 1  1 -1  0  0  1  0  0  0  0  0  0 -1  1  1  0  0  0  0  0  0  0  1  0
                                       1  0  0 -1  0  0], predicted secret = [0 1 1 0 0 0 0 0 0 0 0 0 1 0 1 0 0 0 0 0 0 0 0 0 1 0 0 1 0 0], true support = [1 1 1 0 0 1 0 0 0 0 0 0 1 1 1 0 0 0 0 0 0 0 1 0 1 0 0 1 0 0], predicted support = [0 1 1 0 0 0 0 0 0 0 0 0 1 0 1 0 0 0 0 0 0 0 0 0 1 0 0 1 0 0])
INFO - 04/10/26 19:52:08 - 0:45:33 - Hybrid: ca, distinguisher
INFO - 04/10/26 19:52:08 - 0:45:33 - ca, distinguisher - Sum Normalized: secret not predicted. (true secret = [ 1  1 -1  0  0  1  0  0  0  0  0  0 -1  1  1  0  0  0  0  0  0  0  1  0
                                       1  0  0 -1  0  0], predicted secret = [1 1 0 0 0 0 0 0 0 0 0 0 0 1 1 0 0 0 0 0 0 0 1 0 1 0 0 0 0 0], true support = [1 1 1 0 0 1 0 0 0 0 0 0 1 1 1 0 0 0 0 0 0 0 1 0 1 0 0 1 0 0], predicted support = [1 1 0 0 0 0 0 0 0 0 0 0 0 1 1 0 0 0 0 0 0 0 1 0 1 0 0 0 0 0])
INFO - 04/10/26 19:52:08 - 0:45:33 - ca, distinguisher - Max Normalized: secret not predicted. (true secret = [ 1  1 -1  0  0  1  0  0  0  0  0  0 -1  1  1  0  0  0  0  0  0  0  1  0
                                       1  0  0 -1  0  0], predicted secret = [0 1 1 0 0 0 0 0 0 0 0 0 0 1 1 0 0 0 0 0 0 0 0 0 1 0 0 1 0 0], true support = [1 1 1 0 0 1 0 0 0 0 0 0 1 1 1 0 0 0 0 0 0 0 1 0 1 0 0 1 0 0], predicted support = [0 1 1 0 0 0 0 0 0 0 0 0 0 1 1 0 0 0 0 0 0 0 0 0 1 0 0 1 0 0])
INFO - 04/10/26 19:52:08 - 0:45:33 - ca, distinguisher - Sum Rank: secret not predicted. (true secret = [ 1  1 -1  0  0  1  0  0  0  0  0  0 -1  1  1  0  0  0  0  0  0  0  1  0
                                       1  0  0 -1  0  0], predicted secret = [1 1 0 0 0 0 0 0 0 0 0 0 0 1 1 0 0 0 0 0 0 0 1 0 1 0 0 0 0 0], true support = [1 1 1 0 0 1 0 0 0 0 0 0 1 1 1 0 0 0 0 0 0 0 1 0 1 0 0 1 0 0], predicted support = [1 1 0 0 0 0 0 0 0 0 0 0 0 1 1 0 0 0 0 0 0 0 1 0 1 0 0 0 0 0])
INFO - 04/10/26 19:52:08 - 0:45:33 - ca, distinguisher - Max Rank: secret not predicted. (true secret = [ 1  1 -1  0  0  1  0  0  0  0  0  0 -1  1  1  0  0  0  0  0  0  0  1  0
                                       1  0  0 -1  0  0], predicted secret = [1 1 0 0 0 0 0 0 0 0 0 0 0 1 1 0 0 0 0 0 0 0 0 0 1 0 0 1 0 0], true support = [1 1 1 0 0 1 0 0 0 0 0 0 1 1 1 0 0 0 0 0 0 0 1 0 1 0 0 1 0 0], predicted support = [1 1 0 0 0 0 0 0 0 0 0 0 0 1 1 0 0 0 0 0 0 0 0 0 1 0 0 1 0 0])
INFO - 04/10/26 19:52:08 - 0:45:33 - Hybrid: direct, ca, distinguisher
INFO - 04/10/26 19:52:08 - 0:45:33 - direct, ca, distinguisher - Sum Normalized: secret not predicted. (true secret = [ 1  1 -1  0  0  1  0  0  0  0  0  0 -1  1  1  0  0  0  0  0  0  0  1  0
                                       1  0  0 -1  0  0], predicted secret = [1 0 0 0 0 0 0 0 0 0 0 0 1 1 1 0 0 0 0 0 0 0 1 0 1 0 0 0 0 0], true support = [1 1 1 0 0 1 0 0 0 0 0 0 1 1 1 0 0 0 0 0 0 0 1 0 1 0 0 1 0 0], predicted support = [1 0 0 0 0 0 0 0 0 0 0 0 1 1 1 0 0 0 0 0 0 0 1 0 1 0 0 0 0 0])
INFO - 04/10/26 19:52:08 - 0:45:33 - direct, ca, distinguisher - Max Normalized: secret not predicted. (true secret = [ 1  1 -1  0  0  1  0  0  0  0  0  0 -1  1  1  0  0  0  0  0  0  0  1  0
                                       1  0  0 -1  0  0], predicted secret = [0 1 1 0 0 0 0 0 0 0 0 0 0 1 1 0 0 0 0 0 0 0 0 0 1 0 0 1 0 0], true support = [1 1 1 0 0 1 0 0 0 0 0 0 1 1 1 0 0 0 0 0 0 0 1 0 1 0 0 1 0 0], predicted support = [0 1 1 0 0 0 0 0 0 0 0 0 0 1 1 0 0 0 0 0 0 0 0 0 1 0 0 1 0 0])
INFO - 04/10/26 19:52:08 - 0:45:33 - direct, ca, distinguisher - Sum Rank: secret not predicted. (true secret = [ 1  1 -1  0  0  1  0  0  0  0  0  0 -1  1  1  0  0  0  0  0  0  0  1  0
                                       1  0  0 -1  0  0], predicted secret = [0 1 1 0 0 0 0 0 0 0 0 0 1 1 1 0 0 0 0 0 0 0 0 0 1 0 0 0 0 0], true support = [1 1 1 0 0 1 0 0 0 0 0 0 1 1 1 0 0 0 0 0 0 0 1 0 1 0 0 1 0 0], predicted support = [0 1 1 0 0 0 0 0 0 0 0 0 1 1 1 0 0 0 0 0 0 0 0 0 1 0 0 0 0 0])
INFO - 04/10/26 19:52:08 - 0:45:33 - direct, ca, distinguisher - Max Rank: secret not predicted. (true secret = [ 1  1 -1  0  0  1  0  0  0  0  0  0 -1  1  1  0  0  0  0  0  0  0  1  0
                                       1  0  0 -1  0  0], predicted secret = [1 1 0 0 0 0 0 0 0 0 0 0 1 1 1 0 0 0 0 0 0 0 0 0 1 0 0 0 0 0], true support = [1 1 1 0 0 1 0 0 0 0 0 0 1 1 1 0 0 0 0 0 0 0 1 0 1 0 0 1 0 0], predicted support = [1 1 0 0 0 0 0 0 0 0 0 0 1 1 1 0 0 0 0 0 0 0 0 0 1 0 0 0 0 0])
INFO - 04/10/26 19:52:08 - 0:45:33 - Epoch 14 metrics | train_loss: 1.418798 | train_acc1: 33.613744 | train_acc2: 44.846649 | valid_xe_loss: 1.545261 | valid_acc1: 27.966772 | valid_acc2: 32.990506
INFO - 04/10/26 19:52:08 - 0:45:33 - __log__:{"train_loss": 1.4187976309525532, "train_acc1": 33.61374360204734, "train_acc2": 44.84664907229686, "epoch": 14, "valid_xe_loss": 1.5452613317513768, "valid_acc1": 27.966772151898734, "valid_acc2": 32.99050632911393}
INFO - 04/10/26 19:52:08 - 0:45:33 - Saving checkpoint to /home/yu_mcc/PQC_salsa/runs/n30_q127_h3_1m/train_gpu_proposed_ternary_h10_secret0_init0_paperlike/checkpoint.pth ...
WARNING - 04/10/26 19:52:08 - 0:45:33 - Saving encoder parameters ...
WARNING - 04/10/26 19:52:08 - 0:45:33 - Saving decoder parameters ...
WARNING - 04/10/26 19:52:08 - 0:45:33 - Saving optimizer ...
INFO - 04/10/26 19:52:11 - 0:45:37 - ============ Starting epoch 15 ... ============
INFO - 04/10/26 19:52:12 - 0:45:37 -   23450 -   22.70 equations/s -  1452.61 words/s - MEM: 1.36 GB - LOSS:  1.4001 || ACC1: 34.5312 || ACC2: 47.1875 - LR: 1.0000e-05
INFO - 04/10/26 19:52:16 - 0:45:41 -   23500 - 1440.23 equations/s - 92174.47 words/s - MEM: 1.36 GB - LOSS:  1.4121 || ACC1: 34.1250 || ACC2: 45.5000 - LR: 1.0000e-05
INFO - 04/10/26 19:52:21 - 0:45:46 -   23550 - 1384.92 equations/s - 88634.67 words/s - MEM: 1.36 GB - LOSS:  1.4076 || ACC1: 33.2031 || ACC2: 44.8125 - LR: 1.0000e-05
INFO - 04/10/26 19:52:26 - 0:45:51 -   23600 - 1415.14 equations/s - 90568.69 words/s - MEM: 1.36 GB - LOSS:  1.4038 || ACC1: 34.2344 || ACC2: 45.4219 - LR: 1.0000e-05
INFO - 04/10/26 19:52:30 - 0:45:55 -   23650 - 1345.31 equations/s - 86100.11 words/s - MEM: 1.36 GB - LOSS:  1.4064 || ACC1: 33.8594 || ACC2: 45.3750 - LR: 1.0000e-05
INFO - 04/10/26 19:52:35 - 0:46:00 -   23700 - 1442.57 equations/s - 92324.51 words/s - MEM: 1.36 GB - LOSS:  1.4051 || ACC1: 34.9375 || ACC2: 46.5781 - LR: 1.0000e-05
INFO - 04/10/26 19:52:39 - 0:46:04 -   23750 - 1431.59 equations/s - 91621.90 words/s - MEM: 1.36 GB - LOSS:  1.4036 || ACC1: 33.1719 || ACC2: 45.6562 - LR: 1.0000e-05
INFO - 04/10/26 19:52:47 - 0:46:13 -   23800 -  771.83 equations/s - 49396.85 words/s - MEM: 1.36 GB - LOSS:  1.4075 || ACC1: 35.1406 || ACC2: 46.8750 - LR: 1.0000e-05
INFO - 04/10/26 19:52:52 - 0:46:17 -   23850 - 1375.97 equations/s - 88061.87 words/s - MEM: 1.36 GB - LOSS:  1.4002 || ACC1: 35.4219 || ACC2: 47.0938 - LR: 1.0000e-05
INFO - 04/10/26 19:52:57 - 0:46:22 -   23900 - 1424.55 equations/s - 91171.34 words/s - MEM: 1.36 GB - LOSS:  1.3989 || ACC1: 34.5000 || ACC2: 46.7188 - LR: 1.0000e-05
INFO - 04/10/26 19:53:01 - 0:46:26 -   23950 - 1423.70 equations/s - 91116.93 words/s - MEM: 1.36 GB - LOSS:  1.3952 || ACC1: 34.5625 || ACC2: 47.1562 - LR: 1.0000e-05
INFO - 04/10/26 19:53:06 - 0:46:31 -   24000 - 1401.56 equations/s - 89699.74 words/s - MEM: 1.36 GB - LOSS:  1.3956 || ACC1: 35.2969 || ACC2: 47.5156 - LR: 1.0000e-05
INFO - 04/10/26 19:53:10 - 0:46:35 -   24050 - 1389.56 equations/s - 88932.06 words/s - MEM: 1.36 GB - LOSS:  1.3991 || ACC1: 34.8594 || ACC2: 47.4062 - LR: 1.0000e-05
INFO - 04/10/26 19:53:15 - 0:46:40 -   24100 - 1393.93 equations/s - 89211.66 words/s - MEM: 1.36 GB - LOSS:  1.4028 || ACC1: 34.3438 || ACC2: 46.5000 - LR: 1.0000e-05
INFO - 04/10/26 19:53:23 - 0:46:48 -   24150 -  775.86 equations/s - 49654.75 words/s - MEM: 1.36 GB - LOSS:  1.3980 || ACC1: 34.9688 || ACC2: 47.5000 - LR: 1.0000e-05
INFO - 04/10/26 19:53:28 - 0:46:53 -   24200 - 1324.68 equations/s - 84779.24 words/s - MEM: 1.36 GB - LOSS:  1.3974 || ACC1: 34.4062 || ACC2: 46.8750 - LR: 1.0000e-05
INFO - 04/10/26 19:53:33 - 0:46:58 -   24250 - 1397.79 equations/s - 89458.77 words/s - MEM: 1.36 GB - LOSS:  1.3985 || ACC1: 35.0938 || ACC2: 47.4062 - LR: 1.0000e-05
INFO - 04/10/26 19:53:37 - 0:47:02 -   24300 - 1394.63 equations/s - 89256.54 words/s - MEM: 1.36 GB - LOSS:  1.3833 || ACC1: 35.5625 || ACC2: 48.5938 - LR: 1.0000e-05
INFO - 04/10/26 19:53:42 - 0:47:07 -   24350 - 1353.57 equations/s - 86628.21 words/s - MEM: 1.36 GB - LOSS:  1.3965 || ACC1: 34.8906 || ACC2: 47.1719 - LR: 1.0000e-05
INFO - 04/10/26 19:53:46 - 0:47:11 -   24400 - 1428.79 equations/s - 91442.52 words/s - MEM: 1.36 GB - LOSS:  1.3995 || ACC1: 34.7500 || ACC2: 46.7656 - LR: 1.0000e-05
INFO - 04/10/26 19:53:51 - 0:47:16 -   24450 - 1478.16 equations/s - 94602.48 words/s - MEM: 1.36 GB - LOSS:  1.3949 || ACC1: 35.1094 || ACC2: 47.4375 - LR: 1.0000e-05
INFO - 04/10/26 19:53:59 - 0:47:24 -   24500 -  769.15 equations/s - 49225.91 words/s - MEM: 1.36 GB - LOSS:  1.3927 || ACC1: 35.6250 || ACC2: 48.3281 - LR: 1.0000e-05
INFO - 04/10/26 19:54:03 - 0:47:28 -   24550 - 1462.56 equations/s - 93603.81 words/s - MEM: 1.36 GB - LOSS:  1.3938 || ACC1: 35.1406 || ACC2: 47.6562 - LR: 1.0000e-05
INFO - 04/10/26 19:54:08 - 0:47:33 -   24600 - 1349.55 equations/s - 86371.49 words/s - MEM: 1.36 GB - LOSS:  1.3865 || ACC1: 36.2656 || ACC2: 49.1250 - LR: 1.0000e-05
INFO - 04/10/26 19:54:13 - 0:47:38 -   24650 - 1383.00 equations/s - 88512.18 words/s - MEM: 1.36 GB - LOSS:  1.3928 || ACC1: 34.4219 || ACC2: 47.3438 - LR: 1.0000e-05
INFO - 04/10/26 19:54:17 - 0:47:43 -   24700 - 1371.68 equations/s - 87787.68 words/s - MEM: 1.36 GB - LOSS:  1.3874 || ACC1: 35.7656 || ACC2: 47.7656 - LR: 1.0000e-05
INFO - 04/10/26 19:54:22 - 0:47:47 -   24750 - 1404.27 equations/s - 89873.25 words/s - MEM: 1.36 GB - LOSS:  1.3871 || ACC1: 35.0156 || ACC2: 47.3438 - LR: 1.0000e-05
INFO - 04/10/26 19:54:27 - 0:47:52 -   24800 - 1377.10 equations/s - 88134.44 words/s - MEM: 1.36 GB - LOSS:  1.3884 || ACC1: 35.4219 || ACC2: 48.0000 - LR: 1.0000e-05
INFO - 04/10/26 19:54:35 - 0:48:00 -   24850 -  784.99 equations/s - 50239.27 words/s - MEM: 1.36 GB - LOSS:  1.3921 || ACC1: 33.8125 || ACC2: 47.0938 - LR: 1.0000e-05
INFO - 04/10/26 19:54:39 - 0:48:05 -   24900 - 1359.81 equations/s - 87027.69 words/s - MEM: 1.36 GB - LOSS:  1.3851 || ACC1: 35.0312 || ACC2: 48.6719 - LR: 1.0000e-05
INFO - 04/10/26 19:54:44 - 0:48:09 -   24950 - 1445.38 equations/s - 92504.50 words/s - MEM: 1.36 GB - LOSS:  1.3880 || ACC1: 34.1719 || ACC2: 47.3281 - LR: 1.0000e-05
INFO - 04/10/26 19:54:49 - 0:48:14 -   25000 - 1380.02 equations/s - 88321.28 words/s - MEM: 1.36 GB - LOSS:  1.3895 || ACC1: 34.2812 || ACC2: 47.0312 - LR: 1.0000e-05
INFO - 04/10/26 19:54:49 - 0:48:14 -   25008 - 1620.94 equations/s - 103740.00 words/s - MEM: 1.36 GB - LOSS:  1.3835 || ACC1: 34.5703 || ACC2: 46.2891 - LR: 1.0000e-05
INFO - 04/10/26 19:54:49 - 0:48:14 - ============ End of epoch 15 ============
INFO - 04/10/26 19:54:49 - 0:48:14 - Starting Distinguisher Method
INFO - 04/10/26 19:55:02 - 0:48:27 - Distinguishing 0s using the emd. 
INFO - 04/10/26 19:55:02 - 0:48:27 - Distinguishing +/-1s using the emd. 
INFO - 04/10/26 19:55:02 - 0:48:27 - Real secret: -1: {np.int64(2), np.int64(27), np.int64(12)}, 1: {np.int64(0), np.int64(1), np.int64(5), np.int64(13), np.int64(14), np.int64(22), np.int64(24)}
INFO - 04/10/26 19:55:02 - 0:48:27 - Nonzero bits not identified. Guess: [ 1 24 12 22 23 14 13  2 27  0]
INFO - 04/10/26 19:55:02 - 0:48:27 - Distinguishing +/-1s using the mean. 
INFO - 04/10/26 19:55:02 - 0:48:27 - Real secret: -1: {np.int64(2), np.int64(27), np.int64(12)}, 1: {np.int64(0), np.int64(1), np.int64(5), np.int64(13), np.int64(14), np.int64(22), np.int64(24)}
INFO - 04/10/26 19:55:02 - 0:48:27 - Nonzero bits not identified. Guess: [ 1 24 12 22 23 14 13  2 27  0]
INFO - 04/10/26 19:55:02 - 0:48:27 - Distinguishing 0s using the mean. 
INFO - 04/10/26 19:55:02 - 0:48:27 - Distinguishing +/-1s using the emd. 
INFO - 04/10/26 19:55:02 - 0:48:27 - Real secret: -1: {np.int64(2), np.int64(27), np.int64(12)}, 1: {np.int64(0), np.int64(1), np.int64(5), np.int64(13), np.int64(14), np.int64(22), np.int64(24)}
INFO - 04/10/26 19:55:02 - 0:48:27 - Distinguishing +/-1s using the mean. 
INFO - 04/10/26 19:55:02 - 0:48:27 - Real secret: -1: {np.int64(2), np.int64(27), np.int64(12)}, 1: {np.int64(0), np.int64(1), np.int64(5), np.int64(13), np.int64(14), np.int64(22), np.int64(24)}
INFO - 04/10/26 19:55:02 - 0:48:27 - Starting Direct Method
INFO - 04/10/26 19:55:02 - 0:48:27 - Direct:  K=63
INFO - 04/10/26 19:55:02 - 0:48:27 - Direct:  K=53
INFO - 04/10/26 19:55:02 - 0:48:27 - Direct:  K=31
INFO - 04/10/26 19:55:02 - 0:48:28 - Direct:  K=37
INFO - 04/10/26 19:55:03 - 0:48:28 - Direct:  K=70
INFO - 04/10/26 19:55:03 - 0:48:28 - Direct:  K=53
INFO - 04/10/26 19:55:03 - 0:48:28 - Direct:  K=65
INFO - 04/10/26 19:55:03 - 0:48:28 - Direct:  K=56
INFO - 04/10/26 19:55:03 - 0:48:28 - Direct:  K=45
INFO - 04/10/26 19:55:03 - 0:48:28 - Direct:  K=87
INFO - 04/10/26 19:55:03 - 0:48:28 - Direct:  K=58
INFO - 04/10/26 19:55:03 - 0:48:28 - Direct:  K=36
INFO - 04/10/26 19:55:03 - 0:48:29 - Direct:  K=51
INFO - 04/10/26 19:55:04 - 0:48:29 - Direct:  K=61
INFO - 04/10/26 19:55:04 - 0:48:29 - Direct:  K=55
INFO - 04/10/26 19:55:04 - 0:48:29 - Direct: secret not predicted. (true secret = [ 1  1 -1  0  0  1  0  0  0  0  0  0 -1  1  1  0  0  0  0  0  0  0  1  0
                                       1  0  0 -1  0  0], predicted secret = [0 0 0 0 1 1 0 0 0 0 1 0 0 0 0 0 0 0 0 1 1 0 0 0 1 0 0 0 0 0], true support = [1 1 1 0 0 1 0 0 0 0 0 0 1 1 1 0 0 0 0 0 0 0 1 0 1 0 0 1 0 0], predicted support = [0 0 0 0 1 1 0 0 0 0 1 0 0 0 0 0 0 0 0 1 1 0 0 0 1 0 0 0 0 0])
INFO - 04/10/26 19:55:17 - 0:48:42 - CA: secret not predicted. (true secret = [ 1  1 -1  0  0  1  0  0  0  0  0  0 -1  1  1  0  0  0  0  0  0  0  1  0
                                       1  0  0 -1  0  0], predicted secret = [1 1 1 0 0 0 0 0 0 0 0 0 0 1 0 0 0 0 0 0 0 0 1 0 1 0 0 0 0 0], true support = [1 1 1 0 0 1 0 0 0 0 0 0 1 1 1 0 0 0 0 0 0 0 1 0 1 0 0 1 0 0], predicted support = [1 1 1 0 0 0 0 0 0 0 0 0 0 1 0 0 0 0 0 0 0 0 1 0 1 0 0 0 0 0])
INFO - 04/10/26 19:55:17 - 0:48:42 - CA: secret not predicted. (true secret = [ 1  1 -1  0  0  1  0  0  0  0  0  0 -1  1  1  0  0  0  0  0  0  0  1  0
                                       1  0  0 -1  0  0], predicted secret = [1 0 0 0 1 0 0 0 0 0 1 0 0 0 0 0 0 0 1 0 1 0 0 0 0 0 0 0 0 1], true support = [1 1 1 0 0 1 0 0 0 0 0 0 1 1 1 0 0 0 0 0 0 0 1 0 1 0 0 1 0 0], predicted support = [1 0 0 0 1 0 0 0 0 0 1 0 0 0 0 0 0 0 1 0 1 0 0 0 0 0 0 0 0 1])
INFO - 04/10/26 19:55:17 - 0:48:42 - Hybrid: direct, ca
INFO - 04/10/26 19:55:17 - 0:48:42 - direct, ca - Sum Normalized: secret not predicted. (true secret = [ 1  1 -1  0  0  1  0  0  0  0  0  0 -1  1  1  0  0  0  0  0  0  0  1  0
                                       1  0  0 -1  0  0], predicted secret = [1 0 0 0 0 1 0 0 0 0 0 0 0 1 0 0 0 0 0 0 1 0 1 0 1 0 0 0 0 0], true support = [1 1 1 0 0 1 0 0 0 0 0 0 1 1 1 0 0 0 0 0 0 0 1 0 1 0 0 1 0 0], predicted support = [1 0 0 0 0 1 0 0 0 0 0 0 0 1 0 0 0 0 0 0 1 0 1 0 1 0 0 0 0 0])
INFO - 04/10/26 19:55:17 - 0:48:42 - direct, ca - Max Normalized: secret not predicted. (true secret = [ 1  1 -1  0  0  1  0  0  0  0  0  0 -1  1  1  0  0  0  0  0  0  0  1  0
                                       1  0  0 -1  0  0], predicted secret = [1 0 0 0 0 1 0 0 0 0 0 0 0 1 0 0 0 0 0 0 0 0 1 0 1 0 0 0 0 1], true support = [1 1 1 0 0 1 0 0 0 0 0 0 1 1 1 0 0 0 0 0 0 0 1 0 1 0 0 1 0 0], predicted support = [1 0 0 0 0 1 0 0 0 0 0 0 0 1 0 0 0 0 0 0 0 0 1 0 1 0 0 0 0 1])
INFO - 04/10/26 19:55:17 - 0:48:42 - direct, ca - Sum Rank: secret not predicted. (true secret = [ 1  1 -1  0  0  1  0  0  0  0  0  0 -1  1  1  0  0  0  0  0  0  0  1  0
                                       1  0  0 -1  0  0], predicted secret = [1 0 0 0 1 0 0 0 0 0 0 0 1 0 0 0 0 0 0 0 1 0 1 0 1 0 0 0 0 0], true support = [1 1 1 0 0 1 0 0 0 0 0 0 1 1 1 0 0 0 0 0 0 0 1 0 1 0 0 1 0 0], predicted support = [1 0 0 0 1 0 0 0 0 0 0 0 1 0 0 0 0 0 0 0 1 0 1 0 1 0 0 0 0 0])
INFO - 04/10/26 19:55:17 - 0:48:42 - direct, ca - Max Rank: secret not predicted. (true secret = [ 1  1 -1  0  0  1  0  0  0  0  0  0 -1  1  1  0  0  0  0  0  0  0  1  0
                                       1  0  0 -1  0  0], predicted secret = [1 0 0 0 1 1 0 0 0 0 0 0 0 1 0 0 0 0 0 0 1 0 0 0 1 0 0 0 0 0], true support = [1 1 1 0 0 1 0 0 0 0 0 0 1 1 1 0 0 0 0 0 0 0 1 0 1 0 0 1 0 0], predicted support = [1 0 0 0 1 1 0 0 0 0 0 0 0 1 0 0 0 0 0 0 1 0 0 0 1 0 0 0 0 0])
INFO - 04/10/26 19:55:17 - 0:48:42 - Hybrid: direct, distinguisher
INFO - 04/10/26 19:55:17 - 0:48:42 - direct, distinguisher - Sum Normalized: secret not predicted. (true secret = [ 1  1 -1  0  0  1  0  0  0  0  0  0 -1  1  1  0  0  0  0  0  0  0  1  0
                                       1  0  0 -1  0  0], predicted secret = [1 1 0 0 0 1 0 0 0 0 0 0 0 0 0 0 0 0 0 0 0 0 1 0 1 0 0 1 0 0], true support = [1 1 1 0 0 1 0 0 0 0 0 0 1 1 1 0 0 0 0 0 0 0 1 0 1 0 0 1 0 0], predicted support = [1 1 0 0 0 1 0 0 0 0 0 0 0 0 0 0 0 0 0 0 0 0 1 0 1 0 0 1 0 0])
INFO - 04/10/26 19:55:17 - 0:48:42 - direct, distinguisher - Max Normalized: secret not predicted. (true secret = [ 1  1 -1  0  0  1  0  0  0  0  0  0 -1  1  1  0  0  0  0  0  0  0  1  0
                                       1  0  0 -1  0  0], predicted secret = [0 1 1 0 0 1 0 0 0 0 0 0 0 1 0 0 0 0 0 0 0 0 1 0 0 0 0 1 0 0], true support = [1 1 1 0 0 1 0 0 0 0 0 0 1 1 1 0 0 0 0 0 0 0 1 0 1 0 0 1 0 0], predicted support = [0 1 1 0 0 1 0 0 0 0 0 0 0 1 0 0 0 0 0 0 0 0 1 0 0 0 0 1 0 0])
INFO - 04/10/26 19:55:17 - 0:48:42 - direct, distinguisher - Sum Rank: secret not predicted. (true secret = [ 1  1 -1  0  0  1  0  0  0  0  0  0 -1  1  1  0  0  0  0  0  0  0  1  0
                                       1  0  0 -1  0  0], predicted secret = [1 1 0 0 0 1 0 0 0 0 0 0 0 0 0 0 0 0 0 0 0 0 1 0 1 0 0 1 0 0], true support = [1 1 1 0 0 1 0 0 0 0 0 0 1 1 1 0 0 0 0 0 0 0 1 0 1 0 0 1 0 0], predicted support = [1 1 0 0 0 1 0 0 0 0 0 0 0 0 0 0 0 0 0 0 0 0 1 0 1 0 0 1 0 0])
INFO - 04/10/26 19:55:17 - 0:48:42 - direct, distinguisher - Max Rank: secret not predicted. (true secret = [ 1  1 -1  0  0  1  0  0  0  0  0  0 -1  1  1  0  0  0  0  0  0  0  1  0
                                       1  0  0 -1  0  0], predicted secret = [0 0 1 0 0 1 0 0 0 0 0 0 0 0 0 0 0 0 0 0 1 0 1 0 1 0 0 1 0 0], true support = [1 1 1 0 0 1 0 0 0 0 0 0 1 1 1 0 0 0 0 0 0 0 1 0 1 0 0 1 0 0], predicted support = [0 0 1 0 0 1 0 0 0 0 0 0 0 0 0 0 0 0 0 0 1 0 1 0 1 0 0 1 0 0])
INFO - 04/10/26 19:55:17 - 0:48:42 - Hybrid: ca, distinguisher
INFO - 04/10/26 19:55:17 - 0:48:42 - ca, distinguisher - Sum Normalized: secret not predicted. (true secret = [ 1  1 -1  0  0  1  0  0  0  0  0  0 -1  1  1  0  0  0  0  0  0  0  1  0
                                       1  0  0 -1  0  0], predicted secret = [1 1 1 0 0 0 0 0 0 0 0 0 0 1 0 0 0 0 0 0 0 0 1 0 1 0 0 0 0 0], true support = [1 1 1 0 0 1 0 0 0 0 0 0 1 1 1 0 0 0 0 0 0 0 1 0 1 0 0 1 0 0], predicted support = [1 1 1 0 0 0 0 0 0 0 0 0 0 1 0 0 0 0 0 0 0 0 1 0 1 0 0 0 0 0])
INFO - 04/10/26 19:55:17 - 0:48:42 - ca, distinguisher - Max Normalized: secret not predicted. (true secret = [ 1  1 -1  0  0  1  0  0  0  0  0  0 -1  1  1  0  0  0  0  0  0  0  1  0
                                       1  0  0 -1  0  0], predicted secret = [0 1 1 0 0 0 0 0 0 0 0 0 0 1 0 0 0 0 0 0 0 0 1 0 1 0 0 1 0 0], true support = [1 1 1 0 0 1 0 0 0 0 0 0 1 1 1 0 0 0 0 0 0 0 1 0 1 0 0 1 0 0], predicted support = [0 1 1 0 0 0 0 0 0 0 0 0 0 1 0 0 0 0 0 0 0 0 1 0 1 0 0 1 0 0])
INFO - 04/10/26 19:55:17 - 0:48:42 - ca, distinguisher - Sum Rank: secret not predicted. (true secret = [ 1  1 -1  0  0  1  0  0  0  0  0  0 -1  1  1  0  0  0  0  0  0  0  1  0
                                       1  0  0 -1  0  0], predicted secret = [1 1 1 0 0 0 0 0 0 0 0 0 0 1 0 0 0 0 0 0 0 0 1 0 1 0 0 0 0 0], true support = [1 1 1 0 0 1 0 0 0 0 0 0 1 1 1 0 0 0 0 0 0 0 1 0 1 0 0 1 0 0], predicted support = [1 1 1 0 0 0 0 0 0 0 0 0 0 1 0 0 0 0 0 0 0 0 1 0 1 0 0 0 0 0])
INFO - 04/10/26 19:55:17 - 0:48:42 - ca, distinguisher - Max Rank: secret not predicted. (true secret = [ 1  1 -1  0  0  1  0  0  0  0  0  0 -1  1  1  0  0  0  0  0  0  0  1  0
                                       1  0  0 -1  0  0], predicted secret = [1 0 1 0 0 0 0 0 0 0 0 0 0 1 0 0 0 0 0 0 0 0 1 0 1 0 0 1 0 0], true support = [1 1 1 0 0 1 0 0 0 0 0 0 1 1 1 0 0 0 0 0 0 0 1 0 1 0 0 1 0 0], predicted support = [1 0 1 0 0 0 0 0 0 0 0 0 0 1 0 0 0 0 0 0 0 0 1 0 1 0 0 1 0 0])
INFO - 04/10/26 19:55:17 - 0:48:42 - Hybrid: direct, ca, distinguisher
INFO - 04/10/26 19:55:17 - 0:48:42 - direct, ca, distinguisher - Sum Normalized: secret not predicted. (true secret = [ 1  1 -1  0  0  1  0  0  0  0  0  0 -1  1  1  0  0  0  0  0  0  0  1  0
                                       1  0  0 -1  0  0], predicted secret = [1 1 0 0 0 1 0 0 0 0 0 0 0 1 0 0 0 0 0 0 0 0 1 0 1 0 0 0 0 0], true support = [1 1 1 0 0 1 0 0 0 0 0 0 1 1 1 0 0 0 0 0 0 0 1 0 1 0 0 1 0 0], predicted support = [1 1 0 0 0 1 0 0 0 0 0 0 0 1 0 0 0 0 0 0 0 0 1 0 1 0 0 0 0 0])
INFO - 04/10/26 19:55:17 - 0:48:42 - direct, ca, distinguisher - Max Normalized: secret not predicted. (true secret = [ 1  1 -1  0  0  1  0  0  0  0  0  0 -1  1  1  0  0  0  0  0  0  0  1  0
                                       1  0  0 -1  0  0], predicted secret = [0 1 1 0 0 1 0 0 0 0 0 0 0 1 0 0 0 0 0 0 0 0 1 0 0 0 0 1 0 0], true support = [1 1 1 0 0 1 0 0 0 0 0 0 1 1 1 0 0 0 0 0 0 0 1 0 1 0 0 1 0 0], predicted support = [0 1 1 0 0 1 0 0 0 0 0 0 0 1 0 0 0 0 0 0 0 0 1 0 0 0 0 1 0 0])
INFO - 04/10/26 19:55:17 - 0:48:42 - direct, ca, distinguisher - Sum Rank: secret not predicted. (true secret = [ 1  1 -1  0  0  1  0  0  0  0  0  0 -1  1  1  0  0  0  0  0  0  0  1  0
                                       1  0  0 -1  0  0], predicted secret = [1 1 0 0 0 1 0 0 0 0 0 0 1 0 0 0 0 0 0 0 0 0 1 0 1 0 0 0 0 0], true support = [1 1 1 0 0 1 0 0 0 0 0 0 1 1 1 0 0 0 0 0 0 0 1 0 1 0 0 1 0 0], predicted support = [1 1 0 0 0 1 0 0 0 0 0 0 1 0 0 0 0 0 0 0 0 0 1 0 1 0 0 0 0 0])
INFO - 04/10/26 19:55:17 - 0:48:42 - direct, ca, distinguisher - Max Rank: secret not predicted. (true secret = [ 1  1 -1  0  0  1  0  0  0  0  0  0 -1  1  1  0  0  0  0  0  0  0  1  0
                                       1  0  0 -1  0  0], predicted secret = [1 0 1 0 0 1 0 0 0 0 0 0 0 1 0 0 0 0 0 0 0 0 1 0 1 0 0 0 0 0], true support = [1 1 1 0 0 1 0 0 0 0 0 0 1 1 1 0 0 0 0 0 0 0 1 0 1 0 0 1 0 0], predicted support = [1 0 1 0 0 1 0 0 0 0 0 0 0 1 0 0 0 0 0 0 0 0 1 0 1 0 0 0 0 0])
INFO - 04/10/26 19:55:17 - 0:48:42 - Epoch 15 metrics | train_loss: 1.396377 | train_acc1: 34.752879 | train_acc2: 47.094430 | valid_xe_loss: 1.556023 | valid_acc1: 26.770174 | valid_acc2: 31.774130
INFO - 04/10/26 19:55:17 - 0:48:42 - __log__:{"train_loss": 1.3963770633009254, "train_acc1": 34.75287907869482, "train_acc2": 47.09442978246961, "epoch": 15, "valid_xe_loss": 1.5560225655760946, "valid_acc1": 26.77017405063291, "valid_acc2": 31.774129746835442}
INFO - 04/10/26 19:55:17 - 0:48:42 - Saving checkpoint to /home/yu_mcc/PQC_salsa/runs/n30_q127_h3_1m/train_gpu_proposed_ternary_h10_secret0_init0_paperlike/checkpoint.pth ...
WARNING - 04/10/26 19:55:17 - 0:48:42 - Saving encoder parameters ...
WARNING - 04/10/26 19:55:17 - 0:48:42 - Saving decoder parameters ...
WARNING - 04/10/26 19:55:17 - 0:48:42 - Saving optimizer ...
INFO - 04/10/26 19:55:17 - 0:48:42 - ============ Starting epoch 16 ... ============
INFO - 04/10/26 19:55:21 - 0:48:46 -   25050 -  169.66 equations/s - 10858.26 words/s - MEM: 1.36 GB - LOSS:  1.3805 || ACC1: 35.2121 || ACC2: 48.0841 - LR: 1.0000e-05
INFO - 04/10/26 19:55:25 - 0:48:50 -   25100 - 1508.42 equations/s - 96539.14 words/s - MEM: 1.36 GB - LOSS:  1.3851 || ACC1: 35.2500 || ACC2: 47.7031 - LR: 1.0000e-05
INFO - 04/10/26 19:55:30 - 0:48:55 -   25150 - 1394.38 equations/s - 89240.41 words/s - MEM: 1.36 GB - LOSS:  1.3878 || ACC1: 35.4062 || ACC2: 48.3906 - LR: 1.0000e-05
INFO - 04/10/26 19:55:34 - 0:49:00 -   25200 - 1337.97 equations/s - 85629.79 words/s - MEM: 1.36 GB - LOSS:  1.3876 || ACC1: 35.3906 || ACC2: 48.6875 - LR: 1.0000e-05
INFO - 04/10/26 19:55:39 - 0:49:04 -   25250 - 1481.10 equations/s - 94790.47 words/s - MEM: 1.36 GB - LOSS:  1.3806 || ACC1: 34.9844 || ACC2: 48.9531 - LR: 1.0000e-05
INFO - 04/10/26 19:55:47 - 0:49:12 -   25300 -  787.89 equations/s - 50425.23 words/s - MEM: 1.36 GB - LOSS:  1.3827 || ACC1: 35.8906 || ACC2: 49.4531 - LR: 1.0000e-05
INFO - 04/10/26 19:55:52 - 0:49:17 -   25350 - 1350.55 equations/s - 86435.06 words/s - MEM: 1.36 GB - LOSS:  1.3801 || ACC1: 34.7969 || ACC2: 48.2031 - LR: 1.0000e-05
INFO - 04/10/26 19:55:56 - 0:49:21 -   25400 - 1433.00 equations/s - 91711.74 words/s - MEM: 1.36 GB - LOSS:  1.3786 || ACC1: 36.2031 || ACC2: 49.1875 - LR: 1.0000e-05
INFO - 04/10/26 19:56:01 - 0:49:26 -   25450 - 1414.01 equations/s - 90496.51 words/s - MEM: 1.36 GB - LOSS:  1.3704 || ACC1: 36.1250 || ACC2: 49.5000 - LR: 1.0000e-05
INFO - 04/10/26 19:56:05 - 0:49:30 -   25500 - 1387.08 equations/s - 88773.05 words/s - MEM: 1.36 GB - LOSS:  1.3799 || ACC1: 35.3594 || ACC2: 48.7031 - LR: 1.0000e-05
INFO - 04/10/26 19:56:10 - 0:49:35 -   25550 - 1386.25 equations/s - 88720.22 words/s - MEM: 1.36 GB - LOSS:  1.3748 || ACC1: 35.3594 || ACC2: 49.1250 - LR: 1.0000e-05
INFO - 04/10/26 19:56:14 - 0:49:39 -   25600 - 1435.88 equations/s - 91896.36 words/s - MEM: 1.36 GB - LOSS:  1.3727 || ACC1: 35.9844 || ACC2: 49.9531 - LR: 1.0000e-05
INFO - 04/10/26 19:56:23 - 0:49:48 -   25650 -  782.17 equations/s - 50058.86 words/s - MEM: 1.36 GB - LOSS:  1.3749 || ACC1: 35.6875 || ACC2: 48.5625 - LR: 1.0000e-05
INFO - 04/10/26 19:56:27 - 0:49:52 -   25700 - 1338.87 equations/s - 85687.78 words/s - MEM: 1.36 GB - LOSS:  1.3698 || ACC1: 35.8281 || ACC2: 49.9844 - LR: 1.0000e-05
INFO - 04/10/26 19:56:32 - 0:49:57 -   25750 - 1370.90 equations/s - 87737.41 words/s - MEM: 1.36 GB - LOSS:  1.3744 || ACC1: 34.9219 || ACC2: 49.0000 - LR: 1.0000e-05
INFO - 04/10/26 19:56:37 - 0:50:02 -   25800 - 1344.86 equations/s - 86070.92 words/s - MEM: 1.36 GB - LOSS:  1.3675 || ACC1: 36.0625 || ACC2: 50.5781 - LR: 1.0000e-05
INFO - 04/10/26 19:56:41 - 0:50:07 -   25850 - 1356.98 equations/s - 86846.88 words/s - MEM: 1.36 GB - LOSS:  1.3729 || ACC1: 34.8750 || ACC2: 49.3125 - LR: 1.0000e-05
INFO - 04/10/26 19:56:46 - 0:50:11 -   25900 - 1368.71 equations/s - 87597.53 words/s - MEM: 1.36 GB - LOSS:  1.3728 || ACC1: 35.6250 || ACC2: 49.5000 - LR: 1.0000e-05
INFO - 04/10/26 19:56:51 - 0:50:16 -   25950 - 1384.69 equations/s - 88620.32 words/s - MEM: 1.36 GB - LOSS:  1.3685 || ACC1: 35.5938 || ACC2: 49.7500 - LR: 1.0000e-05
INFO - 04/10/26 19:56:59 - 0:50:24 -   26000 -  783.98 equations/s - 50174.42 words/s - MEM: 1.36 GB - LOSS:  1.3700 || ACC1: 35.9375 || ACC2: 49.7812 - LR: 1.0000e-05
INFO - 04/10/26 19:57:03 - 0:50:29 -   26050 - 1409.99 equations/s - 90239.19 words/s - MEM: 1.36 GB - LOSS:  1.3649 || ACC1: 35.6562 || ACC2: 49.3906 - LR: 1.0000e-05
INFO - 04/10/26 19:57:08 - 0:50:33 -   26100 - 1374.26 equations/s - 87952.68 words/s - MEM: 1.36 GB - LOSS:  1.3703 || ACC1: 36.7812 || ACC2: 51.1250 - LR: 1.0000e-05
INFO - 04/10/26 19:57:13 - 0:50:38 -   26150 - 1408.96 equations/s - 90173.32 words/s - MEM: 1.36 GB - LOSS:  1.3678 || ACC1: 35.1719 || ACC2: 49.7344 - LR: 1.0000e-05
INFO - 04/10/26 19:57:17 - 0:50:42 -   26200 - 1384.88 equations/s - 88632.36 words/s - MEM: 1.36 GB - LOSS:  1.3635 || ACC1: 35.8906 || ACC2: 50.7031 - LR: 1.0000e-05
INFO - 04/10/26 19:57:22 - 0:50:47 -   26250 - 1342.80 equations/s - 85938.96 words/s - MEM: 1.36 GB - LOSS:  1.3617 || ACC1: 35.5938 || ACC2: 49.9375 - LR: 1.0000e-05
INFO - 04/10/26 19:57:27 - 0:50:52 -   26300 - 1321.85 equations/s - 84598.14 words/s - MEM: 1.36 GB - LOSS:  1.3649 || ACC1: 36.0781 || ACC2: 50.2969 - LR: 1.0000e-05
INFO - 04/10/26 19:57:35 - 0:51:00 -   26350 -  781.08 equations/s - 49989.11 words/s - MEM: 1.36 GB - LOSS:  1.3588 || ACC1: 35.1250 || ACC2: 49.3438 - LR: 1.0000e-05
INFO - 04/10/26 19:57:40 - 0:51:05 -   26400 - 1330.06 equations/s - 85124.10 words/s - MEM: 1.36 GB - LOSS:  1.3577 || ACC1: 36.0000 || ACC2: 49.4844 - LR: 1.0000e-05
INFO - 04/10/26 19:57:45 - 0:51:10 -   26450 - 1308.60 equations/s - 83750.10 words/s - MEM: 1.36 GB - LOSS:  1.3590 || ACC1: 36.1719 || ACC2: 50.5781 - LR: 1.0000e-05
INFO - 04/10/26 19:57:49 - 0:51:14 -   26500 - 1440.36 equations/s - 92182.84 words/s - MEM: 1.36 GB - LOSS:  1.3596 || ACC1: 34.3438 || ACC2: 49.6250 - LR: 1.0000e-05
INFO - 04/10/26 19:57:54 - 0:51:19 -   26550 - 1385.77 equations/s - 88689.49 words/s - MEM: 1.36 GB - LOSS:  1.3557 || ACC1: 37.1406 || ACC2: 51.5000 - LR: 1.0000e-05
INFO - 04/10/26 19:57:56 - 0:51:21 -   26571 - 1556.59 equations/s - 99621.91 words/s - MEM: 1.36 GB - LOSS:  1.3606 || ACC1: 35.8259 || ACC2: 50.5580 - LR: 1.0000e-05
INFO - 04/10/26 19:57:56 - 0:51:21 - ============ End of epoch 16 ============
INFO - 04/10/26 19:57:56 - 0:51:21 - Starting Distinguisher Method
INFO - 04/10/26 19:58:13 - 0:51:38 - Distinguishing 0s using the emd. 
INFO - 04/10/26 19:58:13 - 0:51:38 - Distinguishing +/-1s using the emd. 
INFO - 04/10/26 19:58:13 - 0:51:38 - Real secret: -1: {np.int64(2), np.int64(27), np.int64(12)}, 1: {np.int64(0), np.int64(1), np.int64(5), np.int64(13), np.int64(14), np.int64(22), np.int64(24)}
INFO - 04/10/26 19:58:13 - 0:51:38 - Nonzero bits not identified. Guess: [ 6 24 14 22 13  5 12  0  2 27]
INFO - 04/10/26 19:58:13 - 0:51:38 - Distinguishing +/-1s using the mean. 
INFO - 04/10/26 19:58:13 - 0:51:38 - Real secret: -1: {np.int64(2), np.int64(27), np.int64(12)}, 1: {np.int64(0), np.int64(1), np.int64(5), np.int64(13), np.int64(14), np.int64(22), np.int64(24)}
INFO - 04/10/26 19:58:13 - 0:51:38 - Nonzero bits not identified. Guess: [ 6 24 14 22 13  5 12  0  2 27]
INFO - 04/10/26 19:58:13 - 0:51:38 - Distinguishing 0s using the mean. 
INFO - 04/10/26 19:58:13 - 0:51:38 - Distinguishing +/-1s using the emd. 
INFO - 04/10/26 19:58:13 - 0:51:38 - Real secret: -1: {np.int64(2), np.int64(27), np.int64(12)}, 1: {np.int64(0), np.int64(1), np.int64(5), np.int64(13), np.int64(14), np.int64(22), np.int64(24)}
INFO - 04/10/26 19:58:13 - 0:51:38 - Distinguishing +/-1s using the mean. 
INFO - 04/10/26 19:58:13 - 0:51:38 - Real secret: -1: {np.int64(2), np.int64(27), np.int64(12)}, 1: {np.int64(0), np.int64(1), np.int64(5), np.int64(13), np.int64(14), np.int64(22), np.int64(24)}
INFO - 04/10/26 19:58:13 - 0:51:38 - Starting Direct Method
INFO - 04/10/26 19:58:13 - 0:51:38 - Direct:  K=39
INFO - 04/10/26 19:58:13 - 0:51:38 - Direct:  K=66
INFO - 04/10/26 19:58:13 - 0:51:38 - Direct:  K=49
INFO - 04/10/26 19:58:13 - 0:51:38 - Direct:  K=73
INFO - 04/10/26 19:58:13 - 0:51:38 - Direct:  K=31
INFO - 04/10/26 19:58:13 - 0:51:39 - Direct:  K=32
INFO - 04/10/26 19:58:14 - 0:51:39 - Direct:  K=82
INFO - 04/10/26 19:58:14 - 0:51:39 - Direct:  K=44
INFO - 04/10/26 19:58:14 - 0:51:39 - Direct:  K=34
INFO - 04/10/26 19:58:14 - 0:51:39 - Direct:  K=71
INFO - 04/10/26 19:58:14 - 0:51:39 - Direct:  K=65
INFO - 04/10/26 19:58:14 - 0:51:39 - Direct:  K=70
INFO - 04/10/26 19:58:14 - 0:51:40 - Direct:  K=51
INFO - 04/10/26 19:58:15 - 0:51:40 - Direct:  K=76
INFO - 04/10/26 19:58:15 - 0:51:40 - Direct:  K=49
INFO - 04/10/26 19:58:15 - 0:51:40 - Direct: secret not predicted. (true secret = [ 1  1 -1  0  0  1  0  0  0  0  0  0 -1  1  1  0  0  0  0  0  0  0  1  0
                                       1  0  0 -1  0  0], predicted secret = [0 0 0 0 0 0 1 0 0 0 0 0 0 0 1 0 0 1 0 0 1 0 0 0 1 0 0 0 0 1], true support = [1 1 1 0 0 1 0 0 0 0 0 0 1 1 1 0 0 0 0 0 0 0 1 0 1 0 0 1 0 0], predicted support = [0 0 0 0 0 0 1 0 0 0 0 0 0 0 1 0 0 1 0 0 1 0 0 0 1 0 0 0 0 1])
INFO - 04/10/26 19:58:24 - 0:51:49 - CA: secret not predicted. (true secret = [ 1  1 -1  0  0  1  0  0  0  0  0  0 -1  1  1  0  0  0  0  0  0  0  1  0
                                       1  0  0 -1  0  0], predicted secret = [1 1 0 0 0 0 0 0 0 0 0 0 1 1 0 0 0 0 0 0 0 0 1 0 1 0 0 0 0 0], true support = [1 1 1 0 0 1 0 0 0 0 0 0 1 1 1 0 0 0 0 0 0 0 1 0 1 0 0 1 0 0], predicted support = [1 1 0 0 0 0 0 0 0 0 0 0 1 1 0 0 0 0 0 0 0 0 1 0 1 0 0 0 0 0])
INFO - 04/10/26 19:58:24 - 0:51:49 - CA: secret not predicted. (true secret = [ 1  1 -1  0  0  1  0  0  0  0  0  0 -1  1  1  0  0  0  0  0  0  0  1  0
                                       1  0  0 -1  0  0], predicted secret = [1 0 0 0 1 0 0 0 0 0 1 0 0 0 0 0 0 0 1 0 1 0 0 0 0 0 0 0 0 1], true support = [1 1 1 0 0 1 0 0 0 0 0 0 1 1 1 0 0 0 0 0 0 0 1 0 1 0 0 1 0 0], predicted support = [1 0 0 0 1 0 0 0 0 0 1 0 0 0 0 0 0 0 1 0 1 0 0 0 0 0 0 0 0 1])
INFO - 04/10/26 19:58:24 - 0:51:49 - Hybrid: direct, ca
INFO - 04/10/26 19:58:24 - 0:51:49 - direct, ca - Sum Normalized: secret not predicted. (true secret = [ 1  1 -1  0  0  1  0  0  0  0  0  0 -1  1  1  0  0  0  0  0  0  0  1  0
                                       1  0  0 -1  0  0], predicted secret = [1 0 0 0 0 0 0 0 0 0 0 0 0 1 1 0 0 0 0 0 1 0 0 0 1 0 0 0 0 1], true support = [1 1 1 0 0 1 0 0 0 0 0 0 1 1 1 0 0 0 0 0 0 0 1 0 1 0 0 1 0 0], predicted support = [1 0 0 0 0 0 0 0 0 0 0 0 0 1 1 0 0 0 0 0 1 0 0 0 1 0 0 0 0 1])
INFO - 04/10/26 19:58:24 - 0:51:49 - direct, ca - Max Normalized: secret not predicted. (true secret = [ 1  1 -1  0  0  1  0  0  0  0  0  0 -1  1  1  0  0  0  0  0  0  0  1  0
                                       1  0  0 -1  0  0], predicted secret = [1 0 0 0 0 0 0 0 0 0 0 0 1 1 0 0 0 0 0 0 0 0 1 0 1 0 0 0 0 1], true support = [1 1 1 0 0 1 0 0 0 0 0 0 1 1 1 0 0 0 0 0 0 0 1 0 1 0 0 1 0 0], predicted support = [1 0 0 0 0 0 0 0 0 0 0 0 1 1 0 0 0 0 0 0 0 0 1 0 1 0 0 0 0 1])
INFO - 04/10/26 19:58:24 - 0:51:49 - direct, ca - Sum Rank: secret not predicted. (true secret = [ 1  1 -1  0  0  1  0  0  0  0  0  0 -1  1  1  0  0  0  0  0  0  0  1  0
                                       1  0  0 -1  0  0], predicted secret = [1 0 0 0 0 0 0 0 0 0 0 0 0 1 1 0 0 0 0 0 1 0 0 0 1 0 0 0 0 1], true support = [1 1 1 0 0 1 0 0 0 0 0 0 1 1 1 0 0 0 0 0 0 0 1 0 1 0 0 1 0 0], predicted support = [1 0 0 0 0 0 0 0 0 0 0 0 0 1 1 0 0 0 0 0 1 0 0 0 1 0 0 0 0 1])
INFO - 04/10/26 19:58:24 - 0:51:49 - direct, ca - Max Rank: secret not predicted. (true secret = [ 1  1 -1  0  0  1  0  0  0  0  0  0 -1  1  1  0  0  0  0  0  0  0  1  0
                                       1  0  0 -1  0  0], predicted secret = [1 0 0 0 0 0 1 0 0 0 0 0 0 1 0 0 0 0 0 0 1 0 0 0 1 0 0 0 0 1], true support = [1 1 1 0 0 1 0 0 0 0 0 0 1 1 1 0 0 0 0 0 0 0 1 0 1 0 0 1 0 0], predicted support = [1 0 0 0 0 0 1 0 0 0 0 0 0 1 0 0 0 0 0 0 1 0 0 0 1 0 0 0 0 1])
INFO - 04/10/26 19:58:24 - 0:51:49 - Hybrid: direct, distinguisher
INFO - 04/10/26 19:58:24 - 0:51:49 - direct, distinguisher - Sum Normalized: secret not predicted. (true secret = [ 1  1 -1  0  0  1  0  0  0  0  0  0 -1  1  1  0  0  0  0  0  0  0  1  0
                                       1  0  0 -1  0  0], predicted secret = [0 1 0 0 0 1 0 0 0 0 0 0 0 1 1 0 0 0 0 0 0 0 0 0 1 0 0 1 0 0], true support = [1 1 1 0 0 1 0 0 0 0 0 0 1 1 1 0 0 0 0 0 0 0 1 0 1 0 0 1 0 0], predicted support = [0 1 0 0 0 1 0 0 0 0 0 0 0 1 1 0 0 0 0 0 0 0 0 0 1 0 0 1 0 0])
INFO - 04/10/26 19:58:24 - 0:51:49 - direct, distinguisher - Max Normalized: secret not predicted. (true secret = [ 1  1 -1  0  0  1  0  0  0  0  0  0 -1  1  1  0  0  0  0  0  0  0  1  0
                                       1  0  0 -1  0  0], predicted secret = [0 1 1 0 0 0 0 0 0 0 0 0 1 1 0 0 0 0 0 0 0 0 0 0 1 0 0 1 0 0], true support = [1 1 1 0 0 1 0 0 0 0 0 0 1 1 1 0 0 0 0 0 0 0 1 0 1 0 0 1 0 0], predicted support = [0 1 1 0 0 0 0 0 0 0 0 0 1 1 0 0 0 0 0 0 0 0 0 0 1 0 0 1 0 0])
INFO - 04/10/26 19:58:24 - 0:51:49 - direct, distinguisher - Sum Rank: secret not predicted. (true secret = [ 1  1 -1  0  0  1  0  0  0  0  0  0 -1  1  1  0  0  0  0  0  0  0  1  0
                                       1  0  0 -1  0  0], predicted secret = [0 1 0 0 0 1 0 0 0 0 0 0 0 1 1 0 0 0 0 0 0 0 0 0 1 0 0 0 0 1], true support = [1 1 1 0 0 1 0 0 0 0 0 0 1 1 1 0 0 0 0 0 0 0 1 0 1 0 0 1 0 0], predicted support = [0 1 0 0 0 1 0 0 0 0 0 0 0 1 1 0 0 0 0 0 0 0 0 0 1 0 0 0 0 1])
INFO - 04/10/26 19:58:24 - 0:51:49 - direct, distinguisher - Max Rank: secret not predicted. (true secret = [ 1  1 -1  0  0  1  0  0  0  0  0  0 -1  1  1  0  0  0  0  0  0  0  1  0
                                       1  0  0 -1  0  0], predicted secret = [0 1 1 0 0 0 1 0 0 0 0 0 0 0 0 0 0 0 0 0 0 0 0 0 1 0 0 1 0 1], true support = [1 1 1 0 0 1 0 0 0 0 0 0 1 1 1 0 0 0 0 0 0 0 1 0 1 0 0 1 0 0], predicted support = [0 1 1 0 0 0 1 0 0 0 0 0 0 0 0 0 0 0 0 0 0 0 0 0 1 0 0 1 0 1])
INFO - 04/10/26 19:58:24 - 0:51:49 - Hybrid: ca, distinguisher
INFO - 04/10/26 19:58:24 - 0:51:49 - ca, distinguisher - Sum Normalized: secret not predicted. (true secret = [ 1  1 -1  0  0  1  0  0  0  0  0  0 -1  1  1  0  0  0  0  0  0  0  1  0
                                       1  0  0 -1  0  0], predicted secret = [1 1 0 0 0 0 0 0 0 0 0 0 1 1 0 0 0 0 0 0 0 0 1 0 1 0 0 0 0 0], true support = [1 1 1 0 0 1 0 0 0 0 0 0 1 1 1 0 0 0 0 0 0 0 1 0 1 0 0 1 0 0], predicted support = [1 1 0 0 0 0 0 0 0 0 0 0 1 1 0 0 0 0 0 0 0 0 1 0 1 0 0 0 0 0])
INFO - 04/10/26 19:58:24 - 0:51:49 - ca, distinguisher - Max Normalized: secret not predicted. (true secret = [ 1  1 -1  0  0  1  0  0  0  0  0  0 -1  1  1  0  0  0  0  0  0  0  1  0
                                       1  0  0 -1  0  0], predicted secret = [0 1 1 0 0 0 0 0 0 0 0 0 1 1 0 0 0 0 0 0 0 0 0 0 1 0 0 1 0 0], true support = [1 1 1 0 0 1 0 0 0 0 0 0 1 1 1 0 0 0 0 0 0 0 1 0 1 0 0 1 0 0], predicted support = [0 1 1 0 0 0 0 0 0 0 0 0 1 1 0 0 0 0 0 0 0 0 0 0 1 0 0 1 0 0])
INFO - 04/10/26 19:58:24 - 0:51:49 - ca, distinguisher - Sum Rank: secret not predicted. (true secret = [ 1  1 -1  0  0  1  0  0  0  0  0  0 -1  1  1  0  0  0  0  0  0  0  1  0
                                       1  0  0 -1  0  0], predicted secret = [1 1 1 0 0 0 0 0 0 0 0 0 1 1 0 0 0 0 0 0 0 0 0 0 1 0 0 0 0 0], true support = [1 1 1 0 0 1 0 0 0 0 0 0 1 1 1 0 0 0 0 0 0 0 1 0 1 0 0 1 0 0], predicted support = [1 1 1 0 0 0 0 0 0 0 0 0 1 1 0 0 0 0 0 0 0 0 0 0 1 0 0 0 0 0])
INFO - 04/10/26 19:58:24 - 0:51:49 - ca, distinguisher - Max Rank: secret not predicted. (true secret = [ 1  1 -1  0  0  1  0  0  0  0  0  0 -1  1  1  0  0  0  0  0  0  0  1  0
                                       1  0  0 -1  0  0], predicted secret = [1 1 1 0 0 0 0 0 0 0 0 0 0 1 0 0 0 0 0 0 0 0 0 0 1 0 0 1 0 0], true support = [1 1 1 0 0 1 0 0 0 0 0 0 1 1 1 0 0 0 0 0 0 0 1 0 1 0 0 1 0 0], predicted support = [1 1 1 0 0 0 0 0 0 0 0 0 0 1 0 0 0 0 0 0 0 0 0 0 1 0 0 1 0 0])
INFO - 04/10/26 19:58:24 - 0:51:49 - Hybrid: direct, ca, distinguisher
INFO - 04/10/26 19:58:24 - 0:51:49 - direct, ca, distinguisher - Sum Normalized: secret not predicted. (true secret = [ 1  1 -1  0  0  1  0  0  0  0  0  0 -1  1  1  0  0  0  0  0  0  0  1  0
                                       1  0  0 -1  0  0], predicted secret = [1 1 0 0 0 0 0 0 0 0 0 0 1 1 1 0 0 0 0 0 0 0 0 0 1 0 0 0 0 0], true support = [1 1 1 0 0 1 0 0 0 0 0 0 1 1 1 0 0 0 0 0 0 0 1 0 1 0 0 1 0 0], predicted support = [1 1 0 0 0 0 0 0 0 0 0 0 1 1 1 0 0 0 0 0 0 0 0 0 1 0 0 0 0 0])
INFO - 04/10/26 19:58:24 - 0:51:49 - direct, ca, distinguisher - Max Normalized: secret not predicted. (true secret = [ 1  1 -1  0  0  1  0  0  0  0  0  0 -1  1  1  0  0  0  0  0  0  0  1  0
                                       1  0  0 -1  0  0], predicted secret = [0 1 1 0 0 0 0 0 0 0 0 0 1 1 0 0 0 0 0 0 0 0 0 0 1 0 0 1 0 0], true support = [1 1 1 0 0 1 0 0 0 0 0 0 1 1 1 0 0 0 0 0 0 0 1 0 1 0 0 1 0 0], predicted support = [0 1 1 0 0 0 0 0 0 0 0 0 1 1 0 0 0 0 0 0 0 0 0 0 1 0 0 1 0 0])
INFO - 04/10/26 19:58:24 - 0:51:49 - direct, ca, distinguisher - Sum Rank: secret not predicted. (true secret = [ 1  1 -1  0  0  1  0  0  0  0  0  0 -1  1  1  0  0  0  0  0  0  0  1  0
                                       1  0  0 -1  0  0], predicted secret = [1 1 0 0 0 0 0 0 0 0 0 0 1 1 0 0 0 0 0 0 0 0 0 0 1 0 0 0 0 1], true support = [1 1 1 0 0 1 0 0 0 0 0 0 1 1 1 0 0 0 0 0 0 0 1 0 1 0 0 1 0 0], predicted support = [1 1 0 0 0 0 0 0 0 0 0 0 1 1 0 0 0 0 0 0 0 0 0 0 1 0 0 0 0 1])
INFO - 04/10/26 19:58:24 - 0:51:49 - direct, ca, distinguisher - Max Rank: secret not predicted. (true secret = [ 1  1 -1  0  0  1  0  0  0  0  0  0 -1  1  1  0  0  0  0  0  0  0  1  0
                                       1  0  0 -1  0  0], predicted secret = [1 1 0 0 0 0 0 0 0 0 0 0 0 1 0 0 0 0 0 0 0 0 0 0 1 0 0 1 0 1], true support = [1 1 1 0 0 1 0 0 0 0 0 0 1 1 1 0 0 0 0 0 0 0 1 0 1 0 0 1 0 0], predicted support = [1 1 0 0 0 0 0 0 0 0 0 0 0 1 0 0 0 0 0 0 0 0 0 0 1 0 0 1 0 1])
INFO - 04/10/26 19:58:24 - 0:51:49 - Epoch 16 metrics | train_loss: 1.371272 | train_acc1: 35.632098 | train_acc2: 49.509657 | valid_xe_loss: 1.570119 | valid_acc1: 26.216377 | valid_acc2: 31.536788
INFO - 04/10/26 19:58:24 - 0:51:49 - __log__:{"train_loss": 1.3712718551614997, "train_acc1": 35.632097728726805, "train_acc2": 49.509656909788866, "epoch": 16, "valid_xe_loss": 1.5701191878016991, "valid_acc1": 26.216376582278482, "valid_acc2": 31.536787974683545}
INFO - 04/10/26 19:58:24 - 0:51:49 - Saving checkpoint to /home/yu_mcc/PQC_salsa/runs/n30_q127_h3_1m/train_gpu_proposed_ternary_h10_secret0_init0_paperlike/checkpoint.pth ...
WARNING - 04/10/26 19:58:24 - 0:51:49 - Saving encoder parameters ...
WARNING - 04/10/26 19:58:24 - 0:51:49 - Saving decoder parameters ...
WARNING - 04/10/26 19:58:24 - 0:51:49 - Saving optimizer ...
INFO - 04/10/26 19:58:24 - 0:51:50 - ============ Starting epoch 17 ... ============
INFO - 04/10/26 19:58:27 - 0:51:52 -   26600 -  117.54 equations/s -  7522.74 words/s - MEM: 1.36 GB - LOSS:  1.3670 || ACC1: 34.0517 || ACC2: 48.5453 - LR: 1.0000e-05
INFO - 04/10/26 19:58:32 - 0:51:57 -   26650 - 1450.83 equations/s - 92853.18 words/s - MEM: 1.36 GB - LOSS:  1.3628 || ACC1: 36.1562 || ACC2: 50.4062 - LR: 1.0000e-05
INFO - 04/10/26 19:58:36 - 0:52:01 -   26700 - 1406.05 equations/s - 89986.91 words/s - MEM: 1.36 GB - LOSS:  1.3472 || ACC1: 36.9219 || ACC2: 51.9062 - LR: 1.0000e-05
INFO - 04/10/26 19:58:41 - 0:52:06 -   26750 - 1373.89 equations/s - 87928.93 words/s - MEM: 1.36 GB - LOSS:  1.3546 || ACC1: 35.6562 || ACC2: 50.4219 - LR: 1.0000e-05
INFO - 04/10/26 19:58:49 - 0:52:14 -   26800 -  793.41 equations/s - 50778.08 words/s - MEM: 1.36 GB - LOSS:  1.3484 || ACC1: 35.9531 || ACC2: 51.6562 - LR: 1.0000e-05
INFO - 04/10/26 19:58:53 - 0:52:18 -   26850 - 1403.39 equations/s - 89816.64 words/s - MEM: 1.36 GB - LOSS:  1.3542 || ACC1: 35.9062 || ACC2: 51.1250 - LR: 1.0000e-05
INFO - 04/10/26 19:58:58 - 0:52:23 -   26900 - 1399.64 equations/s - 89576.79 words/s - MEM: 1.36 GB - LOSS:  1.3595 || ACC1: 36.0938 || ACC2: 51.1406 - LR: 1.0000e-05
INFO - 04/10/26 19:59:03 - 0:52:28 -   26950 - 1401.25 equations/s - 89679.96 words/s - MEM: 1.36 GB - LOSS:  1.3535 || ACC1: 37.1250 || ACC2: 51.5312 - LR: 1.0000e-05
INFO - 04/10/26 19:59:07 - 0:52:32 -   27000 - 1386.50 equations/s - 88736.00 words/s - MEM: 1.36 GB - LOSS:  1.3551 || ACC1: 35.1719 || ACC2: 50.2969 - LR: 1.0000e-05
INFO - 04/10/26 19:59:12 - 0:52:37 -   27050 - 1429.13 equations/s - 91464.02 words/s - MEM: 1.36 GB - LOSS:  1.3472 || ACC1: 36.1562 || ACC2: 51.1719 - LR: 1.0000e-05
INFO - 04/10/26 19:59:16 - 0:52:41 -   27100 - 1394.12 equations/s - 89223.73 words/s - MEM: 1.36 GB - LOSS:  1.3395 || ACC1: 37.0469 || ACC2: 51.7969 - LR: 1.0000e-05
INFO - 04/10/26 19:59:24 - 0:52:50 -   27150 -  774.38 equations/s - 49560.31 words/s - MEM: 1.36 GB - LOSS:  1.3540 || ACC1: 35.2500 || ACC2: 50.7969 - LR: 1.0000e-05
INFO - 04/10/26 19:59:29 - 0:52:54 -   27200 - 1413.92 equations/s - 90490.69 words/s - MEM: 1.36 GB - LOSS:  1.3421 || ACC1: 36.7969 || ACC2: 52.1562 - LR: 1.0000e-05
INFO - 04/10/26 19:59:34 - 0:52:59 -   27250 - 1405.08 equations/s - 89925.16 words/s - MEM: 1.36 GB - LOSS:  1.3412 || ACC1: 37.0000 || ACC2: 52.7656 - LR: 1.0000e-05
INFO - 04/10/26 19:59:38 - 0:53:03 -   27300 - 1427.40 equations/s - 91353.38 words/s - MEM: 1.36 GB - LOSS:  1.3482 || ACC1: 36.0781 || ACC2: 51.3594 - LR: 1.0000e-05
INFO - 04/10/26 19:59:42 - 0:53:08 -   27350 - 1454.93 equations/s - 93115.37 words/s - MEM: 1.36 GB - LOSS:  1.3434 || ACC1: 36.7812 || ACC2: 52.4688 - LR: 1.0000e-05
INFO - 04/10/26 19:59:47 - 0:53:12 -   27400 - 1426.08 equations/s - 91269.05 words/s - MEM: 1.36 GB - LOSS:  1.3388 || ACC1: 37.4219 || ACC2: 52.4531 - LR: 1.0000e-05
INFO - 04/10/26 19:59:52 - 0:53:17 -   27450 - 1349.34 equations/s - 86357.67 words/s - MEM: 1.36 GB - LOSS:  1.3422 || ACC1: 36.2344 || ACC2: 52.2031 - LR: 1.0000e-05
INFO - 04/10/26 20:00:00 - 0:53:25 -   27500 -  776.25 equations/s - 49680.06 words/s - MEM: 1.36 GB - LOSS:  1.3321 || ACC1: 37.8750 || ACC2: 53.3906 - LR: 1.0000e-05
INFO - 04/10/26 20:00:04 - 0:53:30 -   27550 - 1412.52 equations/s - 90401.20 words/s - MEM: 1.36 GB - LOSS:  1.3441 || ACC1: 36.3906 || ACC2: 51.7656 - LR: 1.0000e-05
INFO - 04/10/26 20:00:09 - 0:53:34 -   27600 - 1379.68 equations/s - 88299.72 words/s - MEM: 1.36 GB - LOSS:  1.3337 || ACC1: 37.2656 || ACC2: 52.3750 - LR: 1.0000e-05
INFO - 04/10/26 20:00:14 - 0:53:39 -   27650 - 1392.31 equations/s - 89107.75 words/s - MEM: 1.36 GB - LOSS:  1.3316 || ACC1: 37.1719 || ACC2: 53.0938 - LR: 1.0000e-05
INFO - 04/10/26 20:00:18 - 0:53:43 -   27700 - 1398.20 equations/s - 89484.55 words/s - MEM: 1.36 GB - LOSS:  1.3344 || ACC1: 35.8438 || ACC2: 52.0625 - LR: 1.0000e-05
INFO - 04/10/26 20:00:23 - 0:53:48 -   27750 - 1388.08 equations/s - 88836.89 words/s - MEM: 1.36 GB - LOSS:  1.3300 || ACC1: 37.3594 || ACC2: 53.3594 - LR: 1.0000e-05
INFO - 04/10/26 20:00:27 - 0:53:53 -   27800 - 1391.50 equations/s - 89056.28 words/s - MEM: 1.36 GB - LOSS:  1.3316 || ACC1: 36.5625 || ACC2: 53.2969 - LR: 1.0000e-05
INFO - 04/10/26 20:00:36 - 0:54:01 -   27850 -  783.28 equations/s - 50130.08 words/s - MEM: 1.36 GB - LOSS:  1.3352 || ACC1: 36.5312 || ACC2: 53.5938 - LR: 1.0000e-05
INFO - 04/10/26 20:00:40 - 0:54:05 -   27900 - 1373.76 equations/s - 87920.62 words/s - MEM: 1.36 GB - LOSS:  1.3357 || ACC1: 37.2969 || ACC2: 52.7188 - LR: 1.0000e-05
INFO - 04/10/26 20:00:45 - 0:54:10 -   27950 - 1351.52 equations/s - 86497.17 words/s - MEM: 1.36 GB - LOSS:  1.3289 || ACC1: 36.3125 || ACC2: 52.7344 - LR: 1.0000e-05
INFO - 04/10/26 20:00:49 - 0:54:15 -   28000 - 1448.74 equations/s - 92719.56 words/s - MEM: 1.36 GB - LOSS:  1.3267 || ACC1: 37.0000 || ACC2: 53.4531 - LR: 1.0000e-05
INFO - 04/10/26 20:00:54 - 0:54:19 -   28050 - 1373.64 equations/s - 87913.21 words/s - MEM: 1.36 GB - LOSS:  1.3327 || ACC1: 36.2656 || ACC2: 53.2656 - LR: 1.0000e-05
INFO - 04/10/26 20:00:59 - 0:54:24 -   28100 - 1431.72 equations/s - 91630.16 words/s - MEM: 1.36 GB - LOSS:  1.3237 || ACC1: 38.0156 || ACC2: 53.9844 - LR: 1.0000e-05
INFO - 04/10/26 20:01:01 - 0:54:26 -   28134 - 1566.81 equations/s - 100275.56 words/s - MEM: 1.36 GB - LOSS:  1.3207 || ACC1: 37.2472 || ACC2: 54.2969 - LR: 1.0000e-05
INFO - 04/10/26 20:01:01 - 0:54:26 - ============ End of epoch 17 ============
INFO - 04/10/26 20:01:01 - 0:54:26 - Starting Distinguisher Method
INFO - 04/10/26 20:01:17 - 0:54:42 - Distinguishing 0s using the emd. 
INFO - 04/10/26 20:01:17 - 0:54:42 - Distinguishing +/-1s using the emd. 
INFO - 04/10/26 20:01:17 - 0:54:42 - Real secret: -1: {np.int64(2), np.int64(27), np.int64(12)}, 1: {np.int64(0), np.int64(1), np.int64(5), np.int64(13), np.int64(14), np.int64(22), np.int64(24)}
INFO - 04/10/26 20:01:17 - 0:54:42 - Nonzero bits not identified. Guess: [ 1  5 24 23 11 14  0 12  2 27]
INFO - 04/10/26 20:01:17 - 0:54:42 - Distinguishing +/-1s using the mean. 
INFO - 04/10/26 20:01:17 - 0:54:42 - Real secret: -1: {np.int64(2), np.int64(27), np.int64(12)}, 1: {np.int64(0), np.int64(1), np.int64(5), np.int64(13), np.int64(14), np.int64(22), np.int64(24)}
INFO - 04/10/26 20:01:17 - 0:54:42 - Nonzero bits not identified. Guess: [ 1  5 24 23 11 14  0 12  2 27]
INFO - 04/10/26 20:01:17 - 0:54:42 - Distinguishing 0s using the mean. 
INFO - 04/10/26 20:01:17 - 0:54:42 - Distinguishing +/-1s using the emd. 
INFO - 04/10/26 20:01:17 - 0:54:42 - Real secret: -1: {np.int64(2), np.int64(27), np.int64(12)}, 1: {np.int64(0), np.int64(1), np.int64(5), np.int64(13), np.int64(14), np.int64(22), np.int64(24)}
INFO - 04/10/26 20:01:17 - 0:54:42 - Distinguishing +/-1s using the mean. 
INFO - 04/10/26 20:01:17 - 0:54:42 - Real secret: -1: {np.int64(2), np.int64(27), np.int64(12)}, 1: {np.int64(0), np.int64(1), np.int64(5), np.int64(13), np.int64(14), np.int64(22), np.int64(24)}
INFO - 04/10/26 20:01:17 - 0:54:42 - Starting Direct Method
INFO - 04/10/26 20:01:17 - 0:54:42 - Direct:  K=72
INFO - 04/10/26 20:01:17 - 0:54:42 - Direct:  K=69
INFO - 04/10/26 20:01:17 - 0:54:42 - Direct:  K=80
INFO - 04/10/26 20:01:17 - 0:54:43 - Direct:  K=71
INFO - 04/10/26 20:01:18 - 0:54:43 - Direct:  K=91
INFO - 04/10/26 20:01:18 - 0:54:43 - Direct:  K=48
INFO - 04/10/26 20:01:18 - 0:54:43 - Direct:  K=35
INFO - 04/10/26 20:01:18 - 0:54:43 - Direct:  K=52
INFO - 04/10/26 20:01:18 - 0:54:43 - Direct:  K=74
INFO - 04/10/26 20:01:18 - 0:54:43 - Direct:  K=88
INFO - 04/10/26 20:01:18 - 0:54:43 - Direct:  K=92
INFO - 04/10/26 20:01:18 - 0:54:43 - Direct:  K=76
INFO - 04/10/26 20:01:18 - 0:54:44 - Direct:  K=63
INFO - 04/10/26 20:01:19 - 0:54:44 - Direct:  K=90
INFO - 04/10/26 20:01:19 - 0:54:44 - Direct:  K=40
INFO - 04/10/26 20:01:19 - 0:54:44 - Direct: secret not predicted. (true secret = [ 1  1 -1  0  0  1  0  0  0  0  0  0 -1  1  1  0  0  0  0  0  0  0  1  0
                                       1  0  0 -1  0  0], predicted secret = [0 0 0 0 0 0 1 0 0 0 0 0 1 0 0 0 0 1 0 0 1 0 0 0 1 0 0 1 0 0], true support = [1 1 1 0 0 1 0 0 0 0 0 0 1 1 1 0 0 0 0 0 0 0 1 0 1 0 0 1 0 0], predicted support = [0 0 0 0 0 0 1 0 0 0 0 0 1 0 0 0 0 1 0 0 1 0 0 0 1 0 0 1 0 0])
INFO - 04/10/26 20:01:28 - 0:54:53 - CA: secret not predicted. (true secret = [ 1  1 -1  0  0  1  0  0  0  0  0  0 -1  1  1  0  0  0  0  0  0  0  1  0
                                       1  0  0 -1  0  0], predicted secret = [1 1 1 0 0 0 0 0 0 0 0 0 0 1 0 0 0 0 0 0 0 0 1 0 1 0 0 0 0 0], true support = [1 1 1 0 0 1 0 0 0 0 0 0 1 1 1 0 0 0 0 0 0 0 1 0 1 0 0 1 0 0], predicted support = [1 1 1 0 0 0 0 0 0 0 0 0 0 1 0 0 0 0 0 0 0 0 1 0 1 0 0 0 0 0])
INFO - 04/10/26 20:01:28 - 0:54:53 - CA: secret not predicted. (true secret = [ 1  1 -1  0  0  1  0  0  0  0  0  0 -1  1  1  0  0  0  0  0  0  0  1  0
                                       1  0  0 -1  0  0], predicted secret = [0 0 0 0 1 0 0 0 0 0 1 0 0 0 1 0 0 0 1 0 1 0 0 0 0 0 0 0 0 1], true support = [1 1 1 0 0 1 0 0 0 0 0 0 1 1 1 0 0 0 0 0 0 0 1 0 1 0 0 1 0 0], predicted support = [0 0 0 0 1 0 0 0 0 0 1 0 0 0 1 0 0 0 1 0 1 0 0 0 0 0 0 0 0 1])
INFO - 04/10/26 20:01:28 - 0:54:53 - Hybrid: direct, ca
INFO - 04/10/26 20:01:28 - 0:54:53 - direct, ca - Sum Normalized: secret not predicted. (true secret = [ 1  1 -1  0  0  1  0  0  0  0  0  0 -1  1  1  0  0  0  0  0  0  0  1  0
                                       1  0  0 -1  0  0], predicted secret = [1 0 0 0 0 0 0 0 0 0 0 0 1 1 0 0 0 0 0 0 1 0 0 0 1 0 0 0 0 1], true support = [1 1 1 0 0 1 0 0 0 0 0 0 1 1 1 0 0 0 0 0 0 0 1 0 1 0 0 1 0 0], predicted support = [1 0 0 0 0 0 0 0 0 0 0 0 1 1 0 0 0 0 0 0 1 0 0 0 1 0 0 0 0 1])
INFO - 04/10/26 20:01:28 - 0:54:53 - direct, ca - Max Normalized: secret not predicted. (true secret = [ 1  1 -1  0  0  1  0  0  0  0  0  0 -1  1  1  0  0  0  0  0  0  0  1  0
                                       1  0  0 -1  0  0], predicted secret = [1 0 0 0 0 0 0 0 0 0 0 0 1 1 0 0 0 0 0 0 0 0 1 0 1 0 0 0 0 1], true support = [1 1 1 0 0 1 0 0 0 0 0 0 1 1 1 0 0 0 0 0 0 0 1 0 1 0 0 1 0 0], predicted support = [1 0 0 0 0 0 0 0 0 0 0 0 1 1 0 0 0 0 0 0 0 0 1 0 1 0 0 0 0 1])
INFO - 04/10/26 20:01:28 - 0:54:53 - direct, ca - Sum Rank: secret not predicted. (true secret = [ 1  1 -1  0  0  1  0  0  0  0  0  0 -1  1  1  0  0  0  0  0  0  0  1  0
                                       1  0  0 -1  0  0], predicted secret = [0 0 0 0 0 0 0 0 0 0 0 0 1 1 0 0 0 1 0 0 1 0 0 0 1 0 0 0 0 1], true support = [1 1 1 0 0 1 0 0 0 0 0 0 1 1 1 0 0 0 0 0 0 0 1 0 1 0 0 1 0 0], predicted support = [0 0 0 0 0 0 0 0 0 0 0 0 1 1 0 0 0 1 0 0 1 0 0 0 1 0 0 0 0 1])
INFO - 04/10/26 20:01:28 - 0:54:53 - direct, ca - Max Rank: secret not predicted. (true secret = [ 1  1 -1  0  0  1  0  0  0  0  0  0 -1  1  1  0  0  0  0  0  0  0  1  0
                                       1  0  0 -1  0  0], predicted secret = [1 0 0 0 0 0 0 0 0 0 0 0 1 1 0 0 0 1 0 0 0 0 0 0 1 0 0 1 0 0], true support = [1 1 1 0 0 1 0 0 0 0 0 0 1 1 1 0 0 0 0 0 0 0 1 0 1 0 0 1 0 0], predicted support = [1 0 0 0 0 0 0 0 0 0 0 0 1 1 0 0 0 1 0 0 0 0 0 0 1 0 0 1 0 0])
INFO - 04/10/26 20:01:28 - 0:54:53 - Hybrid: direct, distinguisher
INFO - 04/10/26 20:01:28 - 0:54:53 - direct, distinguisher - Sum Normalized: secret not predicted. (true secret = [ 1  1 -1  0  0  1  0  0  0  0  0  0 -1  1  1  0  0  0  0  0  0  0  1  0
                                       1  0  0 -1  0  0], predicted secret = [0 1 0 0 0 1 0 0 0 0 0 0 1 1 0 0 0 0 0 0 0 0 0 0 1 0 0 1 0 0], true support = [1 1 1 0 0 1 0 0 0 0 0 0 1 1 1 0 0 0 0 0 0 0 1 0 1 0 0 1 0 0], predicted support = [0 1 0 0 0 1 0 0 0 0 0 0 1 1 0 0 0 0 0 0 0 0 0 0 1 0 0 1 0 0])
INFO - 04/10/26 20:01:28 - 0:54:53 - direct, distinguisher - Max Normalized: secret not predicted. (true secret = [ 1  1 -1  0  0  1  0  0  0  0  0  0 -1  1  1  0  0  0  0  0  0  0  1  0
                                       1  0  0 -1  0  0], predicted secret = [0 1 0 0 0 0 0 0 0 0 0 0 0 1 1 0 0 0 0 0 0 0 1 0 1 0 0 1 0 0], true support = [1 1 1 0 0 1 0 0 0 0 0 0 1 1 1 0 0 0 0 0 0 0 1 0 1 0 0 1 0 0], predicted support = [0 1 0 0 0 0 0 0 0 0 0 0 0 1 1 0 0 0 0 0 0 0 1 0 1 0 0 1 0 0])
INFO - 04/10/26 20:01:28 - 0:54:53 - direct, distinguisher - Sum Rank: secret not predicted. (true secret = [ 1  1 -1  0  0  1  0  0  0  0  0  0 -1  1  1  0  0  0  0  0  0  0  1  0
                                       1  0  0 -1  0  0], predicted secret = [0 0 0 0 0 1 0 0 0 0 0 0 1 1 1 0 0 0 0 0 0 0 0 0 1 0 0 1 0 0], true support = [1 1 1 0 0 1 0 0 0 0 0 0 1 1 1 0 0 0 0 0 0 0 1 0 1 0 0 1 0 0], predicted support = [0 0 0 0 0 1 0 0 0 0 0 0 1 1 1 0 0 0 0 0 0 0 0 0 1 0 0 1 0 0])
INFO - 04/10/26 20:01:28 - 0:54:53 - direct, distinguisher - Max Rank: secret not predicted. (true secret = [ 1  1 -1  0  0  1  0  0  0  0  0  0 -1  1  1  0  0  0  0  0  0  0  1  0
                                       1  0  0 -1  0  0], predicted secret = [0 1 0 0 0 0 0 0 0 0 0 0 1 1 0 0 0 0 0 0 0 0 1 0 1 0 0 1 0 0], true support = [1 1 1 0 0 1 0 0 0 0 0 0 1 1 1 0 0 0 0 0 0 0 1 0 1 0 0 1 0 0], predicted support = [0 1 0 0 0 0 0 0 0 0 0 0 1 1 0 0 0 0 0 0 0 0 1 0 1 0 0 1 0 0])
INFO - 04/10/26 20:01:28 - 0:54:53 - Hybrid: ca, distinguisher
INFO - 04/10/26 20:01:28 - 0:54:53 - ca, distinguisher - Sum Normalized: secret not predicted. (true secret = [ 1  1 -1  0  0  1  0  0  0  0  0  0 -1  1  1  0  0  0  0  0  0  0  1  0
                                       1  0  0 -1  0  0], predicted secret = [1 1 0 0 0 0 0 0 0 0 0 0 0 1 1 0 0 0 0 0 0 0 1 0 1 0 0 0 0 0], true support = [1 1 1 0 0 1 0 0 0 0 0 0 1 1 1 0 0 0 0 0 0 0 1 0 1 0 0 1 0 0], predicted support = [1 1 0 0 0 0 0 0 0 0 0 0 0 1 1 0 0 0 0 0 0 0 1 0 1 0 0 0 0 0])
INFO - 04/10/26 20:01:28 - 0:54:53 - ca, distinguisher - Max Normalized: secret not predicted. (true secret = [ 1  1 -1  0  0  1  0  0  0  0  0  0 -1  1  1  0  0  0  0  0  0  0  1  0
                                       1  0  0 -1  0  0], predicted secret = [0 1 0 0 0 0 0 0 0 0 0 0 0 1 1 0 0 0 0 0 0 0 1 0 1 0 0 1 0 0], true support = [1 1 1 0 0 1 0 0 0 0 0 0 1 1 1 0 0 0 0 0 0 0 1 0 1 0 0 1 0 0], predicted support = [0 1 0 0 0 0 0 0 0 0 0 0 0 1 1 0 0 0 0 0 0 0 1 0 1 0 0 1 0 0])
INFO - 04/10/26 20:01:28 - 0:54:53 - ca, distinguisher - Sum Rank: secret not predicted. (true secret = [ 1  1 -1  0  0  1  0  0  0  0  0  0 -1  1  1  0  0  0  0  0  0  0  1  0
                                       1  0  0 -1  0  0], predicted secret = [1 1 0 0 0 0 0 0 0 0 0 0 0 1 1 0 0 0 0 0 0 0 1 0 1 0 0 0 0 0], true support = [1 1 1 0 0 1 0 0 0 0 0 0 1 1 1 0 0 0 0 0 0 0 1 0 1 0 0 1 0 0], predicted support = [1 1 0 0 0 0 0 0 0 0 0 0 0 1 1 0 0 0 0 0 0 0 1 0 1 0 0 0 0 0])
INFO - 04/10/26 20:01:28 - 0:54:53 - ca, distinguisher - Max Rank: secret not predicted. (true secret = [ 1  1 -1  0  0  1  0  0  0  0  0  0 -1  1  1  0  0  0  0  0  0  0  1  0
                                       1  0  0 -1  0  0], predicted secret = [1 1 0 0 0 0 0 0 0 0 0 0 0 1 1 0 0 0 0 0 0 0 1 0 1 0 0 0 0 0], true support = [1 1 1 0 0 1 0 0 0 0 0 0 1 1 1 0 0 0 0 0 0 0 1 0 1 0 0 1 0 0], predicted support = [1 1 0 0 0 0 0 0 0 0 0 0 0 1 1 0 0 0 0 0 0 0 1 0 1 0 0 0 0 0])
INFO - 04/10/26 20:01:28 - 0:54:53 - Hybrid: direct, ca, distinguisher
INFO - 04/10/26 20:01:28 - 0:54:53 - direct, ca, distinguisher - Sum Normalized: secret not predicted. (true secret = [ 1  1 -1  0  0  1  0  0  0  0  0  0 -1  1  1  0  0  0  0  0  0  0  1  0
                                       1  0  0 -1  0  0], predicted secret = [1 0 0 0 0 0 0 0 0 0 0 0 1 1 0 0 0 0 0 0 0 0 1 0 1 0 0 1 0 0], true support = [1 1 1 0 0 1 0 0 0 0 0 0 1 1 1 0 0 0 0 0 0 0 1 0 1 0 0 1 0 0], predicted support = [1 0 0 0 0 0 0 0 0 0 0 0 1 1 0 0 0 0 0 0 0 0 1 0 1 0 0 1 0 0])
INFO - 04/10/26 20:01:28 - 0:54:53 - direct, ca, distinguisher - Max Normalized: secret not predicted. (true secret = [ 1  1 -1  0  0  1  0  0  0  0  0  0 -1  1  1  0  0  0  0  0  0  0  1  0
                                       1  0  0 -1  0  0], predicted secret = [0 1 0 0 0 0 0 0 0 0 0 0 0 1 1 0 0 0 0 0 0 0 1 0 1 0 0 1 0 0], true support = [1 1 1 0 0 1 0 0 0 0 0 0 1 1 1 0 0 0 0 0 0 0 1 0 1 0 0 1 0 0], predicted support = [0 1 0 0 0 0 0 0 0 0 0 0 0 1 1 0 0 0 0 0 0 0 1 0 1 0 0 1 0 0])
INFO - 04/10/26 20:01:28 - 0:54:53 - direct, ca, distinguisher - Sum Rank: secret not predicted. (true secret = [ 1  1 -1  0  0  1  0  0  0  0  0  0 -1  1  1  0  0  0  0  0  0  0  1  0
                                       1  0  0 -1  0  0], predicted secret = [0 0 0 0 0 0 0 0 0 0 0 0 1 1 1 0 0 0 0 0 0 0 0 0 1 0 0 1 0 1], true support = [1 1 1 0 0 1 0 0 0 0 0 0 1 1 1 0 0 0 0 0 0 0 1 0 1 0 0 1 0 0], predicted support = [0 0 0 0 0 0 0 0 0 0 0 0 1 1 1 0 0 0 0 0 0 0 0 0 1 0 0 1 0 1])
INFO - 04/10/26 20:01:28 - 0:54:53 - direct, ca, distinguisher - Max Rank: secret not predicted. (true secret = [ 1  1 -1  0  0  1  0  0  0  0  0  0 -1  1  1  0  0  0  0  0  0  0  1  0
                                       1  0  0 -1  0  0], predicted secret = [1 1 0 0 0 0 0 0 0 0 0 0 1 1 0 0 0 0 0 0 0 0 1 0 1 0 0 0 0 0], true support = [1 1 1 0 0 1 0 0 0 0 0 0 1 1 1 0 0 0 0 0 0 0 1 0 1 0 0 1 0 0], predicted support = [1 1 0 0 0 0 0 0 0 0 0 0 1 1 0 0 0 0 0 0 0 0 1 0 1 0 0 0 0 0])
INFO - 04/10/26 20:01:28 - 0:54:53 - Epoch 17 metrics | train_loss: 1.341750 | train_acc1: 36.555302 | train_acc2: 52.137816 | valid_xe_loss: 1.586944 | valid_acc1: 26.157041 | valid_acc2: 30.745649
INFO - 04/10/26 20:01:28 - 0:54:53 - __log__:{"train_loss": 1.3417501708901394, "train_acc1": 36.555302303262955, "train_acc2": 52.13781589891235, "epoch": 17, "valid_xe_loss": 1.586943810499167, "valid_acc1": 26.157041139240505, "valid_acc2": 30.745648734177216}
INFO - 04/10/26 20:01:28 - 0:54:53 - Saving checkpoint to /home/yu_mcc/PQC_salsa/runs/n30_q127_h3_1m/train_gpu_proposed_ternary_h10_secret0_init0_paperlike/checkpoint.pth ...
WARNING - 04/10/26 20:01:28 - 0:54:53 - Saving encoder parameters ...
WARNING - 04/10/26 20:01:28 - 0:54:53 - Saving decoder parameters ...
WARNING - 04/10/26 20:01:28 - 0:54:53 - Saving optimizer ...
INFO - 04/10/26 20:01:28 - 0:54:54 - ============ Starting epoch 18 ... ============
INFO - 04/10/26 20:01:30 - 0:54:55 -   28150 -   72.00 equations/s -  4607.82 words/s - MEM: 1.36 GB - LOSS:  1.3252 || ACC1: 37.1094 || ACC2: 53.9062 - LR: 1.0000e-05
INFO - 04/10/26 20:01:35 - 0:55:00 -   28200 - 1347.76 equations/s - 86256.85 words/s - MEM: 1.36 GB - LOSS:  1.3302 || ACC1: 36.2188 || ACC2: 52.1094 - LR: 1.0000e-05
INFO - 04/10/26 20:01:39 - 0:55:04 -   28250 - 1408.99 equations/s - 90175.60 words/s - MEM: 1.36 GB - LOSS:  1.3314 || ACC1: 36.3906 || ACC2: 52.6562 - LR: 1.0000e-05
INFO - 04/10/26 20:01:47 - 0:55:12 -   28300 -  774.79 equations/s - 49586.58 words/s - MEM: 1.36 GB - LOSS:  1.3286 || ACC1: 37.1875 || ACC2: 53.2500 - LR: 1.0000e-05
INFO - 04/10/26 20:01:52 - 0:55:17 -   28350 - 1369.03 equations/s - 87617.61 words/s - MEM: 1.36 GB - LOSS:  1.3202 || ACC1: 36.9062 || ACC2: 53.7031 - LR: 1.0000e-05
INFO - 04/10/26 20:01:57 - 0:55:22 -   28400 - 1378.73 equations/s - 88238.75 words/s - MEM: 1.36 GB - LOSS:  1.3208 || ACC1: 37.5781 || ACC2: 54.0469 - LR: 1.0000e-05
INFO - 04/10/26 20:02:01 - 0:55:26 -   28450 - 1390.68 equations/s - 89003.56 words/s - MEM: 1.36 GB - LOSS:  1.3139 || ACC1: 37.4531 || ACC2: 54.2344 - LR: 1.0000e-05
INFO - 04/10/26 20:02:06 - 0:55:31 -   28500 - 1327.14 equations/s - 84936.80 words/s - MEM: 1.36 GB - LOSS:  1.3210 || ACC1: 37.7500 || ACC2: 53.5000 - LR: 1.0000e-05
INFO - 04/10/26 20:02:11 - 0:55:36 -   28550 - 1347.68 equations/s - 86251.22 words/s - MEM: 1.36 GB - LOSS:  1.3185 || ACC1: 37.1250 || ACC2: 53.6250 - LR: 1.0000e-05
INFO - 04/10/26 20:02:15 - 0:55:40 -   28600 - 1436.05 equations/s - 91907.40 words/s - MEM: 1.36 GB - LOSS:  1.3153 || ACC1: 36.3125 || ACC2: 53.2188 - LR: 1.0000e-05
INFO - 04/10/26 20:02:23 - 0:55:49 -   28650 -  786.81 equations/s - 50356.07 words/s - MEM: 1.36 GB - LOSS:  1.3253 || ACC1: 38.3281 || ACC2: 53.6406 - LR: 1.0000e-05
INFO - 04/10/26 20:02:28 - 0:55:53 -   28700 - 1370.12 equations/s - 87687.72 words/s - MEM: 1.36 GB - LOSS:  1.3052 || ACC1: 38.8906 || ACC2: 56.1719 - LR: 1.0000e-05
INFO - 04/10/26 20:02:33 - 0:55:58 -   28750 - 1362.22 equations/s - 87181.87 words/s - MEM: 1.36 GB - LOSS:  1.3123 || ACC1: 37.3438 || ACC2: 54.5312 - LR: 1.0000e-05
INFO - 04/10/26 20:02:37 - 0:56:03 -   28800 - 1377.59 equations/s - 88165.62 words/s - MEM: 1.36 GB - LOSS:  1.3072 || ACC1: 38.3438 || ACC2: 55.8125 - LR: 1.0000e-05
INFO - 04/10/26 20:02:42 - 0:56:07 -   28850 - 1425.23 equations/s - 91214.80 words/s - MEM: 1.36 GB - LOSS:  1.3104 || ACC1: 36.6719 || ACC2: 54.4062 - LR: 1.0000e-05
INFO - 04/10/26 20:02:47 - 0:56:12 -   28900 - 1312.75 equations/s - 84016.03 words/s - MEM: 1.36 GB - LOSS:  1.3101 || ACC1: 38.0781 || ACC2: 54.7188 - LR: 1.0000e-05
INFO - 04/10/26 20:02:51 - 0:56:17 -   28950 - 1377.50 equations/s - 88160.16 words/s - MEM: 1.36 GB - LOSS:  1.3121 || ACC1: 36.8750 || ACC2: 53.9375 - LR: 1.0000e-05
INFO - 04/10/26 20:03:00 - 0:56:25 -   29000 -  776.19 equations/s - 49676.03 words/s - MEM: 1.36 GB - LOSS:  1.3129 || ACC1: 37.7969 || ACC2: 54.4375 - LR: 1.0000e-05
INFO - 04/10/26 20:03:04 - 0:56:29 -   29050 - 1367.82 equations/s - 87540.46 words/s - MEM: 1.36 GB - LOSS:  1.3026 || ACC1: 37.6719 || ACC2: 54.4844 - LR: 1.0000e-05
INFO - 04/10/26 20:03:09 - 0:56:34 -   29100 - 1407.61 equations/s - 90087.18 words/s - MEM: 1.36 GB - LOSS:  1.3046 || ACC1: 37.9688 || ACC2: 54.9531 - LR: 1.0000e-05
INFO - 04/10/26 20:03:13 - 0:56:39 -   29150 - 1423.56 equations/s - 91108.11 words/s - MEM: 1.36 GB - LOSS:  1.3003 || ACC1: 38.0000 || ACC2: 54.9844 - LR: 1.0000e-05
INFO - 04/10/26 20:03:18 - 0:56:43 -   29200 - 1391.72 equations/s - 89070.17 words/s - MEM: 1.36 GB - LOSS:  1.2961 || ACC1: 38.9688 || ACC2: 55.8594 - LR: 1.0000e-05
INFO - 04/10/26 20:03:22 - 0:56:48 -   29250 - 1444.79 equations/s - 92466.67 words/s - MEM: 1.36 GB - LOSS:  1.3116 || ACC1: 37.3906 || ACC2: 54.3125 - LR: 1.0000e-05
INFO - 04/10/26 20:03:27 - 0:56:52 -   29300 - 1409.85 equations/s - 90230.61 words/s - MEM: 1.36 GB - LOSS:  1.2973 || ACC1: 38.1250 || ACC2: 55.0938 - LR: 1.0000e-05
INFO - 04/10/26 20:03:35 - 0:57:01 -   29350 -  754.84 equations/s - 48309.52 words/s - MEM: 1.36 GB - LOSS:  1.3033 || ACC1: 37.8125 || ACC2: 55.0625 - LR: 1.0000e-05
INFO - 04/10/26 20:03:40 - 0:57:05 -   29400 - 1386.81 equations/s - 88756.05 words/s - MEM: 1.36 GB - LOSS:  1.2995 || ACC1: 38.0938 || ACC2: 55.0000 - LR: 1.0000e-05
INFO - 04/10/26 20:03:45 - 0:57:10 -   29450 - 1393.38 equations/s - 89176.62 words/s - MEM: 1.36 GB - LOSS:  1.2872 || ACC1: 39.0625 || ACC2: 56.9062 - LR: 1.0000e-05
INFO - 04/10/26 20:03:49 - 0:57:14 -   29500 - 1381.72 equations/s - 88430.01 words/s - MEM: 1.36 GB - LOSS:  1.2997 || ACC1: 37.9844 || ACC2: 55.5938 - LR: 1.0000e-05
INFO - 04/10/26 20:03:54 - 0:57:19 -   29550 - 1339.45 equations/s - 85725.07 words/s - MEM: 1.36 GB - LOSS:  1.2993 || ACC1: 38.6875 || ACC2: 55.7031 - LR: 1.0000e-05
INFO - 04/10/26 20:03:59 - 0:57:24 -   29600 - 1433.79 equations/s - 91762.48 words/s - MEM: 1.36 GB - LOSS:  1.2974 || ACC1: 38.1719 || ACC2: 55.7344 - LR: 1.0000e-05
INFO - 04/10/26 20:04:03 - 0:57:28 -   29650 - 1400.71 equations/s - 89645.47 words/s - MEM: 1.36 GB - LOSS:  1.2867 || ACC1: 39.3750 || ACC2: 57.0312 - LR: 1.0000e-05
INFO - 04/10/26 20:04:10 - 0:57:36 -   29697 -  816.40 equations/s - 52249.79 words/s - MEM: 1.36 GB - LOSS:  1.2867 || ACC1: 39.0126 || ACC2: 56.7320 - LR: 1.0000e-05
INFO - 04/10/26 20:04:10 - 0:57:36 - ============ End of epoch 18 ============
INFO - 04/10/26 20:04:10 - 0:57:36 - Starting Distinguisher Method
INFO - 04/10/26 20:04:22 - 0:57:48 - Distinguishing 0s using the emd. 
INFO - 04/10/26 20:04:22 - 0:57:48 - Distinguishing +/-1s using the emd. 
INFO - 04/10/26 20:04:22 - 0:57:48 - Real secret: -1: {np.int64(2), np.int64(27), np.int64(12)}, 1: {np.int64(0), np.int64(1), np.int64(5), np.int64(13), np.int64(14), np.int64(22), np.int64(24)}
INFO - 04/10/26 20:04:22 - 0:57:48 - Nonzero bits not identified. Guess: [26 15 14  1  5 22 13  2  0 27]
INFO - 04/10/26 20:04:22 - 0:57:48 - Distinguishing +/-1s using the mean. 
INFO - 04/10/26 20:04:22 - 0:57:48 - Real secret: -1: {np.int64(2), np.int64(27), np.int64(12)}, 1: {np.int64(0), np.int64(1), np.int64(5), np.int64(13), np.int64(14), np.int64(22), np.int64(24)}
INFO - 04/10/26 20:04:22 - 0:57:48 - Nonzero bits not identified. Guess: [26 15 14  1  5 22 13  2  0 27]
INFO - 04/10/26 20:04:22 - 0:57:48 - Distinguishing 0s using the mean. 
INFO - 04/10/26 20:04:22 - 0:57:48 - Distinguishing +/-1s using the emd. 
INFO - 04/10/26 20:04:22 - 0:57:48 - Real secret: -1: {np.int64(2), np.int64(27), np.int64(12)}, 1: {np.int64(0), np.int64(1), np.int64(5), np.int64(13), np.int64(14), np.int64(22), np.int64(24)}
INFO - 04/10/26 20:04:22 - 0:57:48 - Distinguishing +/-1s using the mean. 
INFO - 04/10/26 20:04:22 - 0:57:48 - Real secret: -1: {np.int64(2), np.int64(27), np.int64(12)}, 1: {np.int64(0), np.int64(1), np.int64(5), np.int64(13), np.int64(14), np.int64(22), np.int64(24)}
INFO - 04/10/26 20:04:22 - 0:57:48 - Starting Direct Method
INFO - 04/10/26 20:04:22 - 0:57:48 - Direct:  K=60
INFO - 04/10/26 20:04:23 - 0:57:48 - Direct:  K=86
INFO - 04/10/26 20:04:23 - 0:57:48 - Direct:  K=86
INFO - 04/10/26 20:04:23 - 0:57:48 - Direct:  K=82
INFO - 04/10/26 20:04:23 - 0:57:48 - Direct:  K=63
INFO - 04/10/26 20:04:23 - 0:57:48 - Direct:  K=82
INFO - 04/10/26 20:04:23 - 0:57:48 - Direct:  K=93
INFO - 04/10/26 20:04:23 - 0:57:48 - Direct:  K=62
INFO - 04/10/26 20:04:23 - 0:57:48 - Direct:  K=53
INFO - 04/10/26 20:04:23 - 0:57:49 - Direct:  K=58
INFO - 04/10/26 20:04:24 - 0:57:49 - Direct:  K=52
INFO - 04/10/26 20:04:24 - 0:57:49 - Direct:  K=67
INFO - 04/10/26 20:04:24 - 0:57:49 - Direct:  K=87
INFO - 04/10/26 20:04:24 - 0:57:49 - Direct:  K=65
INFO - 04/10/26 20:04:24 - 0:57:49 - Direct:  K=73
INFO - 04/10/26 20:04:24 - 0:57:49 - Direct: secret not predicted. (true secret = [ 1  1 -1  0  0  1  0  0  0  0  0  0 -1  1  1  0  0  0  0  0  0  0  1  0
                                       1  0  0 -1  0  0], predicted secret = [0 1 0 1 0 0 1 1 0 0 0 0 0 0 0 0 0 0 0 0 0 0 1 0 1 0 0 0 0 0], true support = [1 1 1 0 0 1 0 0 0 0 0 0 1 1 1 0 0 0 0 0 0 0 1 0 1 0 0 1 0 0], predicted support = [0 1 0 1 0 0 1 1 0 0 0 0 0 0 0 0 0 0 0 0 0 0 1 0 1 0 0 0 0 0])
INFO - 04/10/26 20:04:33 - 0:57:58 - CA: secret not predicted. (true secret = [ 1  1 -1  0  0  1  0  0  0  0  0  0 -1  1  1  0  0  0  0  0  0  0  1  0
                                       1  0  0 -1  0  0], predicted secret = [1 1 0 0 0 0 0 0 0 0 0 0 1 1 0 0 0 0 0 0 0 0 1 0 1 0 0 0 0 0], true support = [1 1 1 0 0 1 0 0 0 0 0 0 1 1 1 0 0 0 0 0 0 0 1 0 1 0 0 1 0 0], predicted support = [1 1 0 0 0 0 0 0 0 0 0 0 1 1 0 0 0 0 0 0 0 0 1 0 1 0 0 0 0 0])
INFO - 04/10/26 20:04:33 - 0:57:58 - CA: secret not predicted. (true secret = [ 1  1 -1  0  0  1  0  0  0  0  0  0 -1  1  1  0  0  0  0  0  0  0  1  0
                                       1  0  0 -1  0  0], predicted secret = [0 0 0 0 1 0 0 0 0 0 1 0 0 0 1 0 0 0 1 0 1 0 0 0 0 0 0 0 0 1], true support = [1 1 1 0 0 1 0 0 0 0 0 0 1 1 1 0 0 0 0 0 0 0 1 0 1 0 0 1 0 0], predicted support = [0 0 0 0 1 0 0 0 0 0 1 0 0 0 1 0 0 0 1 0 1 0 0 0 0 0 0 0 0 1])
INFO - 04/10/26 20:04:33 - 0:57:58 - Hybrid: direct, ca
INFO - 04/10/26 20:04:33 - 0:57:58 - direct, ca - Sum Normalized: secret not predicted. (true secret = [ 1  1 -1  0  0  1  0  0  0  0  0  0 -1  1  1  0  0  0  0  0  0  0  1  0
                                       1  0  0 -1  0  0], predicted secret = [1 1 0 0 0 0 0 0 0 0 0 0 0 1 0 0 0 0 0 0 0 0 1 0 1 0 0 0 0 1], true support = [1 1 1 0 0 1 0 0 0 0 0 0 1 1 1 0 0 0 0 0 0 0 1 0 1 0 0 1 0 0], predicted support = [1 1 0 0 0 0 0 0 0 0 0 0 0 1 0 0 0 0 0 0 0 0 1 0 1 0 0 0 0 1])
INFO - 04/10/26 20:04:33 - 0:57:58 - direct, ca - Max Normalized: secret not predicted. (true secret = [ 1  1 -1  0  0  1  0  0  0  0  0  0 -1  1  1  0  0  0  0  0  0  0  1  0
                                       1  0  0 -1  0  0], predicted secret = [1 0 0 0 0 0 0 0 0 0 0 0 0 1 0 0 0 0 1 0 0 0 1 0 1 0 0 0 0 1], true support = [1 1 1 0 0 1 0 0 0 0 0 0 1 1 1 0 0 0 0 0 0 0 1 0 1 0 0 1 0 0], predicted support = [1 0 0 0 0 0 0 0 0 0 0 0 0 1 0 0 0 0 1 0 0 0 1 0 1 0 0 0 0 1])
INFO - 04/10/26 20:04:33 - 0:57:58 - direct, ca - Sum Rank: secret not predicted. (true secret = [ 1  1 -1  0  0  1  0  0  0  0  0  0 -1  1  1  0  0  0  0  0  0  0  1  0
                                       1  0  0 -1  0  0], predicted secret = [0 1 0 0 0 0 0 0 0 0 0 0 0 0 0 0 0 0 1 0 1 0 1 0 1 0 0 0 0 1], true support = [1 1 1 0 0 1 0 0 0 0 0 0 1 1 1 0 0 0 0 0 0 0 1 0 1 0 0 1 0 0], predicted support = [0 1 0 0 0 0 0 0 0 0 0 0 0 0 0 0 0 0 1 0 1 0 1 0 1 0 0 0 0 1])
INFO - 04/10/26 20:04:33 - 0:57:58 - direct, ca - Max Rank: secret not predicted. (true secret = [ 1  1 -1  0  0  1  0  0  0  0  0  0 -1  1  1  0  0  0  0  0  0  0  1  0
                                       1  0  0 -1  0  0], predicted secret = [1 1 0 0 0 0 0 0 0 0 0 0 0 1 0 0 0 0 0 0 0 0 1 0 1 0 0 0 0 1], true support = [1 1 1 0 0 1 0 0 0 0 0 0 1 1 1 0 0 0 0 0 0 0 1 0 1 0 0 1 0 0], predicted support = [1 1 0 0 0 0 0 0 0 0 0 0 0 1 0 0 0 0 0 0 0 0 1 0 1 0 0 0 0 1])
INFO - 04/10/26 20:04:33 - 0:57:58 - Hybrid: direct, distinguisher
INFO - 04/10/26 20:04:33 - 0:57:58 - direct, distinguisher - Sum Normalized: secret not predicted. (true secret = [ 1  1 -1  0  0  1  0  0  0  0  0  0 -1  1  1  0  0  0  0  0  0  0  1  0
                                       1  0  0 -1  0  0], predicted secret = [0 1 1 0 0 0 0 0 0 0 0 0 1 0 0 0 0 0 0 0 0 0 1 0 1 0 0 1 0 0], true support = [1 1 1 0 0 1 0 0 0 0 0 0 1 1 1 0 0 0 0 0 0 0 1 0 1 0 0 1 0 0], predicted support = [0 1 1 0 0 0 0 0 0 0 0 0 1 0 0 0 0 0 0 0 0 0 1 0 1 0 0 1 0 0])
INFO - 04/10/26 20:04:33 - 0:57:58 - direct, distinguisher - Max Normalized: secret not predicted. (true secret = [ 1  1 -1  0  0  1  0  0  0  0  0  0 -1  1  1  0  0  0  0  0  0  0  1  0
                                       1  0  0 -1  0  0], predicted secret = [1 1 1 0 0 0 0 0 0 0 0 0 1 0 0 0 0 0 0 0 0 0 0 0 1 0 0 1 0 0], true support = [1 1 1 0 0 1 0 0 0 0 0 0 1 1 1 0 0 0 0 0 0 0 1 0 1 0 0 1 0 0], predicted support = [1 1 1 0 0 0 0 0 0 0 0 0 1 0 0 0 0 0 0 0 0 0 0 0 1 0 0 1 0 0])
INFO - 04/10/26 20:04:33 - 0:57:58 - direct, distinguisher - Sum Rank: secret not predicted. (true secret = [ 1  1 -1  0  0  1  0  0  0  0  0  0 -1  1  1  0  0  0  0  0  0  0  1  0
                                       1  0  0 -1  0  0], predicted secret = [0 1 0 0 0 0 0 0 0 0 0 0 1 0 0 0 0 1 0 0 0 0 1 0 1 0 0 1 0 0], true support = [1 1 1 0 0 1 0 0 0 0 0 0 1 1 1 0 0 0 0 0 0 0 1 0 1 0 0 1 0 0], predicted support = [0 1 0 0 0 0 0 0 0 0 0 0 1 0 0 0 0 1 0 0 0 0 1 0 1 0 0 1 0 0])
INFO - 04/10/26 20:04:33 - 0:57:58 - direct, distinguisher - Max Rank: secret not predicted. (true secret = [ 1  1 -1  0  0  1  0  0  0  0  0  0 -1  1  1  0  0  0  0  0  0  0  1  0
                                       1  0  0 -1  0  0], predicted secret = [0 1 1 0 0 0 0 0 0 0 0 0 1 0 0 0 0 0 0 0 0 0 1 0 1 0 0 1 0 0], true support = [1 1 1 0 0 1 0 0 0 0 0 0 1 1 1 0 0 0 0 0 0 0 1 0 1 0 0 1 0 0], predicted support = [0 1 1 0 0 0 0 0 0 0 0 0 1 0 0 0 0 0 0 0 0 0 1 0 1 0 0 1 0 0])
INFO - 04/10/26 20:04:33 - 0:57:58 - Hybrid: ca, distinguisher
INFO - 04/10/26 20:04:33 - 0:57:58 - ca, distinguisher - Sum Normalized: secret not predicted. (true secret = [ 1  1 -1  0  0  1  0  0  0  0  0  0 -1  1  1  0  0  0  0  0  0  0  1  0
                                       1  0  0 -1  0  0], predicted secret = [1 1 0 0 0 0 0 0 0 0 0 0 1 1 0 0 0 0 0 0 0 0 1 0 1 0 0 0 0 0], true support = [1 1 1 0 0 1 0 0 0 0 0 0 1 1 1 0 0 0 0 0 0 0 1 0 1 0 0 1 0 0], predicted support = [1 1 0 0 0 0 0 0 0 0 0 0 1 1 0 0 0 0 0 0 0 0 1 0 1 0 0 0 0 0])
INFO - 04/10/26 20:04:33 - 0:57:58 - ca, distinguisher - Max Normalized: secret not predicted. (true secret = [ 1  1 -1  0  0  1  0  0  0  0  0  0 -1  1  1  0  0  0  0  0  0  0  1  0
                                       1  0  0 -1  0  0], predicted secret = [0 1 1 0 0 0 0 0 0 0 0 0 1 1 0 0 0 0 0 0 0 0 0 0 1 0 0 1 0 0], true support = [1 1 1 0 0 1 0 0 0 0 0 0 1 1 1 0 0 0 0 0 0 0 1 0 1 0 0 1 0 0], predicted support = [0 1 1 0 0 0 0 0 0 0 0 0 1 1 0 0 0 0 0 0 0 0 0 0 1 0 0 1 0 0])
INFO - 04/10/26 20:04:33 - 0:57:58 - ca, distinguisher - Sum Rank: secret not predicted. (true secret = [ 1  1 -1  0  0  1  0  0  0  0  0  0 -1  1  1  0  0  0  0  0  0  0  1  0
                                       1  0  0 -1  0  0], predicted secret = [1 1 0 0 0 0 0 0 0 0 0 0 1 1 0 0 0 0 0 0 0 0 1 0 1 0 0 0 0 0], true support = [1 1 1 0 0 1 0 0 0 0 0 0 1 1 1 0 0 0 0 0 0 0 1 0 1 0 0 1 0 0], predicted support = [1 1 0 0 0 0 0 0 0 0 0 0 1 1 0 0 0 0 0 0 0 0 1 0 1 0 0 0 0 0])
INFO - 04/10/26 20:04:33 - 0:57:58 - ca, distinguisher - Max Rank: secret not predicted. (true secret = [ 1  1 -1  0  0  1  0  0  0  0  0  0 -1  1  1  0  0  0  0  0  0  0  1  0
                                       1  0  0 -1  0  0], predicted secret = [1 1 1 0 0 0 0 0 0 0 0 0 1 1 0 0 0 0 0 0 0 0 0 0 1 0 0 0 0 0], true support = [1 1 1 0 0 1 0 0 0 0 0 0 1 1 1 0 0 0 0 0 0 0 1 0 1 0 0 1 0 0], predicted support = [1 1 1 0 0 0 0 0 0 0 0 0 1 1 0 0 0 0 0 0 0 0 0 0 1 0 0 0 0 0])
INFO - 04/10/26 20:04:33 - 0:57:58 - Hybrid: direct, ca, distinguisher
INFO - 04/10/26 20:04:33 - 0:57:58 - direct, ca, distinguisher - Sum Normalized: secret not predicted. (true secret = [ 1  1 -1  0  0  1  0  0  0  0  0  0 -1  1  1  0  0  0  0  0  0  0  1  0
                                       1  0  0 -1  0  0], predicted secret = [1 1 0 0 0 0 0 0 0 0 0 0 1 1 0 0 0 0 0 0 0 0 1 0 1 0 0 0 0 0], true support = [1 1 1 0 0 1 0 0 0 0 0 0 1 1 1 0 0 0 0 0 0 0 1 0 1 0 0 1 0 0], predicted support = [1 1 0 0 0 0 0 0 0 0 0 0 1 1 0 0 0 0 0 0 0 0 1 0 1 0 0 0 0 0])
INFO - 04/10/26 20:04:33 - 0:57:58 - direct, ca, distinguisher - Max Normalized: secret not predicted. (true secret = [ 1  1 -1  0  0  1  0  0  0  0  0  0 -1  1  1  0  0  0  0  0  0  0  1  0
                                       1  0  0 -1  0  0], predicted secret = [0 1 1 0 0 0 0 0 0 0 0 0 1 1 0 0 0 0 0 0 0 0 0 0 1 0 0 1 0 0], true support = [1 1 1 0 0 1 0 0 0 0 0 0 1 1 1 0 0 0 0 0 0 0 1 0 1 0 0 1 0 0], predicted support = [0 1 1 0 0 0 0 0 0 0 0 0 1 1 0 0 0 0 0 0 0 0 0 0 1 0 0 1 0 0])
INFO - 04/10/26 20:04:33 - 0:57:58 - direct, ca, distinguisher - Sum Rank: secret not predicted. (true secret = [ 1  1 -1  0  0  1  0  0  0  0  0  0 -1  1  1  0  0  0  0  0  0  0  1  0
                                       1  0  0 -1  0  0], predicted secret = [1 1 0 0 0 0 0 0 0 0 0 0 1 1 0 0 0 0 0 0 0 0 1 0 1 0 0 0 0 0], true support = [1 1 1 0 0 1 0 0 0 0 0 0 1 1 1 0 0 0 0 0 0 0 1 0 1 0 0 1 0 0], predicted support = [1 1 0 0 0 0 0 0 0 0 0 0 1 1 0 0 0 0 0 0 0 0 1 0 1 0 0 0 0 0])
INFO - 04/10/26 20:04:33 - 0:57:58 - direct, ca, distinguisher - Max Rank: secret not predicted. (true secret = [ 1  1 -1  0  0  1  0  0  0  0  0  0 -1  1  1  0  0  0  0  0  0  0  1  0
                                       1  0  0 -1  0  0], predicted secret = [1 1 0 0 0 0 0 0 0 0 0 0 1 1 0 0 0 0 0 0 0 0 1 0 1 0 0 0 0 0], true support = [1 1 1 0 0 1 0 0 0 0 0 0 1 1 1 0 0 0 0 0 0 0 1 0 1 0 0 1 0 0], predicted support = [1 1 0 0 0 0 0 0 0 0 0 0 1 1 0 0 0 0 0 0 0 0 1 0 1 0 0 0 0 0])
INFO - 04/10/26 20:04:33 - 0:57:58 - Epoch 18 metrics | train_loss: 1.308842 | train_acc1: 37.783409 | train_acc2: 54.680002 | valid_xe_loss: 1.604939 | valid_acc1: 27.442642 | valid_acc2: 31.576345
INFO - 04/10/26 20:04:33 - 0:57:58 - __log__:{"train_loss": 1.3088424847969549, "train_acc1": 37.78340930902111, "train_acc2": 54.680002399232244, "epoch": 18, "valid_xe_loss": 1.6049391483958764, "valid_acc1": 27.442642405063292, "valid_acc2": 31.57634493670886}
INFO - 04/10/26 20:04:33 - 0:57:58 - Saving checkpoint to /home/yu_mcc/PQC_salsa/runs/n30_q127_h3_1m/train_gpu_proposed_ternary_h10_secret0_init0_paperlike/checkpoint.pth ...
WARNING - 04/10/26 20:04:33 - 0:57:58 - Saving encoder parameters ...
WARNING - 04/10/26 20:04:33 - 0:57:58 - Saving decoder parameters ...
WARNING - 04/10/26 20:04:33 - 0:57:58 - Saving optimizer ...
INFO - 04/10/26 20:04:33 - 0:57:58 - ============ Starting epoch 19 ... ============
INFO - 04/10/26 20:04:34 - 0:57:59 -   29700 -   16.57 equations/s -  1060.39 words/s - MEM: 1.36 GB - LOSS:  1.3009 || ACC1: 43.2292 || ACC2: 59.1146 - LR: 1.0000e-05
INFO - 04/10/26 20:04:38 - 0:58:03 -   29750 - 1364.18 equations/s - 87307.40 words/s - MEM: 1.36 GB - LOSS:  1.2828 || ACC1: 38.8438 || ACC2: 57.5156 - LR: 1.0000e-05
INFO - 04/10/26 20:04:47 - 0:58:12 -   29800 -  774.09 equations/s - 49541.45 words/s - MEM: 1.36 GB - LOSS:  1.2843 || ACC1: 38.4844 || ACC2: 55.6406 - LR: 1.0000e-05
INFO - 04/10/26 20:04:51 - 0:58:16 -   29850 - 1359.82 equations/s - 87028.46 words/s - MEM: 1.36 GB - LOSS:  1.2854 || ACC1: 39.3750 || ACC2: 56.2344 - LR: 1.0000e-05
INFO - 04/10/26 20:04:56 - 0:58:21 -   29900 - 1374.78 equations/s - 87985.68 words/s - MEM: 1.36 GB - LOSS:  1.2919 || ACC1: 38.2188 || ACC2: 56.1719 - LR: 1.0000e-05
INFO - 04/10/26 20:05:00 - 0:58:26 -   29950 - 1440.11 equations/s - 92167.15 words/s - MEM: 1.36 GB - LOSS:  1.2844 || ACC1: 38.6406 || ACC2: 56.7188 - LR: 1.0000e-05
INFO - 04/10/26 20:05:05 - 0:58:30 -   30000 - 1413.83 equations/s - 90485.35 words/s - MEM: 1.36 GB - LOSS:  1.2817 || ACC1: 39.0312 || ACC2: 57.4375 - LR: 1.0000e-05
INFO - 04/10/26 20:05:10 - 0:58:35 -   30050 - 1401.86 equations/s - 89719.16 words/s - MEM: 1.36 GB - LOSS:  1.2894 || ACC1: 38.3750 || ACC2: 56.3281 - LR: 1.0000e-05
INFO - 04/10/26 20:05:14 - 0:58:39 -   30100 - 1409.62 equations/s - 90215.86 words/s - MEM: 1.36 GB - LOSS:  1.2781 || ACC1: 38.7500 || ACC2: 56.3750 - LR: 1.0000e-05
INFO - 04/10/26 20:05:22 - 0:58:47 -   30150 -  771.94 equations/s - 49404.37 words/s - MEM: 1.36 GB - LOSS:  1.2809 || ACC1: 38.4688 || ACC2: 57.0938 - LR: 1.0000e-05
INFO - 04/10/26 20:05:27 - 0:58:52 -   30200 - 1409.55 equations/s - 90211.29 words/s - MEM: 1.36 GB - LOSS:  1.2798 || ACC1: 38.9062 || ACC2: 57.2500 - LR: 1.0000e-05
INFO - 04/10/26 20:05:32 - 0:58:57 -   30250 - 1385.71 equations/s - 88685.15 words/s - MEM: 1.36 GB - LOSS:  1.2833 || ACC1: 39.0469 || ACC2: 57.1094 - LR: 1.0000e-05
INFO - 04/10/26 20:05:36 - 0:59:01 -   30300 - 1400.56 equations/s - 89635.86 words/s - MEM: 1.36 GB - LOSS:  1.2756 || ACC1: 38.7812 || ACC2: 57.5938 - LR: 1.0000e-05
INFO - 04/10/26 20:05:41 - 0:59:06 -   30350 - 1381.90 equations/s - 88441.65 words/s - MEM: 1.36 GB - LOSS:  1.2779 || ACC1: 39.0156 || ACC2: 57.9219 - LR: 1.0000e-05
INFO - 04/10/26 20:05:45 - 0:59:11 -   30400 - 1358.72 equations/s - 86957.86 words/s - MEM: 1.36 GB - LOSS:  1.2759 || ACC1: 39.7031 || ACC2: 57.5469 - LR: 1.0000e-05
INFO - 04/10/26 20:05:50 - 0:59:15 -   30450 - 1390.15 equations/s - 88969.82 words/s - MEM: 1.36 GB - LOSS:  1.2714 || ACC1: 39.5625 || ACC2: 58.2188 - LR: 1.0000e-05
INFO - 04/10/26 20:05:58 - 0:59:23 -   30500 -  786.74 equations/s - 50351.09 words/s - MEM: 1.36 GB - LOSS:  1.2824 || ACC1: 38.4375 || ACC2: 57.3438 - LR: 1.0000e-05
INFO - 04/10/26 20:06:03 - 0:59:28 -   30550 - 1408.70 equations/s - 90156.48 words/s - MEM: 1.36 GB - LOSS:  1.2740 || ACC1: 39.9844 || ACC2: 58.5625 - LR: 1.0000e-05
INFO - 04/10/26 20:06:07 - 0:59:33 -   30600 - 1349.82 equations/s - 86388.46 words/s - MEM: 1.36 GB - LOSS:  1.2581 || ACC1: 40.2812 || ACC2: 58.5625 - LR: 1.0000e-05
INFO - 04/10/26 20:06:12 - 0:59:37 -   30650 - 1299.29 equations/s - 83154.59 words/s - MEM: 1.36 GB - LOSS:  1.2692 || ACC1: 39.3281 || ACC2: 58.0781 - LR: 1.0000e-05
INFO - 04/10/26 20:06:17 - 0:59:42 -   30700 - 1377.72 equations/s - 88174.33 words/s - MEM: 1.36 GB - LOSS:  1.2658 || ACC1: 39.8594 || ACC2: 58.2188 - LR: 1.0000e-05
INFO - 04/10/26 20:06:22 - 0:59:47 -   30750 - 1287.66 equations/s - 82410.26 words/s - MEM: 1.36 GB - LOSS:  1.2625 || ACC1: 38.4531 || ACC2: 56.7344 - LR: 1.0000e-05
INFO - 04/10/26 20:06:27 - 0:59:52 -   30800 - 1313.49 equations/s - 84063.10 words/s - MEM: 1.36 GB - LOSS:  1.2624 || ACC1: 38.9375 || ACC2: 57.7188 - LR: 1.0000e-05
INFO - 04/10/26 20:06:35 - 1:00:00 -   30850 -  780.33 equations/s - 49941.27 words/s - MEM: 1.36 GB - LOSS:  1.2636 || ACC1: 40.0625 || ACC2: 58.5781 - LR: 1.0000e-05
INFO - 04/10/26 20:06:40 - 1:00:05 -   30900 - 1386.91 equations/s - 88762.25 words/s - MEM: 1.36 GB - LOSS:  1.2606 || ACC1: 40.2656 || ACC2: 59.0156 - LR: 1.0000e-05
INFO - 04/10/26 20:06:44 - 1:00:09 -   30950 - 1372.51 equations/s - 87840.63 words/s - MEM: 1.36 GB - LOSS:  1.2598 || ACC1: 39.0469 || ACC2: 59.3906 - LR: 1.0000e-05
INFO - 04/10/26 20:06:49 - 1:00:14 -   31000 - 1420.45 equations/s - 90908.53 words/s - MEM: 1.36 GB - LOSS:  1.2565 || ACC1: 40.3125 || ACC2: 58.9844 - LR: 1.0000e-05
INFO - 04/10/26 20:06:53 - 1:00:19 -   31050 - 1378.27 equations/s - 88209.38 words/s - MEM: 1.36 GB - LOSS:  1.2637 || ACC1: 40.1406 || ACC2: 58.3125 - LR: 1.0000e-05
INFO - 04/10/26 20:06:58 - 1:00:23 -   31100 - 1368.35 equations/s - 87574.67 words/s - MEM: 1.36 GB - LOSS:  1.2595 || ACC1: 39.4062 || ACC2: 58.6875 - LR: 1.0000e-05
INFO - 04/10/26 20:07:03 - 1:00:28 -   31150 - 1392.63 equations/s - 89128.11 words/s - MEM: 1.36 GB - LOSS:  1.2581 || ACC1: 39.5625 || ACC2: 58.9688 - LR: 1.0000e-05
INFO - 04/10/26 20:07:11 - 1:00:36 -   31200 -  767.02 equations/s - 49089.21 words/s - MEM: 1.36 GB - LOSS:  1.2564 || ACC1: 39.8438 || ACC2: 58.0156 - LR: 1.0000e-05
INFO - 04/10/26 20:07:15 - 1:00:41 -   31250 - 1463.29 equations/s - 93650.69 words/s - MEM: 1.36 GB - LOSS:  1.2585 || ACC1: 39.0625 || ACC2: 58.0000 - LR: 1.0000e-05
INFO - 04/10/26 20:07:16 - 1:00:42 -   31260 - 1378.63 equations/s - 88232.02 words/s - MEM: 1.36 GB - LOSS:  1.2680 || ACC1: 40.3125 || ACC2: 58.8281 - LR: 1.0000e-05
INFO - 04/10/26 20:07:16 - 1:00:42 - ============ End of epoch 19 ============
INFO - 04/10/26 20:07:16 - 1:00:42 - Starting Distinguisher Method
INFO - 04/10/26 20:07:30 - 1:00:55 - Distinguishing 0s using the emd. 
INFO - 04/10/26 20:07:30 - 1:00:55 - Distinguishing +/-1s using the emd. 
INFO - 04/10/26 20:07:30 - 1:00:55 - Real secret: -1: {np.int64(2), np.int64(27), np.int64(12)}, 1: {np.int64(0), np.int64(1), np.int64(5), np.int64(13), np.int64(14), np.int64(22), np.int64(24)}
INFO - 04/10/26 20:07:30 - 1:00:55 - Nonzero bits not identified. Guess: [ 5 22 12 14 25 24  1  2 27  0]
INFO - 04/10/26 20:07:30 - 1:00:55 - Distinguishing +/-1s using the mean. 
INFO - 04/10/26 20:07:30 - 1:00:55 - Real secret: -1: {np.int64(2), np.int64(27), np.int64(12)}, 1: {np.int64(0), np.int64(1), np.int64(5), np.int64(13), np.int64(14), np.int64(22), np.int64(24)}
INFO - 04/10/26 20:07:30 - 1:00:55 - Nonzero bits not identified. Guess: [ 5 22 12 14 25 24  1  2 27  0]
INFO - 04/10/26 20:07:30 - 1:00:55 - Distinguishing 0s using the mean. 
INFO - 04/10/26 20:07:30 - 1:00:55 - Distinguishing +/-1s using the emd. 
INFO - 04/10/26 20:07:30 - 1:00:55 - Real secret: -1: {np.int64(2), np.int64(27), np.int64(12)}, 1: {np.int64(0), np.int64(1), np.int64(5), np.int64(13), np.int64(14), np.int64(22), np.int64(24)}
INFO - 04/10/26 20:07:30 - 1:00:55 - Distinguishing +/-1s using the mean. 
INFO - 04/10/26 20:07:30 - 1:00:55 - Real secret: -1: {np.int64(2), np.int64(27), np.int64(12)}, 1: {np.int64(0), np.int64(1), np.int64(5), np.int64(13), np.int64(14), np.int64(22), np.int64(24)}
INFO - 04/10/26 20:07:30 - 1:00:55 - Starting Direct Method
INFO - 04/10/26 20:07:30 - 1:00:55 - Direct:  K=82
INFO - 04/10/26 20:07:30 - 1:00:55 - Direct:  K=64
INFO - 04/10/26 20:07:30 - 1:00:55 - Direct:  K=47
INFO - 04/10/26 20:07:30 - 1:00:55 - Direct:  K=63
INFO - 04/10/26 20:07:30 - 1:00:55 - Direct:  K=65
INFO - 04/10/26 20:07:30 - 1:00:55 - Direct:  K=73
INFO - 04/10/26 20:07:30 - 1:00:56 - Direct:  K=81
INFO - 04/10/26 20:07:31 - 1:00:56 - Direct:  K=66
INFO - 04/10/26 20:07:31 - 1:00:56 - Direct:  K=90
INFO - 04/10/26 20:07:31 - 1:00:56 - Direct:  K=89
INFO - 04/10/26 20:07:31 - 1:00:56 - Direct:  K=52
INFO - 04/10/26 20:07:31 - 1:00:56 - Direct:  K=41
INFO - 04/10/26 20:07:31 - 1:00:56 - Direct:  K=77
INFO - 04/10/26 20:07:31 - 1:00:56 - Direct:  K=66
INFO - 04/10/26 20:07:31 - 1:00:57 - Direct:  K=78
INFO - 04/10/26 20:07:32 - 1:00:57 - Direct: secret not predicted. (true secret = [ 1  1 -1  0  0  1  0  0  0  0  0  0 -1  1  1  0  0  0  0  0  0  0  1  0
                                       1  0  0 -1  0  0], predicted secret = [0 0 0 1 1 0 0 0 0 0 0 0 0 1 1 0 0 0 0 0 0 0 1 0 1 0 0 0 0 0], true support = [1 1 1 0 0 1 0 0 0 0 0 0 1 1 1 0 0 0 0 0 0 0 1 0 1 0 0 1 0 0], predicted support = [0 0 0 1 1 0 0 0 0 0 0 0 0 1 1 0 0 0 0 0 0 0 1 0 1 0 0 0 0 0])
INFO - 04/10/26 20:07:44 - 1:01:09 - CA: secret not predicted. (true secret = [ 1  1 -1  0  0  1  0  0  0  0  0  0 -1  1  1  0  0  0  0  0  0  0  1  0
                                       1  0  0 -1  0  0], predicted secret = [1 1 1 0 0 0 0 0 0 0 0 0 0 1 0 0 0 0 0 0 0 0 1 0 1 0 0 0 0 0], true support = [1 1 1 0 0 1 0 0 0 0 0 0 1 1 1 0 0 0 0 0 0 0 1 0 1 0 0 1 0 0], predicted support = [1 1 1 0 0 0 0 0 0 0 0 0 0 1 0 0 0 0 0 0 0 0 1 0 1 0 0 0 0 0])
INFO - 04/10/26 20:07:44 - 1:01:09 - CA: secret not predicted. (true secret = [ 1  1 -1  0  0  1  0  0  0  0  0  0 -1  1  1  0  0  0  0  0  0  0  1  0
                                       1  0  0 -1  0  0], predicted secret = [0 0 0 0 1 0 0 0 0 0 1 0 0 0 0 0 0 0 1 0 1 0 0 1 0 0 0 0 0 1], true support = [1 1 1 0 0 1 0 0 0 0 0 0 1 1 1 0 0 0 0 0 0 0 1 0 1 0 0 1 0 0], predicted support = [0 0 0 0 1 0 0 0 0 0 1 0 0 0 0 0 0 0 1 0 1 0 0 1 0 0 0 0 0 1])
INFO - 04/10/26 20:07:44 - 1:01:09 - Hybrid: direct, ca
INFO - 04/10/26 20:07:44 - 1:01:09 - direct, ca - Sum Normalized: secret not predicted. (true secret = [ 1  1 -1  0  0  1  0  0  0  0  0  0 -1  1  1  0  0  0  0  0  0  0  1  0
                                       1  0  0 -1  0  0], predicted secret = [1 0 0 0 0 0 0 0 0 0 0 0 0 1 1 0 0 0 0 0 0 0 1 0 1 0 0 0 0 1], true support = [1 1 1 0 0 1 0 0 0 0 0 0 1 1 1 0 0 0 0 0 0 0 1 0 1 0 0 1 0 0], predicted support = [1 0 0 0 0 0 0 0 0 0 0 0 0 1 1 0 0 0 0 0 0 0 1 0 1 0 0 0 0 1])
INFO - 04/10/26 20:07:44 - 1:01:09 - direct, ca - Max Normalized: secret not predicted. (true secret = [ 1  1 -1  0  0  1  0  0  0  0  0  0 -1  1  1  0  0  0  0  0  0  0  1  0
                                       1  0  0 -1  0  0], predicted secret = [1 0 0 0 0 0 0 0 0 0 0 0 0 1 1 0 0 0 0 0 0 0 1 0 1 0 0 0 0 1], true support = [1 1 1 0 0 1 0 0 0 0 0 0 1 1 1 0 0 0 0 0 0 0 1 0 1 0 0 1 0 0], predicted support = [1 0 0 0 0 0 0 0 0 0 0 0 0 1 1 0 0 0 0 0 0 0 1 0 1 0 0 0 0 1])
INFO - 04/10/26 20:07:44 - 1:01:09 - direct, ca - Sum Rank: secret not predicted. (true secret = [ 1  1 -1  0  0  1  0  0  0  0  0  0 -1  1  1  0  0  0  0  0  0  0  1  0
                                       1  0  0 -1  0  0], predicted secret = [0 0 0 0 1 0 0 0 0 0 0 0 0 1 1 0 0 0 0 0 0 0 1 0 1 0 0 0 0 1], true support = [1 1 1 0 0 1 0 0 0 0 0 0 1 1 1 0 0 0 0 0 0 0 1 0 1 0 0 1 0 0], predicted support = [0 0 0 0 1 0 0 0 0 0 0 0 0 1 1 0 0 0 0 0 0 0 1 0 1 0 0 0 0 1])
INFO - 04/10/26 20:07:44 - 1:01:09 - direct, ca - Max Rank: secret not predicted. (true secret = [ 1  1 -1  0  0  1  0  0  0  0  0  0 -1  1  1  0  0  0  0  0  0  0  1  0
                                       1  0  0 -1  0  0], predicted secret = [1 0 0 0 1 0 0 0 0 0 0 0 0 1 1 0 0 0 0 0 0 0 1 0 1 0 0 0 0 0], true support = [1 1 1 0 0 1 0 0 0 0 0 0 1 1 1 0 0 0 0 0 0 0 1 0 1 0 0 1 0 0], predicted support = [1 0 0 0 1 0 0 0 0 0 0 0 0 1 1 0 0 0 0 0 0 0 1 0 1 0 0 0 0 0])
INFO - 04/10/26 20:07:44 - 1:01:09 - Hybrid: direct, distinguisher
INFO - 04/10/26 20:07:44 - 1:01:09 - direct, distinguisher - Sum Normalized: secret not predicted. (true secret = [ 1  1 -1  0  0  1  0  0  0  0  0  0 -1  1  1  0  0  0  0  0  0  0  1  0
                                       1  0  0 -1  0  0], predicted secret = [1 1 0 0 0 0 0 0 0 0 0 0 0 0 1 0 0 0 0 0 0 0 1 0 1 0 0 1 0 0], true support = [1 1 1 0 0 1 0 0 0 0 0 0 1 1 1 0 0 0 0 0 0 0 1 0 1 0 0 1 0 0], predicted support = [1 1 0 0 0 0 0 0 0 0 0 0 0 0 1 0 0 0 0 0 0 0 1 0 1 0 0 1 0 0])
INFO - 04/10/26 20:07:44 - 1:01:09 - direct, distinguisher - Max Normalized: secret not predicted. (true secret = [ 1  1 -1  0  0  1  0  0  0  0  0  0 -1  1  1  0  0  0  0  0  0  0  1  0
                                       1  0  0 -1  0  0], predicted secret = [1 1 1 0 0 0 0 0 0 0 0 0 1 0 0 0 0 0 0 0 0 0 0 0 1 0 0 1 0 0], true support = [1 1 1 0 0 1 0 0 0 0 0 0 1 1 1 0 0 0 0 0 0 0 1 0 1 0 0 1 0 0], predicted support = [1 1 1 0 0 0 0 0 0 0 0 0 1 0 0 0 0 0 0 0 0 0 0 0 1 0 0 1 0 0])
INFO - 04/10/26 20:07:44 - 1:01:09 - direct, distinguisher - Sum Rank: secret not predicted. (true secret = [ 1  1 -1  0  0  1  0  0  0  0  0  0 -1  1  1  0  0  0  0  0  0  0  1  0
                                       1  0  0 -1  0  0], predicted secret = [0 0 0 0 0 1 0 0 0 0 0 0 0 1 1 0 0 0 0 0 0 0 1 0 1 0 0 1 0 0], true support = [1 1 1 0 0 1 0 0 0 0 0 0 1 1 1 0 0 0 0 0 0 0 1 0 1 0 0 1 0 0], predicted support = [0 0 0 0 0 1 0 0 0 0 0 0 0 1 1 0 0 0 0 0 0 0 1 0 1 0 0 1 0 0])
INFO - 04/10/26 20:07:44 - 1:01:09 - direct, distinguisher - Max Rank: secret not predicted. (true secret = [ 1  1 -1  0  0  1  0  0  0  0  0  0 -1  1  1  0  0  0  0  0  0  0  1  0
                                       1  0  0 -1  0  0], predicted secret = [1 1 0 0 0 0 0 0 0 0 0 0 0 1 1 0 0 0 0 0 0 0 0 0 1 0 0 1 0 0], true support = [1 1 1 0 0 1 0 0 0 0 0 0 1 1 1 0 0 0 0 0 0 0 1 0 1 0 0 1 0 0], predicted support = [1 1 0 0 0 0 0 0 0 0 0 0 0 1 1 0 0 0 0 0 0 0 0 0 1 0 0 1 0 0])
INFO - 04/10/26 20:07:44 - 1:01:09 - Hybrid: ca, distinguisher
INFO - 04/10/26 20:07:44 - 1:01:09 - ca, distinguisher - Sum Normalized: secret not predicted. (true secret = [ 1  1 -1  0  0  1  0  0  0  0  0  0 -1  1  1  0  0  0  0  0  0  0  1  0
                                       1  0  0 -1  0  0], predicted secret = [1 1 0 0 0 0 0 0 0 0 0 0 1 1 0 0 0 0 0 0 0 0 1 0 1 0 0 0 0 0], true support = [1 1 1 0 0 1 0 0 0 0 0 0 1 1 1 0 0 0 0 0 0 0 1 0 1 0 0 1 0 0], predicted support = [1 1 0 0 0 0 0 0 0 0 0 0 1 1 0 0 0 0 0 0 0 0 1 0 1 0 0 0 0 0])
INFO - 04/10/26 20:07:44 - 1:01:09 - ca, distinguisher - Max Normalized: secret not predicted. (true secret = [ 1  1 -1  0  0  1  0  0  0  0  0  0 -1  1  1  0  0  0  0  0  0  0  1  0
                                       1  0  0 -1  0  0], predicted secret = [1 1 1 0 0 0 0 0 0 0 0 0 1 1 0 0 0 0 0 0 0 0 0 0 0 0 0 1 0 0], true support = [1 1 1 0 0 1 0 0 0 0 0 0 1 1 1 0 0 0 0 0 0 0 1 0 1 0 0 1 0 0], predicted support = [1 1 1 0 0 0 0 0 0 0 0 0 1 1 0 0 0 0 0 0 0 0 0 0 0 0 0 1 0 0])
INFO - 04/10/26 20:07:44 - 1:01:09 - ca, distinguisher - Sum Rank: secret not predicted. (true secret = [ 1  1 -1  0  0  1  0  0  0  0  0  0 -1  1  1  0  0  0  0  0  0  0  1  0
                                       1  0  0 -1  0  0], predicted secret = [1 1 0 0 0 0 0 0 0 0 0 0 1 1 0 0 0 0 0 0 0 0 1 0 1 0 0 0 0 0], true support = [1 1 1 0 0 1 0 0 0 0 0 0 1 1 1 0 0 0 0 0 0 0 1 0 1 0 0 1 0 0], predicted support = [1 1 0 0 0 0 0 0 0 0 0 0 1 1 0 0 0 0 0 0 0 0 1 0 1 0 0 0 0 0])
INFO - 04/10/26 20:07:44 - 1:01:09 - ca, distinguisher - Max Rank: secret not predicted. (true secret = [ 1  1 -1  0  0  1  0  0  0  0  0  0 -1  1  1  0  0  0  0  0  0  0  1  0
                                       1  0  0 -1  0  0], predicted secret = [1 1 1 0 0 0 0 0 0 0 0 0 0 1 0 0 0 0 0 0 0 0 0 0 1 0 0 1 0 0], true support = [1 1 1 0 0 1 0 0 0 0 0 0 1 1 1 0 0 0 0 0 0 0 1 0 1 0 0 1 0 0], predicted support = [1 1 1 0 0 0 0 0 0 0 0 0 0 1 0 0 0 0 0 0 0 0 0 0 1 0 0 1 0 0])
INFO - 04/10/26 20:07:44 - 1:01:09 - Hybrid: direct, ca, distinguisher
INFO - 04/10/26 20:07:44 - 1:01:09 - direct, ca, distinguisher - Sum Normalized: secret not predicted. (true secret = [ 1  1 -1  0  0  1  0  0  0  0  0  0 -1  1  1  0  0  0  0  0  0  0  1  0
                                       1  0  0 -1  0  0], predicted secret = [1 1 0 0 0 0 0 0 0 0 0 0 0 1 1 0 0 0 0 0 0 0 1 0 1 0 0 0 0 0], true support = [1 1 1 0 0 1 0 0 0 0 0 0 1 1 1 0 0 0 0 0 0 0 1 0 1 0 0 1 0 0], predicted support = [1 1 0 0 0 0 0 0 0 0 0 0 0 1 1 0 0 0 0 0 0 0 1 0 1 0 0 0 0 0])
INFO - 04/10/26 20:07:44 - 1:01:09 - direct, ca, distinguisher - Max Normalized: secret not predicted. (true secret = [ 1  1 -1  0  0  1  0  0  0  0  0  0 -1  1  1  0  0  0  0  0  0  0  1  0
                                       1  0  0 -1  0  0], predicted secret = [1 1 1 0 0 0 0 0 0 0 0 0 0 1 0 0 0 0 0 0 0 0 0 0 1 0 0 1 0 0], true support = [1 1 1 0 0 1 0 0 0 0 0 0 1 1 1 0 0 0 0 0 0 0 1 0 1 0 0 1 0 0], predicted support = [1 1 1 0 0 0 0 0 0 0 0 0 0 1 0 0 0 0 0 0 0 0 0 0 1 0 0 1 0 0])
INFO - 04/10/26 20:07:44 - 1:01:09 - direct, ca, distinguisher - Sum Rank: secret not predicted. (true secret = [ 1  1 -1  0  0  1  0  0  0  0  0  0 -1  1  1  0  0  0  0  0  0  0  1  0
                                       1  0  0 -1  0  0], predicted secret = [1 1 0 0 0 0 0 0 0 0 0 0 0 1 1 0 0 0 0 0 0 0 1 0 1 0 0 0 0 0], true support = [1 1 1 0 0 1 0 0 0 0 0 0 1 1 1 0 0 0 0 0 0 0 1 0 1 0 0 1 0 0], predicted support = [1 1 0 0 0 0 0 0 0 0 0 0 0 1 1 0 0 0 0 0 0 0 1 0 1 0 0 0 0 0])
INFO - 04/10/26 20:07:44 - 1:01:09 - direct, ca, distinguisher - Max Rank: secret not predicted. (true secret = [ 1  1 -1  0  0  1  0  0  0  0  0  0 -1  1  1  0  0  0  0  0  0  0  1  0
                                       1  0  0 -1  0  0], predicted secret = [1 1 0 0 0 0 0 0 0 0 0 0 0 1 1 0 0 0 0 0 0 0 0 0 1 0 0 1 0 0], true support = [1 1 1 0 0 1 0 0 0 0 0 0 1 1 1 0 0 0 0 0 0 0 1 0 1 0 0 1 0 0], predicted support = [1 1 0 0 0 0 0 0 0 0 0 0 0 1 1 0 0 0 0 0 0 0 0 0 1 0 0 1 0 0])
INFO - 04/10/26 20:07:44 - 1:01:09 - Epoch 19 metrics | train_loss: 1.272092 | train_acc1: 39.246441 | train_acc2: 57.698037 | valid_xe_loss: 1.631198 | valid_acc1: 26.958070 | valid_acc2: 31.882911
INFO - 04/10/26 20:07:44 - 1:01:09 - __log__:{"train_loss": 1.272091688441681, "train_acc1": 39.24644113883557, "train_acc2": 57.69803662827895, "epoch": 19, "valid_xe_loss": 1.6311981300764447, "valid_acc1": 26.958069620253166, "valid_acc2": 31.882911392405063}
INFO - 04/10/26 20:07:44 - 1:01:09 - Saving checkpoint to /home/yu_mcc/PQC_salsa/runs/n30_q127_h3_1m/train_gpu_proposed_ternary_h10_secret0_init0_paperlike/checkpoint.pth ...
WARNING - 04/10/26 20:07:44 - 1:01:09 - Saving encoder parameters ...
WARNING - 04/10/26 20:07:44 - 1:01:09 - Saving decoder parameters ...
WARNING - 04/10/26 20:07:44 - 1:01:09 - Saving optimizer ...
INFO - 04/10/26 20:07:45 - 1:01:10 - ============ Starting epoch 20 ... ============
INFO - 04/10/26 20:07:48 - 1:01:14 -   31300 -  160.05 equations/s - 10243.20 words/s - MEM: 1.36 GB - LOSS:  1.2487 || ACC1: 39.6680 || ACC2: 59.3750 - LR: 1.0000e-05
INFO - 04/10/26 20:07:53 - 1:01:18 -   31350 - 1400.93 equations/s - 89659.35 words/s - MEM: 1.36 GB - LOSS:  1.2513 || ACC1: 40.4062 || ACC2: 59.8750 - LR: 1.0000e-05
INFO - 04/10/26 20:07:58 - 1:01:23 -   31400 - 1392.75 equations/s - 89136.07 words/s - MEM: 1.36 GB - LOSS:  1.2506 || ACC1: 39.4375 || ACC2: 59.0156 - LR: 1.0000e-05
INFO - 04/10/26 20:08:02 - 1:01:27 -   31450 - 1370.55 equations/s - 87715.45 words/s - MEM: 1.36 GB - LOSS:  1.2446 || ACC1: 39.9375 || ACC2: 59.4375 - LR: 1.0000e-05
INFO - 04/10/26 20:08:07 - 1:01:32 -   31500 - 1415.78 equations/s - 90610.11 words/s - MEM: 1.36 GB - LOSS:  1.2473 || ACC1: 40.4062 || ACC2: 59.5469 - LR: 1.0000e-05
INFO - 04/10/26 20:08:11 - 1:01:36 -   31550 - 1429.70 equations/s - 91500.54 words/s - MEM: 1.36 GB - LOSS:  1.2478 || ACC1: 40.1875 || ACC2: 59.6875 - LR: 1.0000e-05
INFO - 04/10/26 20:08:20 - 1:01:45 -   31600 -  768.45 equations/s - 49180.66 words/s - MEM: 1.36 GB - LOSS:  1.2436 || ACC1: 39.6719 || ACC2: 59.6094 - LR: 1.0000e-05
INFO - 04/10/26 20:08:24 - 1:01:49 -   31650 - 1370.82 equations/s - 87732.65 words/s - MEM: 1.36 GB - LOSS:  1.2483 || ACC1: 38.9531 || ACC2: 59.0938 - LR: 1.0000e-05
INFO - 04/10/26 20:08:29 - 1:01:54 -   31700 - 1376.54 equations/s - 88098.66 words/s - MEM: 1.36 GB - LOSS:  1.2388 || ACC1: 40.4062 || ACC2: 59.7344 - LR: 1.0000e-05
INFO - 04/10/26 20:08:33 - 1:01:59 -   31750 - 1388.48 equations/s - 88862.55 words/s - MEM: 1.36 GB - LOSS:  1.2369 || ACC1: 39.9375 || ACC2: 59.7656 - LR: 1.0000e-05
INFO - 04/10/26 20:08:38 - 1:02:03 -   31800 - 1461.34 equations/s - 93525.83 words/s - MEM: 1.36 GB - LOSS:  1.2412 || ACC1: 41.1562 || ACC2: 60.3750 - LR: 1.0000e-05
INFO - 04/10/26 20:08:42 - 1:02:07 -   31850 - 1413.92 equations/s - 90490.63 words/s - MEM: 1.36 GB - LOSS:  1.2315 || ACC1: 40.5312 || ACC2: 60.5938 - LR: 1.0000e-05
INFO - 04/10/26 20:08:47 - 1:02:12 -   31900 - 1386.10 equations/s - 88710.63 words/s - MEM: 1.36 GB - LOSS:  1.2339 || ACC1: 41.0625 || ACC2: 61.0469 - LR: 1.0000e-05
INFO - 04/10/26 20:08:55 - 1:02:20 -   31950 -  765.30 equations/s - 48978.95 words/s - MEM: 1.36 GB - LOSS:  1.2360 || ACC1: 41.9219 || ACC2: 61.3125 - LR: 1.0000e-05
INFO - 04/10/26 20:09:00 - 1:02:25 -   32000 - 1435.31 equations/s - 91859.53 words/s - MEM: 1.36 GB - LOSS:  1.2323 || ACC1: 40.9062 || ACC2: 60.2656 - LR: 1.0000e-05
INFO - 04/10/26 20:09:04 - 1:02:29 -   32050 - 1422.58 equations/s - 91045.26 words/s - MEM: 1.36 GB - LOSS:  1.2289 || ACC1: 41.6562 || ACC2: 61.3281 - LR: 1.0000e-05
INFO - 04/10/26 20:09:09 - 1:02:34 -   32100 - 1344.83 equations/s - 86069.31 words/s - MEM: 1.36 GB - LOSS:  1.2391 || ACC1: 40.3906 || ACC2: 60.1406 - LR: 1.0000e-05
INFO - 04/10/26 20:09:14 - 1:02:39 -   32150 - 1393.65 equations/s - 89193.89 words/s - MEM: 1.36 GB - LOSS:  1.2284 || ACC1: 41.1562 || ACC2: 61.1094 - LR: 1.0000e-05
INFO - 04/10/26 20:09:18 - 1:02:43 -   32200 - 1438.45 equations/s - 92061.09 words/s - MEM: 1.36 GB - LOSS:  1.2231 || ACC1: 40.2188 || ACC2: 60.5781 - LR: 1.0000e-05
INFO - 04/10/26 20:09:23 - 1:02:48 -   32250 - 1376.06 equations/s - 88067.59 words/s - MEM: 1.36 GB - LOSS:  1.2258 || ACC1: 41.6094 || ACC2: 61.7500 - LR: 1.0000e-05
INFO - 04/10/26 20:09:31 - 1:02:56 -   32300 -  765.34 equations/s - 48981.56 words/s - MEM: 1.36 GB - LOSS:  1.2216 || ACC1: 39.8594 || ACC2: 60.6250 - LR: 1.0000e-05
INFO - 04/10/26 20:09:36 - 1:03:01 -   32350 - 1351.31 equations/s - 86483.62 words/s - MEM: 1.36 GB - LOSS:  1.2159 || ACC1: 40.3281 || ACC2: 61.5000 - LR: 1.0000e-05
INFO - 04/10/26 20:09:40 - 1:03:06 -   32400 - 1389.69 equations/s - 88940.41 words/s - MEM: 1.36 GB - LOSS:  1.2255 || ACC1: 40.6719 || ACC2: 60.9844 - LR: 1.0000e-05
INFO - 04/10/26 20:09:45 - 1:03:10 -   32450 - 1381.70 equations/s - 88428.72 words/s - MEM: 1.36 GB - LOSS:  1.2229 || ACC1: 40.5469 || ACC2: 60.3906 - LR: 1.0000e-05
INFO - 04/10/26 20:09:50 - 1:03:15 -   32500 - 1366.94 equations/s - 87483.96 words/s - MEM: 1.36 GB - LOSS:  1.2202 || ACC1: 41.2188 || ACC2: 62.0625 - LR: 1.0000e-05
INFO - 04/10/26 20:09:54 - 1:03:19 -   32550 - 1394.66 equations/s - 89258.30 words/s - MEM: 1.36 GB - LOSS:  1.2263 || ACC1: 40.3906 || ACC2: 60.1719 - LR: 1.0000e-05
INFO - 04/10/26 20:09:59 - 1:03:24 -   32600 - 1420.06 equations/s - 90883.88 words/s - MEM: 1.36 GB - LOSS:  1.2144 || ACC1: 41.2188 || ACC2: 62.5000 - LR: 1.0000e-05
INFO - 04/10/26 20:10:07 - 1:03:32 -   32650 -  771.57 equations/s - 49380.50 words/s - MEM: 1.36 GB - LOSS:  1.2164 || ACC1: 40.9531 || ACC2: 61.9219 - LR: 1.0000e-05
INFO - 04/10/26 20:10:12 - 1:03:37 -   32700 - 1375.91 equations/s - 88058.48 words/s - MEM: 1.36 GB - LOSS:  1.2109 || ACC1: 42.6094 || ACC2: 63.1875 - LR: 1.0000e-05
INFO - 04/10/26 20:10:17 - 1:03:42 -   32750 - 1349.43 equations/s - 86363.39 words/s - MEM: 1.36 GB - LOSS:  1.2164 || ACC1: 40.0781 || ACC2: 60.8281 - LR: 1.0000e-05
INFO - 04/10/26 20:10:21 - 1:03:46 -   32800 - 1561.89 equations/s - 99960.94 words/s - MEM: 1.36 GB - LOSS:  1.2096 || ACC1: 41.0938 || ACC2: 62.5625 - LR: 1.0000e-05
INFO - 04/10/26 20:10:23 - 1:03:48 -   32823 - 1468.47 equations/s - 93981.83 words/s - MEM: 1.36 GB - LOSS:  1.2191 || ACC1: 39.3342 || ACC2: 60.6997 - LR: 1.0000e-05
INFO - 04/10/26 20:10:23 - 1:03:48 - ============ End of epoch 20 ============
INFO - 04/10/26 20:10:23 - 1:03:48 - Starting Distinguisher Method
INFO - 04/10/26 20:10:34 - 1:03:59 - Distinguishing 0s using the emd. 
INFO - 04/10/26 20:10:34 - 1:03:59 - Distinguishing +/-1s using the emd. 
INFO - 04/10/26 20:10:34 - 1:03:59 - Real secret: -1: {np.int64(2), np.int64(27), np.int64(12)}, 1: {np.int64(0), np.int64(1), np.int64(5), np.int64(13), np.int64(14), np.int64(22), np.int64(24)}
INFO - 04/10/26 20:10:34 - 1:03:59 - Nonzero bits not identified. Guess: [15 22  5  1 12 14 13  0  2 27]
INFO - 04/10/26 20:10:34 - 1:03:59 - Distinguishing +/-1s using the mean. 
INFO - 04/10/26 20:10:34 - 1:03:59 - Real secret: -1: {np.int64(2), np.int64(27), np.int64(12)}, 1: {np.int64(0), np.int64(1), np.int64(5), np.int64(13), np.int64(14), np.int64(22), np.int64(24)}
INFO - 04/10/26 20:10:34 - 1:03:59 - Nonzero bits not identified. Guess: [15 22  5  1 12 14 13  0  2 27]
INFO - 04/10/26 20:10:34 - 1:03:59 - Distinguishing 0s using the mean. 
INFO - 04/10/26 20:10:34 - 1:03:59 - Distinguishing +/-1s using the emd. 
INFO - 04/10/26 20:10:34 - 1:03:59 - Real secret: -1: {np.int64(2), np.int64(27), np.int64(12)}, 1: {np.int64(0), np.int64(1), np.int64(5), np.int64(13), np.int64(14), np.int64(22), np.int64(24)}
INFO - 04/10/26 20:10:34 - 1:03:59 - Distinguishing +/-1s using the mean. 
INFO - 04/10/26 20:10:34 - 1:03:59 - Real secret: -1: {np.int64(2), np.int64(27), np.int64(12)}, 1: {np.int64(0), np.int64(1), np.int64(5), np.int64(13), np.int64(14), np.int64(22), np.int64(24)}
INFO - 04/10/26 20:10:34 - 1:03:59 - Starting Direct Method
INFO - 04/10/26 20:10:34 - 1:03:59 - Direct:  K=92
INFO - 04/10/26 20:10:34 - 1:04:00 - Direct:  K=44
INFO - 04/10/26 20:10:35 - 1:04:00 - Direct:  K=84
INFO - 04/10/26 20:10:35 - 1:04:00 - Direct:  K=49
INFO - 04/10/26 20:10:35 - 1:04:00 - Direct:  K=91
INFO - 04/10/26 20:10:35 - 1:04:00 - Direct:  K=60
INFO - 04/10/26 20:10:35 - 1:04:00 - Direct:  K=37
INFO - 04/10/26 20:10:35 - 1:04:00 - Direct:  K=74
INFO - 04/10/26 20:10:35 - 1:04:00 - Direct:  K=46
INFO - 04/10/26 20:10:35 - 1:04:01 - Direct:  K=85
INFO - 04/10/26 20:10:36 - 1:04:01 - Direct:  K=92
INFO - 04/10/26 20:10:36 - 1:04:01 - Direct:  K=75
INFO - 04/10/26 20:10:36 - 1:04:01 - Direct:  K=35
INFO - 04/10/26 20:10:36 - 1:04:01 - Direct:  K=64
INFO - 04/10/26 20:10:36 - 1:04:01 - Direct:  K=88
INFO - 04/10/26 20:10:36 - 1:04:01 - Direct: secret not predicted. (true secret = [ 1  1 -1  0  0  1  0  0  0  0  0  0 -1  1  1  0  0  0  0  0  0  0  1  0
                                       1  0  0 -1  0  0], predicted secret = [1 0 0 0 0 0 0 0 0 0 0 1 1 1 0 0 0 0 0 0 0 0 0 0 1 0 0 1 0 0], true support = [1 1 1 0 0 1 0 0 0 0 0 0 1 1 1 0 0 0 0 0 0 0 1 0 1 0 0 1 0 0], predicted support = [1 0 0 0 0 0 0 0 0 0 0 1 1 1 0 0 0 0 0 0 0 0 0 0 1 0 0 1 0 0])
INFO - 04/10/26 20:10:49 - 1:04:14 - CA: secret not predicted. (true secret = [ 1  1 -1  0  0  1  0  0  0  0  0  0 -1  1  1  0  0  0  0  0  0  0  1  0
                                       1  0  0 -1  0  0], predicted secret = [1 0 1 0 0 0 0 0 0 0 0 0 1 1 0 0 0 0 0 0 0 0 1 0 1 0 0 0 0 0], true support = [1 1 1 0 0 1 0 0 0 0 0 0 1 1 1 0 0 0 0 0 0 0 1 0 1 0 0 1 0 0], predicted support = [1 0 1 0 0 0 0 0 0 0 0 0 1 1 0 0 0 0 0 0 0 0 1 0 1 0 0 0 0 0])
INFO - 04/10/26 20:10:49 - 1:04:14 - CA: secret not predicted. (true secret = [ 1  1 -1  0  0  1  0  0  0  0  0  0 -1  1  1  0  0  0  0  0  0  0  1  0
                                       1  0  0 -1  0  0], predicted secret = [0 0 0 0 1 0 0 0 0 0 1 1 0 0 0 0 0 0 1 0 1 0 0 0 0 0 0 0 0 1], true support = [1 1 1 0 0 1 0 0 0 0 0 0 1 1 1 0 0 0 0 0 0 0 1 0 1 0 0 1 0 0], predicted support = [0 0 0 0 1 0 0 0 0 0 1 1 0 0 0 0 0 0 1 0 1 0 0 0 0 0 0 0 0 1])
INFO - 04/10/26 20:10:49 - 1:04:14 - Hybrid: direct, ca
INFO - 04/10/26 20:10:49 - 1:04:14 - direct, ca - Sum Normalized: secret not predicted. (true secret = [ 1  1 -1  0  0  1  0  0  0  0  0  0 -1  1  1  0  0  0  0  0  0  0  1  0
                                       1  0  0 -1  0  0], predicted secret = [1 0 0 0 0 0 0 0 0 0 0 0 1 1 0 0 0 0 0 0 0 0 1 0 1 0 0 0 0 1], true support = [1 1 1 0 0 1 0 0 0 0 0 0 1 1 1 0 0 0 0 0 0 0 1 0 1 0 0 1 0 0], predicted support = [1 0 0 0 0 0 0 0 0 0 0 0 1 1 0 0 0 0 0 0 0 0 1 0 1 0 0 0 0 1])
INFO - 04/10/26 20:10:49 - 1:04:14 - direct, ca - Max Normalized: secret not predicted. (true secret = [ 1  1 -1  0  0  1  0  0  0  0  0  0 -1  1  1  0  0  0  0  0  0  0  1  0
                                       1  0  0 -1  0  0], predicted secret = [1 0 0 0 0 0 0 0 0 0 0 0 1 1 0 0 0 0 0 0 0 0 1 0 1 0 0 0 0 1], true support = [1 1 1 0 0 1 0 0 0 0 0 0 1 1 1 0 0 0 0 0 0 0 1 0 1 0 0 1 0 0], predicted support = [1 0 0 0 0 0 0 0 0 0 0 0 1 1 0 0 0 0 0 0 0 0 1 0 1 0 0 0 0 1])
INFO - 04/10/26 20:10:49 - 1:04:14 - direct, ca - Sum Rank: secret not predicted. (true secret = [ 1  1 -1  0  0  1  0  0  0  0  0  0 -1  1  1  0  0  0  0  0  0  0  1  0
                                       1  0  0 -1  0  0], predicted secret = [1 0 0 0 1 0 0 0 0 0 0 1 1 1 0 0 0 0 0 0 0 0 0 0 1 0 0 0 0 0], true support = [1 1 1 0 0 1 0 0 0 0 0 0 1 1 1 0 0 0 0 0 0 0 1 0 1 0 0 1 0 0], predicted support = [1 0 0 0 1 0 0 0 0 0 0 1 1 1 0 0 0 0 0 0 0 0 0 0 1 0 0 0 0 0])
INFO - 04/10/26 20:10:49 - 1:04:14 - direct, ca - Max Rank: secret not predicted. (true secret = [ 1  1 -1  0  0  1  0  0  0  0  0  0 -1  1  1  0  0  0  0  0  0  0  1  0
                                       1  0  0 -1  0  0], predicted secret = [1 0 0 0 0 0 0 0 0 0 0 1 0 1 0 0 0 0 0 0 0 0 0 0 1 0 0 1 0 1], true support = [1 1 1 0 0 1 0 0 0 0 0 0 1 1 1 0 0 0 0 0 0 0 1 0 1 0 0 1 0 0], predicted support = [1 0 0 0 0 0 0 0 0 0 0 1 0 1 0 0 0 0 0 0 0 0 0 0 1 0 0 1 0 1])
INFO - 04/10/26 20:10:49 - 1:04:14 - Hybrid: direct, distinguisher
INFO - 04/10/26 20:10:49 - 1:04:14 - direct, distinguisher - Sum Normalized: secret not predicted. (true secret = [ 1  1 -1  0  0  1  0  0  0  0  0  0 -1  1  1  0  0  0  0  0  0  0  1  0
                                       1  0  0 -1  0  0], predicted secret = [1 1 0 0 0 0 0 0 0 0 0 0 1 1 0 0 0 0 0 0 0 0 0 0 1 0 0 1 0 0], true support = [1 1 1 0 0 1 0 0 0 0 0 0 1 1 1 0 0 0 0 0 0 0 1 0 1 0 0 1 0 0], predicted support = [1 1 0 0 0 0 0 0 0 0 0 0 1 1 0 0 0 0 0 0 0 0 0 0 1 0 0 1 0 0])
INFO - 04/10/26 20:10:49 - 1:04:14 - direct, distinguisher - Max Normalized: secret not predicted. (true secret = [ 1  1 -1  0  0  1  0  0  0  0  0  0 -1  1  1  0  0  0  0  0  0  0  1  0
                                       1  0  0 -1  0  0], predicted secret = [1 1 0 0 0 0 0 0 0 0 0 0 1 0 1 0 0 0 0 0 0 0 0 0 1 0 0 1 0 0], true support = [1 1 1 0 0 1 0 0 0 0 0 0 1 1 1 0 0 0 0 0 0 0 1 0 1 0 0 1 0 0], predicted support = [1 1 0 0 0 0 0 0 0 0 0 0 1 0 1 0 0 0 0 0 0 0 0 0 1 0 0 1 0 0])
INFO - 04/10/26 20:10:49 - 1:04:14 - direct, distinguisher - Sum Rank: secret not predicted. (true secret = [ 1  1 -1  0  0  1  0  0  0  0  0  0 -1  1  1  0  0  0  0  0  0  0  1  0
                                       1  0  0 -1  0  0], predicted secret = [1 0 0 0 0 0 0 0 0 0 0 1 1 1 0 0 0 0 0 0 0 0 0 0 1 0 0 1 0 0], true support = [1 1 1 0 0 1 0 0 0 0 0 0 1 1 1 0 0 0 0 0 0 0 1 0 1 0 0 1 0 0], predicted support = [1 0 0 0 0 0 0 0 0 0 0 1 1 1 0 0 0 0 0 0 0 0 0 0 1 0 0 1 0 0])
INFO - 04/10/26 20:10:49 - 1:04:14 - direct, distinguisher - Max Rank: secret not predicted. (true secret = [ 1  1 -1  0  0  1  0  0  0  0  0  0 -1  1  1  0  0  0  0  0  0  0  1  0
                                       1  0  0 -1  0  0], predicted secret = [1 1 0 0 0 0 0 0 0 0 0 0 0 1 1 0 0 0 0 0 0 0 0 0 1 0 0 1 0 0], true support = [1 1 1 0 0 1 0 0 0 0 0 0 1 1 1 0 0 0 0 0 0 0 1 0 1 0 0 1 0 0], predicted support = [1 1 0 0 0 0 0 0 0 0 0 0 0 1 1 0 0 0 0 0 0 0 0 0 1 0 0 1 0 0])
INFO - 04/10/26 20:10:49 - 1:04:14 - Hybrid: ca, distinguisher
INFO - 04/10/26 20:10:49 - 1:04:14 - ca, distinguisher - Sum Normalized: secret not predicted. (true secret = [ 1  1 -1  0  0  1  0  0  0  0  0  0 -1  1  1  0  0  0  0  0  0  0  1  0
                                       1  0  0 -1  0  0], predicted secret = [1 1 0 0 0 0 0 0 0 0 0 0 1 1 0 0 0 0 0 0 0 0 1 0 1 0 0 0 0 0], true support = [1 1 1 0 0 1 0 0 0 0 0 0 1 1 1 0 0 0 0 0 0 0 1 0 1 0 0 1 0 0], predicted support = [1 1 0 0 0 0 0 0 0 0 0 0 1 1 0 0 0 0 0 0 0 0 1 0 1 0 0 0 0 0])
INFO - 04/10/26 20:10:49 - 1:04:14 - ca, distinguisher - Max Normalized: secret not predicted. (true secret = [ 1  1 -1  0  0  1  0  0  0  0  0  0 -1  1  1  0  0  0  0  0  0  0  1  0
                                       1  0  0 -1  0  0], predicted secret = [1 1 0 0 0 0 0 0 0 0 0 0 0 1 1 0 0 0 0 0 0 0 0 0 1 0 0 1 0 0], true support = [1 1 1 0 0 1 0 0 0 0 0 0 1 1 1 0 0 0 0 0 0 0 1 0 1 0 0 1 0 0], predicted support = [1 1 0 0 0 0 0 0 0 0 0 0 0 1 1 0 0 0 0 0 0 0 0 0 1 0 0 1 0 0])
INFO - 04/10/26 20:10:49 - 1:04:14 - ca, distinguisher - Sum Rank: secret not predicted. (true secret = [ 1  1 -1  0  0  1  0  0  0  0  0  0 -1  1  1  0  0  0  0  0  0  0  1  0
                                       1  0  0 -1  0  0], predicted secret = [1 1 0 0 0 0 0 0 0 0 0 0 1 1 0 0 0 0 0 0 0 0 1 0 1 0 0 0 0 0], true support = [1 1 1 0 0 1 0 0 0 0 0 0 1 1 1 0 0 0 0 0 0 0 1 0 1 0 0 1 0 0], predicted support = [1 1 0 0 0 0 0 0 0 0 0 0 1 1 0 0 0 0 0 0 0 0 1 0 1 0 0 0 0 0])
INFO - 04/10/26 20:10:49 - 1:04:14 - ca, distinguisher - Max Rank: secret not predicted. (true secret = [ 1  1 -1  0  0  1  0  0  0  0  0  0 -1  1  1  0  0  0  0  0  0  0  1  0
                                       1  0  0 -1  0  0], predicted secret = [1 1 0 0 0 0 0 0 0 0 0 0 0 1 1 0 0 0 0 0 0 0 0 0 1 0 0 1 0 0], true support = [1 1 1 0 0 1 0 0 0 0 0 0 1 1 1 0 0 0 0 0 0 0 1 0 1 0 0 1 0 0], predicted support = [1 1 0 0 0 0 0 0 0 0 0 0 0 1 1 0 0 0 0 0 0 0 0 0 1 0 0 1 0 0])
INFO - 04/10/26 20:10:49 - 1:04:14 - Hybrid: direct, ca, distinguisher
INFO - 04/10/26 20:10:49 - 1:04:14 - direct, ca, distinguisher - Sum Normalized: secret not predicted. (true secret = [ 1  1 -1  0  0  1  0  0  0  0  0  0 -1  1  1  0  0  0  0  0  0  0  1  0
                                       1  0  0 -1  0  0], predicted secret = [1 0 0 0 0 0 0 0 0 0 0 0 1 1 0 0 0 0 0 0 0 0 1 0 1 0 0 1 0 0], true support = [1 1 1 0 0 1 0 0 0 0 0 0 1 1 1 0 0 0 0 0 0 0 1 0 1 0 0 1 0 0], predicted support = [1 0 0 0 0 0 0 0 0 0 0 0 1 1 0 0 0 0 0 0 0 0 1 0 1 0 0 1 0 0])
INFO - 04/10/26 20:10:49 - 1:04:14 - direct, ca, distinguisher - Max Normalized: secret not predicted. (true secret = [ 1  1 -1  0  0  1  0  0  0  0  0  0 -1  1  1  0  0  0  0  0  0  0  1  0
                                       1  0  0 -1  0  0], predicted secret = [1 1 0 0 0 0 0 0 0 0 0 0 0 1 1 0 0 0 0 0 0 0 0 0 1 0 0 1 0 0], true support = [1 1 1 0 0 1 0 0 0 0 0 0 1 1 1 0 0 0 0 0 0 0 1 0 1 0 0 1 0 0], predicted support = [1 1 0 0 0 0 0 0 0 0 0 0 0 1 1 0 0 0 0 0 0 0 0 0 1 0 0 1 0 0])
INFO - 04/10/26 20:10:49 - 1:04:14 - direct, ca, distinguisher - Sum Rank: secret not predicted. (true secret = [ 1  1 -1  0  0  1  0  0  0  0  0  0 -1  1  1  0  0  0  0  0  0  0  1  0
                                       1  0  0 -1  0  0], predicted secret = [1 0 0 0 0 0 0 0 0 0 0 1 1 1 0 0 0 0 0 0 0 0 0 0 1 0 0 1 0 0], true support = [1 1 1 0 0 1 0 0 0 0 0 0 1 1 1 0 0 0 0 0 0 0 1 0 1 0 0 1 0 0], predicted support = [1 0 0 0 0 0 0 0 0 0 0 1 1 1 0 0 0 0 0 0 0 0 0 0 1 0 0 1 0 0])
INFO - 04/10/26 20:10:49 - 1:04:14 - direct, ca, distinguisher - Max Rank: secret not predicted. (true secret = [ 1  1 -1  0  0  1  0  0  0  0  0  0 -1  1  1  0  0  0  0  0  0  0  1  0
                                       1  0  0 -1  0  0], predicted secret = [1 1 0 0 0 0 0 0 0 0 0 0 0 1 1 0 0 0 0 0 0 0 0 0 1 0 0 1 0 0], true support = [1 1 1 0 0 1 0 0 0 0 0 0 1 1 1 0 0 0 0 0 0 0 1 0 1 0 0 1 0 0], predicted support = [1 1 0 0 0 0 0 0 0 0 0 0 0 1 1 0 0 0 0 0 0 0 0 0 1 0 0 1 0 0])
INFO - 04/10/26 20:10:49 - 1:04:14 - Epoch 20 metrics | train_loss: 1.231257 | train_acc1: 40.587012 | train_acc2: 60.666087 | valid_xe_loss: 1.675740 | valid_acc1: 24.713212 | valid_acc2: 29.104035
INFO - 04/10/26 20:10:49 - 1:04:14 - __log__:{"train_loss": 1.2312570571594337, "train_acc1": 40.58701215611004, "train_acc2": 60.66608685220729, "epoch": 20, "valid_xe_loss": 1.6757396293591849, "valid_acc1": 24.713212025316455, "valid_acc2": 29.10403481012658}
INFO - 04/10/26 20:10:49 - 1:04:14 - Saving checkpoint to /home/yu_mcc/PQC_salsa/runs/n30_q127_h3_1m/train_gpu_proposed_ternary_h10_secret0_init0_paperlike/checkpoint.pth ...
WARNING - 04/10/26 20:10:49 - 1:04:14 - Saving encoder parameters ...
WARNING - 04/10/26 20:10:49 - 1:04:14 - Saving decoder parameters ...
WARNING - 04/10/26 20:10:49 - 1:04:14 - Saving optimizer ...
INFO - 04/10/26 20:10:49 - 1:04:14 - ============ Starting epoch 21 ... ============
INFO - 04/10/26 20:10:51 - 1:04:17 -   32850 -  119.90 equations/s -  7673.40 words/s - MEM: 1.36 GB - LOSS:  1.2186 || ACC1: 41.2616 || ACC2: 61.8056 - LR: 1.0000e-05
INFO - 04/10/26 20:10:56 - 1:04:21 -   32900 - 1431.80 equations/s - 91635.01 words/s - MEM: 1.36 GB - LOSS:  1.2211 || ACC1: 41.2500 || ACC2: 61.1719 - LR: 1.0000e-05
INFO - 04/10/26 20:11:01 - 1:04:26 -   32950 - 1398.94 equations/s - 89531.90 words/s - MEM: 1.36 GB - LOSS:  1.2031 || ACC1: 42.3438 || ACC2: 62.6719 - LR: 1.0000e-05
INFO - 04/10/26 20:11:05 - 1:04:30 -   33000 - 1400.48 equations/s - 89631.04 words/s - MEM: 1.36 GB - LOSS:  1.2088 || ACC1: 40.5938 || ACC2: 62.0312 - LR: 1.0000e-05
INFO - 04/10/26 20:11:10 - 1:04:35 -   33050 - 1427.78 equations/s - 91377.67 words/s - MEM: 1.36 GB - LOSS:  1.2058 || ACC1: 40.8125 || ACC2: 62.0625 - LR: 1.0000e-05
INFO - 04/10/26 20:11:18 - 1:04:43 -   33100 -  751.61 equations/s - 48102.82 words/s - MEM: 1.36 GB - LOSS:  1.2032 || ACC1: 40.5000 || ACC2: 62.3438 - LR: 1.0000e-05
INFO - 04/10/26 20:11:23 - 1:04:48 -   33150 - 1354.39 equations/s - 86681.16 words/s - MEM: 1.36 GB - LOSS:  1.2022 || ACC1: 40.6094 || ACC2: 62.6875 - LR: 1.0000e-05
INFO - 04/10/26 20:11:28 - 1:04:53 -   33200 - 1305.12 equations/s - 83527.47 words/s - MEM: 1.36 GB - LOSS:  1.2025 || ACC1: 42.6250 || ACC2: 63.5156 - LR: 1.0000e-05
INFO - 04/10/26 20:11:33 - 1:04:58 -   33250 - 1321.04 equations/s - 84546.68 words/s - MEM: 1.36 GB - LOSS:  1.1981 || ACC1: 41.4531 || ACC2: 62.8906 - LR: 1.0000e-05
INFO - 04/10/26 20:11:37 - 1:05:02 -   33300 - 1384.89 equations/s - 88633.05 words/s - MEM: 1.36 GB - LOSS:  1.1974 || ACC1: 41.4844 || ACC2: 63.5000 - LR: 1.0000e-05
INFO - 04/10/26 20:11:42 - 1:05:07 -   33350 - 1310.17 equations/s - 83850.96 words/s - MEM: 1.36 GB - LOSS:  1.1887 || ACC1: 42.3594 || ACC2: 63.5312 - LR: 1.0000e-05
INFO - 04/10/26 20:11:47 - 1:05:12 -   33400 - 1363.97 equations/s - 87294.28 words/s - MEM: 1.36 GB - LOSS:  1.1892 || ACC1: 41.7500 || ACC2: 64.1875 - LR: 1.0000e-05
INFO - 04/10/26 20:11:55 - 1:05:20 -   33450 -  760.08 equations/s - 48644.91 words/s - MEM: 1.36 GB - LOSS:  1.1926 || ACC1: 41.7188 || ACC2: 63.0938 - LR: 1.0000e-05
INFO - 04/10/26 20:12:00 - 1:05:25 -   33500 - 1314.37 equations/s - 84119.85 words/s - MEM: 1.36 GB - LOSS:  1.2018 || ACC1: 40.4688 || ACC2: 62.1094 - LR: 1.0000e-05
INFO - 04/10/26 20:12:05 - 1:05:30 -   33550 - 1295.97 equations/s - 82942.09 words/s - MEM: 1.36 GB - LOSS:  1.1887 || ACC1: 41.1094 || ACC2: 62.2812 - LR: 1.0000e-05
INFO - 04/10/26 20:12:10 - 1:05:35 -   33600 - 1319.14 equations/s - 84425.08 words/s - MEM: 1.36 GB - LOSS:  1.1930 || ACC1: 41.5469 || ACC2: 61.9375 - LR: 1.0000e-05
INFO - 04/10/26 20:12:14 - 1:05:40 -   33650 - 1384.15 equations/s - 88585.60 words/s - MEM: 1.36 GB - LOSS:  1.1928 || ACC1: 41.6250 || ACC2: 63.3281 - LR: 1.0000e-05
INFO - 04/10/26 20:12:19 - 1:05:44 -   33700 - 1325.07 equations/s - 84804.47 words/s - MEM: 1.36 GB - LOSS:  1.1903 || ACC1: 41.9375 || ACC2: 62.6719 - LR: 1.0000e-05
INFO - 04/10/26 20:12:24 - 1:05:49 -   33750 - 1298.64 equations/s - 83112.84 words/s - MEM: 1.36 GB - LOSS:  1.1922 || ACC1: 42.2188 || ACC2: 63.5000 - LR: 1.0000e-05
INFO - 04/10/26 20:12:33 - 1:05:58 -   33800 -  750.11 equations/s - 48007.33 words/s - MEM: 1.36 GB - LOSS:  1.1792 || ACC1: 41.6562 || ACC2: 63.9844 - LR: 1.0000e-05
INFO - 04/10/26 20:12:38 - 1:06:03 -   33850 - 1300.58 equations/s - 83237.12 words/s - MEM: 1.36 GB - LOSS:  1.1768 || ACC1: 42.7500 || ACC2: 63.0781 - LR: 1.0000e-05
INFO - 04/10/26 20:12:43 - 1:06:08 -   33900 - 1290.63 equations/s - 82600.24 words/s - MEM: 1.36 GB - LOSS:  1.1824 || ACC1: 41.9531 || ACC2: 63.1250 - LR: 1.0000e-05
INFO - 04/10/26 20:12:48 - 1:06:13 -   33950 - 1254.15 equations/s - 80265.34 words/s - MEM: 1.36 GB - LOSS:  1.1840 || ACC1: 42.7344 || ACC2: 64.4531 - LR: 1.0000e-05
INFO - 04/10/26 20:12:53 - 1:06:18 -   34000 - 1323.90 equations/s - 84729.71 words/s - MEM: 1.36 GB - LOSS:  1.1803 || ACC1: 41.9062 || ACC2: 63.5781 - LR: 1.0000e-05
INFO - 04/10/26 20:12:58 - 1:06:23 -   34050 - 1290.21 equations/s - 82573.15 words/s - MEM: 1.36 GB - LOSS:  1.1773 || ACC1: 43.0469 || ACC2: 64.1250 - LR: 1.0000e-05
INFO - 04/10/26 20:13:06 - 1:06:31 -   34100 -  746.67 equations/s - 47786.75 words/s - MEM: 1.36 GB - LOSS:  1.1695 || ACC1: 42.4219 || ACC2: 63.8750 - LR: 1.0000e-05
INFO - 04/10/26 20:13:11 - 1:06:36 -   34150 - 1282.73 equations/s - 82094.56 words/s - MEM: 1.36 GB - LOSS:  1.1724 || ACC1: 41.7188 || ACC2: 63.9844 - LR: 1.0000e-05
INFO - 04/10/26 20:13:16 - 1:06:41 -   34200 - 1334.92 equations/s - 85435.10 words/s - MEM: 1.36 GB - LOSS:  1.1676 || ACC1: 43.0312 || ACC2: 64.5000 - LR: 1.0000e-05
INFO - 04/10/26 20:13:21 - 1:06:46 -   34250 - 1338.10 equations/s - 85638.09 words/s - MEM: 1.36 GB - LOSS:  1.1708 || ACC1: 42.0781 || ACC2: 63.5625 - LR: 1.0000e-05
INFO - 04/10/26 20:13:26 - 1:06:51 -   34300 - 1302.74 equations/s - 83375.26 words/s - MEM: 1.36 GB - LOSS:  1.1738 || ACC1: 42.8281 || ACC2: 64.7500 - LR: 1.0000e-05
INFO - 04/10/26 20:13:31 - 1:06:56 -   34350 - 1242.40 equations/s - 79513.62 words/s - MEM: 1.36 GB - LOSS:  1.1693 || ACC1: 43.0312 || ACC2: 65.0000 - LR: 1.0000e-05
INFO - 04/10/26 20:13:34 - 1:06:59 -   34386 - 1392.64 equations/s - 89128.94 words/s - MEM: 1.36 GB - LOSS:  1.1681 || ACC1: 42.2526 || ACC2: 64.8220 - LR: 1.0000e-05
INFO - 04/10/26 20:13:34 - 1:06:59 - ============ End of epoch 21 ============
INFO - 04/10/26 20:13:34 - 1:06:59 - Starting Distinguisher Method
INFO - 04/10/26 20:13:51 - 1:07:16 - Distinguishing 0s using the emd. 
INFO - 04/10/26 20:13:51 - 1:07:16 - Distinguishing +/-1s using the emd. 
INFO - 04/10/26 20:13:51 - 1:07:16 - Real secret: -1: {np.int64(2), np.int64(27), np.int64(12)}, 1: {np.int64(0), np.int64(1), np.int64(5), np.int64(13), np.int64(14), np.int64(22), np.int64(24)}
INFO - 04/10/26 20:13:51 - 1:07:16 - Nonzero bits not identified. Guess: [22  4 24  1  0 13  5 14  2 27]
INFO - 04/10/26 20:13:51 - 1:07:16 - Distinguishing +/-1s using the mean. 
INFO - 04/10/26 20:13:51 - 1:07:16 - Real secret: -1: {np.int64(2), np.int64(27), np.int64(12)}, 1: {np.int64(0), np.int64(1), np.int64(5), np.int64(13), np.int64(14), np.int64(22), np.int64(24)}
INFO - 04/10/26 20:13:51 - 1:07:16 - Nonzero bits not identified. Guess: [22  4 24  1  0 13  5 14  2 27]
INFO - 04/10/26 20:13:51 - 1:07:16 - Distinguishing 0s using the mean. 
INFO - 04/10/26 20:13:51 - 1:07:16 - Distinguishing +/-1s using the emd. 
INFO - 04/10/26 20:13:51 - 1:07:16 - Real secret: -1: {np.int64(2), np.int64(27), np.int64(12)}, 1: {np.int64(0), np.int64(1), np.int64(5), np.int64(13), np.int64(14), np.int64(22), np.int64(24)}
INFO - 04/10/26 20:13:51 - 1:07:16 - Distinguishing +/-1s using the mean. 
INFO - 04/10/26 20:13:51 - 1:07:16 - Real secret: -1: {np.int64(2), np.int64(27), np.int64(12)}, 1: {np.int64(0), np.int64(1), np.int64(5), np.int64(13), np.int64(14), np.int64(22), np.int64(24)}
INFO - 04/10/26 20:13:51 - 1:07:16 - Starting Direct Method
INFO - 04/10/26 20:13:51 - 1:07:16 - Direct:  K=74
INFO - 04/10/26 20:13:51 - 1:07:16 - Direct:  K=63
INFO - 04/10/26 20:13:51 - 1:07:16 - Direct:  K=40
INFO - 04/10/26 20:13:51 - 1:07:16 - Direct:  K=74
INFO - 04/10/26 20:13:51 - 1:07:17 - Direct:  K=42
INFO - 04/10/26 20:13:52 - 1:07:17 - Direct:  K=56
INFO - 04/10/26 20:13:52 - 1:07:17 - Direct:  K=50
INFO - 04/10/26 20:13:52 - 1:07:17 - Direct:  K=46
INFO - 04/10/26 20:13:52 - 1:07:17 - Direct:  K=44
INFO - 04/10/26 20:13:52 - 1:07:17 - Direct:  K=84
INFO - 04/10/26 20:13:52 - 1:07:17 - Direct:  K=50
INFO - 04/10/26 20:13:52 - 1:07:18 - Direct:  K=70
INFO - 04/10/26 20:13:52 - 1:07:18 - Direct:  K=58
INFO - 04/10/26 20:13:53 - 1:07:18 - Direct:  K=81
INFO - 04/10/26 20:13:53 - 1:07:18 - Direct:  K=31
INFO - 04/10/26 20:13:53 - 1:07:18 - Direct: secret not predicted. (true secret = [ 1  1 -1  0  0  1  0  0  0  0  0  0 -1  1  1  0  0  0  0  0  0  0  1  0
                                       1  0  0 -1  0  0], predicted secret = [1 0 0 0 0 0 0 0 0 0 1 0 0 1 1 0 0 0 0 0 0 0 1 0 1 0 0 0 0 0], true support = [1 1 1 0 0 1 0 0 0 0 0 0 1 1 1 0 0 0 0 0 0 0 1 0 1 0 0 1 0 0], predicted support = [1 0 0 0 0 0 0 0 0 0 1 0 0 1 1 0 0 0 0 0 0 0 1 0 1 0 0 0 0 0])
INFO - 04/10/26 20:14:02 - 1:07:27 - CA: secret not predicted. (true secret = [ 1  1 -1  0  0  1  0  0  0  0  0  0 -1  1  1  0  0  0  0  0  0  0  1  0
                                       1  0  0 -1  0  0], predicted secret = [1 1 1 0 0 0 0 0 0 0 0 0 0 1 0 0 0 0 0 0 0 0 1 0 1 0 0 0 0 0], true support = [1 1 1 0 0 1 0 0 0 0 0 0 1 1 1 0 0 0 0 0 0 0 1 0 1 0 0 1 0 0], predicted support = [1 1 1 0 0 0 0 0 0 0 0 0 0 1 0 0 0 0 0 0 0 0 1 0 1 0 0 0 0 0])
INFO - 04/10/26 20:14:02 - 1:07:27 - CA: secret not predicted. (true secret = [ 1  1 -1  0  0  1  0  0  0  0  0  0 -1  1  1  0  0  0  0  0  0  0  1  0
                                       1  0  0 -1  0  0], predicted secret = [0 0 0 0 1 0 0 0 0 0 1 0 0 0 0 0 0 0 1 0 1 0 0 1 0 0 0 0 0 1], true support = [1 1 1 0 0 1 0 0 0 0 0 0 1 1 1 0 0 0 0 0 0 0 1 0 1 0 0 1 0 0], predicted support = [0 0 0 0 1 0 0 0 0 0 1 0 0 0 0 0 0 0 1 0 1 0 0 1 0 0 0 0 0 1])
INFO - 04/10/26 20:14:02 - 1:07:27 - Hybrid: direct, ca
INFO - 04/10/26 20:14:02 - 1:07:27 - direct, ca - Sum Normalized: secret not predicted. (true secret = [ 1  1 -1  0  0  1  0  0  0  0  0  0 -1  1  1  0  0  0  0  0  0  0  1  0
                                       1  0  0 -1  0  0], predicted secret = [1 0 0 0 0 0 0 0 0 0 0 0 0 1 1 0 0 0 0 0 0 0 1 0 1 0 0 0 0 1], true support = [1 1 1 0 0 1 0 0 0 0 0 0 1 1 1 0 0 0 0 0 0 0 1 0 1 0 0 1 0 0], predicted support = [1 0 0 0 0 0 0 0 0 0 0 0 0 1 1 0 0 0 0 0 0 0 1 0 1 0 0 0 0 1])
INFO - 04/10/26 20:14:02 - 1:07:27 - direct, ca - Max Normalized: secret not predicted. (true secret = [ 1  1 -1  0  0  1  0  0  0  0  0  0 -1  1  1  0  0  0  0  0  0  0  1  0
                                       1  0  0 -1  0  0], predicted secret = [1 0 0 0 0 0 0 0 0 0 0 0 0 1 1 0 0 0 0 0 0 0 1 0 1 0 0 0 0 1], true support = [1 1 1 0 0 1 0 0 0 0 0 0 1 1 1 0 0 0 0 0 0 0 1 0 1 0 0 1 0 0], predicted support = [1 0 0 0 0 0 0 0 0 0 0 0 0 1 1 0 0 0 0 0 0 0 1 0 1 0 0 0 0 1])
INFO - 04/10/26 20:14:02 - 1:07:27 - direct, ca - Sum Rank: secret not predicted. (true secret = [ 1  1 -1  0  0  1  0  0  0  0  0  0 -1  1  1  0  0  0  0  0  0  0  1  0
                                       1  0  0 -1  0  0], predicted secret = [1 0 1 0 0 0 0 0 0 0 0 0 0 1 1 0 0 0 0 0 0 0 1 0 1 0 0 0 0 0], true support = [1 1 1 0 0 1 0 0 0 0 0 0 1 1 1 0 0 0 0 0 0 0 1 0 1 0 0 1 0 0], predicted support = [1 0 1 0 0 0 0 0 0 0 0 0 0 1 1 0 0 0 0 0 0 0 1 0 1 0 0 0 0 0])
INFO - 04/10/26 20:14:02 - 1:07:27 - direct, ca - Max Rank: secret not predicted. (true secret = [ 1  1 -1  0  0  1  0  0  0  0  0  0 -1  1  1  0  0  0  0  0  0  0  1  0
                                       1  0  0 -1  0  0], predicted secret = [1 0 0 0 0 0 0 0 0 0 0 0 0 1 1 0 0 0 0 0 0 0 1 0 1 0 0 0 0 1], true support = [1 1 1 0 0 1 0 0 0 0 0 0 1 1 1 0 0 0 0 0 0 0 1 0 1 0 0 1 0 0], predicted support = [1 0 0 0 0 0 0 0 0 0 0 0 0 1 1 0 0 0 0 0 0 0 1 0 1 0 0 0 0 1])
INFO - 04/10/26 20:14:02 - 1:07:27 - Hybrid: direct, distinguisher
INFO - 04/10/26 20:14:02 - 1:07:27 - direct, distinguisher - Sum Normalized: secret not predicted. (true secret = [ 1  1 -1  0  0  1  0  0  0  0  0  0 -1  1  1  0  0  0  0  0  0  0  1  0
                                       1  0  0 -1  0  0], predicted secret = [1 0 0 0 0 0 0 0 0 0 0 0 0 1 1 0 0 0 0 0 0 0 1 0 1 0 0 1 0 0], true support = [1 1 1 0 0 1 0 0 0 0 0 0 1 1 1 0 0 0 0 0 0 0 1 0 1 0 0 1 0 0], predicted support = [1 0 0 0 0 0 0 0 0 0 0 0 0 1 1 0 0 0 0 0 0 0 1 0 1 0 0 1 0 0])
INFO - 04/10/26 20:14:02 - 1:07:27 - direct, distinguisher - Max Normalized: secret not predicted. (true secret = [ 1  1 -1  0  0  1  0  0  0  0  0  0 -1  1  1  0  0  0  0  0  0  0  1  0
                                       1  0  0 -1  0  0], predicted secret = [0 1 0 0 0 1 0 0 0 0 0 0 0 1 1 0 0 0 0 0 0 0 0 0 1 0 0 1 0 0], true support = [1 1 1 0 0 1 0 0 0 0 0 0 1 1 1 0 0 0 0 0 0 0 1 0 1 0 0 1 0 0], predicted support = [0 1 0 0 0 1 0 0 0 0 0 0 0 1 1 0 0 0 0 0 0 0 0 0 1 0 0 1 0 0])
INFO - 04/10/26 20:14:02 - 1:07:27 - direct, distinguisher - Sum Rank: secret not predicted. (true secret = [ 1  1 -1  0  0  1  0  0  0  0  0  0 -1  1  1  0  0  0  0  0  0  0  1  0
                                       1  0  0 -1  0  0], predicted secret = [1 0 0 0 0 1 0 0 0 0 0 0 0 1 1 0 0 0 0 0 0 0 1 0 1 0 0 0 0 0], true support = [1 1 1 0 0 1 0 0 0 0 0 0 1 1 1 0 0 0 0 0 0 0 1 0 1 0 0 1 0 0], predicted support = [1 0 0 0 0 1 0 0 0 0 0 0 0 1 1 0 0 0 0 0 0 0 1 0 1 0 0 0 0 0])
INFO - 04/10/26 20:14:02 - 1:07:27 - direct, distinguisher - Max Rank: secret not predicted. (true secret = [ 1  1 -1  0  0  1  0  0  0  0  0  0 -1  1  1  0  0  0  0  0  0  0  1  0
                                       1  0  0 -1  0  0], predicted secret = [0 1 0 0 0 1 0 0 0 0 0 0 0 0 1 0 0 0 0 0 0 0 1 0 1 0 0 1 0 0], true support = [1 1 1 0 0 1 0 0 0 0 0 0 1 1 1 0 0 0 0 0 0 0 1 0 1 0 0 1 0 0], predicted support = [0 1 0 0 0 1 0 0 0 0 0 0 0 0 1 0 0 0 0 0 0 0 1 0 1 0 0 1 0 0])
INFO - 04/10/26 20:14:02 - 1:07:27 - Hybrid: ca, distinguisher
INFO - 04/10/26 20:14:02 - 1:07:27 - ca, distinguisher - Sum Normalized: secret not predicted. (true secret = [ 1  1 -1  0  0  1  0  0  0  0  0  0 -1  1  1  0  0  0  0  0  0  0  1  0
                                       1  0  0 -1  0  0], predicted secret = [1 1 1 0 0 0 0 0 0 0 0 0 0 1 0 0 0 0 0 0 0 0 1 0 1 0 0 0 0 0], true support = [1 1 1 0 0 1 0 0 0 0 0 0 1 1 1 0 0 0 0 0 0 0 1 0 1 0 0 1 0 0], predicted support = [1 1 1 0 0 0 0 0 0 0 0 0 0 1 0 0 0 0 0 0 0 0 1 0 1 0 0 0 0 0])
INFO - 04/10/26 20:14:02 - 1:07:27 - ca, distinguisher - Max Normalized: secret not predicted. (true secret = [ 1  1 -1  0  0  1  0  0  0  0  0  0 -1  1  1  0  0  0  0  0  0  0  1  0
                                       1  0  0 -1  0  0], predicted secret = [0 1 0 0 0 1 0 0 0 0 0 0 0 1 1 0 0 0 0 0 0 0 0 0 1 0 0 1 0 0], true support = [1 1 1 0 0 1 0 0 0 0 0 0 1 1 1 0 0 0 0 0 0 0 1 0 1 0 0 1 0 0], predicted support = [0 1 0 0 0 1 0 0 0 0 0 0 0 1 1 0 0 0 0 0 0 0 0 0 1 0 0 1 0 0])
INFO - 04/10/26 20:14:02 - 1:07:27 - ca, distinguisher - Sum Rank: secret not predicted. (true secret = [ 1  1 -1  0  0  1  0  0  0  0  0  0 -1  1  1  0  0  0  0  0  0  0  1  0
                                       1  0  0 -1  0  0], predicted secret = [1 1 1 0 0 0 0 0 0 0 0 0 0 1 0 0 0 0 0 0 0 0 1 0 1 0 0 0 0 0], true support = [1 1 1 0 0 1 0 0 0 0 0 0 1 1 1 0 0 0 0 0 0 0 1 0 1 0 0 1 0 0], predicted support = [1 1 1 0 0 0 0 0 0 0 0 0 0 1 0 0 0 0 0 0 0 0 1 0 1 0 0 0 0 0])
INFO - 04/10/26 20:14:02 - 1:07:27 - ca, distinguisher - Max Rank: secret not predicted. (true secret = [ 1  1 -1  0  0  1  0  0  0  0  0  0 -1  1  1  0  0  0  0  0  0  0  1  0
                                       1  0  0 -1  0  0], predicted secret = [1 0 0 0 0 1 0 0 0 0 0 0 0 1 1 0 0 0 0 0 0 0 0 0 1 0 0 1 0 0], true support = [1 1 1 0 0 1 0 0 0 0 0 0 1 1 1 0 0 0 0 0 0 0 1 0 1 0 0 1 0 0], predicted support = [1 0 0 0 0 1 0 0 0 0 0 0 0 1 1 0 0 0 0 0 0 0 0 0 1 0 0 1 0 0])
INFO - 04/10/26 20:14:02 - 1:07:27 - Hybrid: direct, ca, distinguisher
INFO - 04/10/26 20:14:02 - 1:07:27 - direct, ca, distinguisher - Sum Normalized: secret not predicted. (true secret = [ 1  1 -1  0  0  1  0  0  0  0  0  0 -1  1  1  0  0  0  0  0  0  0  1  0
                                       1  0  0 -1  0  0], predicted secret = [1 0 1 0 0 0 0 0 0 0 0 0 0 1 1 0 0 0 0 0 0 0 1 0 1 0 0 0 0 0], true support = [1 1 1 0 0 1 0 0 0 0 0 0 1 1 1 0 0 0 0 0 0 0 1 0 1 0 0 1 0 0], predicted support = [1 0 1 0 0 0 0 0 0 0 0 0 0 1 1 0 0 0 0 0 0 0 1 0 1 0 0 0 0 0])
INFO - 04/10/26 20:14:02 - 1:07:27 - direct, ca, distinguisher - Max Normalized: secret not predicted. (true secret = [ 1  1 -1  0  0  1  0  0  0  0  0  0 -1  1  1  0  0  0  0  0  0  0  1  0
                                       1  0  0 -1  0  0], predicted secret = [0 1 0 0 0 1 0 0 0 0 0 0 0 1 1 0 0 0 0 0 0 0 0 0 1 0 0 1 0 0], true support = [1 1 1 0 0 1 0 0 0 0 0 0 1 1 1 0 0 0 0 0 0 0 1 0 1 0 0 1 0 0], predicted support = [0 1 0 0 0 1 0 0 0 0 0 0 0 1 1 0 0 0 0 0 0 0 0 0 1 0 0 1 0 0])
INFO - 04/10/26 20:14:02 - 1:07:27 - direct, ca, distinguisher - Sum Rank: secret not predicted. (true secret = [ 1  1 -1  0  0  1  0  0  0  0  0  0 -1  1  1  0  0  0  0  0  0  0  1  0
                                       1  0  0 -1  0  0], predicted secret = [1 0 1 0 0 0 0 0 0 0 0 0 0 1 1 0 0 0 0 0 0 0 1 0 1 0 0 0 0 0], true support = [1 1 1 0 0 1 0 0 0 0 0 0 1 1 1 0 0 0 0 0 0 0 1 0 1 0 0 1 0 0], predicted support = [1 0 1 0 0 0 0 0 0 0 0 0 0 1 1 0 0 0 0 0 0 0 1 0 1 0 0 0 0 0])
INFO - 04/10/26 20:14:02 - 1:07:27 - direct, ca, distinguisher - Max Rank: secret not predicted. (true secret = [ 1  1 -1  0  0  1  0  0  0  0  0  0 -1  1  1  0  0  0  0  0  0  0  1  0
                                       1  0  0 -1  0  0], predicted secret = [1 0 0 0 0 1 0 0 0 0 0 0 0 1 1 0 0 0 0 0 0 0 0 0 1 0 0 1 0 0], true support = [1 1 1 0 0 1 0 0 0 0 0 0 1 1 1 0 0 0 0 0 0 0 1 0 1 0 0 1 0 0], predicted support = [1 0 0 0 0 1 0 0 0 0 0 0 0 1 1 0 0 0 0 0 0 0 0 0 1 0 0 1 0 0])
INFO - 04/10/26 20:14:02 - 1:07:27 - Epoch 21 metrics | train_loss: 1.189189 | train_acc1: 41.851108 | train_acc2: 63.262256 | valid_xe_loss: 1.707178 | valid_acc1: 26.157041 | valid_acc2: 30.953323
INFO - 04/10/26 20:14:02 - 1:07:27 - __log__:{"train_loss": 1.1891892046327401, "train_acc1": 41.85110764555342, "train_acc2": 63.262256078055024, "epoch": 21, "valid_xe_loss": 1.7071778728992124, "valid_acc1": 26.157041139240505, "valid_acc2": 30.953322784810126}
INFO - 04/10/26 20:14:02 - 1:07:27 - Saving checkpoint to /home/yu_mcc/PQC_salsa/runs/n30_q127_h3_1m/train_gpu_proposed_ternary_h10_secret0_init0_paperlike/checkpoint.pth ...
WARNING - 04/10/26 20:14:02 - 1:07:27 - Saving encoder parameters ...
WARNING - 04/10/26 20:14:02 - 1:07:27 - Saving decoder parameters ...
WARNING - 04/10/26 20:14:02 - 1:07:27 - Saving optimizer ...
INFO - 04/10/26 20:14:03 - 1:07:28 - ============ Starting epoch 22 ... ============
INFO - 04/10/26 20:14:04 - 1:07:29 -   34400 -   59.94 equations/s -  3836.07 words/s - MEM: 1.36 GB - LOSS:  1.1444 || ACC1: 43.9174 || ACC2: 67.1317 - LR: 1.0000e-05
INFO - 04/10/26 20:14:09 - 1:07:34 -   34450 - 1306.84 equations/s - 83637.78 words/s - MEM: 1.36 GB - LOSS:  1.1674 || ACC1: 42.8281 || ACC2: 64.9688 - LR: 1.0000e-05
INFO - 04/10/26 20:14:17 - 1:07:42 -   34500 -  760.15 equations/s - 48649.36 words/s - MEM: 1.36 GB - LOSS:  1.1635 || ACC1: 43.1406 || ACC2: 66.0312 - LR: 1.0000e-05
INFO - 04/10/26 20:14:22 - 1:07:47 -   34550 - 1308.73 equations/s - 83758.67 words/s - MEM: 1.36 GB - LOSS:  1.1715 || ACC1: 42.0938 || ACC2: 65.0625 - LR: 1.0000e-05
INFO - 04/10/26 20:14:27 - 1:07:52 -   34600 - 1313.51 equations/s - 84064.50 words/s - MEM: 1.36 GB - LOSS:  1.1635 || ACC1: 42.4844 || ACC2: 65.6406 - LR: 1.0000e-05
INFO - 04/10/26 20:14:32 - 1:07:57 -   34650 - 1366.21 equations/s - 87437.49 words/s - MEM: 1.36 GB - LOSS:  1.1572 || ACC1: 43.4531 || ACC2: 65.3125 - LR: 1.0000e-05
INFO - 04/10/26 20:14:36 - 1:08:02 -   34700 - 1343.15 equations/s - 85961.42 words/s - MEM: 1.36 GB - LOSS:  1.1613 || ACC1: 42.9219 || ACC2: 64.9375 - LR: 1.0000e-05
INFO - 04/10/26 20:14:41 - 1:08:07 -   34750 - 1298.28 equations/s - 83089.67 words/s - MEM: 1.36 GB - LOSS:  1.1629 || ACC1: 42.5469 || ACC2: 65.8750 - LR: 1.0000e-05
INFO - 04/10/26 20:14:46 - 1:08:11 -   34800 - 1318.32 equations/s - 84372.60 words/s - MEM: 1.36 GB - LOSS:  1.1620 || ACC1: 41.9688 || ACC2: 64.9062 - LR: 1.0000e-05
INFO - 04/10/26 20:14:55 - 1:08:20 -   34850 -  772.58 equations/s - 49444.87 words/s - MEM: 1.36 GB - LOSS:  1.1545 || ACC1: 43.3906 || ACC2: 65.6094 - LR: 1.0000e-05
INFO - 04/10/26 20:14:59 - 1:08:24 -   34900 - 1341.43 equations/s - 85851.69 words/s - MEM: 1.36 GB - LOSS:  1.1536 || ACC1: 42.7969 || ACC2: 65.6406 - LR: 1.0000e-05
INFO - 04/10/26 20:15:04 - 1:08:29 -   34950 - 1323.51 equations/s - 84704.41 words/s - MEM: 1.36 GB - LOSS:  1.1511 || ACC1: 42.8125 || ACC2: 65.4531 - LR: 1.0000e-05
INFO - 04/10/26 20:15:09 - 1:08:34 -   35000 - 1327.34 equations/s - 84949.72 words/s - MEM: 1.36 GB - LOSS:  1.1548 || ACC1: 42.0781 || ACC2: 64.7656 - LR: 1.0000e-05
INFO - 04/10/26 20:15:14 - 1:08:39 -   35050 - 1336.05 equations/s - 85507.41 words/s - MEM: 1.36 GB - LOSS:  1.1434 || ACC1: 43.2188 || ACC2: 66.0469 - LR: 1.0000e-05
INFO - 04/10/26 20:15:19 - 1:08:44 -   35100 - 1320.56 equations/s - 84515.56 words/s - MEM: 1.36 GB - LOSS:  1.1612 || ACC1: 41.7500 || ACC2: 64.4219 - LR: 1.0000e-05
INFO - 04/10/26 20:15:24 - 1:08:49 -   35150 - 1300.99 equations/s - 83263.25 words/s - MEM: 1.36 GB - LOSS:  1.1460 || ACC1: 44.0000 || ACC2: 66.0312 - LR: 1.0000e-05
INFO - 04/10/26 20:15:32 - 1:08:57 -   35200 -  752.14 equations/s - 48136.84 words/s - MEM: 1.36 GB - LOSS:  1.1455 || ACC1: 43.4844 || ACC2: 66.4219 - LR: 1.0000e-05
INFO - 04/10/26 20:15:37 - 1:09:02 -   35250 - 1396.72 equations/s - 89390.39 words/s - MEM: 1.36 GB - LOSS:  1.1418 || ACC1: 42.7656 || ACC2: 66.9375 - LR: 1.0000e-05
INFO - 04/10/26 20:15:41 - 1:09:06 -   35300 - 1357.73 equations/s - 86894.66 words/s - MEM: 1.36 GB - LOSS:  1.1427 || ACC1: 43.9062 || ACC2: 66.3750 - LR: 1.0000e-05
INFO - 04/10/26 20:15:46 - 1:09:11 -   35350 - 1372.79 equations/s - 87858.83 words/s - MEM: 1.36 GB - LOSS:  1.1374 || ACC1: 44.1406 || ACC2: 66.2656 - LR: 1.0000e-05
INFO - 04/10/26 20:15:51 - 1:09:16 -   35400 - 1281.63 equations/s - 82024.56 words/s - MEM: 1.36 GB - LOSS:  1.1389 || ACC1: 43.4062 || ACC2: 66.4531 - LR: 1.0000e-05
INFO - 04/10/26 20:15:56 - 1:09:21 -   35450 - 1375.97 equations/s - 88062.35 words/s - MEM: 1.36 GB - LOSS:  1.1438 || ACC1: 42.8750 || ACC2: 66.2031 - LR: 1.0000e-05
INFO - 04/10/26 20:16:00 - 1:09:25 -   35500 - 1406.68 equations/s - 90027.66 words/s - MEM: 1.36 GB - LOSS:  1.1411 || ACC1: 41.6094 || ACC2: 66.1875 - LR: 1.0000e-05
INFO - 04/10/26 20:16:09 - 1:09:34 -   35550 -  762.41 equations/s - 48794.10 words/s - MEM: 1.36 GB - LOSS:  1.1365 || ACC1: 43.6562 || ACC2: 66.9531 - LR: 1.0000e-05
INFO - 04/10/26 20:16:14 - 1:09:39 -   35600 - 1305.30 equations/s - 83539.48 words/s - MEM: 1.36 GB - LOSS:  1.1306 || ACC1: 44.1875 || ACC2: 67.3594 - LR: 1.0000e-05
INFO - 04/10/26 20:16:18 - 1:09:43 -   35650 - 1353.81 equations/s - 86643.55 words/s - MEM: 1.36 GB - LOSS:  1.1199 || ACC1: 44.1250 || ACC2: 68.4375 - LR: 1.0000e-05
INFO - 04/10/26 20:16:23 - 1:09:48 -   35700 - 1366.23 equations/s - 87438.64 words/s - MEM: 1.36 GB - LOSS:  1.1287 || ACC1: 44.8906 || ACC2: 67.4375 - LR: 1.0000e-05
INFO - 04/10/26 20:16:28 - 1:09:53 -   35750 - 1312.49 equations/s - 83999.36 words/s - MEM: 1.36 GB - LOSS:  1.1362 || ACC1: 44.5000 || ACC2: 66.8438 - LR: 1.0000e-05
INFO - 04/10/26 20:16:33 - 1:09:58 -   35800 - 1314.33 equations/s - 84116.90 words/s - MEM: 1.36 GB - LOSS:  1.1207 || ACC1: 44.4531 || ACC2: 67.6875 - LR: 1.0000e-05
INFO - 04/10/26 20:16:41 - 1:10:06 -   35850 -  756.80 equations/s - 48434.93 words/s - MEM: 1.36 GB - LOSS:  1.1313 || ACC1: 43.2812 || ACC2: 66.2812 - LR: 1.0000e-05
INFO - 04/10/26 20:16:46 - 1:10:11 -   35900 - 1289.53 equations/s - 82529.62 words/s - MEM: 1.36 GB - LOSS:  1.1184 || ACC1: 44.9531 || ACC2: 66.8750 - LR: 1.0000e-05
INFO - 04/10/26 20:16:51 - 1:10:16 -   35949 - 1357.74 equations/s - 86895.20 words/s - MEM: 1.36 GB - LOSS:  1.1272 || ACC1: 43.6543 || ACC2: 67.0759 - LR: 1.0000e-05
INFO - 04/10/26 20:16:51 - 1:10:16 - ============ End of epoch 22 ============
INFO - 04/10/26 20:16:51 - 1:10:16 - Starting Distinguisher Method
INFO - 04/10/26 20:17:02 - 1:10:27 - Distinguishing 0s using the emd. 
INFO - 04/10/26 20:17:02 - 1:10:27 - Distinguishing +/-1s using the emd. 
INFO - 04/10/26 20:17:02 - 1:10:27 - Real secret: -1: {np.int64(2), np.int64(27), np.int64(12)}, 1: {np.int64(0), np.int64(1), np.int64(5), np.int64(13), np.int64(14), np.int64(22), np.int64(24)}
INFO - 04/10/26 20:17:02 - 1:10:27 - Nonzero bits not identified. Guess: [12 14  7 13 20  1 22  0  2 27]
INFO - 04/10/26 20:17:02 - 1:10:27 - Distinguishing +/-1s using the mean. 
INFO - 04/10/26 20:17:02 - 1:10:27 - Real secret: -1: {np.int64(2), np.int64(27), np.int64(12)}, 1: {np.int64(0), np.int64(1), np.int64(5), np.int64(13), np.int64(14), np.int64(22), np.int64(24)}
INFO - 04/10/26 20:17:02 - 1:10:27 - Nonzero bits not identified. Guess: [12 14  7 13 20  1 22  0  2 27]
INFO - 04/10/26 20:17:02 - 1:10:27 - Distinguishing 0s using the mean. 
INFO - 04/10/26 20:17:02 - 1:10:27 - Distinguishing +/-1s using the emd. 
INFO - 04/10/26 20:17:02 - 1:10:27 - Real secret: -1: {np.int64(2), np.int64(27), np.int64(12)}, 1: {np.int64(0), np.int64(1), np.int64(5), np.int64(13), np.int64(14), np.int64(22), np.int64(24)}
INFO - 04/10/26 20:17:02 - 1:10:27 - Distinguishing +/-1s using the mean. 
INFO - 04/10/26 20:17:02 - 1:10:27 - Real secret: -1: {np.int64(2), np.int64(27), np.int64(12)}, 1: {np.int64(0), np.int64(1), np.int64(5), np.int64(13), np.int64(14), np.int64(22), np.int64(24)}
INFO - 04/10/26 20:17:02 - 1:10:27 - Starting Direct Method
INFO - 04/10/26 20:17:02 - 1:10:27 - Direct:  K=52
INFO - 04/10/26 20:17:02 - 1:10:28 - Direct:  K=38
INFO - 04/10/26 20:17:03 - 1:10:28 - Direct:  K=45
INFO - 04/10/26 20:17:03 - 1:10:28 - Direct:  K=79
INFO - 04/10/26 20:17:03 - 1:10:28 - Direct:  K=34
INFO - 04/10/26 20:17:03 - 1:10:28 - Direct:  K=77
INFO - 04/10/26 20:17:03 - 1:10:28 - Direct:  K=79
INFO - 04/10/26 20:17:03 - 1:10:28 - Direct:  K=56
INFO - 04/10/26 20:17:03 - 1:10:28 - Direct:  K=77
INFO - 04/10/26 20:17:03 - 1:10:29 - Direct:  K=68
INFO - 04/10/26 20:17:04 - 1:10:29 - Direct:  K=82
INFO - 04/10/26 20:17:04 - 1:10:29 - Direct:  K=40
INFO - 04/10/26 20:17:04 - 1:10:29 - Direct:  K=46
INFO - 04/10/26 20:17:04 - 1:10:29 - Direct:  K=50
INFO - 04/10/26 20:17:04 - 1:10:29 - Direct:  K=61
INFO - 04/10/26 20:17:04 - 1:10:29 - Direct: secret not predicted. (true secret = [ 1  1 -1  0  0  1  0  0  0  0  0  0 -1  1  1  0  0  0  0  0  0  0  1  0
                                       1  0  0 -1  0  0], predicted secret = [0 1 0 0 0 0 0 0 0 0 0 0 0 1 1 0 0 0 0 0 1 0 1 0 1 0 0 0 0 0], true support = [1 1 1 0 0 1 0 0 0 0 0 0 1 1 1 0 0 0 0 0 0 0 1 0 1 0 0 1 0 0], predicted support = [0 1 0 0 0 0 0 0 0 0 0 0 0 1 1 0 0 0 0 0 1 0 1 0 1 0 0 0 0 0])
INFO - 04/10/26 20:17:17 - 1:10:42 - CA: secret not predicted. (true secret = [ 1  1 -1  0  0  1  0  0  0  0  0  0 -1  1  1  0  0  0  0  0  0  0  1  0
                                       1  0  0 -1  0  0], predicted secret = [1 1 0 0 0 0 0 0 0 0 0 0 1 1 0 0 0 0 0 0 0 0 1 0 1 0 0 0 0 0], true support = [1 1 1 0 0 1 0 0 0 0 0 0 1 1 1 0 0 0 0 0 0 0 1 0 1 0 0 1 0 0], predicted support = [1 1 0 0 0 0 0 0 0 0 0 0 1 1 0 0 0 0 0 0 0 0 1 0 1 0 0 0 0 0])
INFO - 04/10/26 20:17:17 - 1:10:42 - CA: secret not predicted. (true secret = [ 1  1 -1  0  0  1  0  0  0  0  0  0 -1  1  1  0  0  0  0  0  0  0  1  0
                                       1  0  0 -1  0  0], predicted secret = [1 0 0 0 1 0 0 0 0 0 1 0 0 0 0 0 0 0 1 0 1 0 0 0 0 0 0 0 0 1], true support = [1 1 1 0 0 1 0 0 0 0 0 0 1 1 1 0 0 0 0 0 0 0 1 0 1 0 0 1 0 0], predicted support = [1 0 0 0 1 0 0 0 0 0 1 0 0 0 0 0 0 0 1 0 1 0 0 0 0 0 0 0 0 1])
INFO - 04/10/26 20:17:17 - 1:10:42 - Hybrid: direct, ca
INFO - 04/10/26 20:17:17 - 1:10:42 - direct, ca - Sum Normalized: secret not predicted. (true secret = [ 1  1 -1  0  0  1  0  0  0  0  0  0 -1  1  1  0  0  0  0  0  0  0  1  0
                                       1  0  0 -1  0  0], predicted secret = [1 0 0 0 0 0 0 0 0 0 0 0 0 1 1 0 0 0 0 0 0 0 1 0 1 0 0 0 0 1], true support = [1 1 1 0 0 1 0 0 0 0 0 0 1 1 1 0 0 0 0 0 0 0 1 0 1 0 0 1 0 0], predicted support = [1 0 0 0 0 0 0 0 0 0 0 0 0 1 1 0 0 0 0 0 0 0 1 0 1 0 0 0 0 1])
INFO - 04/10/26 20:17:17 - 1:10:42 - direct, ca - Max Normalized: secret not predicted. (true secret = [ 1  1 -1  0  0  1  0  0  0  0  0  0 -1  1  1  0  0  0  0  0  0  0  1  0
                                       1  0  0 -1  0  0], predicted secret = [1 0 0 0 0 0 0 0 0 0 0 0 0 1 1 0 0 0 0 0 0 0 1 0 1 0 0 0 0 1], true support = [1 1 1 0 0 1 0 0 0 0 0 0 1 1 1 0 0 0 0 0 0 0 1 0 1 0 0 1 0 0], predicted support = [1 0 0 0 0 0 0 0 0 0 0 0 0 1 1 0 0 0 0 0 0 0 1 0 1 0 0 0 0 1])
INFO - 04/10/26 20:17:17 - 1:10:42 - direct, ca - Sum Rank: secret not predicted. (true secret = [ 1  1 -1  0  0  1  0  0  0  0  0  0 -1  1  1  0  0  0  0  0  0  0  1  0
                                       1  0  0 -1  0  0], predicted secret = [1 1 0 0 0 0 0 0 0 0 0 0 0 1 0 0 0 0 0 0 1 0 1 0 1 0 0 0 0 0], true support = [1 1 1 0 0 1 0 0 0 0 0 0 1 1 1 0 0 0 0 0 0 0 1 0 1 0 0 1 0 0], predicted support = [1 1 0 0 0 0 0 0 0 0 0 0 0 1 0 0 0 0 0 0 1 0 1 0 1 0 0 0 0 0])
INFO - 04/10/26 20:17:17 - 1:10:42 - direct, ca - Max Rank: secret not predicted. (true secret = [ 1  1 -1  0  0  1  0  0  0  0  0  0 -1  1  1  0  0  0  0  0  0  0  1  0
                                       1  0  0 -1  0  0], predicted secret = [1 0 0 0 0 0 0 0 0 0 0 0 0 1 1 0 0 0 0 0 1 0 1 0 1 0 0 0 0 0], true support = [1 1 1 0 0 1 0 0 0 0 0 0 1 1 1 0 0 0 0 0 0 0 1 0 1 0 0 1 0 0], predicted support = [1 0 0 0 0 0 0 0 0 0 0 0 0 1 1 0 0 0 0 0 1 0 1 0 1 0 0 0 0 0])
INFO - 04/10/26 20:17:17 - 1:10:42 - Hybrid: direct, distinguisher
INFO - 04/10/26 20:17:17 - 1:10:42 - direct, distinguisher - Sum Normalized: secret not predicted. (true secret = [ 1  1 -1  0  0  1  0  0  0  0  0  0 -1  1  1  0  0  0  0  0  0  0  1  0
                                       1  0  0 -1  0  0], predicted secret = [1 1 0 0 0 0 0 0 0 0 0 0 0 0 1 0 0 0 0 0 0 0 1 0 1 0 0 1 0 0], true support = [1 1 1 0 0 1 0 0 0 0 0 0 1 1 1 0 0 0 0 0 0 0 1 0 1 0 0 1 0 0], predicted support = [1 1 0 0 0 0 0 0 0 0 0 0 0 0 1 0 0 0 0 0 0 0 1 0 1 0 0 1 0 0])
INFO - 04/10/26 20:17:17 - 1:10:42 - direct, distinguisher - Max Normalized: secret not predicted. (true secret = [ 1  1 -1  0  0  1  0  0  0  0  0  0 -1  1  1  0  0  0  0  0  0  0  1  0
                                       1  0  0 -1  0  0], predicted secret = [1 0 1 0 0 0 0 0 0 0 0 0 0 0 1 0 0 0 0 0 0 0 1 0 1 0 0 1 0 0], true support = [1 1 1 0 0 1 0 0 0 0 0 0 1 1 1 0 0 0 0 0 0 0 1 0 1 0 0 1 0 0], predicted support = [1 0 1 0 0 0 0 0 0 0 0 0 0 0 1 0 0 0 0 0 0 0 1 0 1 0 0 1 0 0])
INFO - 04/10/26 20:17:17 - 1:10:42 - direct, distinguisher - Sum Rank: secret not predicted. (true secret = [ 1  1 -1  0  0  1  0  0  0  0  0  0 -1  1  1  0  0  0  0  0  0  0  1  0
                                       1  0  0 -1  0  0], predicted secret = [1 1 0 0 0 0 0 0 0 0 0 0 0 0 1 0 0 0 0 0 1 0 1 0 1 0 0 0 0 0], true support = [1 1 1 0 0 1 0 0 0 0 0 0 1 1 1 0 0 0 0 0 0 0 1 0 1 0 0 1 0 0], predicted support = [1 1 0 0 0 0 0 0 0 0 0 0 0 0 1 0 0 0 0 0 1 0 1 0 1 0 0 0 0 0])
INFO - 04/10/26 20:17:17 - 1:10:42 - direct, distinguisher - Max Rank: secret not predicted. (true secret = [ 1  1 -1  0  0  1  0  0  0  0  0  0 -1  1  1  0  0  0  0  0  0  0  1  0
                                       1  0  0 -1  0  0], predicted secret = [1 0 0 0 0 0 0 0 0 0 0 0 0 0 1 0 0 0 0 0 1 0 1 0 1 0 0 1 0 0], true support = [1 1 1 0 0 1 0 0 0 0 0 0 1 1 1 0 0 0 0 0 0 0 1 0 1 0 0 1 0 0], predicted support = [1 0 0 0 0 0 0 0 0 0 0 0 0 0 1 0 0 0 0 0 1 0 1 0 1 0 0 1 0 0])
INFO - 04/10/26 20:17:17 - 1:10:42 - Hybrid: ca, distinguisher
INFO - 04/10/26 20:17:17 - 1:10:42 - ca, distinguisher - Sum Normalized: secret not predicted. (true secret = [ 1  1 -1  0  0  1  0  0  0  0  0  0 -1  1  1  0  0  0  0  0  0  0  1  0
                                       1  0  0 -1  0  0], predicted secret = [1 1 1 0 0 0 0 0 0 0 0 0 0 1 0 0 0 0 0 0 0 0 1 0 1 0 0 0 0 0], true support = [1 1 1 0 0 1 0 0 0 0 0 0 1 1 1 0 0 0 0 0 0 0 1 0 1 0 0 1 0 0], predicted support = [1 1 1 0 0 0 0 0 0 0 0 0 0 1 0 0 0 0 0 0 0 0 1 0 1 0 0 0 0 0])
INFO - 04/10/26 20:17:17 - 1:10:42 - ca, distinguisher - Max Normalized: secret not predicted. (true secret = [ 1  1 -1  0  0  1  0  0  0  0  0  0 -1  1  1  0  0  0  0  0  0  0  1  0
                                       1  0  0 -1  0  0], predicted secret = [1 0 1 0 0 0 0 0 0 0 0 0 0 1 0 0 0 0 0 0 0 0 1 0 1 0 0 1 0 0], true support = [1 1 1 0 0 1 0 0 0 0 0 0 1 1 1 0 0 0 0 0 0 0 1 0 1 0 0 1 0 0], predicted support = [1 0 1 0 0 0 0 0 0 0 0 0 0 1 0 0 0 0 0 0 0 0 1 0 1 0 0 1 0 0])
INFO - 04/10/26 20:17:17 - 1:10:42 - ca, distinguisher - Sum Rank: secret not predicted. (true secret = [ 1  1 -1  0  0  1  0  0  0  0  0  0 -1  1  1  0  0  0  0  0  0  0  1  0
                                       1  0  0 -1  0  0], predicted secret = [1 1 1 0 0 0 0 0 0 0 0 0 0 1 0 0 0 0 0 0 0 0 1 0 1 0 0 0 0 0], true support = [1 1 1 0 0 1 0 0 0 0 0 0 1 1 1 0 0 0 0 0 0 0 1 0 1 0 0 1 0 0], predicted support = [1 1 1 0 0 0 0 0 0 0 0 0 0 1 0 0 0 0 0 0 0 0 1 0 1 0 0 0 0 0])
INFO - 04/10/26 20:17:17 - 1:10:42 - ca, distinguisher - Max Rank: secret not predicted. (true secret = [ 1  1 -1  0  0  1  0  0  0  0  0  0 -1  1  1  0  0  0  0  0  0  0  1  0
                                       1  0  0 -1  0  0], predicted secret = [1 0 0 0 0 0 0 0 0 0 0 0 0 1 0 0 0 0 0 0 0 0 1 0 1 0 0 1 0 1], true support = [1 1 1 0 0 1 0 0 0 0 0 0 1 1 1 0 0 0 0 0 0 0 1 0 1 0 0 1 0 0], predicted support = [1 0 0 0 0 0 0 0 0 0 0 0 0 1 0 0 0 0 0 0 0 0 1 0 1 0 0 1 0 1])
INFO - 04/10/26 20:17:17 - 1:10:42 - Hybrid: direct, ca, distinguisher
INFO - 04/10/26 20:17:17 - 1:10:42 - direct, ca, distinguisher - Sum Normalized: secret not predicted. (true secret = [ 1  1 -1  0  0  1  0  0  0  0  0  0 -1  1  1  0  0  0  0  0  0  0  1  0
                                       1  0  0 -1  0  0], predicted secret = [1 1 0 0 0 0 0 0 0 0 0 0 0 1 1 0 0 0 0 0 0 0 1 0 1 0 0 0 0 0], true support = [1 1 1 0 0 1 0 0 0 0 0 0 1 1 1 0 0 0 0 0 0 0 1 0 1 0 0 1 0 0], predicted support = [1 1 0 0 0 0 0 0 0 0 0 0 0 1 1 0 0 0 0 0 0 0 1 0 1 0 0 0 0 0])
INFO - 04/10/26 20:17:17 - 1:10:42 - direct, ca, distinguisher - Max Normalized: secret not predicted. (true secret = [ 1  1 -1  0  0  1  0  0  0  0  0  0 -1  1  1  0  0  0  0  0  0  0  1  0
                                       1  0  0 -1  0  0], predicted secret = [1 0 0 0 0 0 0 0 0 0 0 0 0 1 1 0 0 0 0 0 0 0 1 0 1 0 0 1 0 0], true support = [1 1 1 0 0 1 0 0 0 0 0 0 1 1 1 0 0 0 0 0 0 0 1 0 1 0 0 1 0 0], predicted support = [1 0 0 0 0 0 0 0 0 0 0 0 0 1 1 0 0 0 0 0 0 0 1 0 1 0 0 1 0 0])
INFO - 04/10/26 20:17:17 - 1:10:42 - direct, ca, distinguisher - Sum Rank: secret not predicted. (true secret = [ 1  1 -1  0  0  1  0  0  0  0  0  0 -1  1  1  0  0  0  0  0  0  0  1  0
                                       1  0  0 -1  0  0], predicted secret = [1 1 0 0 0 0 0 0 0 0 0 0 0 1 0 0 0 0 0 0 1 0 1 0 1 0 0 0 0 0], true support = [1 1 1 0 0 1 0 0 0 0 0 0 1 1 1 0 0 0 0 0 0 0 1 0 1 0 0 1 0 0], predicted support = [1 1 0 0 0 0 0 0 0 0 0 0 0 1 0 0 0 0 0 0 1 0 1 0 1 0 0 0 0 0])
INFO - 04/10/26 20:17:17 - 1:10:42 - direct, ca, distinguisher - Max Rank: secret not predicted. (true secret = [ 1  1 -1  0  0  1  0  0  0  0  0  0 -1  1  1  0  0  0  0  0  0  0  1  0
                                       1  0  0 -1  0  0], predicted secret = [1 0 0 0 0 0 0 0 0 0 0 0 0 1 1 0 0 0 0 0 0 0 1 0 1 0 0 1 0 0], true support = [1 1 1 0 0 1 0 0 0 0 0 0 1 1 1 0 0 0 0 0 0 0 1 0 1 0 0 1 0 0], predicted support = [1 0 0 0 0 0 0 0 0 0 0 0 0 1 1 0 0 0 0 0 0 0 1 0 1 0 0 1 0 0])
INFO - 04/10/26 20:17:17 - 1:10:42 - Epoch 22 metrics | train_loss: 1.145637 | train_acc1: 43.275652 | train_acc2: 66.153331 | valid_xe_loss: 1.757839 | valid_acc1: 25.445016 | valid_acc2: 30.577532
INFO - 04/10/26 20:17:17 - 1:10:42 - __log__:{"train_loss": 1.145637490241404, "train_acc1": 43.275651791426746, "train_acc2": 66.15333093410109, "epoch": 22, "valid_xe_loss": 1.7578390866895266, "valid_acc1": 25.44501582278481, "valid_acc2": 30.57753164556962}
INFO - 04/10/26 20:17:17 - 1:10:42 - Saving checkpoint to /home/yu_mcc/PQC_salsa/runs/n30_q127_h3_1m/train_gpu_proposed_ternary_h10_secret0_init0_paperlike/checkpoint.pth ...
WARNING - 04/10/26 20:17:17 - 1:10:42 - Saving encoder parameters ...
WARNING - 04/10/26 20:17:17 - 1:10:42 - Saving decoder parameters ...
WARNING - 04/10/26 20:17:17 - 1:10:42 - Saving optimizer ...
INFO - 04/10/26 20:17:17 - 1:10:42 - ============ Starting epoch 23 ... ============
INFO - 04/10/26 20:17:17 - 1:10:43 -   35950 -    4.78 equations/s -   306.19 words/s - MEM: 1.36 GB - LOSS:  1.1484 || ACC1: 43.7500 || ACC2: 64.8438 - LR: 1.0000e-05
INFO - 04/10/26 20:17:22 - 1:10:47 -   36000 - 1395.16 equations/s - 89289.95 words/s - MEM: 1.36 GB - LOSS:  1.1225 || ACC1: 43.5625 || ACC2: 67.0312 - LR: 1.0000e-05
INFO - 04/10/26 20:17:27 - 1:10:52 -   36050 - 1299.64 equations/s - 83176.90 words/s - MEM: 1.36 GB - LOSS:  1.1336 || ACC1: 43.9219 || ACC2: 66.7188 - LR: 1.0000e-05
INFO - 04/10/26 20:17:32 - 1:10:57 -   36100 - 1305.19 equations/s - 83532.23 words/s - MEM: 1.36 GB - LOSS:  1.1168 || ACC1: 44.0156 || ACC2: 68.1562 - LR: 1.0000e-05
INFO - 04/10/26 20:17:37 - 1:11:02 -   36150 - 1323.40 equations/s - 84697.57 words/s - MEM: 1.36 GB - LOSS:  1.1152 || ACC1: 43.7031 || ACC2: 67.4375 - LR: 1.0000e-05
INFO - 04/10/26 20:17:42 - 1:11:07 -   36200 - 1305.58 equations/s - 83556.91 words/s - MEM: 1.36 GB - LOSS:  1.1197 || ACC1: 44.2344 || ACC2: 67.2812 - LR: 1.0000e-05
INFO - 04/10/26 20:17:46 - 1:11:11 -   36250 - 1345.20 equations/s - 86093.07 words/s - MEM: 1.36 GB - LOSS:  1.1040 || ACC1: 44.0625 || ACC2: 68.6250 - LR: 1.0000e-05
INFO - 04/10/26 20:17:55 - 1:11:20 -   36300 -  772.76 equations/s - 49456.43 words/s - MEM: 1.36 GB - LOSS:  1.1150 || ACC1: 43.8281 || ACC2: 68.0781 - LR: 1.0000e-05
INFO - 04/10/26 20:18:00 - 1:11:25 -   36350 - 1307.71 equations/s - 83693.73 words/s - MEM: 1.36 GB - LOSS:  1.1136 || ACC1: 44.5000 || ACC2: 69.0938 - LR: 1.0000e-05
INFO - 04/10/26 20:18:04 - 1:11:30 -   36400 - 1306.44 equations/s - 83612.01 words/s - MEM: 1.36 GB - LOSS:  1.1052 || ACC1: 43.4531 || ACC2: 68.4062 - LR: 1.0000e-05
INFO - 04/10/26 20:18:09 - 1:11:34 -   36450 - 1326.21 equations/s - 84877.21 words/s - MEM: 1.36 GB - LOSS:  1.1129 || ACC1: 43.4375 || ACC2: 67.6562 - LR: 1.0000e-05
INFO - 04/10/26 20:18:14 - 1:11:39 -   36500 - 1316.15 equations/s - 84233.33 words/s - MEM: 1.36 GB - LOSS:  1.1044 || ACC1: 44.3750 || ACC2: 68.8125 - LR: 1.0000e-05
INFO - 04/10/26 20:18:19 - 1:11:44 -   36550 - 1297.16 equations/s - 83018.41 words/s - MEM: 1.36 GB - LOSS:  1.1080 || ACC1: 43.8438 || ACC2: 67.4062 - LR: 1.0000e-05
INFO - 04/10/26 20:18:24 - 1:11:49 -   36600 - 1364.32 equations/s - 87316.31 words/s - MEM: 1.36 GB - LOSS:  1.1082 || ACC1: 43.9375 || ACC2: 68.4688 - LR: 1.0000e-05
INFO - 04/10/26 20:18:32 - 1:11:57 -   36650 -  755.23 equations/s - 48334.89 words/s - MEM: 1.36 GB - LOSS:  1.1032 || ACC1: 43.9375 || ACC2: 68.2031 - LR: 1.0000e-05
INFO - 04/10/26 20:18:37 - 1:12:02 -   36700 - 1363.65 equations/s - 87273.88 words/s - MEM: 1.36 GB - LOSS:  1.0982 || ACC1: 44.4844 || ACC2: 68.8594 - LR: 1.0000e-05
INFO - 04/10/26 20:18:42 - 1:12:07 -   36750 - 1298.25 equations/s - 83087.75 words/s - MEM: 1.36 GB - LOSS:  1.0922 || ACC1: 44.9062 || ACC2: 69.3906 - LR: 1.0000e-05
INFO - 04/10/26 20:18:47 - 1:12:12 -   36800 - 1338.33 equations/s - 85653.32 words/s - MEM: 1.36 GB - LOSS:  1.0892 || ACC1: 44.7344 || ACC2: 68.8906 - LR: 1.0000e-05
INFO - 04/10/26 20:18:51 - 1:12:17 -   36850 - 1337.95 equations/s - 85628.51 words/s - MEM: 1.36 GB - LOSS:  1.0997 || ACC1: 44.9219 || ACC2: 69.0000 - LR: 1.0000e-05
INFO - 04/10/26 20:18:56 - 1:12:21 -   36900 - 1326.78 equations/s - 84913.81 words/s - MEM: 1.36 GB - LOSS:  1.0958 || ACC1: 43.8438 || ACC2: 68.7812 - LR: 1.0000e-05
INFO - 04/10/26 20:19:05 - 1:12:30 -   36950 -  751.70 equations/s - 48108.92 words/s - MEM: 1.36 GB - LOSS:  1.0842 || ACC1: 45.2969 || ACC2: 69.5938 - LR: 1.0000e-05
INFO - 04/10/26 20:19:10 - 1:12:35 -   37000 - 1308.46 equations/s - 83741.47 words/s - MEM: 1.36 GB - LOSS:  1.0955 || ACC1: 44.9062 || ACC2: 68.8125 - LR: 1.0000e-05
INFO - 04/10/26 20:19:15 - 1:12:40 -   37050 - 1306.76 equations/s - 83632.52 words/s - MEM: 1.36 GB - LOSS:  1.0954 || ACC1: 44.3906 || ACC2: 69.4219 - LR: 1.0000e-05
INFO - 04/10/26 20:19:19 - 1:12:44 -   37100 - 1393.32 equations/s - 89172.19 words/s - MEM: 1.36 GB - LOSS:  1.0794 || ACC1: 45.8594 || ACC2: 70.4375 - LR: 1.0000e-05
INFO - 04/10/26 20:19:24 - 1:12:49 -   37150 - 1349.19 equations/s - 86348.07 words/s - MEM: 1.36 GB - LOSS:  1.0867 || ACC1: 45.2656 || ACC2: 69.7188 - LR: 1.0000e-05
INFO - 04/10/26 20:19:29 - 1:12:54 -   37200 - 1333.99 equations/s - 85375.09 words/s - MEM: 1.36 GB - LOSS:  1.0995 || ACC1: 43.9531 || ACC2: 68.7500 - LR: 1.0000e-05
INFO - 04/10/26 20:19:34 - 1:12:59 -   37250 - 1320.11 equations/s - 84487.04 words/s - MEM: 1.36 GB - LOSS:  1.0892 || ACC1: 44.1562 || ACC2: 69.1094 - LR: 1.0000e-05
INFO - 04/10/26 20:19:42 - 1:13:07 -   37300 -  749.17 equations/s - 47946.76 words/s - MEM: 1.36 GB - LOSS:  1.0752 || ACC1: 46.2812 || ACC2: 69.8438 - LR: 1.0000e-05
INFO - 04/10/26 20:19:47 - 1:13:12 -   37350 - 1320.45 equations/s - 84508.92 words/s - MEM: 1.36 GB - LOSS:  1.0803 || ACC1: 47.2656 || ACC2: 71.4375 - LR: 1.0000e-05
INFO - 04/10/26 20:19:52 - 1:13:17 -   37400 - 1354.40 equations/s - 86681.62 words/s - MEM: 1.36 GB - LOSS:  1.0729 || ACC1: 46.1719 || ACC2: 69.9375 - LR: 1.0000e-05
INFO - 04/10/26 20:19:57 - 1:13:22 -   37450 - 1261.94 equations/s - 80764.22 words/s - MEM: 1.36 GB - LOSS:  1.0759 || ACC1: 45.0312 || ACC2: 70.0938 - LR: 1.0000e-05
INFO - 04/10/26 20:20:02 - 1:13:27 -   37500 - 1295.30 equations/s - 82899.45 words/s - MEM: 1.36 GB - LOSS:  1.0714 || ACC1: 44.8438 || ACC2: 70.5469 - LR: 1.0000e-05
INFO - 04/10/26 20:20:03 - 1:13:28 -   37512 - 1441.24 equations/s - 92239.48 words/s - MEM: 1.36 GB - LOSS:  1.0707 || ACC1: 47.1354 || ACC2: 70.8333 - LR: 1.0000e-05
INFO - 04/10/26 20:20:03 - 1:13:28 - ============ End of epoch 23 ============
INFO - 04/10/26 20:20:03 - 1:13:28 - Starting Distinguisher Method
INFO - 04/10/26 20:20:20 - 1:13:45 - Distinguishing 0s using the emd. 
INFO - 04/10/26 20:20:20 - 1:13:45 - Distinguishing +/-1s using the emd. 
INFO - 04/10/26 20:20:20 - 1:13:45 - Real secret: -1: {np.int64(2), np.int64(27), np.int64(12)}, 1: {np.int64(0), np.int64(1), np.int64(5), np.int64(13), np.int64(14), np.int64(22), np.int64(24)}
INFO - 04/10/26 20:20:20 - 1:13:45 - Nonzero bits not identified. Guess: [ 5 29 14  2  1 22 12 13  0 27]
INFO - 04/10/26 20:20:20 - 1:13:45 - Distinguishing +/-1s using the mean. 
INFO - 04/10/26 20:20:20 - 1:13:45 - Real secret: -1: {np.int64(2), np.int64(27), np.int64(12)}, 1: {np.int64(0), np.int64(1), np.int64(5), np.int64(13), np.int64(14), np.int64(22), np.int64(24)}
INFO - 04/10/26 20:20:20 - 1:13:45 - Nonzero bits not identified. Guess: [ 5 29 14  2  1 22 12 13  0 27]
INFO - 04/10/26 20:20:20 - 1:13:45 - Distinguishing 0s using the mean. 
INFO - 04/10/26 20:20:20 - 1:13:45 - Distinguishing +/-1s using the emd. 
INFO - 04/10/26 20:20:20 - 1:13:45 - Real secret: -1: {np.int64(2), np.int64(27), np.int64(12)}, 1: {np.int64(0), np.int64(1), np.int64(5), np.int64(13), np.int64(14), np.int64(22), np.int64(24)}
INFO - 04/10/26 20:20:20 - 1:13:46 - Distinguishing +/-1s using the mean. 
INFO - 04/10/26 20:20:20 - 1:13:46 - Real secret: -1: {np.int64(2), np.int64(27), np.int64(12)}, 1: {np.int64(0), np.int64(1), np.int64(5), np.int64(13), np.int64(14), np.int64(22), np.int64(24)}
INFO - 04/10/26 20:20:20 - 1:13:46 - Starting Direct Method
INFO - 04/10/26 20:20:20 - 1:13:46 - Direct:  K=43
INFO - 04/10/26 20:20:21 - 1:13:46 - Direct:  K=52
INFO - 04/10/26 20:20:21 - 1:13:46 - Direct:  K=31
INFO - 04/10/26 20:20:21 - 1:13:46 - Direct:  K=48
INFO - 04/10/26 20:20:21 - 1:13:46 - Direct:  K=31
INFO - 04/10/26 20:20:21 - 1:13:46 - Direct:  K=68
INFO - 04/10/26 20:20:21 - 1:13:46 - Direct:  K=52
INFO - 04/10/26 20:20:21 - 1:13:46 - Direct:  K=71
INFO - 04/10/26 20:20:21 - 1:13:46 - Direct:  K=52
INFO - 04/10/26 20:20:21 - 1:13:47 - Direct:  K=54
INFO - 04/10/26 20:20:22 - 1:13:47 - Direct:  K=57
INFO - 04/10/26 20:20:22 - 1:13:47 - Direct:  K=45
INFO - 04/10/26 20:20:22 - 1:13:47 - Direct:  K=36
INFO - 04/10/26 20:20:22 - 1:13:47 - Direct:  K=90
INFO - 04/10/26 20:20:22 - 1:13:47 - Direct:  K=73
INFO - 04/10/26 20:20:22 - 1:13:47 - Direct: secret not predicted. (true secret = [ 1  1 -1  0  0  1  0  0  0  0  0  0 -1  1  1  0  0  0  0  0  0  0  1  0
                                       1  0  0 -1  0  0], predicted secret = [0 0 0 0 1 1 0 0 1 0 0 0 1 1 0 0 0 0 0 0 0 1 0 0 0 0 0 0 0 0], true support = [1 1 1 0 0 1 0 0 0 0 0 0 1 1 1 0 0 0 0 0 0 0 1 0 1 0 0 1 0 0], predicted support = [0 0 0 0 1 1 0 0 1 0 0 0 1 1 0 0 0 0 0 0 0 1 0 0 0 0 0 0 0 0])
INFO - 04/10/26 20:20:32 - 1:13:57 - CA: secret not predicted. (true secret = [ 1  1 -1  0  0  1  0  0  0  0  0  0 -1  1  1  0  0  0  0  0  0  0  1  0
                                       1  0  0 -1  0  0], predicted secret = [1 0 1 0 0 0 0 0 0 0 0 0 1 1 0 0 0 0 0 0 0 0 1 0 1 0 0 0 0 0], true support = [1 1 1 0 0 1 0 0 0 0 0 0 1 1 1 0 0 0 0 0 0 0 1 0 1 0 0 1 0 0], predicted support = [1 0 1 0 0 0 0 0 0 0 0 0 1 1 0 0 0 0 0 0 0 0 1 0 1 0 0 0 0 0])
INFO - 04/10/26 20:20:32 - 1:13:57 - CA: secret not predicted. (true secret = [ 1  1 -1  0  0  1  0  0  0  0  0  0 -1  1  1  0  0  0  0  0  0  0  1  0
                                       1  0  0 -1  0  0], predicted secret = [1 0 0 0 1 0 0 0 0 0 1 0 0 0 0 0 0 0 1 0 1 0 0 0 0 0 0 0 0 1], true support = [1 1 1 0 0 1 0 0 0 0 0 0 1 1 1 0 0 0 0 0 0 0 1 0 1 0 0 1 0 0], predicted support = [1 0 0 0 1 0 0 0 0 0 1 0 0 0 0 0 0 0 1 0 1 0 0 0 0 0 0 0 0 1])
INFO - 04/10/26 20:20:32 - 1:13:57 - Hybrid: direct, ca
INFO - 04/10/26 20:20:32 - 1:13:57 - direct, ca - Sum Normalized: secret not predicted. (true secret = [ 1  1 -1  0  0  1  0  0  0  0  0  0 -1  1  1  0  0  0  0  0  0  0  1  0
                                       1  0  0 -1  0  0], predicted secret = [1 0 0 0 1 1 0 0 0 0 0 0 1 1 0 0 0 0 0 0 0 0 0 0 1 0 0 0 0 0], true support = [1 1 1 0 0 1 0 0 0 0 0 0 1 1 1 0 0 0 0 0 0 0 1 0 1 0 0 1 0 0], predicted support = [1 0 0 0 1 1 0 0 0 0 0 0 1 1 0 0 0 0 0 0 0 0 0 0 1 0 0 0 0 0])
INFO - 04/10/26 20:20:32 - 1:13:57 - direct, ca - Max Normalized: secret not predicted. (true secret = [ 1  1 -1  0  0  1  0  0  0  0  0  0 -1  1  1  0  0  0  0  0  0  0  1  0
                                       1  0  0 -1  0  0], predicted secret = [1 0 0 0 0 1 0 0 0 0 0 0 0 1 0 0 0 0 0 0 0 0 1 0 1 0 0 0 0 1], true support = [1 1 1 0 0 1 0 0 0 0 0 0 1 1 1 0 0 0 0 0 0 0 1 0 1 0 0 1 0 0], predicted support = [1 0 0 0 0 1 0 0 0 0 0 0 0 1 0 0 0 0 0 0 0 0 1 0 1 0 0 0 0 1])
INFO - 04/10/26 20:20:32 - 1:13:57 - direct, ca - Sum Rank: secret not predicted. (true secret = [ 1  1 -1  0  0  1  0  0  0  0  0  0 -1  1  1  0  0  0  0  0  0  0  1  0
                                       1  0  0 -1  0  0], predicted secret = [1 1 0 0 1 0 0 0 0 0 0 0 1 1 0 0 0 0 0 0 0 0 0 0 1 0 0 0 0 0], true support = [1 1 1 0 0 1 0 0 0 0 0 0 1 1 1 0 0 0 0 0 0 0 1 0 1 0 0 1 0 0], predicted support = [1 1 0 0 1 0 0 0 0 0 0 0 1 1 0 0 0 0 0 0 0 0 0 0 1 0 0 0 0 0])
INFO - 04/10/26 20:20:32 - 1:13:57 - direct, ca - Max Rank: secret not predicted. (true secret = [ 1  1 -1  0  0  1  0  0  0  0  0  0 -1  1  1  0  0  0  0  0  0  0  1  0
                                       1  0  0 -1  0  0], predicted secret = [1 0 0 0 0 1 0 0 0 0 0 0 1 1 0 0 0 0 0 0 0 0 0 0 1 0 0 0 0 1], true support = [1 1 1 0 0 1 0 0 0 0 0 0 1 1 1 0 0 0 0 0 0 0 1 0 1 0 0 1 0 0], predicted support = [1 0 0 0 0 1 0 0 0 0 0 0 1 1 0 0 0 0 0 0 0 0 0 0 1 0 0 0 0 1])
INFO - 04/10/26 20:20:32 - 1:13:57 - Hybrid: direct, distinguisher
INFO - 04/10/26 20:20:32 - 1:13:57 - direct, distinguisher - Sum Normalized: secret not predicted. (true secret = [ 1  1 -1  0  0  1  0  0  0  0  0  0 -1  1  1  0  0  0  0  0  0  0  1  0
                                       1  0  0 -1  0  0], predicted secret = [1 1 0 0 0 1 0 0 0 0 0 0 1 1 0 0 0 0 0 0 0 0 0 0 0 0 0 1 0 0], true support = [1 1 1 0 0 1 0 0 0 0 0 0 1 1 1 0 0 0 0 0 0 0 1 0 1 0 0 1 0 0], predicted support = [1 1 0 0 0 1 0 0 0 0 0 0 1 1 0 0 0 0 0 0 0 0 0 0 0 0 0 1 0 0])
INFO - 04/10/26 20:20:32 - 1:13:57 - direct, distinguisher - Max Normalized: secret not predicted. (true secret = [ 1  1 -1  0  0  1  0  0  0  0  0  0 -1  1  1  0  0  0  0  0  0  0  1  0
                                       1  0  0 -1  0  0], predicted secret = [0 1 0 0 0 1 0 0 0 0 0 0 0 1 1 0 0 0 0 0 0 0 1 0 0 0 0 1 0 0], true support = [1 1 1 0 0 1 0 0 0 0 0 0 1 1 1 0 0 0 0 0 0 0 1 0 1 0 0 1 0 0], predicted support = [0 1 0 0 0 1 0 0 0 0 0 0 0 1 1 0 0 0 0 0 0 0 1 0 0 0 0 1 0 0])
INFO - 04/10/26 20:20:32 - 1:13:57 - direct, distinguisher - Sum Rank: secret not predicted. (true secret = [ 1  1 -1  0  0  1  0  0  0  0  0  0 -1  1  1  0  0  0  0  0  0  0  1  0
                                       1  0  0 -1  0  0], predicted secret = [0 1 0 0 0 1 0 0 0 0 0 0 1 1 1 0 0 0 0 0 0 0 0 0 0 0 0 1 0 0], true support = [1 1 1 0 0 1 0 0 0 0 0 0 1 1 1 0 0 0 0 0 0 0 1 0 1 0 0 1 0 0], predicted support = [0 1 0 0 0 1 0 0 0 0 0 0 1 1 1 0 0 0 0 0 0 0 0 0 0 0 0 1 0 0])
INFO - 04/10/26 20:20:32 - 1:13:57 - direct, distinguisher - Max Rank: secret not predicted. (true secret = [ 1  1 -1  0  0  1  0  0  0  0  0  0 -1  1  1  0  0  0  0  0  0  0  1  0
                                       1  0  0 -1  0  0], predicted secret = [0 0 0 0 0 1 0 0 0 0 0 0 1 1 1 0 0 0 0 0 0 0 1 0 0 0 0 1 0 0], true support = [1 1 1 0 0 1 0 0 0 0 0 0 1 1 1 0 0 0 0 0 0 0 1 0 1 0 0 1 0 0], predicted support = [0 0 0 0 0 1 0 0 0 0 0 0 1 1 1 0 0 0 0 0 0 0 1 0 0 0 0 1 0 0])
INFO - 04/10/26 20:20:32 - 1:13:57 - Hybrid: ca, distinguisher
INFO - 04/10/26 20:20:32 - 1:13:57 - ca, distinguisher - Sum Normalized: secret not predicted. (true secret = [ 1  1 -1  0  0  1  0  0  0  0  0  0 -1  1  1  0  0  0  0  0  0  0  1  0
                                       1  0  0 -1  0  0], predicted secret = [1 1 0 0 0 0 0 0 0 0 0 0 1 1 0 0 0 0 0 0 0 0 1 0 1 0 0 0 0 0], true support = [1 1 1 0 0 1 0 0 0 0 0 0 1 1 1 0 0 0 0 0 0 0 1 0 1 0 0 1 0 0], predicted support = [1 1 0 0 0 0 0 0 0 0 0 0 1 1 0 0 0 0 0 0 0 0 1 0 1 0 0 0 0 0])
INFO - 04/10/26 20:20:32 - 1:13:57 - ca, distinguisher - Max Normalized: secret not predicted. (true secret = [ 1  1 -1  0  0  1  0  0  0  0  0  0 -1  1  1  0  0  0  0  0  0  0  1  0
                                       1  0  0 -1  0  0], predicted secret = [0 1 0 0 0 0 0 0 0 0 0 0 0 1 1 0 0 0 0 0 0 0 1 0 1 0 0 1 0 0], true support = [1 1 1 0 0 1 0 0 0 0 0 0 1 1 1 0 0 0 0 0 0 0 1 0 1 0 0 1 0 0], predicted support = [0 1 0 0 0 0 0 0 0 0 0 0 0 1 1 0 0 0 0 0 0 0 1 0 1 0 0 1 0 0])
INFO - 04/10/26 20:20:32 - 1:13:57 - ca, distinguisher - Sum Rank: secret not predicted. (true secret = [ 1  1 -1  0  0  1  0  0  0  0  0  0 -1  1  1  0  0  0  0  0  0  0  1  0
                                       1  0  0 -1  0  0], predicted secret = [1 1 0 0 0 0 0 0 0 0 0 0 1 1 0 0 0 0 0 0 0 0 1 0 1 0 0 0 0 0], true support = [1 1 1 0 0 1 0 0 0 0 0 0 1 1 1 0 0 0 0 0 0 0 1 0 1 0 0 1 0 0], predicted support = [1 1 0 0 0 0 0 0 0 0 0 0 1 1 0 0 0 0 0 0 0 0 1 0 1 0 0 0 0 0])
INFO - 04/10/26 20:20:32 - 1:13:57 - ca, distinguisher - Max Rank: secret not predicted. (true secret = [ 1  1 -1  0  0  1  0  0  0  0  0  0 -1  1  1  0  0  0  0  0  0  0  1  0
                                       1  0  0 -1  0  0], predicted secret = [0 0 0 0 0 0 0 0 0 0 0 0 0 1 1 0 0 0 0 0 0 0 1 0 1 0 0 1 0 1], true support = [1 1 1 0 0 1 0 0 0 0 0 0 1 1 1 0 0 0 0 0 0 0 1 0 1 0 0 1 0 0], predicted support = [0 0 0 0 0 0 0 0 0 0 0 0 0 1 1 0 0 0 0 0 0 0 1 0 1 0 0 1 0 1])
INFO - 04/10/26 20:20:32 - 1:13:57 - Hybrid: direct, ca, distinguisher
INFO - 04/10/26 20:20:32 - 1:13:57 - direct, ca, distinguisher - Sum Normalized: secret not predicted. (true secret = [ 1  1 -1  0  0  1  0  0  0  0  0  0 -1  1  1  0  0  0  0  0  0  0  1  0
                                       1  0  0 -1  0  0], predicted secret = [1 0 0 0 0 1 0 0 0 0 0 0 1 1 0 0 0 0 0 0 0 0 1 0 1 0 0 0 0 0], true support = [1 1 1 0 0 1 0 0 0 0 0 0 1 1 1 0 0 0 0 0 0 0 1 0 1 0 0 1 0 0], predicted support = [1 0 0 0 0 1 0 0 0 0 0 0 1 1 0 0 0 0 0 0 0 0 1 0 1 0 0 0 0 0])
INFO - 04/10/26 20:20:32 - 1:13:57 - direct, ca, distinguisher - Max Normalized: secret not predicted. (true secret = [ 1  1 -1  0  0  1  0  0  0  0  0  0 -1  1  1  0  0  0  0  0  0  0  1  0
                                       1  0  0 -1  0  0], predicted secret = [0 0 0 0 0 1 0 0 0 0 0 0 0 1 1 0 0 0 0 0 0 0 1 0 1 0 0 1 0 0], true support = [1 1 1 0 0 1 0 0 0 0 0 0 1 1 1 0 0 0 0 0 0 0 1 0 1 0 0 1 0 0], predicted support = [0 0 0 0 0 1 0 0 0 0 0 0 0 1 1 0 0 0 0 0 0 0 1 0 1 0 0 1 0 0])
INFO - 04/10/26 20:20:32 - 1:13:57 - direct, ca, distinguisher - Sum Rank: secret not predicted. (true secret = [ 1  1 -1  0  0  1  0  0  0  0  0  0 -1  1  1  0  0  0  0  0  0  0  1  0
                                       1  0  0 -1  0  0], predicted secret = [1 1 0 0 0 0 0 0 0 0 0 0 1 1 0 0 0 0 0 0 0 0 1 0 1 0 0 0 0 0], true support = [1 1 1 0 0 1 0 0 0 0 0 0 1 1 1 0 0 0 0 0 0 0 1 0 1 0 0 1 0 0], predicted support = [1 1 0 0 0 0 0 0 0 0 0 0 1 1 0 0 0 0 0 0 0 0 1 0 1 0 0 0 0 0])
INFO - 04/10/26 20:20:32 - 1:13:57 - direct, ca, distinguisher - Max Rank: secret not predicted. (true secret = [ 1  1 -1  0  0  1  0  0  0  0  0  0 -1  1  1  0  0  0  0  0  0  0  1  0
                                       1  0  0 -1  0  0], predicted secret = [0 0 0 0 0 1 0 0 0 0 0 0 1 1 1 0 0 0 0 0 0 0 0 0 1 0 0 1 0 0], true support = [1 1 1 0 0 1 0 0 0 0 0 0 1 1 1 0 0 0 0 0 0 0 1 0 1 0 0 1 0 0], predicted support = [0 0 0 0 0 1 0 0 0 0 0 0 1 1 1 0 0 0 0 0 0 0 0 0 1 0 0 1 0 0])
INFO - 04/10/26 20:20:32 - 1:13:57 - Epoch 23 metrics | train_loss: 1.098630 | train_acc1: 44.571737 | train_acc2: 68.851468 | valid_xe_loss: 1.818987 | valid_acc1: 23.753956 | valid_acc2: 27.848101
INFO - 04/10/26 20:20:32 - 1:13:57 - __log__:{"train_loss": 1.0986303285917867, "train_acc1": 44.57173704414587, "train_acc2": 68.85146753039028, "epoch": 23, "valid_xe_loss": 1.8189874480042276, "valid_acc1": 23.75395569620253, "valid_acc2": 27.848101265822784}
INFO - 04/10/26 20:20:32 - 1:13:57 - Saving checkpoint to /home/yu_mcc/PQC_salsa/runs/n30_q127_h3_1m/train_gpu_proposed_ternary_h10_secret0_init0_paperlike/checkpoint.pth ...
WARNING - 04/10/26 20:20:32 - 1:13:57 - Saving encoder parameters ...
WARNING - 04/10/26 20:20:32 - 1:13:57 - Saving decoder parameters ...
WARNING - 04/10/26 20:20:32 - 1:13:57 - Saving optimizer ...
INFO - 04/10/26 20:20:32 - 1:13:57 - ============ Starting epoch 24 ... ============
INFO - 04/10/26 20:20:35 - 1:14:01 -   37550 -  148.72 equations/s -  9518.17 words/s - MEM: 1.36 GB - LOSS:  1.0764 || ACC1: 45.4564 || ACC2: 70.5798 - LR: 1.0000e-05
INFO - 04/10/26 20:20:40 - 1:14:05 -   37600 - 1295.17 equations/s - 82891.00 words/s - MEM: 1.36 GB - LOSS:  1.0837 || ACC1: 44.1875 || ACC2: 68.6875 - LR: 1.0000e-05
INFO - 04/10/26 20:20:45 - 1:14:10 -   37650 - 1325.69 equations/s - 84844.05 words/s - MEM: 1.36 GB - LOSS:  1.0680 || ACC1: 45.1562 || ACC2: 70.3594 - LR: 1.0000e-05
INFO - 04/10/26 20:20:54 - 1:14:19 -   37700 -  758.67 equations/s - 48555.09 words/s - MEM: 1.36 GB - LOSS:  1.0618 || ACC1: 46.3125 || ACC2: 71.2812 - LR: 1.0000e-05
INFO - 04/10/26 20:20:58 - 1:14:24 -   37750 - 1323.61 equations/s - 84711.29 words/s - MEM: 1.36 GB - LOSS:  1.0680 || ACC1: 45.2656 || ACC2: 70.7812 - LR: 1.0000e-05
INFO - 04/10/26 20:21:03 - 1:14:29 -   37800 - 1279.44 equations/s - 81884.24 words/s - MEM: 1.36 GB - LOSS:  1.0686 || ACC1: 44.7812 || ACC2: 69.6094 - LR: 1.0000e-05
INFO - 04/10/26 20:21:08 - 1:14:33 -   37850 - 1304.14 equations/s - 83464.73 words/s - MEM: 1.36 GB - LOSS:  1.0578 || ACC1: 45.5469 || ACC2: 71.1094 - LR: 1.0000e-05
INFO - 04/10/26 20:21:13 - 1:14:38 -   37900 - 1386.27 equations/s - 88721.47 words/s - MEM: 1.36 GB - LOSS:  1.0617 || ACC1: 44.9062 || ACC2: 71.0469 - LR: 1.0000e-05
INFO - 04/10/26 20:21:18 - 1:14:43 -   37950 - 1323.37 equations/s - 84695.36 words/s - MEM: 1.36 GB - LOSS:  1.0621 || ACC1: 46.2656 || ACC2: 70.9531 - LR: 1.0000e-05
INFO - 04/10/26 20:21:23 - 1:14:48 -   38000 - 1301.98 equations/s - 83327.03 words/s - MEM: 1.36 GB - LOSS:  1.0618 || ACC1: 45.4531 || ACC2: 69.5938 - LR: 1.0000e-05
INFO - 04/10/26 20:21:31 - 1:14:56 -   38050 -  770.43 equations/s - 49307.34 words/s - MEM: 1.36 GB - LOSS:  1.0669 || ACC1: 46.2031 || ACC2: 70.8750 - LR: 1.0000e-05
INFO - 04/10/26 20:21:36 - 1:15:01 -   38100 - 1375.90 equations/s - 88057.66 words/s - MEM: 1.36 GB - LOSS:  1.0603 || ACC1: 45.9688 || ACC2: 70.7969 - LR: 1.0000e-05
INFO - 04/10/26 20:21:41 - 1:15:06 -   38150 - 1294.18 equations/s - 82827.83 words/s - MEM: 1.36 GB - LOSS:  1.0532 || ACC1: 45.4844 || ACC2: 70.9531 - LR: 1.0000e-05
INFO - 04/10/26 20:21:45 - 1:15:11 -   38200 - 1323.48 equations/s - 84702.94 words/s - MEM: 1.36 GB - LOSS:  1.0615 || ACC1: 45.7969 || ACC2: 71.5469 - LR: 1.0000e-05
INFO - 04/10/26 20:21:50 - 1:15:15 -   38250 - 1326.68 equations/s - 84907.22 words/s - MEM: 1.36 GB - LOSS:  1.0454 || ACC1: 46.3281 || ACC2: 71.9688 - LR: 1.0000e-05
INFO - 04/10/26 20:21:55 - 1:15:20 -   38300 - 1300.97 equations/s - 83262.28 words/s - MEM: 1.36 GB - LOSS:  1.0463 || ACC1: 46.1562 || ACC2: 71.2188 - LR: 1.0000e-05
INFO - 04/10/26 20:22:04 - 1:15:29 -   38350 -  752.02 equations/s - 48129.18 words/s - MEM: 1.36 GB - LOSS:  1.0606 || ACC1: 45.7812 || ACC2: 70.7031 - LR: 1.0000e-05
INFO - 04/10/26 20:22:08 - 1:15:34 -   38400 - 1346.80 equations/s - 86195.06 words/s - MEM: 1.36 GB - LOSS:  1.0508 || ACC1: 46.2500 || ACC2: 71.3906 - LR: 1.0000e-05
INFO - 04/10/26 20:22:13 - 1:15:38 -   38450 - 1345.63 equations/s - 86120.20 words/s - MEM: 1.36 GB - LOSS:  1.0322 || ACC1: 46.8750 || ACC2: 72.0781 - LR: 1.0000e-05
INFO - 04/10/26 20:22:18 - 1:15:43 -   38500 - 1361.54 equations/s - 87138.40 words/s - MEM: 1.36 GB - LOSS:  1.0429 || ACC1: 46.6719 || ACC2: 72.0156 - LR: 1.0000e-05
INFO - 04/10/26 20:22:23 - 1:15:48 -   38550 - 1329.58 equations/s - 85093.13 words/s - MEM: 1.36 GB - LOSS:  1.0450 || ACC1: 45.8594 || ACC2: 71.5000 - LR: 1.0000e-05
INFO - 04/10/26 20:22:28 - 1:15:53 -   38600 - 1326.44 equations/s - 84892.30 words/s - MEM: 1.36 GB - LOSS:  1.0393 || ACC1: 46.1406 || ACC2: 72.0312 - LR: 1.0000e-05
INFO - 04/10/26 20:22:32 - 1:15:57 -   38650 - 1336.34 equations/s - 85525.92 words/s - MEM: 1.36 GB - LOSS:  1.0401 || ACC1: 45.8594 || ACC2: 72.2500 - LR: 1.0000e-05
INFO - 04/10/26 20:22:41 - 1:16:06 -   38700 -  759.73 equations/s - 48622.58 words/s - MEM: 1.36 GB - LOSS:  1.0365 || ACC1: 46.3594 || ACC2: 71.9062 - LR: 1.0000e-05
INFO - 04/10/26 20:22:46 - 1:16:11 -   38750 - 1306.99 equations/s - 83647.30 words/s - MEM: 1.36 GB - LOSS:  1.0253 || ACC1: 46.7656 || ACC2: 72.4219 - LR: 1.0000e-05
INFO - 04/10/26 20:22:51 - 1:16:16 -   38800 - 1292.68 equations/s - 82731.29 words/s - MEM: 1.36 GB - LOSS:  1.0317 || ACC1: 47.3594 || ACC2: 72.2812 - LR: 1.0000e-05
INFO - 04/10/26 20:22:55 - 1:16:21 -   38850 - 1332.40 equations/s - 85273.83 words/s - MEM: 1.36 GB - LOSS:  1.0291 || ACC1: 46.5156 || ACC2: 72.4531 - LR: 1.0000e-05
INFO - 04/10/26 20:23:00 - 1:16:25 -   38900 - 1298.52 equations/s - 83105.32 words/s - MEM: 1.36 GB - LOSS:  1.0314 || ACC1: 46.5781 || ACC2: 72.6562 - LR: 1.0000e-05
INFO - 04/10/26 20:23:05 - 1:16:30 -   38950 - 1331.20 equations/s - 85196.61 words/s - MEM: 1.36 GB - LOSS:  1.0385 || ACC1: 46.4531 || ACC2: 72.1562 - LR: 1.0000e-05
INFO - 04/10/26 20:23:10 - 1:16:35 -   39000 - 1242.01 equations/s - 79488.58 words/s - MEM: 1.36 GB - LOSS:  1.0343 || ACC1: 46.2344 || ACC2: 72.4375 - LR: 1.0000e-05
INFO - 04/10/26 20:23:19 - 1:16:44 -   39050 -  754.74 equations/s - 48303.22 words/s - MEM: 1.36 GB - LOSS:  1.0252 || ACC1: 47.0312 || ACC2: 72.7656 - LR: 1.0000e-05
INFO - 04/10/26 20:23:21 - 1:16:46 -   39075 - 1368.67 equations/s - 87595.12 words/s - MEM: 1.36 GB - LOSS:  1.0180 || ACC1: 48.0312 || ACC2: 74.5000 - LR: 1.0000e-05
INFO - 04/10/26 20:23:21 - 1:16:46 - ============ End of epoch 24 ============
INFO - 04/10/26 20:23:21 - 1:16:46 - Starting Distinguisher Method
INFO - 04/10/26 20:23:33 - 1:16:58 - Distinguishing 0s using the emd. 
INFO - 04/10/26 20:23:33 - 1:16:58 - Distinguishing +/-1s using the emd. 
INFO - 04/10/26 20:23:33 - 1:16:58 - Real secret: -1: {np.int64(2), np.int64(27), np.int64(12)}, 1: {np.int64(0), np.int64(1), np.int64(5), np.int64(13), np.int64(14), np.int64(22), np.int64(24)}
INFO - 04/10/26 20:23:33 - 1:16:58 - Nonzero bits not identified. Guess: [ 9 21 28 14 24 22  0  1 27  2]
INFO - 04/10/26 20:23:33 - 1:16:58 - Distinguishing +/-1s using the mean. 
INFO - 04/10/26 20:23:33 - 1:16:58 - Real secret: -1: {np.int64(2), np.int64(27), np.int64(12)}, 1: {np.int64(0), np.int64(1), np.int64(5), np.int64(13), np.int64(14), np.int64(22), np.int64(24)}
INFO - 04/10/26 20:23:33 - 1:16:58 - Nonzero bits not identified. Guess: [ 9 21 28 14 24 22  0  1 27  2]
INFO - 04/10/26 20:23:33 - 1:16:58 - Distinguishing 0s using the mean. 
INFO - 04/10/26 20:23:33 - 1:16:58 - Distinguishing +/-1s using the emd. 
INFO - 04/10/26 20:23:33 - 1:16:58 - Real secret: -1: {np.int64(2), np.int64(27), np.int64(12)}, 1: {np.int64(0), np.int64(1), np.int64(5), np.int64(13), np.int64(14), np.int64(22), np.int64(24)}
INFO - 04/10/26 20:23:33 - 1:16:58 - Distinguishing +/-1s using the mean. 
INFO - 04/10/26 20:23:33 - 1:16:58 - Real secret: -1: {np.int64(2), np.int64(27), np.int64(12)}, 1: {np.int64(0), np.int64(1), np.int64(5), np.int64(13), np.int64(14), np.int64(22), np.int64(24)}
INFO - 04/10/26 20:23:33 - 1:16:58 - Starting Direct Method
INFO - 04/10/26 20:23:33 - 1:16:58 - Direct:  K=42
INFO - 04/10/26 20:23:33 - 1:16:59 - Direct:  K=82
INFO - 04/10/26 20:23:34 - 1:16:59 - Direct:  K=87
INFO - 04/10/26 20:23:34 - 1:16:59 - Direct:  K=76
INFO - 04/10/26 20:23:34 - 1:16:59 - Direct:  K=46
INFO - 04/10/26 20:23:34 - 1:16:59 - Direct:  K=85
INFO - 04/10/26 20:23:34 - 1:16:59 - Direct:  K=63
INFO - 04/10/26 20:23:34 - 1:16:59 - Direct:  K=32
INFO - 04/10/26 20:23:34 - 1:16:59 - Direct:  K=36
INFO - 04/10/26 20:23:34 - 1:16:59 - Direct:  K=49
INFO - 04/10/26 20:23:34 - 1:16:59 - Direct:  K=77
INFO - 04/10/26 20:23:34 - 1:16:59 - Direct:  K=83
INFO - 04/10/26 20:23:34 - 1:17:00 - Direct:  K=63
INFO - 04/10/26 20:23:35 - 1:17:00 - Direct:  K=76
INFO - 04/10/26 20:23:35 - 1:17:00 - Direct:  K=32
INFO - 04/10/26 20:23:35 - 1:17:00 - Direct: secret not predicted. (true secret = [ 1  1 -1  0  0  1  0  0  0  0  0  0 -1  1  1  0  0  0  0  0  0  0  1  0
                                       1  0  0 -1  0  0], predicted secret = [0 0 0 0 0 0 0 0 1 1 0 0 0 1 1 0 0 0 0 0 0 1 0 0 1 0 0 0 0 0], true support = [1 1 1 0 0 1 0 0 0 0 0 0 1 1 1 0 0 0 0 0 0 0 1 0 1 0 0 1 0 0], predicted support = [0 0 0 0 0 0 0 0 1 1 0 0 0 1 1 0 0 0 0 0 0 1 0 0 1 0 0 0 0 0])
INFO - 04/10/26 20:23:44 - 1:17:09 - CA: secret not predicted. (true secret = [ 1  1 -1  0  0  1  0  0  0  0  0  0 -1  1  1  0  0  0  0  0  0  0  1  0
                                       1  0  0 -1  0  0], predicted secret = [1 0 1 0 0 0 0 0 0 0 0 0 1 1 0 0 0 0 0 0 0 0 1 0 1 0 0 0 0 0], true support = [1 1 1 0 0 1 0 0 0 0 0 0 1 1 1 0 0 0 0 0 0 0 1 0 1 0 0 1 0 0], predicted support = [1 0 1 0 0 0 0 0 0 0 0 0 1 1 0 0 0 0 0 0 0 0 1 0 1 0 0 0 0 0])
INFO - 04/10/26 20:23:44 - 1:17:09 - CA: secret not predicted. (true secret = [ 1  1 -1  0  0  1  0  0  0  0  0  0 -1  1  1  0  0  0  0  0  0  0  1  0
                                       1  0  0 -1  0  0], predicted secret = [1 0 0 0 1 0 0 0 0 0 1 0 0 0 0 0 0 0 1 0 1 0 0 0 0 0 0 0 0 1], true support = [1 1 1 0 0 1 0 0 0 0 0 0 1 1 1 0 0 0 0 0 0 0 1 0 1 0 0 1 0 0], predicted support = [1 0 0 0 1 0 0 0 0 0 1 0 0 0 0 0 0 0 1 0 1 0 0 0 0 0 0 0 0 1])
INFO - 04/10/26 20:23:44 - 1:17:09 - Hybrid: direct, ca
INFO - 04/10/26 20:23:44 - 1:17:09 - direct, ca - Sum Normalized: secret not predicted. (true secret = [ 1  1 -1  0  0  1  0  0  0  0  0  0 -1  1  1  0  0  0  0  0  0  0  1  0
                                       1  0  0 -1  0  0], predicted secret = [1 0 0 0 0 0 0 0 0 0 0 0 0 1 1 0 0 0 0 0 0 1 1 0 1 0 0 0 0 0], true support = [1 1 1 0 0 1 0 0 0 0 0 0 1 1 1 0 0 0 0 0 0 0 1 0 1 0 0 1 0 0], predicted support = [1 0 0 0 0 0 0 0 0 0 0 0 0 1 1 0 0 0 0 0 0 1 1 0 1 0 0 0 0 0])
INFO - 04/10/26 20:23:44 - 1:17:09 - direct, ca - Max Normalized: secret not predicted. (true secret = [ 1  1 -1  0  0  1  0  0  0  0  0  0 -1  1  1  0  0  0  0  0  0  0  1  0
                                       1  0  0 -1  0  0], predicted secret = [1 0 0 0 0 0 0 0 0 0 0 0 0 1 1 0 0 0 0 0 0 1 0 0 1 0 0 0 0 1], true support = [1 1 1 0 0 1 0 0 0 0 0 0 1 1 1 0 0 0 0 0 0 0 1 0 1 0 0 1 0 0], predicted support = [1 0 0 0 0 0 0 0 0 0 0 0 0 1 1 0 0 0 0 0 0 1 0 0 1 0 0 0 0 1])
INFO - 04/10/26 20:23:44 - 1:17:09 - direct, ca - Sum Rank: secret not predicted. (true secret = [ 1  1 -1  0  0  1  0  0  0  0  0  0 -1  1  1  0  0  0  0  0  0  0  1  0
                                       1  0  0 -1  0  0], predicted secret = [0 0 0 0 1 0 0 0 0 1 0 0 0 1 1 0 0 0 0 0 0 0 1 0 1 0 0 0 0 0], true support = [1 1 1 0 0 1 0 0 0 0 0 0 1 1 1 0 0 0 0 0 0 0 1 0 1 0 0 1 0 0], predicted support = [0 0 0 0 1 0 0 0 0 1 0 0 0 1 1 0 0 0 0 0 0 0 1 0 1 0 0 0 0 0])
INFO - 04/10/26 20:23:44 - 1:17:09 - direct, ca - Max Rank: secret not predicted. (true secret = [ 1  1 -1  0  0  1  0  0  0  0  0  0 -1  1  1  0  0  0  0  0  0  0  1  0
                                       1  0  0 -1  0  0], predicted secret = [1 0 0 0 0 0 0 0 1 0 0 0 0 1 1 0 0 0 0 0 0 1 0 0 1 0 0 0 0 0], true support = [1 1 1 0 0 1 0 0 0 0 0 0 1 1 1 0 0 0 0 0 0 0 1 0 1 0 0 1 0 0], predicted support = [1 0 0 0 0 0 0 0 1 0 0 0 0 1 1 0 0 0 0 0 0 1 0 0 1 0 0 0 0 0])
INFO - 04/10/26 20:23:44 - 1:17:09 - Hybrid: direct, distinguisher
INFO - 04/10/26 20:23:44 - 1:17:09 - direct, distinguisher - Sum Normalized: secret not predicted. (true secret = [ 1  1 -1  0  0  1  0  0  0  0  0  0 -1  1  1  0  0  0  0  0  0  0  1  0
                                       1  0  0 -1  0  0], predicted secret = [0 1 1 0 0 0 0 0 0 0 0 0 0 0 1 0 0 0 0 0 0 1 0 0 1 0 0 1 0 0], true support = [1 1 1 0 0 1 0 0 0 0 0 0 1 1 1 0 0 0 0 0 0 0 1 0 1 0 0 1 0 0], predicted support = [0 1 1 0 0 0 0 0 0 0 0 0 0 0 1 0 0 0 0 0 0 1 0 0 1 0 0 1 0 0])
INFO - 04/10/26 20:23:44 - 1:17:09 - direct, distinguisher - Max Normalized: secret not predicted. (true secret = [ 1  1 -1  0  0  1  0  0  0  0  0  0 -1  1  1  0  0  0  0  0  0  0  1  0
                                       1  0  0 -1  0  0], predicted secret = [0 1 1 0 0 0 0 0 0 0 0 0 0 0 1 0 0 0 0 0 0 1 0 0 1 0 0 1 0 0], true support = [1 1 1 0 0 1 0 0 0 0 0 0 1 1 1 0 0 0 0 0 0 0 1 0 1 0 0 1 0 0], predicted support = [0 1 1 0 0 0 0 0 0 0 0 0 0 0 1 0 0 0 0 0 0 1 0 0 1 0 0 1 0 0])
INFO - 04/10/26 20:23:44 - 1:17:09 - direct, distinguisher - Sum Rank: secret not predicted. (true secret = [ 1  1 -1  0  0  1  0  0  0  0  0  0 -1  1  1  0  0  0  0  0  0  0  1  0
                                       1  0  0 -1  0  0], predicted secret = [0 1 0 0 0 1 0 0 0 0 0 0 0 1 1 0 0 0 0 0 0 0 1 0 1 0 0 0 0 0], true support = [1 1 1 0 0 1 0 0 0 0 0 0 1 1 1 0 0 0 0 0 0 0 1 0 1 0 0 1 0 0], predicted support = [0 1 0 0 0 1 0 0 0 0 0 0 0 1 1 0 0 0 0 0 0 0 1 0 1 0 0 0 0 0])
INFO - 04/10/26 20:23:44 - 1:17:09 - direct, distinguisher - Max Rank: secret not predicted. (true secret = [ 1  1 -1  0  0  1  0  0  0  0  0  0 -1  1  1  0  0  0  0  0  0  0  1  0
                                       1  0  0 -1  0  0], predicted secret = [0 1 1 0 0 0 0 0 1 0 0 0 0 0 1 0 0 0 0 0 0 1 0 0 0 0 0 1 0 0], true support = [1 1 1 0 0 1 0 0 0 0 0 0 1 1 1 0 0 0 0 0 0 0 1 0 1 0 0 1 0 0], predicted support = [0 1 1 0 0 0 0 0 1 0 0 0 0 0 1 0 0 0 0 0 0 1 0 0 0 0 0 1 0 0])
INFO - 04/10/26 20:23:44 - 1:17:09 - Hybrid: ca, distinguisher
INFO - 04/10/26 20:23:44 - 1:17:09 - ca, distinguisher - Sum Normalized: secret not predicted. (true secret = [ 1  1 -1  0  0  1  0  0  0  0  0  0 -1  1  1  0  0  0  0  0  0  0  1  0
                                       1  0  0 -1  0  0], predicted secret = [1 1 1 0 0 0 0 0 0 0 0 0 0 1 0 0 0 0 0 0 0 0 1 0 1 0 0 0 0 0], true support = [1 1 1 0 0 1 0 0 0 0 0 0 1 1 1 0 0 0 0 0 0 0 1 0 1 0 0 1 0 0], predicted support = [1 1 1 0 0 0 0 0 0 0 0 0 0 1 0 0 0 0 0 0 0 0 1 0 1 0 0 0 0 0])
INFO - 04/10/26 20:23:44 - 1:17:09 - ca, distinguisher - Max Normalized: secret not predicted. (true secret = [ 1  1 -1  0  0  1  0  0  0  0  0  0 -1  1  1  0  0  0  0  0  0  0  1  0
                                       1  0  0 -1  0  0], predicted secret = [1 1 1 0 0 0 0 0 0 0 0 0 0 1 0 0 0 0 0 0 0 0 0 0 1 0 0 1 0 0], true support = [1 1 1 0 0 1 0 0 0 0 0 0 1 1 1 0 0 0 0 0 0 0 1 0 1 0 0 1 0 0], predicted support = [1 1 1 0 0 0 0 0 0 0 0 0 0 1 0 0 0 0 0 0 0 0 0 0 1 0 0 1 0 0])
INFO - 04/10/26 20:23:44 - 1:17:09 - ca, distinguisher - Sum Rank: secret not predicted. (true secret = [ 1  1 -1  0  0  1  0  0  0  0  0  0 -1  1  1  0  0  0  0  0  0  0  1  0
                                       1  0  0 -1  0  0], predicted secret = [1 1 1 0 0 0 0 0 0 0 0 0 0 1 0 0 0 0 0 0 0 0 1 0 1 0 0 0 0 0], true support = [1 1 1 0 0 1 0 0 0 0 0 0 1 1 1 0 0 0 0 0 0 0 1 0 1 0 0 1 0 0], predicted support = [1 1 1 0 0 0 0 0 0 0 0 0 0 1 0 0 0 0 0 0 0 0 1 0 1 0 0 0 0 0])
INFO - 04/10/26 20:23:44 - 1:17:09 - ca, distinguisher - Max Rank: secret not predicted. (true secret = [ 1  1 -1  0  0  1  0  0  0  0  0  0 -1  1  1  0  0  0  0  0  0  0  1  0
                                       1  0  0 -1  0  0], predicted secret = [1 1 1 0 0 0 0 0 0 0 0 0 0 1 0 0 0 0 0 0 0 0 0 0 1 0 0 1 0 0], true support = [1 1 1 0 0 1 0 0 0 0 0 0 1 1 1 0 0 0 0 0 0 0 1 0 1 0 0 1 0 0], predicted support = [1 1 1 0 0 0 0 0 0 0 0 0 0 1 0 0 0 0 0 0 0 0 0 0 1 0 0 1 0 0])
INFO - 04/10/26 20:23:44 - 1:17:09 - Hybrid: direct, ca, distinguisher
INFO - 04/10/26 20:23:44 - 1:17:09 - direct, ca, distinguisher - Sum Normalized: secret not predicted. (true secret = [ 1  1 -1  0  0  1  0  0  0  0  0  0 -1  1  1  0  0  0  0  0  0  0  1  0
                                       1  0  0 -1  0  0], predicted secret = [1 0 1 0 0 0 0 0 0 0 0 0 0 1 1 0 0 0 0 0 0 0 1 0 1 0 0 0 0 0], true support = [1 1 1 0 0 1 0 0 0 0 0 0 1 1 1 0 0 0 0 0 0 0 1 0 1 0 0 1 0 0], predicted support = [1 0 1 0 0 0 0 0 0 0 0 0 0 1 1 0 0 0 0 0 0 0 1 0 1 0 0 0 0 0])
INFO - 04/10/26 20:23:44 - 1:17:09 - direct, ca, distinguisher - Max Normalized: secret not predicted. (true secret = [ 1  1 -1  0  0  1  0  0  0  0  0  0 -1  1  1  0  0  0  0  0  0  0  1  0
                                       1  0  0 -1  0  0], predicted secret = [1 0 1 0 0 0 0 0 0 0 0 0 0 1 1 0 0 0 0 0 0 0 0 0 1 0 0 1 0 0], true support = [1 1 1 0 0 1 0 0 0 0 0 0 1 1 1 0 0 0 0 0 0 0 1 0 1 0 0 1 0 0], predicted support = [1 0 1 0 0 0 0 0 0 0 0 0 0 1 1 0 0 0 0 0 0 0 0 0 1 0 0 1 0 0])
INFO - 04/10/26 20:23:44 - 1:17:09 - direct, ca, distinguisher - Sum Rank: secret not predicted. (true secret = [ 1  1 -1  0  0  1  0  0  0  0  0  0 -1  1  1  0  0  0  0  0  0  0  1  0
                                       1  0  0 -1  0  0], predicted secret = [1 1 0 0 0 0 0 0 0 0 0 0 0 1 1 0 0 0 0 0 0 0 1 0 1 0 0 0 0 0], true support = [1 1 1 0 0 1 0 0 0 0 0 0 1 1 1 0 0 0 0 0 0 0 1 0 1 0 0 1 0 0], predicted support = [1 1 0 0 0 0 0 0 0 0 0 0 0 1 1 0 0 0 0 0 0 0 1 0 1 0 0 0 0 0])
INFO - 04/10/26 20:23:44 - 1:17:09 - direct, ca, distinguisher - Max Rank: secret not predicted. (true secret = [ 1  1 -1  0  0  1  0  0  0  0  0  0 -1  1  1  0  0  0  0  0  0  0  1  0
                                       1  0  0 -1  0  0], predicted secret = [0 0 1 0 0 0 0 0 0 0 0 0 0 1 1 0 0 0 0 0 0 1 0 0 1 0 0 1 0 0], true support = [1 1 1 0 0 1 0 0 0 0 0 0 1 1 1 0 0 0 0 0 0 0 1 0 1 0 0 1 0 0], predicted support = [0 0 1 0 0 0 0 0 0 0 0 0 0 1 1 0 0 0 0 0 0 1 0 0 1 0 0 1 0 0])
INFO - 04/10/26 20:23:44 - 1:17:09 - Epoch 24 metrics | train_loss: 1.049813 | train_acc1: 46.036768 | train_acc2: 71.424144 | valid_xe_loss: 1.862205 | valid_acc1: 24.713212 | valid_acc2: 29.727057
INFO - 04/10/26 20:23:44 - 1:17:09 - __log__:{"train_loss": 1.0498130112524149, "train_acc1": 46.036768234165066, "train_acc2": 71.42414427383237, "epoch": 24, "valid_xe_loss": 1.8622048685822306, "valid_acc1": 24.713212025316455, "valid_acc2": 29.727056962025316}
INFO - 04/10/26 20:23:44 - 1:17:09 - Saving checkpoint to /home/yu_mcc/PQC_salsa/runs/n30_q127_h3_1m/train_gpu_proposed_ternary_h10_secret0_init0_paperlike/checkpoint.pth ...
WARNING - 04/10/26 20:23:44 - 1:17:09 - Saving encoder parameters ...
WARNING - 04/10/26 20:23:44 - 1:17:09 - Saving decoder parameters ...
WARNING - 04/10/26 20:23:44 - 1:17:09 - Saving optimizer ...
INFO - 04/10/26 20:23:44 - 1:17:09 - ============ Starting epoch 25 ... ============
INFO - 04/10/26 20:23:47 - 1:17:12 -   39100 -  126.06 equations/s -  8067.79 words/s - MEM: 1.36 GB - LOSS:  1.0218 || ACC1: 48.5938 || ACC2: 73.8125 - LR: 1.0000e-05
INFO - 04/10/26 20:23:55 - 1:17:20 -   39150 -  768.81 equations/s - 49204.02 words/s - MEM: 1.36 GB - LOSS:  1.0282 || ACC1: 45.8438 || ACC2: 72.1094 - LR: 1.0000e-05
INFO - 04/10/26 20:24:00 - 1:17:25 -   39200 - 1345.98 equations/s - 86143.01 words/s - MEM: 1.36 GB - LOSS:  1.0253 || ACC1: 47.2656 || ACC2: 73.1719 - LR: 1.0000e-05
INFO - 04/10/26 20:24:04 - 1:17:30 -   39250 - 1318.84 equations/s - 84405.81 words/s - MEM: 1.36 GB - LOSS:  1.0158 || ACC1: 47.9219 || ACC2: 73.7031 - LR: 1.0000e-05
INFO - 04/10/26 20:24:09 - 1:17:34 -   39300 - 1361.62 equations/s - 87143.64 words/s - MEM: 1.36 GB - LOSS:  1.0218 || ACC1: 47.4375 || ACC2: 73.8906 - LR: 1.0000e-05
INFO - 04/10/26 20:24:14 - 1:17:39 -   39350 - 1369.10 equations/s - 87622.38 words/s - MEM: 1.36 GB - LOSS:  1.0162 || ACC1: 48.0469 || ACC2: 73.3906 - LR: 1.0000e-05
INFO - 04/10/26 20:24:19 - 1:17:44 -   39400 - 1350.74 equations/s - 86447.37 words/s - MEM: 1.36 GB - LOSS:  1.0158 || ACC1: 47.3750 || ACC2: 73.7969 - LR: 1.0000e-05
INFO - 04/10/26 20:24:27 - 1:17:52 -   39450 -  766.01 equations/s - 49024.79 words/s - MEM: 1.36 GB - LOSS:  1.0149 || ACC1: 46.6094 || ACC2: 72.6094 - LR: 1.0000e-05
INFO - 04/10/26 20:24:32 - 1:17:57 -   39500 - 1365.02 equations/s - 87361.42 words/s - MEM: 1.36 GB - LOSS:  1.0146 || ACC1: 46.9062 || ACC2: 73.7812 - LR: 1.0000e-05
INFO - 04/10/26 20:24:36 - 1:18:02 -   39550 - 1339.26 equations/s - 85712.87 words/s - MEM: 1.36 GB - LOSS:  1.0063 || ACC1: 48.4844 || ACC2: 74.2812 - LR: 1.0000e-05
INFO - 04/10/26 20:24:41 - 1:18:06 -   39600 - 1332.85 equations/s - 85302.71 words/s - MEM: 1.36 GB - LOSS:  1.0019 || ACC1: 47.3750 || ACC2: 73.7812 - LR: 1.0000e-05
INFO - 04/10/26 20:24:46 - 1:18:11 -   39650 - 1335.80 equations/s - 85491.07 words/s - MEM: 1.36 GB - LOSS:  1.0102 || ACC1: 47.1406 || ACC2: 73.6406 - LR: 1.0000e-05
INFO - 04/10/26 20:24:51 - 1:18:16 -   39700 - 1302.87 equations/s - 83383.40 words/s - MEM: 1.36 GB - LOSS:  1.0077 || ACC1: 47.0625 || ACC2: 73.5156 - LR: 1.0000e-05
INFO - 04/10/26 20:24:56 - 1:18:21 -   39750 - 1300.73 equations/s - 83246.84 words/s - MEM: 1.36 GB - LOSS:  1.0121 || ACC1: 47.1094 || ACC2: 73.4062 - LR: 1.0000e-05
INFO - 04/10/26 20:25:04 - 1:18:30 -   39800 -  743.25 equations/s - 47568.06 words/s - MEM: 1.36 GB - LOSS:  0.9992 || ACC1: 48.7188 || ACC2: 75.0312 - LR: 1.0000e-05
INFO - 04/10/26 20:25:09 - 1:18:34 -   39850 - 1334.61 equations/s - 85415.10 words/s - MEM: 1.36 GB - LOSS:  1.0006 || ACC1: 47.4375 || ACC2: 73.8906 - LR: 1.0000e-05
INFO - 04/10/26 20:25:14 - 1:18:39 -   39900 - 1276.72 equations/s - 81709.83 words/s - MEM: 1.36 GB - LOSS:  0.9983 || ACC1: 48.1562 || ACC2: 74.8125 - LR: 1.0000e-05
INFO - 04/10/26 20:25:19 - 1:18:44 -   39950 - 1337.05 equations/s - 85570.89 words/s - MEM: 1.36 GB - LOSS:  0.9922 || ACC1: 47.7031 || ACC2: 75.1562 - LR: 1.0000e-05
INFO - 04/10/26 20:25:24 - 1:18:49 -   40000 - 1308.69 equations/s - 83756.41 words/s - MEM: 1.36 GB - LOSS:  1.0022 || ACC1: 48.2344 || ACC2: 74.9375 - LR: 1.0000e-05
INFO - 04/10/26 20:25:29 - 1:18:54 -   40050 - 1333.40 equations/s - 85337.70 words/s - MEM: 1.36 GB - LOSS:  1.0055 || ACC1: 46.6250 || ACC2: 73.1406 - LR: 1.0000e-05
INFO - 04/10/26 20:25:34 - 1:18:59 -   40100 - 1332.77 equations/s - 85297.18 words/s - MEM: 1.36 GB - LOSS:  0.9995 || ACC1: 46.9375 || ACC2: 74.2969 - LR: 1.0000e-05
INFO - 04/10/26 20:25:42 - 1:19:07 -   40150 -  749.40 equations/s - 47961.89 words/s - MEM: 1.36 GB - LOSS:  0.9974 || ACC1: 47.9062 || ACC2: 73.6719 - LR: 1.0000e-05
INFO - 04/10/26 20:25:47 - 1:19:12 -   40200 - 1330.95 equations/s - 85180.58 words/s - MEM: 1.36 GB - LOSS:  0.9922 || ACC1: 48.4062 || ACC2: 74.8594 - LR: 1.0000e-05
INFO - 04/10/26 20:25:52 - 1:19:17 -   40250 - 1294.20 equations/s - 82828.60 words/s - MEM: 1.36 GB - LOSS:  0.9903 || ACC1: 48.2031 || ACC2: 74.5312 - LR: 1.0000e-05
INFO - 04/10/26 20:25:57 - 1:19:22 -   40300 - 1357.24 equations/s - 86863.15 words/s - MEM: 1.36 GB - LOSS:  0.9940 || ACC1: 47.8750 || ACC2: 73.9219 - LR: 1.0000e-05
INFO - 04/10/26 20:26:01 - 1:19:27 -   40350 - 1314.50 equations/s - 84127.70 words/s - MEM: 1.36 GB - LOSS:  0.9967 || ACC1: 48.1250 || ACC2: 74.5000 - LR: 1.0000e-05
INFO - 04/10/26 20:26:06 - 1:19:32 -   40400 - 1268.05 equations/s - 81155.00 words/s - MEM: 1.36 GB - LOSS:  0.9828 || ACC1: 48.5781 || ACC2: 74.7969 - LR: 1.0000e-05
INFO - 04/10/26 20:26:15 - 1:19:40 -   40450 -  766.34 equations/s - 49045.68 words/s - MEM: 1.36 GB - LOSS:  0.9913 || ACC1: 47.3594 || ACC2: 74.5312 - LR: 1.0000e-05
INFO - 04/10/26 20:26:20 - 1:19:45 -   40500 - 1303.17 equations/s - 83402.56 words/s - MEM: 1.36 GB - LOSS:  0.9873 || ACC1: 48.1719 || ACC2: 74.5312 - LR: 1.0000e-05
INFO - 04/10/26 20:26:24 - 1:19:49 -   40550 - 1397.60 equations/s - 89446.35 words/s - MEM: 1.36 GB - LOSS:  0.9810 || ACC1: 48.0000 || ACC2: 74.7500 - LR: 1.0000e-05
INFO - 04/10/26 20:26:29 - 1:19:54 -   40600 - 1329.25 equations/s - 85072.22 words/s - MEM: 1.36 GB - LOSS:  0.9752 || ACC1: 48.7188 || ACC2: 75.3438 - LR: 1.0000e-05
INFO - 04/10/26 20:26:33 - 1:19:58 -   40638 - 1270.81 equations/s - 81331.63 words/s - MEM: 1.36 GB - LOSS:  0.9831 || ACC1: 48.1908 || ACC2: 75.0000 - LR: 1.0000e-05
INFO - 04/10/26 20:26:33 - 1:19:58 - ============ End of epoch 25 ============
INFO - 04/10/26 20:26:33 - 1:19:58 - Starting Distinguisher Method
INFO - 04/10/26 20:26:50 - 1:20:15 - Distinguishing 0s using the emd. 
INFO - 04/10/26 20:26:50 - 1:20:15 - Distinguishing +/-1s using the emd. 
INFO - 04/10/26 20:26:50 - 1:20:15 - Real secret: -1: {np.int64(2), np.int64(27), np.int64(12)}, 1: {np.int64(0), np.int64(1), np.int64(5), np.int64(13), np.int64(14), np.int64(22), np.int64(24)}
INFO - 04/10/26 20:26:50 - 1:20:15 - Nonzero bits not identified. Guess: [ 5 21 14 10 25 22  0  2 24 27]
INFO - 04/10/26 20:26:50 - 1:20:15 - Distinguishing +/-1s using the mean. 
INFO - 04/10/26 20:26:50 - 1:20:15 - Real secret: -1: {np.int64(2), np.int64(27), np.int64(12)}, 1: {np.int64(0), np.int64(1), np.int64(5), np.int64(13), np.int64(14), np.int64(22), np.int64(24)}
INFO - 04/10/26 20:26:50 - 1:20:15 - Nonzero bits not identified. Guess: [ 5 21 14 10 25 22  0  2 24 27]
INFO - 04/10/26 20:26:50 - 1:20:15 - Distinguishing 0s using the mean. 
INFO - 04/10/26 20:26:50 - 1:20:15 - Distinguishing +/-1s using the emd. 
INFO - 04/10/26 20:26:50 - 1:20:15 - Real secret: -1: {np.int64(2), np.int64(27), np.int64(12)}, 1: {np.int64(0), np.int64(1), np.int64(5), np.int64(13), np.int64(14), np.int64(22), np.int64(24)}
INFO - 04/10/26 20:26:50 - 1:20:15 - Distinguishing +/-1s using the mean. 
INFO - 04/10/26 20:26:50 - 1:20:15 - Real secret: -1: {np.int64(2), np.int64(27), np.int64(12)}, 1: {np.int64(0), np.int64(1), np.int64(5), np.int64(13), np.int64(14), np.int64(22), np.int64(24)}
INFO - 04/10/26 20:26:50 - 1:20:15 - Starting Direct Method
INFO - 04/10/26 20:26:50 - 1:20:15 - Direct:  K=50
INFO - 04/10/26 20:26:50 - 1:20:15 - Direct:  K=65
INFO - 04/10/26 20:26:50 - 1:20:15 - Direct:  K=88
INFO - 04/10/26 20:26:50 - 1:20:15 - Direct:  K=51
INFO - 04/10/26 20:26:50 - 1:20:15 - Direct:  K=39
INFO - 04/10/26 20:26:50 - 1:20:16 - Direct:  K=75
INFO - 04/10/26 20:26:51 - 1:20:16 - Direct:  K=78
INFO - 04/10/26 20:26:51 - 1:20:16 - Direct:  K=34
INFO - 04/10/26 20:26:51 - 1:20:16 - Direct:  K=72
INFO - 04/10/26 20:26:51 - 1:20:16 - Direct:  K=79
INFO - 04/10/26 20:26:51 - 1:20:16 - Direct:  K=45
INFO - 04/10/26 20:26:51 - 1:20:16 - Direct:  K=88
INFO - 04/10/26 20:26:51 - 1:20:16 - Direct:  K=47
INFO - 04/10/26 20:26:51 - 1:20:17 - Direct:  K=62
INFO - 04/10/26 20:26:51 - 1:20:17 - Direct:  K=38
INFO - 04/10/26 20:26:52 - 1:20:17 - Direct: secret not predicted. (true secret = [ 1  1 -1  0  0  1  0  0  0  0  0  0 -1  1  1  0  0  0  0  0  0  0  1  0
                                       1  0  0 -1  0  0], predicted secret = [0 0 0 0 0 0 0 0 0 0 0 1 0 1 1 0 0 0 0 0 1 1 1 0 0 0 0 0 0 0], true support = [1 1 1 0 0 1 0 0 0 0 0 0 1 1 1 0 0 0 0 0 0 0 1 0 1 0 0 1 0 0], predicted support = [0 0 0 0 0 0 0 0 0 0 0 1 0 1 1 0 0 0 0 0 1 1 1 0 0 0 0 0 0 0])
INFO - 04/10/26 20:27:01 - 1:20:26 - CA: secret not predicted. (true secret = [ 1  1 -1  0  0  1  0  0  0  0  0  0 -1  1  1  0  0  0  0  0  0  0  1  0
                                       1  0  0 -1  0  0], predicted secret = [1 1 1 0 0 0 0 0 0 0 0 0 0 1 0 0 0 0 0 0 0 0 1 0 1 0 0 0 0 0], true support = [1 1 1 0 0 1 0 0 0 0 0 0 1 1 1 0 0 0 0 0 0 0 1 0 1 0 0 1 0 0], predicted support = [1 1 1 0 0 0 0 0 0 0 0 0 0 1 0 0 0 0 0 0 0 0 1 0 1 0 0 0 0 0])
INFO - 04/10/26 20:27:01 - 1:20:26 - CA: secret not predicted. (true secret = [ 1  1 -1  0  0  1  0  0  0  0  0  0 -1  1  1  0  0  0  0  0  0  0  1  0
                                       1  0  0 -1  0  0], predicted secret = [1 0 0 0 1 0 0 0 0 0 1 0 0 0 0 0 0 0 1 0 1 0 0 0 0 0 0 0 0 1], true support = [1 1 1 0 0 1 0 0 0 0 0 0 1 1 1 0 0 0 0 0 0 0 1 0 1 0 0 1 0 0], predicted support = [1 0 0 0 1 0 0 0 0 0 1 0 0 0 0 0 0 0 1 0 1 0 0 0 0 0 0 0 0 1])
INFO - 04/10/26 20:27:01 - 1:20:26 - Hybrid: direct, ca
INFO - 04/10/26 20:27:01 - 1:20:26 - direct, ca - Sum Normalized: secret not predicted. (true secret = [ 1  1 -1  0  0  1  0  0  0  0  0  0 -1  1  1  0  0  0  0  0  0  0  1  0
                                       1  0  0 -1  0  0], predicted secret = [1 0 0 0 0 0 0 0 0 0 0 0 0 1 1 0 0 0 0 0 0 0 1 0 1 0 0 0 0 1], true support = [1 1 1 0 0 1 0 0 0 0 0 0 1 1 1 0 0 0 0 0 0 0 1 0 1 0 0 1 0 0], predicted support = [1 0 0 0 0 0 0 0 0 0 0 0 0 1 1 0 0 0 0 0 0 0 1 0 1 0 0 0 0 1])
INFO - 04/10/26 20:27:01 - 1:20:26 - direct, ca - Max Normalized: secret not predicted. (true secret = [ 1  1 -1  0  0  1  0  0  0  0  0  0 -1  1  1  0  0  0  0  0  0  0  1  0
                                       1  0  0 -1  0  0], predicted secret = [1 0 0 0 0 0 0 0 0 0 0 0 0 1 1 0 0 0 0 0 0 0 1 0 1 0 0 0 0 1], true support = [1 1 1 0 0 1 0 0 0 0 0 0 1 1 1 0 0 0 0 0 0 0 1 0 1 0 0 1 0 0], predicted support = [1 0 0 0 0 0 0 0 0 0 0 0 0 1 1 0 0 0 0 0 0 0 1 0 1 0 0 0 0 1])
INFO - 04/10/26 20:27:01 - 1:20:26 - direct, ca - Sum Rank: secret not predicted. (true secret = [ 1  1 -1  0  0  1  0  0  0  0  0  0 -1  1  1  0  0  0  0  0  0  0  1  0
                                       1  0  0 -1  0  0], predicted secret = [1 0 0 0 1 0 0 0 0 0 1 0 0 1 0 0 0 0 0 0 1 0 1 0 0 0 0 0 0 0], true support = [1 1 1 0 0 1 0 0 0 0 0 0 1 1 1 0 0 0 0 0 0 0 1 0 1 0 0 1 0 0], predicted support = [1 0 0 0 1 0 0 0 0 0 1 0 0 1 0 0 0 0 0 0 1 0 1 0 0 0 0 0 0 0])
INFO - 04/10/26 20:27:01 - 1:20:26 - direct, ca - Max Rank: secret not predicted. (true secret = [ 1  1 -1  0  0  1  0  0  0  0  0  0 -1  1  1  0  0  0  0  0  0  0  1  0
                                       1  0  0 -1  0  0], predicted secret = [1 0 0 0 0 0 0 0 0 0 0 0 0 1 1 0 0 0 0 0 0 1 1 0 1 0 0 0 0 0], true support = [1 1 1 0 0 1 0 0 0 0 0 0 1 1 1 0 0 0 0 0 0 0 1 0 1 0 0 1 0 0], predicted support = [1 0 0 0 0 0 0 0 0 0 0 0 0 1 1 0 0 0 0 0 0 1 1 0 1 0 0 0 0 0])
INFO - 04/10/26 20:27:01 - 1:20:26 - Hybrid: direct, distinguisher
INFO - 04/10/26 20:27:01 - 1:20:26 - direct, distinguisher - Sum Normalized: secret not predicted. (true secret = [ 1  1 -1  0  0  1  0  0  0  0  0  0 -1  1  1  0  0  0  0  0  0  0  1  0
                                       1  0  0 -1  0  0], predicted secret = [1 0 0 0 0 1 0 0 0 0 0 0 0 1 1 0 0 0 0 0 0 0 1 0 1 0 0 0 0 0], true support = [1 1 1 0 0 1 0 0 0 0 0 0 1 1 1 0 0 0 0 0 0 0 1 0 1 0 0 1 0 0], predicted support = [1 0 0 0 0 1 0 0 0 0 0 0 0 1 1 0 0 0 0 0 0 0 1 0 1 0 0 0 0 0])
INFO - 04/10/26 20:27:01 - 1:20:26 - direct, distinguisher - Max Normalized: secret not predicted. (true secret = [ 1  1 -1  0  0  1  0  0  0  0  0  0 -1  1  1  0  0  0  0  0  0  0  1  0
                                       1  0  0 -1  0  0], predicted secret = [1 1 0 0 0 1 0 0 0 0 0 0 0 0 0 0 0 0 0 0 0 0 1 0 1 0 0 1 0 0], true support = [1 1 1 0 0 1 0 0 0 0 0 0 1 1 1 0 0 0 0 0 0 0 1 0 1 0 0 1 0 0], predicted support = [1 1 0 0 0 1 0 0 0 0 0 0 0 0 0 0 0 0 0 0 0 0 1 0 1 0 0 1 0 0])
INFO - 04/10/26 20:27:01 - 1:20:26 - direct, distinguisher - Sum Rank: secret not predicted. (true secret = [ 1  1 -1  0  0  1  0  0  0  0  0  0 -1  1  1  0  0  0  0  0  0  0  1  0
                                       1  0  0 -1  0  0], predicted secret = [1 0 1 0 0 1 0 0 0 0 0 0 0 1 1 0 0 0 0 0 0 0 1 0 0 0 0 0 0 0], true support = [1 1 1 0 0 1 0 0 0 0 0 0 1 1 1 0 0 0 0 0 0 0 1 0 1 0 0 1 0 0], predicted support = [1 0 1 0 0 1 0 0 0 0 0 0 0 1 1 0 0 0 0 0 0 0 1 0 0 0 0 0 0 0])
INFO - 04/10/26 20:27:01 - 1:20:26 - direct, distinguisher - Max Rank: secret not predicted. (true secret = [ 1  1 -1  0  0  1  0  0  0  0  0  0 -1  1  1  0  0  0  0  0  0  0  1  0
                                       1  0  0 -1  0  0], predicted secret = [1 0 0 0 0 1 0 0 0 0 0 0 0 1 1 0 0 0 0 0 0 0 1 0 1 0 0 0 0 0], true support = [1 1 1 0 0 1 0 0 0 0 0 0 1 1 1 0 0 0 0 0 0 0 1 0 1 0 0 1 0 0], predicted support = [1 0 0 0 0 1 0 0 0 0 0 0 0 1 1 0 0 0 0 0 0 0 1 0 1 0 0 0 0 0])
INFO - 04/10/26 20:27:01 - 1:20:26 - Hybrid: ca, distinguisher
INFO - 04/10/26 20:27:01 - 1:20:26 - ca, distinguisher - Sum Normalized: secret not predicted. (true secret = [ 1  1 -1  0  0  1  0  0  0  0  0  0 -1  1  1  0  0  0  0  0  0  0  1  0
                                       1  0  0 -1  0  0], predicted secret = [1 1 1 0 0 0 0 0 0 0 0 0 0 1 0 0 0 0 0 0 0 0 1 0 1 0 0 0 0 0], true support = [1 1 1 0 0 1 0 0 0 0 0 0 1 1 1 0 0 0 0 0 0 0 1 0 1 0 0 1 0 0], predicted support = [1 1 1 0 0 0 0 0 0 0 0 0 0 1 0 0 0 0 0 0 0 0 1 0 1 0 0 0 0 0])
INFO - 04/10/26 20:27:01 - 1:20:26 - ca, distinguisher - Max Normalized: secret not predicted. (true secret = [ 1  1 -1  0  0  1  0  0  0  0  0  0 -1  1  1  0  0  0  0  0  0  0  1  0
                                       1  0  0 -1  0  0], predicted secret = [1 1 0 0 0 1 0 0 0 0 0 0 0 1 0 0 0 0 0 0 0 0 0 0 1 0 0 1 0 0], true support = [1 1 1 0 0 1 0 0 0 0 0 0 1 1 1 0 0 0 0 0 0 0 1 0 1 0 0 1 0 0], predicted support = [1 1 0 0 0 1 0 0 0 0 0 0 0 1 0 0 0 0 0 0 0 0 0 0 1 0 0 1 0 0])
INFO - 04/10/26 20:27:01 - 1:20:26 - ca, distinguisher - Sum Rank: secret not predicted. (true secret = [ 1  1 -1  0  0  1  0  0  0  0  0  0 -1  1  1  0  0  0  0  0  0  0  1  0
                                       1  0  0 -1  0  0], predicted secret = [1 1 1 0 0 0 0 0 0 0 0 0 0 1 0 0 0 0 0 0 0 0 1 0 1 0 0 0 0 0], true support = [1 1 1 0 0 1 0 0 0 0 0 0 1 1 1 0 0 0 0 0 0 0 1 0 1 0 0 1 0 0], predicted support = [1 1 1 0 0 0 0 0 0 0 0 0 0 1 0 0 0 0 0 0 0 0 1 0 1 0 0 0 0 0])
INFO - 04/10/26 20:27:01 - 1:20:26 - ca, distinguisher - Max Rank: secret not predicted. (true secret = [ 1  1 -1  0  0  1  0  0  0  0  0  0 -1  1  1  0  0  0  0  0  0  0  1  0
                                       1  0  0 -1  0  0], predicted secret = [1 1 0 0 0 1 0 0 0 0 0 0 0 1 0 0 0 0 0 0 0 0 0 0 1 0 0 0 0 1], true support = [1 1 1 0 0 1 0 0 0 0 0 0 1 1 1 0 0 0 0 0 0 0 1 0 1 0 0 1 0 0], predicted support = [1 1 0 0 0 1 0 0 0 0 0 0 0 1 0 0 0 0 0 0 0 0 0 0 1 0 0 0 0 1])
INFO - 04/10/26 20:27:01 - 1:20:26 - Hybrid: direct, ca, distinguisher
INFO - 04/10/26 20:27:01 - 1:20:26 - direct, ca, distinguisher - Sum Normalized: secret not predicted. (true secret = [ 1  1 -1  0  0  1  0  0  0  0  0  0 -1  1  1  0  0  0  0  0  0  0  1  0
                                       1  0  0 -1  0  0], predicted secret = [1 1 0 0 0 0 0 0 0 0 0 0 0 1 1 0 0 0 0 0 0 0 1 0 1 0 0 0 0 0], true support = [1 1 1 0 0 1 0 0 0 0 0 0 1 1 1 0 0 0 0 0 0 0 1 0 1 0 0 1 0 0], predicted support = [1 1 0 0 0 0 0 0 0 0 0 0 0 1 1 0 0 0 0 0 0 0 1 0 1 0 0 0 0 0])
INFO - 04/10/26 20:27:01 - 1:20:26 - direct, ca, distinguisher - Max Normalized: secret not predicted. (true secret = [ 1  1 -1  0  0  1  0  0  0  0  0  0 -1  1  1  0  0  0  0  0  0  0  1  0
                                       1  0  0 -1  0  0], predicted secret = [1 1 0 0 0 1 0 0 0 0 0 0 0 1 0 0 0 0 0 0 0 0 1 0 1 0 0 0 0 0], true support = [1 1 1 0 0 1 0 0 0 0 0 0 1 1 1 0 0 0 0 0 0 0 1 0 1 0 0 1 0 0], predicted support = [1 1 0 0 0 1 0 0 0 0 0 0 0 1 0 0 0 0 0 0 0 0 1 0 1 0 0 0 0 0])
INFO - 04/10/26 20:27:01 - 1:20:26 - direct, ca, distinguisher - Sum Rank: secret not predicted. (true secret = [ 1  1 -1  0  0  1  0  0  0  0  0  0 -1  1  1  0  0  0  0  0  0  0  1  0
                                       1  0  0 -1  0  0], predicted secret = [1 0 1 0 0 0 0 0 0 0 0 0 1 1 1 0 0 0 0 0 0 0 1 0 0 0 0 0 0 0], true support = [1 1 1 0 0 1 0 0 0 0 0 0 1 1 1 0 0 0 0 0 0 0 1 0 1 0 0 1 0 0], predicted support = [1 0 1 0 0 0 0 0 0 0 0 0 1 1 1 0 0 0 0 0 0 0 1 0 0 0 0 0 0 0])
INFO - 04/10/26 20:27:01 - 1:20:26 - direct, ca, distinguisher - Max Rank: secret not predicted. (true secret = [ 1  1 -1  0  0  1  0  0  0  0  0  0 -1  1  1  0  0  0  0  0  0  0  1  0
                                       1  0  0 -1  0  0], predicted secret = [1 0 0 0 0 1 0 0 0 0 0 0 0 1 1 0 0 0 0 0 0 0 1 0 1 0 0 0 0 0], true support = [1 1 1 0 0 1 0 0 0 0 0 0 1 1 1 0 0 0 0 0 0 0 1 0 1 0 0 1 0 0], predicted support = [1 0 0 0 0 1 0 0 0 0 0 0 0 1 1 0 0 0 0 0 0 0 1 0 1 0 0 0 0 0])
INFO - 04/10/26 20:27:01 - 1:20:26 - Epoch 25 metrics | train_loss: 1.002388 | train_acc1: 47.685741 | train_acc2: 74.078295 | valid_xe_loss: 1.919725 | valid_acc1: 25.237342 | valid_acc2: 29.806171
INFO - 04/10/26 20:27:01 - 1:20:26 - __log__:{"train_loss": 1.0023884972317891, "train_acc1": 47.685740563019834, "train_acc2": 74.0782949456174, "epoch": 25, "valid_xe_loss": 1.9197245911706853, "valid_acc1": 25.2373417721519, "valid_acc2": 29.80617088607595}
INFO - 04/10/26 20:27:01 - 1:20:26 - Saving checkpoint to /home/yu_mcc/PQC_salsa/runs/n30_q127_h3_1m/train_gpu_proposed_ternary_h10_secret0_init0_paperlike/checkpoint.pth ...
WARNING - 04/10/26 20:27:01 - 1:20:26 - Saving encoder parameters ...
WARNING - 04/10/26 20:27:01 - 1:20:26 - Saving decoder parameters ...
WARNING - 04/10/26 20:27:01 - 1:20:26 - Saving optimizer ...
INFO - 04/10/26 20:27:01 - 1:20:26 - ============ Starting epoch 26 ... ============
INFO - 04/10/26 20:27:03 - 1:20:28 -   40650 -   51.96 equations/s -  3325.12 words/s - MEM: 1.36 GB - LOSS:  0.9910 || ACC1: 46.6146 || ACC2: 74.3490 - LR: 1.0000e-05
INFO - 04/10/26 20:27:07 - 1:20:33 -   40700 - 1289.77 equations/s - 82545.22 words/s - MEM: 1.36 GB - LOSS:  0.9835 || ACC1: 47.8594 || ACC2: 74.8594 - LR: 1.0000e-05
INFO - 04/10/26 20:27:12 - 1:20:37 -   40750 - 1353.97 equations/s - 86653.79 words/s - MEM: 1.36 GB - LOSS:  0.9794 || ACC1: 48.2656 || ACC2: 75.1562 - LR: 1.0000e-05
INFO - 04/10/26 20:27:17 - 1:20:42 -   40800 - 1318.55 equations/s - 84387.27 words/s - MEM: 1.36 GB - LOSS:  0.9765 || ACC1: 48.3906 || ACC2: 75.5312 - LR: 1.0000e-05
INFO - 04/10/26 20:27:26 - 1:20:51 -   40850 -  754.15 equations/s - 48265.73 words/s - MEM: 1.36 GB - LOSS:  0.9715 || ACC1: 48.2344 || ACC2: 75.9844 - LR: 1.0000e-05
INFO - 04/10/26 20:27:31 - 1:20:56 -   40900 - 1280.20 equations/s - 81933.05 words/s - MEM: 1.36 GB - LOSS:  0.9641 || ACC1: 48.9844 || ACC2: 76.2969 - LR: 1.0000e-05
INFO - 04/10/26 20:27:36 - 1:21:01 -   40950 - 1287.04 equations/s - 82370.76 words/s - MEM: 1.36 GB - LOSS:  0.9571 || ACC1: 48.7031 || ACC2: 76.0781 - LR: 1.0000e-05
INFO - 04/10/26 20:27:40 - 1:21:05 -   41000 - 1320.10 equations/s - 84486.27 words/s - MEM: 1.36 GB - LOSS:  0.9695 || ACC1: 47.6250 || ACC2: 75.8281 - LR: 1.0000e-05
INFO - 04/10/26 20:27:45 - 1:21:10 -   41050 - 1312.93 equations/s - 84027.21 words/s - MEM: 1.36 GB - LOSS:  0.9643 || ACC1: 48.9219 || ACC2: 76.0625 - LR: 1.0000e-05
INFO - 04/10/26 20:27:50 - 1:21:15 -   41100 - 1279.50 equations/s - 81887.90 words/s - MEM: 1.36 GB - LOSS:  0.9639 || ACC1: 49.0938 || ACC2: 75.5781 - LR: 1.0000e-05
INFO - 04/10/26 20:27:55 - 1:21:20 -   41150 - 1336.99 equations/s - 85567.16 words/s - MEM: 1.36 GB - LOSS:  0.9603 || ACC1: 48.6719 || ACC2: 76.0781 - LR: 1.0000e-05
INFO - 04/10/26 20:28:03 - 1:21:28 -   41200 -  776.21 equations/s - 49677.68 words/s - MEM: 1.36 GB - LOSS:  0.9619 || ACC1: 48.3750 || ACC2: 75.5625 - LR: 1.0000e-05
INFO - 04/10/26 20:28:08 - 1:21:33 -   41250 - 1292.84 equations/s - 82741.62 words/s - MEM: 1.36 GB - LOSS:  0.9670 || ACC1: 48.0781 || ACC2: 75.2188 - LR: 1.0000e-05
INFO - 04/10/26 20:28:13 - 1:21:38 -   41300 - 1275.83 equations/s - 81653.16 words/s - MEM: 1.36 GB - LOSS:  0.9550 || ACC1: 49.1719 || ACC2: 76.9688 - LR: 1.0000e-05
INFO - 04/10/26 20:28:18 - 1:21:43 -   41350 - 1332.50 equations/s - 85280.27 words/s - MEM: 1.36 GB - LOSS:  0.9546 || ACC1: 49.6875 || ACC2: 76.1406 - LR: 1.0000e-05
INFO - 04/10/26 20:28:23 - 1:21:48 -   41400 - 1298.35 equations/s - 83094.23 words/s - MEM: 1.36 GB - LOSS:  0.9588 || ACC1: 49.3438 || ACC2: 76.3281 - LR: 1.0000e-05
INFO - 04/10/26 20:28:28 - 1:21:53 -   41450 - 1398.18 equations/s - 89483.57 words/s - MEM: 1.36 GB - LOSS:  0.9551 || ACC1: 49.1562 || ACC2: 76.2812 - LR: 1.0000e-05
INFO - 04/10/26 20:28:33 - 1:21:58 -   41500 - 1254.86 equations/s - 80310.79 words/s - MEM: 1.36 GB - LOSS:  0.9516 || ACC1: 49.3906 || ACC2: 76.2812 - LR: 1.0000e-05
INFO - 04/10/26 20:28:41 - 1:22:06 -   41550 -  752.84 equations/s - 48181.89 words/s - MEM: 1.36 GB - LOSS:  0.9483 || ACC1: 49.2812 || ACC2: 77.4844 - LR: 1.0000e-05
INFO - 04/10/26 20:28:46 - 1:22:11 -   41600 - 1314.01 equations/s - 84096.32 words/s - MEM: 1.36 GB - LOSS:  0.9458 || ACC1: 49.0625 || ACC2: 77.1875 - LR: 1.0000e-05
INFO - 04/10/26 20:28:51 - 1:22:16 -   41650 - 1281.06 equations/s - 81987.83 words/s - MEM: 1.36 GB - LOSS:  0.9464 || ACC1: 50.1875 || ACC2: 77.0938 - LR: 1.0000e-05
INFO - 04/10/26 20:28:56 - 1:22:21 -   41700 - 1294.12 equations/s - 82823.40 words/s - MEM: 1.36 GB - LOSS:  0.9376 || ACC1: 50.2031 || ACC2: 77.7344 - LR: 1.0000e-05
INFO - 04/10/26 20:29:01 - 1:22:26 -   41750 - 1341.36 equations/s - 85846.92 words/s - MEM: 1.36 GB - LOSS:  0.9471 || ACC1: 49.3750 || ACC2: 77.1875 - LR: 1.0000e-05
INFO - 04/10/26 20:29:06 - 1:22:31 -   41800 - 1284.70 equations/s - 82220.93 words/s - MEM: 1.36 GB - LOSS:  0.9480 || ACC1: 48.5000 || ACC2: 76.7812 - LR: 1.0000e-05
INFO - 04/10/26 20:29:14 - 1:22:39 -   41850 -  784.57 equations/s - 50212.71 words/s - MEM: 1.36 GB - LOSS:  0.9481 || ACC1: 49.4844 || ACC2: 76.4375 - LR: 1.0000e-05
INFO - 04/10/26 20:29:19 - 1:22:44 -   41900 - 1341.49 equations/s - 85855.25 words/s - MEM: 1.36 GB - LOSS:  0.9406 || ACC1: 49.6875 || ACC2: 77.5312 - LR: 1.0000e-05
INFO - 04/10/26 20:29:23 - 1:22:49 -   41950 - 1336.13 equations/s - 85512.32 words/s - MEM: 1.36 GB - LOSS:  0.9476 || ACC1: 49.3438 || ACC2: 76.5000 - LR: 1.0000e-05
INFO - 04/10/26 20:29:28 - 1:22:54 -   42000 - 1274.37 equations/s - 81559.50 words/s - MEM: 1.36 GB - LOSS:  0.9392 || ACC1: 49.3750 || ACC2: 77.8594 - LR: 1.0000e-05
INFO - 04/10/26 20:29:33 - 1:22:58 -   42050 - 1331.87 equations/s - 85239.46 words/s - MEM: 1.36 GB - LOSS:  0.9378 || ACC1: 49.2656 || ACC2: 76.9375 - LR: 1.0000e-05
INFO - 04/10/26 20:29:38 - 1:23:03 -   42100 - 1306.31 equations/s - 83603.66 words/s - MEM: 1.36 GB - LOSS:  0.9309 || ACC1: 50.7188 || ACC2: 77.8125 - LR: 1.0000e-05
INFO - 04/10/26 20:29:43 - 1:23:08 -   42150 - 1328.30 equations/s - 85010.90 words/s - MEM: 1.36 GB - LOSS:  0.9336 || ACC1: 49.4531 || ACC2: 77.0312 - LR: 1.0000e-05
INFO - 04/10/26 20:29:51 - 1:23:17 -   42200 -  754.02 equations/s - 48257.40 words/s - MEM: 1.36 GB - LOSS:  0.9450 || ACC1: 48.8906 || ACC2: 76.6250 - LR: 1.0000e-05
INFO - 04/10/26 20:29:52 - 1:23:17 -   42201 - 1298.31 equations/s - 83091.88 words/s - MEM: 1.36 GB - LOSS:  0.9512 || ACC1: 48.4375 || ACC2: 77.3438 - LR: 1.0000e-05
INFO - 04/10/26 20:29:52 - 1:23:17 - ============ End of epoch 26 ============
INFO - 04/10/26 20:29:52 - 1:23:17 - Starting Distinguisher Method
INFO - 04/10/26 20:30:05 - 1:23:30 - Distinguishing 0s using the emd. 
INFO - 04/10/26 20:30:05 - 1:23:30 - Distinguishing +/-1s using the emd. 
INFO - 04/10/26 20:30:05 - 1:23:30 - Real secret: -1: {np.int64(2), np.int64(27), np.int64(12)}, 1: {np.int64(0), np.int64(1), np.int64(5), np.int64(13), np.int64(14), np.int64(22), np.int64(24)}
INFO - 04/10/26 20:30:05 - 1:23:30 - Nonzero bits not identified. Guess: [13 14 24  5 29 22 12  0 27  2]
INFO - 04/10/26 20:30:05 - 1:23:30 - Distinguishing +/-1s using the mean. 
INFO - 04/10/26 20:30:05 - 1:23:30 - Real secret: -1: {np.int64(2), np.int64(27), np.int64(12)}, 1: {np.int64(0), np.int64(1), np.int64(5), np.int64(13), np.int64(14), np.int64(22), np.int64(24)}
INFO - 04/10/26 20:30:05 - 1:23:30 - Nonzero bits not identified. Guess: [13 14 24  5 29 22 12  0 27  2]
INFO - 04/10/26 20:30:05 - 1:23:30 - Distinguishing 0s using the mean. 
INFO - 04/10/26 20:30:05 - 1:23:30 - Distinguishing +/-1s using the emd. 
INFO - 04/10/26 20:30:05 - 1:23:30 - Real secret: -1: {np.int64(2), np.int64(27), np.int64(12)}, 1: {np.int64(0), np.int64(1), np.int64(5), np.int64(13), np.int64(14), np.int64(22), np.int64(24)}
INFO - 04/10/26 20:30:05 - 1:23:30 - Distinguishing +/-1s using the mean. 
INFO - 04/10/26 20:30:05 - 1:23:30 - Real secret: -1: {np.int64(2), np.int64(27), np.int64(12)}, 1: {np.int64(0), np.int64(1), np.int64(5), np.int64(13), np.int64(14), np.int64(22), np.int64(24)}
INFO - 04/10/26 20:30:05 - 1:23:30 - Starting Direct Method
INFO - 04/10/26 20:30:05 - 1:23:30 - Direct:  K=61
INFO - 04/10/26 20:30:05 - 1:23:31 - Direct:  K=38
INFO - 04/10/26 20:30:06 - 1:23:31 - Direct:  K=41
INFO - 04/10/26 20:30:06 - 1:23:31 - Direct:  K=90
INFO - 04/10/26 20:30:06 - 1:23:31 - Direct:  K=46
INFO - 04/10/26 20:30:06 - 1:23:31 - Direct:  K=55
INFO - 04/10/26 20:30:06 - 1:23:31 - Direct:  K=90
INFO - 04/10/26 20:30:06 - 1:23:31 - Direct:  K=82
INFO - 04/10/26 20:30:06 - 1:23:32 - Direct:  K=88
INFO - 04/10/26 20:30:07 - 1:23:32 - Direct:  K=35
INFO - 04/10/26 20:30:07 - 1:23:32 - Direct:  K=57
INFO - 04/10/26 20:30:07 - 1:23:32 - Direct:  K=58
INFO - 04/10/26 20:30:07 - 1:23:32 - Direct:  K=39
INFO - 04/10/26 20:30:07 - 1:23:32 - Direct:  K=36
INFO - 04/10/26 20:30:07 - 1:23:32 - Direct:  K=63
INFO - 04/10/26 20:30:07 - 1:23:32 - Direct: secret not predicted. (true secret = [ 1  1 -1  0  0  1  0  0  0  0  0  0 -1  1  1  0  0  0  0  0  0  0  1  0
                                       1  0  0 -1  0  0], predicted secret = [0 0 0 0 0 0 0 0 1 0 0 0 0 0 1 0 0 0 0 0 1 1 1 1 0 0 0 0 0 0], true support = [1 1 1 0 0 1 0 0 0 0 0 0 1 1 1 0 0 0 0 0 0 0 1 0 1 0 0 1 0 0], predicted support = [0 0 0 0 0 0 0 0 1 0 0 0 0 0 1 0 0 0 0 0 1 1 1 1 0 0 0 0 0 0])
INFO - 04/10/26 20:30:16 - 1:23:41 - CA: secret not predicted. (true secret = [ 1  1 -1  0  0  1  0  0  0  0  0  0 -1  1  1  0  0  0  0  0  0  0  1  0
                                       1  0  0 -1  0  0], predicted secret = [1 1 0 0 0 0 0 0 0 0 0 0 1 1 0 0 0 0 0 0 0 0 1 0 1 0 0 0 0 0], true support = [1 1 1 0 0 1 0 0 0 0 0 0 1 1 1 0 0 0 0 0 0 0 1 0 1 0 0 1 0 0], predicted support = [1 1 0 0 0 0 0 0 0 0 0 0 1 1 0 0 0 0 0 0 0 0 1 0 1 0 0 0 0 0])
INFO - 04/10/26 20:30:16 - 1:23:41 - CA: secret not predicted. (true secret = [ 1  1 -1  0  0  1  0  0  0  0  0  0 -1  1  1  0  0  0  0  0  0  0  1  0
                                       1  0  0 -1  0  0], predicted secret = [1 0 0 0 1 0 0 0 0 0 1 0 0 0 0 0 0 0 1 0 1 0 0 0 0 0 0 0 0 1], true support = [1 1 1 0 0 1 0 0 0 0 0 0 1 1 1 0 0 0 0 0 0 0 1 0 1 0 0 1 0 0], predicted support = [1 0 0 0 1 0 0 0 0 0 1 0 0 0 0 0 0 0 1 0 1 0 0 0 0 0 0 0 0 1])
INFO - 04/10/26 20:30:16 - 1:23:41 - Hybrid: direct, ca
INFO - 04/10/26 20:30:16 - 1:23:41 - direct, ca - Sum Normalized: secret not predicted. (true secret = [ 1  1 -1  0  0  1  0  0  0  0  0  0 -1  1  1  0  0  0  0  0  0  0  1  0
                                       1  0  0 -1  0  0], predicted secret = [1 0 0 0 0 0 0 0 1 0 0 0 0 1 0 0 0 0 0 0 0 0 1 0 1 0 0 0 0 1], true support = [1 1 1 0 0 1 0 0 0 0 0 0 1 1 1 0 0 0 0 0 0 0 1 0 1 0 0 1 0 0], predicted support = [1 0 0 0 0 0 0 0 1 0 0 0 0 1 0 0 0 0 0 0 0 0 1 0 1 0 0 0 0 1])
INFO - 04/10/26 20:30:16 - 1:23:41 - direct, ca - Max Normalized: secret not predicted. (true secret = [ 1  1 -1  0  0  1  0  0  0  0  0  0 -1  1  1  0  0  0  0  0  0  0  1  0
                                       1  0  0 -1  0  0], predicted secret = [1 0 0 0 0 0 0 0 1 0 0 0 0 1 0 0 0 0 0 0 0 0 1 0 1 0 0 0 0 1], true support = [1 1 1 0 0 1 0 0 0 0 0 0 1 1 1 0 0 0 0 0 0 0 1 0 1 0 0 1 0 0], predicted support = [1 0 0 0 0 0 0 0 1 0 0 0 0 1 0 0 0 0 0 0 0 0 1 0 1 0 0 0 0 1])
INFO - 04/10/26 20:30:16 - 1:23:41 - direct, ca - Sum Rank: secret not predicted. (true secret = [ 1  1 -1  0  0  1  0  0  0  0  0  0 -1  1  1  0  0  0  0  0  0  0  1  0
                                       1  0  0 -1  0  0], predicted secret = [0 0 0 0 1 0 0 0 0 1 0 0 0 1 0 0 0 0 0 0 1 0 1 0 1 0 0 0 0 0], true support = [1 1 1 0 0 1 0 0 0 0 0 0 1 1 1 0 0 0 0 0 0 0 1 0 1 0 0 1 0 0], predicted support = [0 0 0 0 1 0 0 0 0 1 0 0 0 1 0 0 0 0 0 0 1 0 1 0 1 0 0 0 0 0])
INFO - 04/10/26 20:30:16 - 1:23:41 - direct, ca - Max Rank: secret not predicted. (true secret = [ 1  1 -1  0  0  1  0  0  0  0  0  0 -1  1  1  0  0  0  0  0  0  0  1  0
                                       1  0  0 -1  0  0], predicted secret = [1 0 0 0 0 0 0 0 1 0 0 0 0 1 0 0 0 0 0 0 0 1 1 0 1 0 0 0 0 0], true support = [1 1 1 0 0 1 0 0 0 0 0 0 1 1 1 0 0 0 0 0 0 0 1 0 1 0 0 1 0 0], predicted support = [1 0 0 0 0 0 0 0 1 0 0 0 0 1 0 0 0 0 0 0 0 1 1 0 1 0 0 0 0 0])
INFO - 04/10/26 20:30:16 - 1:23:41 - Hybrid: direct, distinguisher
INFO - 04/10/26 20:30:16 - 1:23:41 - direct, distinguisher - Sum Normalized: secret not predicted. (true secret = [ 1  1 -1  0  0  1  0  0  0  0  0  0 -1  1  1  0  0  0  0  0  0  0  1  0
                                       1  0  0 -1  0  0], predicted secret = [1 0 1 0 0 1 0 0 0 0 0 0 0 1 1 0 0 0 0 0 0 0 1 0 0 0 0 0 0 0], true support = [1 1 1 0 0 1 0 0 0 0 0 0 1 1 1 0 0 0 0 0 0 0 1 0 1 0 0 1 0 0], predicted support = [1 0 1 0 0 1 0 0 0 0 0 0 0 1 1 0 0 0 0 0 0 0 1 0 0 0 0 0 0 0])
INFO - 04/10/26 20:30:16 - 1:23:41 - direct, distinguisher - Max Normalized: secret not predicted. (true secret = [ 1  1 -1  0  0  1  0  0  0  0  0  0 -1  1  1  0  0  0  0  0  0  0  1  0
                                       1  0  0 -1  0  0], predicted secret = [1 1 1 0 0 0 0 0 0 0 0 0 1 0 0 0 0 0 0 0 0 0 1 0 0 0 0 1 0 0], true support = [1 1 1 0 0 1 0 0 0 0 0 0 1 1 1 0 0 0 0 0 0 0 1 0 1 0 0 1 0 0], predicted support = [1 1 1 0 0 0 0 0 0 0 0 0 1 0 0 0 0 0 0 0 0 0 1 0 0 0 0 1 0 0])
INFO - 04/10/26 20:30:16 - 1:23:41 - direct, distinguisher - Sum Rank: secret not predicted. (true secret = [ 1  1 -1  0  0  1  0  0  0  0  0  0 -1  1  1  0  0  0  0  0  0  0  1  0
                                       1  0  0 -1  0  0], predicted secret = [0 1 0 0 0 1 0 0 0 0 0 0 0 1 1 0 0 0 0 0 1 0 1 0 0 0 0 0 0 0], true support = [1 1 1 0 0 1 0 0 0 0 0 0 1 1 1 0 0 0 0 0 0 0 1 0 1 0 0 1 0 0], predicted support = [0 1 0 0 0 1 0 0 0 0 0 0 0 1 1 0 0 0 0 0 1 0 1 0 0 0 0 0 0 0])
INFO - 04/10/26 20:30:16 - 1:23:41 - direct, distinguisher - Max Rank: secret not predicted. (true secret = [ 1  1 -1  0  0  1  0  0  0  0  0  0 -1  1  1  0  0  0  0  0  0  0  1  0
                                       1  0  0 -1  0  0], predicted secret = [0 0 1 0 0 0 0 0 1 0 0 0 1 0 0 0 0 0 0 0 0 1 1 0 0 0 0 1 0 0], true support = [1 1 1 0 0 1 0 0 0 0 0 0 1 1 1 0 0 0 0 0 0 0 1 0 1 0 0 1 0 0], predicted support = [0 0 1 0 0 0 0 0 1 0 0 0 1 0 0 0 0 0 0 0 0 1 1 0 0 0 0 1 0 0])
INFO - 04/10/26 20:30:16 - 1:23:41 - Hybrid: ca, distinguisher
INFO - 04/10/26 20:30:16 - 1:23:41 - ca, distinguisher - Sum Normalized: secret not predicted. (true secret = [ 1  1 -1  0  0  1  0  0  0  0  0  0 -1  1  1  0  0  0  0  0  0  0  1  0
                                       1  0  0 -1  0  0], predicted secret = [1 0 1 0 0 0 0 0 0 0 0 0 1 1 0 0 0 0 0 0 0 0 1 0 1 0 0 0 0 0], true support = [1 1 1 0 0 1 0 0 0 0 0 0 1 1 1 0 0 0 0 0 0 0 1 0 1 0 0 1 0 0], predicted support = [1 0 1 0 0 0 0 0 0 0 0 0 1 1 0 0 0 0 0 0 0 0 1 0 1 0 0 0 0 0])
INFO - 04/10/26 20:30:16 - 1:23:41 - ca, distinguisher - Max Normalized: secret not predicted. (true secret = [ 1  1 -1  0  0  1  0  0  0  0  0  0 -1  1  1  0  0  0  0  0  0  0  1  0
                                       1  0  0 -1  0  0], predicted secret = [1 0 1 0 0 0 0 0 0 0 0 0 1 1 0 0 0 0 0 0 0 0 0 0 1 0 0 1 0 0], true support = [1 1 1 0 0 1 0 0 0 0 0 0 1 1 1 0 0 0 0 0 0 0 1 0 1 0 0 1 0 0], predicted support = [1 0 1 0 0 0 0 0 0 0 0 0 1 1 0 0 0 0 0 0 0 0 0 0 1 0 0 1 0 0])
INFO - 04/10/26 20:30:16 - 1:23:41 - ca, distinguisher - Sum Rank: secret not predicted. (true secret = [ 1  1 -1  0  0  1  0  0  0  0  0  0 -1  1  1  0  0  0  0  0  0  0  1  0
                                       1  0  0 -1  0  0], predicted secret = [1 0 1 0 0 0 0 0 0 0 0 0 1 1 0 0 0 0 0 0 0 0 1 0 1 0 0 0 0 0], true support = [1 1 1 0 0 1 0 0 0 0 0 0 1 1 1 0 0 0 0 0 0 0 1 0 1 0 0 1 0 0], predicted support = [1 0 1 0 0 0 0 0 0 0 0 0 1 1 0 0 0 0 0 0 0 0 1 0 1 0 0 0 0 0])
INFO - 04/10/26 20:30:16 - 1:23:41 - ca, distinguisher - Max Rank: secret not predicted. (true secret = [ 1  1 -1  0  0  1  0  0  0  0  0  0 -1  1  1  0  0  0  0  0  0  0  1  0
                                       1  0  0 -1  0  0], predicted secret = [1 0 1 0 0 0 0 0 0 0 0 0 1 1 0 0 0 0 0 0 0 0 0 0 1 0 0 1 0 0], true support = [1 1 1 0 0 1 0 0 0 0 0 0 1 1 1 0 0 0 0 0 0 0 1 0 1 0 0 1 0 0], predicted support = [1 0 1 0 0 0 0 0 0 0 0 0 1 1 0 0 0 0 0 0 0 0 0 0 1 0 0 1 0 0])
INFO - 04/10/26 20:30:16 - 1:23:41 - Hybrid: direct, ca, distinguisher
INFO - 04/10/26 20:30:16 - 1:23:41 - direct, ca, distinguisher - Sum Normalized: secret not predicted. (true secret = [ 1  1 -1  0  0  1  0  0  0  0  0  0 -1  1  1  0  0  0  0  0  0  0  1  0
                                       1  0  0 -1  0  0], predicted secret = [1 0 1 0 0 0 0 0 0 0 0 0 0 1 1 0 0 0 0 0 0 0 1 0 1 0 0 0 0 0], true support = [1 1 1 0 0 1 0 0 0 0 0 0 1 1 1 0 0 0 0 0 0 0 1 0 1 0 0 1 0 0], predicted support = [1 0 1 0 0 0 0 0 0 0 0 0 0 1 1 0 0 0 0 0 0 0 1 0 1 0 0 0 0 0])
INFO - 04/10/26 20:30:16 - 1:23:41 - direct, ca, distinguisher - Max Normalized: secret not predicted. (true secret = [ 1  1 -1  0  0  1  0  0  0  0  0  0 -1  1  1  0  0  0  0  0  0  0  1  0
                                       1  0  0 -1  0  0], predicted secret = [1 0 1 0 0 0 0 0 0 0 0 0 0 1 0 0 0 0 0 0 0 0 1 0 1 0 0 1 0 0], true support = [1 1 1 0 0 1 0 0 0 0 0 0 1 1 1 0 0 0 0 0 0 0 1 0 1 0 0 1 0 0], predicted support = [1 0 1 0 0 0 0 0 0 0 0 0 0 1 0 0 0 0 0 0 0 0 1 0 1 0 0 1 0 0])
INFO - 04/10/26 20:30:16 - 1:23:41 - direct, ca, distinguisher - Sum Rank: secret not predicted. (true secret = [ 1  1 -1  0  0  1  0  0  0  0  0  0 -1  1  1  0  0  0  0  0  0  0  1  0
                                       1  0  0 -1  0  0], predicted secret = [1 1 0 0 0 0 0 0 0 0 0 0 0 1 0 0 0 0 0 0 1 0 1 0 1 0 0 0 0 0], true support = [1 1 1 0 0 1 0 0 0 0 0 0 1 1 1 0 0 0 0 0 0 0 1 0 1 0 0 1 0 0], predicted support = [1 1 0 0 0 0 0 0 0 0 0 0 0 1 0 0 0 0 0 0 1 0 1 0 1 0 0 0 0 0])
INFO - 04/10/26 20:30:16 - 1:23:41 - direct, ca, distinguisher - Max Rank: secret not predicted. (true secret = [ 1  1 -1  0  0  1  0  0  0  0  0  0 -1  1  1  0  0  0  0  0  0  0  1  0
                                       1  0  0 -1  0  0], predicted secret = [0 0 1 0 0 0 0 0 1 0 0 0 0 1 0 0 0 0 0 0 0 0 1 0 1 0 0 1 0 0], true support = [1 1 1 0 0 1 0 0 0 0 0 0 1 1 1 0 0 0 0 0 0 0 1 0 1 0 0 1 0 0], predicted support = [0 0 1 0 0 0 0 0 1 0 0 0 0 1 0 0 0 0 0 0 0 0 1 0 1 0 0 1 0 0])
INFO - 04/10/26 20:30:16 - 1:23:41 - Epoch 26 metrics | train_loss: 0.954806 | train_acc1: 49.038308 | train_acc2: 76.450036 | valid_xe_loss: 1.956321 | valid_acc1: 25.276899 | valid_acc2: 29.934731
INFO - 04/10/26 20:30:16 - 1:23:41 - __log__:{"train_loss": 0.9548055258074862, "train_acc1": 49.038307741522715, "train_acc2": 76.45003598848369, "epoch": 26, "valid_xe_loss": 1.9563213888602922, "valid_acc1": 25.276898734177216, "valid_acc2": 29.93473101265823}
INFO - 04/10/26 20:30:16 - 1:23:41 - Saving checkpoint to /home/yu_mcc/PQC_salsa/runs/n30_q127_h3_1m/train_gpu_proposed_ternary_h10_secret0_init0_paperlike/checkpoint.pth ...
WARNING - 04/10/26 20:30:16 - 1:23:41 - Saving encoder parameters ...
WARNING - 04/10/26 20:30:16 - 1:23:41 - Saving decoder parameters ...
WARNING - 04/10/26 20:30:16 - 1:23:41 - Saving optimizer ...
INFO - 04/10/26 20:30:17 - 1:23:42 - ============ Starting epoch 27 ... ============
INFO - 04/10/26 20:30:25 - 1:23:50 -   42250 -  188.13 equations/s - 12040.01 words/s - MEM: 1.36 GB - LOSS:  0.9327 || ACC1: 50.0319 || ACC2: 77.9815 - LR: 1.0000e-05
INFO - 04/10/26 20:30:30 - 1:23:55 -   42300 - 1291.88 equations/s - 82680.37 words/s - MEM: 1.36 GB - LOSS:  0.9214 || ACC1: 50.9062 || ACC2: 78.4219 - LR: 1.0000e-05
INFO - 04/10/26 20:30:35 - 1:24:00 -   42350 - 1323.18 equations/s - 84683.30 words/s - MEM: 1.36 GB - LOSS:  0.9266 || ACC1: 50.0469 || ACC2: 77.5000 - LR: 1.0000e-05
INFO - 04/10/26 20:30:40 - 1:24:05 -   42400 - 1287.29 equations/s - 82386.84 words/s - MEM: 1.36 GB - LOSS:  0.9187 || ACC1: 50.8750 || ACC2: 78.0156 - LR: 1.0000e-05
INFO - 04/10/26 20:30:45 - 1:24:10 -   42450 - 1309.45 equations/s - 83804.86 words/s - MEM: 1.36 GB - LOSS:  0.9265 || ACC1: 50.8750 || ACC2: 77.7656 - LR: 1.0000e-05
INFO - 04/10/26 20:30:49 - 1:24:14 -   42500 - 1342.39 equations/s - 85913.09 words/s - MEM: 1.36 GB - LOSS:  0.9265 || ACC1: 49.7656 || ACC2: 78.1250 - LR: 1.0000e-05
INFO - 04/10/26 20:30:54 - 1:24:19 -   42550 - 1296.02 equations/s - 82945.02 words/s - MEM: 1.36 GB - LOSS:  0.9113 || ACC1: 50.6719 || ACC2: 78.8594 - LR: 1.0000e-05
INFO - 04/10/26 20:31:03 - 1:24:28 -   42600 -  767.95 equations/s - 49148.64 words/s - MEM: 1.36 GB - LOSS:  0.9255 || ACC1: 50.4531 || ACC2: 78.4375 - LR: 1.0000e-05
INFO - 04/10/26 20:31:08 - 1:24:33 -   42650 - 1300.67 equations/s - 83242.97 words/s - MEM: 1.36 GB - LOSS:  0.9195 || ACC1: 50.1094 || ACC2: 78.4844 - LR: 1.0000e-05
INFO - 04/10/26 20:31:12 - 1:24:37 -   42700 - 1327.83 equations/s - 84981.11 words/s - MEM: 1.36 GB - LOSS:  0.9165 || ACC1: 49.6094 || ACC2: 77.9375 - LR: 1.0000e-05
INFO - 04/10/26 20:31:17 - 1:24:42 -   42750 - 1333.66 equations/s - 85354.34 words/s - MEM: 1.36 GB - LOSS:  0.9257 || ACC1: 50.2031 || ACC2: 76.9219 - LR: 1.0000e-05
INFO - 04/10/26 20:31:22 - 1:24:47 -   42800 - 1353.11 equations/s - 86599.03 words/s - MEM: 1.36 GB - LOSS:  0.9083 || ACC1: 50.3438 || ACC2: 78.2969 - LR: 1.0000e-05
INFO - 04/10/26 20:31:27 - 1:24:52 -   42850 - 1296.76 equations/s - 82992.53 words/s - MEM: 1.36 GB - LOSS:  0.9134 || ACC1: 50.3125 || ACC2: 78.3281 - LR: 1.0000e-05
INFO - 04/10/26 20:31:32 - 1:24:57 -   42900 - 1275.56 equations/s - 81635.53 words/s - MEM: 1.36 GB - LOSS:  0.9129 || ACC1: 50.0625 || ACC2: 78.5781 - LR: 1.0000e-05
INFO - 04/10/26 20:31:40 - 1:25:05 -   42950 -  749.67 equations/s - 47978.60 words/s - MEM: 1.36 GB - LOSS:  0.9042 || ACC1: 51.0938 || ACC2: 78.8125 - LR: 1.0000e-05
INFO - 04/10/26 20:31:45 - 1:25:10 -   43000 - 1311.53 equations/s - 83937.64 words/s - MEM: 1.36 GB - LOSS:  0.9039 || ACC1: 51.0469 || ACC2: 78.4688 - LR: 1.0000e-05
INFO - 04/10/26 20:31:50 - 1:25:15 -   43050 - 1289.32 equations/s - 82516.63 words/s - MEM: 1.36 GB - LOSS:  0.9001 || ACC1: 51.3125 || ACC2: 79.5469 - LR: 1.0000e-05
INFO - 04/10/26 20:31:55 - 1:25:20 -   43100 - 1339.44 equations/s - 85724.09 words/s - MEM: 1.36 GB - LOSS:  0.8929 || ACC1: 53.1094 || ACC2: 80.1562 - LR: 1.0000e-05
INFO - 04/10/26 20:32:00 - 1:25:25 -   43150 - 1334.63 equations/s - 85416.10 words/s - MEM: 1.36 GB - LOSS:  0.9085 || ACC1: 49.8594 || ACC2: 78.8438 - LR: 1.0000e-05
INFO - 04/10/26 20:32:05 - 1:25:30 -   43200 - 1319.20 equations/s - 84429.05 words/s - MEM: 1.36 GB - LOSS:  0.9013 || ACC1: 50.2656 || ACC2: 79.6250 - LR: 1.0000e-05
INFO - 04/10/26 20:32:13 - 1:25:38 -   43250 -  745.06 equations/s - 47683.85 words/s - MEM: 1.36 GB - LOSS:  0.8954 || ACC1: 50.1719 || ACC2: 79.0625 - LR: 1.0000e-05
INFO - 04/10/26 20:32:18 - 1:25:43 -   43300 - 1348.21 equations/s - 86285.18 words/s - MEM: 1.36 GB - LOSS:  0.8918 || ACC1: 51.8125 || ACC2: 79.7031 - LR: 1.0000e-05
INFO - 04/10/26 20:32:23 - 1:25:48 -   43350 - 1306.46 equations/s - 83613.38 words/s - MEM: 1.36 GB - LOSS:  0.8915 || ACC1: 51.4062 || ACC2: 79.6406 - LR: 1.0000e-05
INFO - 04/10/26 20:32:28 - 1:25:53 -   43400 - 1308.80 equations/s - 83763.30 words/s - MEM: 1.36 GB - LOSS:  0.9060 || ACC1: 51.6094 || ACC2: 79.0781 - LR: 1.0000e-05
INFO - 04/10/26 20:32:32 - 1:25:58 -   43450 - 1344.36 equations/s - 86038.95 words/s - MEM: 1.36 GB - LOSS:  0.8886 || ACC1: 51.3281 || ACC2: 79.7812 - LR: 1.0000e-05
INFO - 04/10/26 20:32:37 - 1:26:02 -   43500 - 1339.64 equations/s - 85736.70 words/s - MEM: 1.36 GB - LOSS:  0.8762 || ACC1: 51.7188 || ACC2: 80.5938 - LR: 1.0000e-05
INFO - 04/10/26 20:32:42 - 1:26:07 -   43550 - 1339.72 equations/s - 85742.16 words/s - MEM: 1.36 GB - LOSS:  0.8919 || ACC1: 51.8906 || ACC2: 80.1094 - LR: 1.0000e-05
INFO - 04/10/26 20:32:50 - 1:26:15 -   43600 -  772.26 equations/s - 49424.69 words/s - MEM: 1.36 GB - LOSS:  0.8976 || ACC1: 51.2500 || ACC2: 79.2031 - LR: 1.0000e-05
INFO - 04/10/26 20:32:55 - 1:26:20 -   43650 - 1294.48 equations/s - 82846.90 words/s - MEM: 1.36 GB - LOSS:  0.8858 || ACC1: 51.7031 || ACC2: 80.0625 - LR: 1.0000e-05
INFO - 04/10/26 20:33:00 - 1:26:25 -   43700 - 1293.61 equations/s - 82791.35 words/s - MEM: 1.36 GB - LOSS:  0.8730 || ACC1: 53.5000 || ACC2: 81.0312 - LR: 1.0000e-05
INFO - 04/10/26 20:33:05 - 1:26:30 -   43750 - 1264.27 equations/s - 80913.03 words/s - MEM: 1.36 GB - LOSS:  0.8838 || ACC1: 51.1719 || ACC2: 79.8438 - LR: 1.0000e-05
INFO - 04/10/26 20:33:07 - 1:26:32 -   43764 - 1386.20 equations/s - 88716.90 words/s - MEM: 1.36 GB - LOSS:  0.8941 || ACC1: 50.2232 || ACC2: 77.9576 - LR: 1.0000e-05
INFO - 04/10/26 20:33:07 - 1:26:32 - ============ End of epoch 27 ============
INFO - 04/10/26 20:33:07 - 1:26:32 - Starting Distinguisher Method
INFO - 04/10/26 20:33:25 - 1:26:50 - Distinguishing 0s using the emd. 
INFO - 04/10/26 20:33:25 - 1:26:50 - Distinguishing +/-1s using the emd. 
INFO - 04/10/26 20:33:25 - 1:26:50 - Real secret: -1: {np.int64(2), np.int64(27), np.int64(12)}, 1: {np.int64(0), np.int64(1), np.int64(5), np.int64(13), np.int64(14), np.int64(22), np.int64(24)}
INFO - 04/10/26 20:33:25 - 1:26:50 - Nonzero bits not identified. Guess: [25  5  2 12  1  0 13 22 24 27]
INFO - 04/10/26 20:33:25 - 1:26:50 - Distinguishing +/-1s using the mean. 
INFO - 04/10/26 20:33:25 - 1:26:50 - Real secret: -1: {np.int64(2), np.int64(27), np.int64(12)}, 1: {np.int64(0), np.int64(1), np.int64(5), np.int64(13), np.int64(14), np.int64(22), np.int64(24)}
INFO - 04/10/26 20:33:25 - 1:26:50 - Nonzero bits not identified. Guess: [25  5  2 12  1  0 13 22 24 27]
INFO - 04/10/26 20:33:25 - 1:26:50 - Distinguishing 0s using the mean. 
INFO - 04/10/26 20:33:25 - 1:26:50 - Distinguishing +/-1s using the emd. 
INFO - 04/10/26 20:33:25 - 1:26:50 - Real secret: -1: {np.int64(2), np.int64(27), np.int64(12)}, 1: {np.int64(0), np.int64(1), np.int64(5), np.int64(13), np.int64(14), np.int64(22), np.int64(24)}
INFO - 04/10/26 20:33:25 - 1:26:50 - Distinguishing +/-1s using the mean. 
INFO - 04/10/26 20:33:25 - 1:26:50 - Real secret: -1: {np.int64(2), np.int64(27), np.int64(12)}, 1: {np.int64(0), np.int64(1), np.int64(5), np.int64(13), np.int64(14), np.int64(22), np.int64(24)}
INFO - 04/10/26 20:33:25 - 1:26:50 - Starting Direct Method
INFO - 04/10/26 20:33:25 - 1:26:50 - Direct:  K=42
INFO - 04/10/26 20:33:25 - 1:26:50 - Direct:  K=63
INFO - 04/10/26 20:33:25 - 1:26:50 - Direct:  K=91
INFO - 04/10/26 20:33:25 - 1:26:50 - Direct:  K=71
INFO - 04/10/26 20:33:25 - 1:26:50 - Direct:  K=46
INFO - 04/10/26 20:33:25 - 1:26:50 - Direct:  K=52
INFO - 04/10/26 20:33:25 - 1:26:50 - Direct:  K=65
INFO - 04/10/26 20:33:25 - 1:26:51 - Direct:  K=70
INFO - 04/10/26 20:33:26 - 1:26:51 - Direct:  K=39
INFO - 04/10/26 20:33:26 - 1:26:51 - Direct:  K=85
INFO - 04/10/26 20:33:26 - 1:26:51 - Direct:  K=34
INFO - 04/10/26 20:33:26 - 1:26:51 - Direct:  K=80
INFO - 04/10/26 20:33:26 - 1:26:51 - Direct:  K=88
INFO - 04/10/26 20:33:26 - 1:26:51 - Direct:  K=72
INFO - 04/10/26 20:33:26 - 1:26:51 - Direct:  K=44
INFO - 04/10/26 20:33:27 - 1:26:52 - Direct: secret not predicted. (true secret = [ 1  1 -1  0  0  1  0  0  0  0  0  0 -1  1  1  0  0  0  0  0  0  0  1  0
                                       1  0  0 -1  0  0], predicted secret = [0 0 0 0 0 0 0 0 1 0 1 0 0 1 1 0 0 0 0 0 0 1 1 0 0 0 0 0 0 0], true support = [1 1 1 0 0 1 0 0 0 0 0 0 1 1 1 0 0 0 0 0 0 0 1 0 1 0 0 1 0 0], predicted support = [0 0 0 0 0 0 0 0 1 0 1 0 0 1 1 0 0 0 0 0 0 1 1 0 0 0 0 0 0 0])
INFO - 04/10/26 20:33:36 - 1:27:01 - CA: secret not predicted. (true secret = [ 1  1 -1  0  0  1  0  0  0  0  0  0 -1  1  1  0  0  0  0  0  0  0  1  0
                                       1  0  0 -1  0  0], predicted secret = [1 1 1 0 0 0 0 0 0 0 0 0 0 1 0 0 0 0 0 0 0 0 1 0 1 0 0 0 0 0], true support = [1 1 1 0 0 1 0 0 0 0 0 0 1 1 1 0 0 0 0 0 0 0 1 0 1 0 0 1 0 0], predicted support = [1 1 1 0 0 0 0 0 0 0 0 0 0 1 0 0 0 0 0 0 0 0 1 0 1 0 0 0 0 0])
INFO - 04/10/26 20:33:36 - 1:27:01 - CA: secret not predicted. (true secret = [ 1  1 -1  0  0  1  0  0  0  0  0  0 -1  1  1  0  0  0  0  0  0  0  1  0
                                       1  0  0 -1  0  0], predicted secret = [1 0 0 0 1 0 0 0 0 0 1 0 0 0 0 0 0 0 1 0 1 0 0 0 0 0 0 0 0 1], true support = [1 1 1 0 0 1 0 0 0 0 0 0 1 1 1 0 0 0 0 0 0 0 1 0 1 0 0 1 0 0], predicted support = [1 0 0 0 1 0 0 0 0 0 1 0 0 0 0 0 0 0 1 0 1 0 0 0 0 0 0 0 0 1])
INFO - 04/10/26 20:33:36 - 1:27:01 - Hybrid: direct, ca
INFO - 04/10/26 20:33:36 - 1:27:01 - direct, ca - Sum Normalized: secret not predicted. (true secret = [ 1  1 -1  0  0  1  0  0  0  0  0  0 -1  1  1  0  0  0  0  0  0  0  1  0
                                       1  0  0 -1  0  0], predicted secret = [1 0 0 0 0 0 0 0 1 0 0 0 0 1 1 0 0 0 0 0 0 0 1 0 1 0 0 0 0 0], true support = [1 1 1 0 0 1 0 0 0 0 0 0 1 1 1 0 0 0 0 0 0 0 1 0 1 0 0 1 0 0], predicted support = [1 0 0 0 0 0 0 0 1 0 0 0 0 1 1 0 0 0 0 0 0 0 1 0 1 0 0 0 0 0])
INFO - 04/10/26 20:33:36 - 1:27:01 - direct, ca - Max Normalized: secret not predicted. (true secret = [ 1  1 -1  0  0  1  0  0  0  0  0  0 -1  1  1  0  0  0  0  0  0  0  1  0
                                       1  0  0 -1  0  0], predicted secret = [1 0 0 0 0 0 0 0 1 0 0 0 0 1 0 0 0 0 0 0 0 0 1 0 1 0 0 0 0 1], true support = [1 1 1 0 0 1 0 0 0 0 0 0 1 1 1 0 0 0 0 0 0 0 1 0 1 0 0 1 0 0], predicted support = [1 0 0 0 0 0 0 0 1 0 0 0 0 1 0 0 0 0 0 0 0 0 1 0 1 0 0 0 0 1])
INFO - 04/10/26 20:33:36 - 1:27:01 - direct, ca - Sum Rank: secret not predicted. (true secret = [ 1  1 -1  0  0  1  0  0  0  0  0  0 -1  1  1  0  0  0  0  0  0  0  1  0
                                       1  0  0 -1  0  0], predicted secret = [1 1 0 0 1 0 0 0 0 0 1 0 0 1 0 0 0 0 0 0 0 0 1 0 0 0 0 0 0 0], true support = [1 1 1 0 0 1 0 0 0 0 0 0 1 1 1 0 0 0 0 0 0 0 1 0 1 0 0 1 0 0], predicted support = [1 1 0 0 1 0 0 0 0 0 1 0 0 1 0 0 0 0 0 0 0 0 1 0 0 0 0 0 0 0])
INFO - 04/10/26 20:33:36 - 1:27:01 - direct, ca - Max Rank: secret not predicted. (true secret = [ 1  1 -1  0  0  1  0  0  0  0  0  0 -1  1  1  0  0  0  0  0  0  0  1  0
                                       1  0  0 -1  0  0], predicted secret = [1 0 0 0 0 0 0 0 1 0 0 0 0 1 0 0 0 0 0 0 0 1 1 0 1 0 0 0 0 0], true support = [1 1 1 0 0 1 0 0 0 0 0 0 1 1 1 0 0 0 0 0 0 0 1 0 1 0 0 1 0 0], predicted support = [1 0 0 0 0 0 0 0 1 0 0 0 0 1 0 0 0 0 0 0 0 1 1 0 1 0 0 0 0 0])
INFO - 04/10/26 20:33:36 - 1:27:01 - Hybrid: direct, distinguisher
INFO - 04/10/26 20:33:36 - 1:27:01 - direct, distinguisher - Sum Normalized: secret not predicted. (true secret = [ 1  1 -1  0  0  1  0  0  0  0  0  0 -1  1  1  0  0  0  0  0  0  0  1  0
                                       1  0  0 -1  0  0], predicted secret = [0 1 0 0 0 1 0 0 1 0 0 0 0 1 1 0 0 0 0 0 0 0 1 0 0 0 0 0 0 0], true support = [1 1 1 0 0 1 0 0 0 0 0 0 1 1 1 0 0 0 0 0 0 0 1 0 1 0 0 1 0 0], predicted support = [0 1 0 0 0 1 0 0 1 0 0 0 0 1 1 0 0 0 0 0 0 0 1 0 0 0 0 0 0 0])
INFO - 04/10/26 20:33:36 - 1:27:01 - direct, distinguisher - Max Normalized: secret not predicted. (true secret = [ 1  1 -1  0  0  1  0  0  0  0  0  0 -1  1  1  0  0  0  0  0  0  0  1  0
                                       1  0  0 -1  0  0], predicted secret = [0 1 1 0 0 1 0 0 0 0 0 0 1 0 0 0 0 0 0 0 0 0 1 0 1 0 0 0 0 0], true support = [1 1 1 0 0 1 0 0 0 0 0 0 1 1 1 0 0 0 0 0 0 0 1 0 1 0 0 1 0 0], predicted support = [0 1 1 0 0 1 0 0 0 0 0 0 1 0 0 0 0 0 0 0 0 0 1 0 1 0 0 0 0 0])
INFO - 04/10/26 20:33:36 - 1:27:01 - direct, distinguisher - Sum Rank: secret not predicted. (true secret = [ 1  1 -1  0  0  1  0  0  0  0  0  0 -1  1  1  0  0  0  0  0  0  0  1  0
                                       1  0  0 -1  0  0], predicted secret = [0 1 0 0 0 1 0 0 0 0 0 0 0 1 1 0 0 0 0 0 0 1 1 0 0 0 0 0 0 0], true support = [1 1 1 0 0 1 0 0 0 0 0 0 1 1 1 0 0 0 0 0 0 0 1 0 1 0 0 1 0 0], predicted support = [0 1 0 0 0 1 0 0 0 0 0 0 0 1 1 0 0 0 0 0 0 1 1 0 0 0 0 0 0 0])
INFO - 04/10/26 20:33:36 - 1:27:01 - direct, distinguisher - Max Rank: secret not predicted. (true secret = [ 1  1 -1  0  0  1  0  0  0  0  0  0 -1  1  1  0  0  0  0  0  0  0  1  0
                                       1  0  0 -1  0  0], predicted secret = [0 1 1 0 0 0 0 0 1 0 0 0 0 0 0 0 0 0 0 0 0 1 1 0 1 0 0 0 0 0], true support = [1 1 1 0 0 1 0 0 0 0 0 0 1 1 1 0 0 0 0 0 0 0 1 0 1 0 0 1 0 0], predicted support = [0 1 1 0 0 0 0 0 1 0 0 0 0 0 0 0 0 0 0 0 0 1 1 0 1 0 0 0 0 0])
INFO - 04/10/26 20:33:36 - 1:27:01 - Hybrid: ca, distinguisher
INFO - 04/10/26 20:33:36 - 1:27:01 - ca, distinguisher - Sum Normalized: secret not predicted. (true secret = [ 1  1 -1  0  0  1  0  0  0  0  0  0 -1  1  1  0  0  0  0  0  0  0  1  0
                                       1  0  0 -1  0  0], predicted secret = [1 1 1 0 0 0 0 0 0 0 0 0 0 1 0 0 0 0 0 0 0 0 1 0 1 0 0 0 0 0], true support = [1 1 1 0 0 1 0 0 0 0 0 0 1 1 1 0 0 0 0 0 0 0 1 0 1 0 0 1 0 0], predicted support = [1 1 1 0 0 0 0 0 0 0 0 0 0 1 0 0 0 0 0 0 0 0 1 0 1 0 0 0 0 0])
INFO - 04/10/26 20:33:36 - 1:27:01 - ca, distinguisher - Max Normalized: secret not predicted. (true secret = [ 1  1 -1  0  0  1  0  0  0  0  0  0 -1  1  1  0  0  0  0  0  0  0  1  0
                                       1  0  0 -1  0  0], predicted secret = [1 1 1 0 0 0 0 0 0 0 0 0 1 1 0 0 0 0 0 0 0 0 0 0 1 0 0 0 0 0], true support = [1 1 1 0 0 1 0 0 0 0 0 0 1 1 1 0 0 0 0 0 0 0 1 0 1 0 0 1 0 0], predicted support = [1 1 1 0 0 0 0 0 0 0 0 0 1 1 0 0 0 0 0 0 0 0 0 0 1 0 0 0 0 0])
INFO - 04/10/26 20:33:36 - 1:27:01 - ca, distinguisher - Sum Rank: secret not predicted. (true secret = [ 1  1 -1  0  0  1  0  0  0  0  0  0 -1  1  1  0  0  0  0  0  0  0  1  0
                                       1  0  0 -1  0  0], predicted secret = [1 1 1 0 0 0 0 0 0 0 0 0 0 1 0 0 0 0 0 0 0 0 1 0 1 0 0 0 0 0], true support = [1 1 1 0 0 1 0 0 0 0 0 0 1 1 1 0 0 0 0 0 0 0 1 0 1 0 0 1 0 0], predicted support = [1 1 1 0 0 0 0 0 0 0 0 0 0 1 0 0 0 0 0 0 0 0 1 0 1 0 0 0 0 0])
INFO - 04/10/26 20:33:36 - 1:27:01 - ca, distinguisher - Max Rank: secret not predicted. (true secret = [ 1  1 -1  0  0  1  0  0  0  0  0  0 -1  1  1  0  0  0  0  0  0  0  1  0
                                       1  0  0 -1  0  0], predicted secret = [1 1 1 0 0 0 0 0 0 0 0 0 0 1 0 0 0 0 0 0 0 0 1 0 1 0 0 0 0 0], true support = [1 1 1 0 0 1 0 0 0 0 0 0 1 1 1 0 0 0 0 0 0 0 1 0 1 0 0 1 0 0], predicted support = [1 1 1 0 0 0 0 0 0 0 0 0 0 1 0 0 0 0 0 0 0 0 1 0 1 0 0 0 0 0])
INFO - 04/10/26 20:33:36 - 1:27:01 - Hybrid: direct, ca, distinguisher
INFO - 04/10/26 20:33:36 - 1:27:01 - direct, ca, distinguisher - Sum Normalized: secret not predicted. (true secret = [ 1  1 -1  0  0  1  0  0  0  0  0  0 -1  1  1  0  0  0  0  0  0  0  1  0
                                       1  0  0 -1  0  0], predicted secret = [1 1 0 0 0 0 0 0 0 0 0 0 0 1 1 0 0 0 0 0 0 0 1 0 1 0 0 0 0 0], true support = [1 1 1 0 0 1 0 0 0 0 0 0 1 1 1 0 0 0 0 0 0 0 1 0 1 0 0 1 0 0], predicted support = [1 1 0 0 0 0 0 0 0 0 0 0 0 1 1 0 0 0 0 0 0 0 1 0 1 0 0 0 0 0])
INFO - 04/10/26 20:33:36 - 1:27:01 - direct, ca, distinguisher - Max Normalized: secret not predicted. (true secret = [ 1  1 -1  0  0  1  0  0  0  0  0  0 -1  1  1  0  0  0  0  0  0  0  1  0
                                       1  0  0 -1  0  0], predicted secret = [1 1 1 0 0 0 0 0 0 0 0 0 0 1 0 0 0 0 0 0 0 0 1 0 1 0 0 0 0 0], true support = [1 1 1 0 0 1 0 0 0 0 0 0 1 1 1 0 0 0 0 0 0 0 1 0 1 0 0 1 0 0], predicted support = [1 1 1 0 0 0 0 0 0 0 0 0 0 1 0 0 0 0 0 0 0 0 1 0 1 0 0 0 0 0])
INFO - 04/10/26 20:33:36 - 1:27:01 - direct, ca, distinguisher - Sum Rank: secret not predicted. (true secret = [ 1  1 -1  0  0  1  0  0  0  0  0  0 -1  1  1  0  0  0  0  0  0  0  1  0
                                       1  0  0 -1  0  0], predicted secret = [1 1 0 0 0 1 0 0 0 0 0 0 0 1 0 0 0 0 0 0 0 0 1 0 1 0 0 0 0 0], true support = [1 1 1 0 0 1 0 0 0 0 0 0 1 1 1 0 0 0 0 0 0 0 1 0 1 0 0 1 0 0], predicted support = [1 1 0 0 0 1 0 0 0 0 0 0 0 1 0 0 0 0 0 0 0 0 1 0 1 0 0 0 0 0])
INFO - 04/10/26 20:33:36 - 1:27:01 - direct, ca, distinguisher - Max Rank: secret not predicted. (true secret = [ 1  1 -1  0  0  1  0  0  0  0  0  0 -1  1  1  0  0  0  0  0  0  0  1  0
                                       1  0  0 -1  0  0], predicted secret = [0 1 1 0 0 0 0 0 1 0 0 0 0 1 0 0 0 0 0 0 0 0 1 0 1 0 0 0 0 0], true support = [1 1 1 0 0 1 0 0 0 0 0 0 1 1 1 0 0 0 0 0 0 0 1 0 1 0 0 1 0 0], predicted support = [0 1 1 0 0 0 0 0 1 0 0 0 0 1 0 0 0 0 0 0 0 0 1 0 1 0 0 0 0 0])
INFO - 04/10/26 20:33:36 - 1:27:01 - Epoch 27 metrics | train_loss: 0.905633 | train_acc1: 50.914207 | train_acc2: 78.934241 | valid_xe_loss: 2.037659 | valid_acc1: 25.207674 | valid_acc2: 30.528085
INFO - 04/10/26 20:33:36 - 1:27:01 - __log__:{"train_loss": 0.9056327383028568, "train_acc1": 50.91420745361484, "train_acc2": 78.93424104286628, "epoch": 27, "valid_xe_loss": 2.0376585646520686, "valid_acc1": 25.20767405063291, "valid_acc2": 30.528085443037973}
INFO - 04/10/26 20:33:36 - 1:27:01 - Saving checkpoint to /home/yu_mcc/PQC_salsa/runs/n30_q127_h3_1m/train_gpu_proposed_ternary_h10_secret0_init0_paperlike/checkpoint.pth ...
WARNING - 04/10/26 20:33:36 - 1:27:01 - Saving encoder parameters ...
WARNING - 04/10/26 20:33:36 - 1:27:01 - Saving decoder parameters ...
WARNING - 04/10/26 20:33:36 - 1:27:01 - Saving optimizer ...
INFO - 04/10/26 20:33:36 - 1:27:02 - ============ Starting epoch 28 ... ============
INFO - 04/10/26 20:33:40 - 1:27:05 -   43800 -  139.57 equations/s -  8932.51 words/s - MEM: 1.36 GB - LOSS:  0.8784 || ACC1: 51.6059 || ACC2: 80.2734 - LR: 1.0000e-05
INFO - 04/10/26 20:33:44 - 1:27:10 -   43850 - 1317.10 equations/s - 84294.17 words/s - MEM: 1.36 GB - LOSS:  0.8879 || ACC1: 52.3125 || ACC2: 79.8750 - LR: 1.0000e-05
INFO - 04/10/26 20:33:49 - 1:27:15 -   43900 - 1279.97 equations/s - 81918.20 words/s - MEM: 1.36 GB - LOSS:  0.8780 || ACC1: 52.4688 || ACC2: 80.5781 - LR: 1.0000e-05
INFO - 04/10/26 20:33:54 - 1:27:19 -   43950 - 1311.44 equations/s - 83932.41 words/s - MEM: 1.36 GB - LOSS:  0.8761 || ACC1: 52.1406 || ACC2: 80.1406 - LR: 1.0000e-05
INFO - 04/10/26 20:34:03 - 1:27:28 -   44000 -  760.34 equations/s - 48661.85 words/s - MEM: 1.36 GB - LOSS:  0.8707 || ACC1: 52.4844 || ACC2: 80.7344 - LR: 1.0000e-05
INFO - 04/10/26 20:34:07 - 1:27:32 -   44050 - 1403.53 equations/s - 89825.93 words/s - MEM: 1.36 GB - LOSS:  0.8784 || ACC1: 51.3438 || ACC2: 80.0625 - LR: 1.0000e-05
INFO - 04/10/26 20:34:12 - 1:27:37 -   44100 - 1306.96 equations/s - 83645.62 words/s - MEM: 1.36 GB - LOSS:  0.8636 || ACC1: 52.1094 || ACC2: 80.8281 - LR: 1.0000e-05
INFO - 04/10/26 20:34:17 - 1:27:42 -   44150 - 1269.86 equations/s - 81271.23 words/s - MEM: 1.36 GB - LOSS:  0.8760 || ACC1: 52.3125 || ACC2: 80.2969 - LR: 1.0000e-05
INFO - 04/10/26 20:34:22 - 1:27:47 -   44200 - 1289.34 equations/s - 82517.53 words/s - MEM: 1.36 GB - LOSS:  0.8793 || ACC1: 51.9531 || ACC2: 79.9219 - LR: 1.0000e-05
INFO - 04/10/26 20:34:27 - 1:27:52 -   44250 - 1355.56 equations/s - 86755.72 words/s - MEM: 1.36 GB - LOSS:  0.8702 || ACC1: 51.8906 || ACC2: 80.4219 - LR: 1.0000e-05
INFO - 04/10/26 20:34:35 - 1:28:01 -   44300 -  750.39 equations/s - 48024.92 words/s - MEM: 1.36 GB - LOSS:  0.8743 || ACC1: 51.6250 || ACC2: 79.8125 - LR: 1.0000e-05
INFO - 04/10/26 20:34:40 - 1:28:06 -   44350 - 1279.25 equations/s - 81872.17 words/s - MEM: 1.36 GB - LOSS:  0.8701 || ACC1: 52.5469 || ACC2: 80.5469 - LR: 1.0000e-05
INFO - 04/10/26 20:34:45 - 1:28:11 -   44400 - 1294.41 equations/s - 82841.93 words/s - MEM: 1.36 GB - LOSS:  0.8619 || ACC1: 52.3750 || ACC2: 81.2188 - LR: 1.0000e-05
INFO - 04/10/26 20:34:50 - 1:28:16 -   44450 - 1281.56 equations/s - 82020.13 words/s - MEM: 1.36 GB - LOSS:  0.8610 || ACC1: 52.0469 || ACC2: 80.7656 - LR: 1.0000e-05
INFO - 04/10/26 20:34:55 - 1:28:20 -   44500 - 1358.32 equations/s - 86932.20 words/s - MEM: 1.36 GB - LOSS:  0.8595 || ACC1: 53.4219 || ACC2: 80.9062 - LR: 1.0000e-05
INFO - 04/10/26 20:35:00 - 1:28:25 -   44550 - 1307.29 equations/s - 83666.26 words/s - MEM: 1.36 GB - LOSS:  0.8602 || ACC1: 52.9531 || ACC2: 80.8438 - LR: 1.0000e-05
INFO - 04/10/26 20:35:05 - 1:28:30 -   44600 - 1371.71 equations/s - 87789.39 words/s - MEM: 1.36 GB - LOSS:  0.8545 || ACC1: 52.4062 || ACC2: 81.1875 - LR: 1.0000e-05
INFO - 04/10/26 20:35:13 - 1:28:38 -   44650 -  759.70 equations/s - 48620.80 words/s - MEM: 1.36 GB - LOSS:  0.8522 || ACC1: 52.9219 || ACC2: 81.3281 - LR: 1.0000e-05
INFO - 04/10/26 20:35:18 - 1:28:43 -   44700 - 1274.25 equations/s - 81551.93 words/s - MEM: 1.36 GB - LOSS:  0.8597 || ACC1: 52.5625 || ACC2: 81.0000 - LR: 1.0000e-05
INFO - 04/10/26 20:35:23 - 1:28:48 -   44750 - 1260.56 equations/s - 80675.90 words/s - MEM: 1.36 GB - LOSS:  0.8507 || ACC1: 51.8281 || ACC2: 81.4219 - LR: 1.0000e-05
INFO - 04/10/26 20:35:28 - 1:28:53 -   44800 - 1296.51 equations/s - 82976.60 words/s - MEM: 1.36 GB - LOSS:  0.8398 || ACC1: 53.7500 || ACC2: 82.1250 - LR: 1.0000e-05
INFO - 04/10/26 20:35:33 - 1:28:58 -   44850 - 1299.35 equations/s - 83158.70 words/s - MEM: 1.36 GB - LOSS:  0.8607 || ACC1: 52.1406 || ACC2: 81.1250 - LR: 1.0000e-05
INFO - 04/10/26 20:35:38 - 1:29:03 -   44900 - 1260.00 equations/s - 80640.30 words/s - MEM: 1.36 GB - LOSS:  0.8405 || ACC1: 53.2812 || ACC2: 82.2344 - LR: 1.0000e-05
INFO - 04/10/26 20:35:43 - 1:29:08 -   44950 - 1318.74 equations/s - 84399.06 words/s - MEM: 1.36 GB - LOSS:  0.8401 || ACC1: 54.2500 || ACC2: 82.3438 - LR: 1.0000e-05
INFO - 04/10/26 20:35:51 - 1:29:16 -   45000 -  767.27 equations/s - 49105.56 words/s - MEM: 1.36 GB - LOSS:  0.8531 || ACC1: 53.2344 || ACC2: 81.2188 - LR: 1.0000e-05
INFO - 04/10/26 20:35:56 - 1:29:21 -   45050 - 1292.23 equations/s - 82702.73 words/s - MEM: 1.36 GB - LOSS:  0.8545 || ACC1: 53.0000 || ACC2: 81.3438 - LR: 1.0000e-05
INFO - 04/10/26 20:36:01 - 1:29:26 -   45100 - 1313.99 equations/s - 84095.45 words/s - MEM: 1.36 GB - LOSS:  0.8465 || ACC1: 53.2969 || ACC2: 82.0781 - LR: 1.0000e-05
INFO - 04/10/26 20:36:06 - 1:29:31 -   45150 - 1293.02 equations/s - 82753.45 words/s - MEM: 1.36 GB - LOSS:  0.8396 || ACC1: 53.1875 || ACC2: 81.9219 - LR: 1.0000e-05
INFO - 04/10/26 20:36:11 - 1:29:36 -   45200 - 1340.26 equations/s - 85776.88 words/s - MEM: 1.36 GB - LOSS:  0.8309 || ACC1: 54.8906 || ACC2: 82.5156 - LR: 1.0000e-05
INFO - 04/10/26 20:36:16 - 1:29:41 -   45250 - 1310.91 equations/s - 83898.03 words/s - MEM: 1.36 GB - LOSS:  0.8396 || ACC1: 53.2188 || ACC2: 82.3594 - LR: 1.0000e-05
INFO - 04/10/26 20:36:24 - 1:29:49 -   45300 -  774.04 equations/s - 49538.29 words/s - MEM: 1.36 GB - LOSS:  0.8346 || ACC1: 53.6094 || ACC2: 82.0312 - LR: 1.0000e-05
INFO - 04/10/26 20:36:27 - 1:29:52 -   45327 - 1338.94 equations/s - 85692.26 words/s - MEM: 1.36 GB - LOSS:  0.8447 || ACC1: 54.3981 || ACC2: 80.9896 - LR: 1.0000e-05
INFO - 04/10/26 20:36:27 - 1:29:52 - ============ End of epoch 28 ============
INFO - 04/10/26 20:36:27 - 1:29:52 - Starting Distinguisher Method
INFO - 04/10/26 20:36:40 - 1:30:05 - Distinguishing 0s using the emd. 
INFO - 04/10/26 20:36:40 - 1:30:05 - Distinguishing +/-1s using the emd. 
INFO - 04/10/26 20:36:40 - 1:30:05 - Real secret: -1: {np.int64(2), np.int64(27), np.int64(12)}, 1: {np.int64(0), np.int64(1), np.int64(5), np.int64(13), np.int64(14), np.int64(22), np.int64(24)}
INFO - 04/10/26 20:36:40 - 1:30:05 - Nonzero bits not identified. Guess: [ 5 22 12  0 26  1 10 13  2 27]
INFO - 04/10/26 20:36:40 - 1:30:05 - Distinguishing +/-1s using the mean. 
INFO - 04/10/26 20:36:40 - 1:30:05 - Real secret: -1: {np.int64(2), np.int64(27), np.int64(12)}, 1: {np.int64(0), np.int64(1), np.int64(5), np.int64(13), np.int64(14), np.int64(22), np.int64(24)}
INFO - 04/10/26 20:36:40 - 1:30:05 - Nonzero bits not identified. Guess: [ 5 22 12  0 26  1 10 13  2 27]
INFO - 04/10/26 20:36:40 - 1:30:05 - Distinguishing 0s using the mean. 
INFO - 04/10/26 20:36:40 - 1:30:05 - Distinguishing +/-1s using the emd. 
INFO - 04/10/26 20:36:40 - 1:30:05 - Real secret: -1: {np.int64(2), np.int64(27), np.int64(12)}, 1: {np.int64(0), np.int64(1), np.int64(5), np.int64(13), np.int64(14), np.int64(22), np.int64(24)}
INFO - 04/10/26 20:36:40 - 1:30:05 - Distinguishing +/-1s using the mean. 
INFO - 04/10/26 20:36:40 - 1:30:05 - Real secret: -1: {np.int64(2), np.int64(27), np.int64(12)}, 1: {np.int64(0), np.int64(1), np.int64(5), np.int64(13), np.int64(14), np.int64(22), np.int64(24)}
INFO - 04/10/26 20:36:40 - 1:30:05 - Starting Direct Method
INFO - 04/10/26 20:36:40 - 1:30:05 - Direct:  K=46
INFO - 04/10/26 20:36:40 - 1:30:05 - Direct:  K=82
INFO - 04/10/26 20:36:40 - 1:30:06 - Direct:  K=74
INFO - 04/10/26 20:36:41 - 1:30:06 - Direct:  K=56
INFO - 04/10/26 20:36:41 - 1:30:06 - Direct:  K=46
INFO - 04/10/26 20:36:41 - 1:30:06 - Direct:  K=46
INFO - 04/10/26 20:36:41 - 1:30:06 - Direct:  K=66
INFO - 04/10/26 20:36:41 - 1:30:06 - Direct:  K=39
INFO - 04/10/26 20:36:41 - 1:30:06 - Direct:  K=57
INFO - 04/10/26 20:36:41 - 1:30:07 - Direct:  K=80
INFO - 04/10/26 20:36:42 - 1:30:07 - Direct:  K=70
INFO - 04/10/26 20:36:42 - 1:30:07 - Direct:  K=85
INFO - 04/10/26 20:36:42 - 1:30:07 - Direct:  K=66
INFO - 04/10/26 20:36:42 - 1:30:07 - Direct:  K=40
INFO - 04/10/26 20:36:42 - 1:30:07 - Direct:  K=35
INFO - 04/10/26 20:36:42 - 1:30:07 - Direct: secret not predicted. (true secret = [ 1  1 -1  0  0  1  0  0  0  0  0  0 -1  1  1  0  0  0  0  0  0  0  1  0
                                       1  0  0 -1  0  0], predicted secret = [0 0 0 0 0 0 0 0 1 1 0 0 0 0 1 0 0 0 0 0 1 1 1 0 0 0 0 0 0 0], true support = [1 1 1 0 0 1 0 0 0 0 0 0 1 1 1 0 0 0 0 0 0 0 1 0 1 0 0 1 0 0], predicted support = [0 0 0 0 0 0 0 0 1 1 0 0 0 0 1 0 0 0 0 0 1 1 1 0 0 0 0 0 0 0])
INFO - 04/10/26 20:36:51 - 1:30:17 - CA: secret not predicted. (true secret = [ 1  1 -1  0  0  1  0  0  0  0  0  0 -1  1  1  0  0  0  0  0  0  0  1  0
                                       1  0  0 -1  0  0], predicted secret = [1 1 0 0 0 0 0 0 0 0 0 0 1 1 0 0 0 0 0 0 0 0 1 0 1 0 0 0 0 0], true support = [1 1 1 0 0 1 0 0 0 0 0 0 1 1 1 0 0 0 0 0 0 0 1 0 1 0 0 1 0 0], predicted support = [1 1 0 0 0 0 0 0 0 0 0 0 1 1 0 0 0 0 0 0 0 0 1 0 1 0 0 0 0 0])
INFO - 04/10/26 20:36:51 - 1:30:17 - CA: secret not predicted. (true secret = [ 1  1 -1  0  0  1  0  0  0  0  0  0 -1  1  1  0  0  0  0  0  0  0  1  0
                                       1  0  0 -1  0  0], predicted secret = [1 0 0 0 1 0 0 0 0 0 1 0 0 0 0 0 0 0 0 1 1 0 0 0 0 0 0 0 0 1], true support = [1 1 1 0 0 1 0 0 0 0 0 0 1 1 1 0 0 0 0 0 0 0 1 0 1 0 0 1 0 0], predicted support = [1 0 0 0 1 0 0 0 0 0 1 0 0 0 0 0 0 0 0 1 1 0 0 0 0 0 0 0 0 1])
INFO - 04/10/26 20:36:51 - 1:30:17 - Hybrid: direct, ca
INFO - 04/10/26 20:36:51 - 1:30:17 - direct, ca - Sum Normalized: secret not predicted. (true secret = [ 1  1 -1  0  0  1  0  0  0  0  0  0 -1  1  1  0  0  0  0  0  0  0  1  0
                                       1  0  0 -1  0  0], predicted secret = [1 0 0 0 0 0 0 0 1 0 0 0 0 1 0 0 0 0 0 0 1 0 1 0 1 0 0 0 0 0], true support = [1 1 1 0 0 1 0 0 0 0 0 0 1 1 1 0 0 0 0 0 0 0 1 0 1 0 0 1 0 0], predicted support = [1 0 0 0 0 0 0 0 1 0 0 0 0 1 0 0 0 0 0 0 1 0 1 0 1 0 0 0 0 0])
INFO - 04/10/26 20:36:51 - 1:30:17 - direct, ca - Max Normalized: secret not predicted. (true secret = [ 1  1 -1  0  0  1  0  0  0  0  0  0 -1  1  1  0  0  0  0  0  0  0  1  0
                                       1  0  0 -1  0  0], predicted secret = [1 0 0 0 0 0 0 0 1 0 0 0 0 1 0 0 0 0 0 0 0 0 1 0 1 0 0 0 0 1], true support = [1 1 1 0 0 1 0 0 0 0 0 0 1 1 1 0 0 0 0 0 0 0 1 0 1 0 0 1 0 0], predicted support = [1 0 0 0 0 0 0 0 1 0 0 0 0 1 0 0 0 0 0 0 0 0 1 0 1 0 0 0 0 1])
INFO - 04/10/26 20:36:51 - 1:30:17 - direct, ca - Sum Rank: secret not predicted. (true secret = [ 1  1 -1  0  0  1  0  0  0  0  0  0 -1  1  1  0  0  0  0  0  0  0  1  0
                                       1  0  0 -1  0  0], predicted secret = [0 0 0 0 1 0 0 0 1 1 0 0 0 1 0 0 0 0 0 0 1 0 1 0 0 0 0 0 0 0], true support = [1 1 1 0 0 1 0 0 0 0 0 0 1 1 1 0 0 0 0 0 0 0 1 0 1 0 0 1 0 0], predicted support = [0 0 0 0 1 0 0 0 1 1 0 0 0 1 0 0 0 0 0 0 1 0 1 0 0 0 0 0 0 0])
INFO - 04/10/26 20:36:51 - 1:30:17 - direct, ca - Max Rank: secret not predicted. (true secret = [ 1  1 -1  0  0  1  0  0  0  0  0  0 -1  1  1  0  0  0  0  0  0  0  1  0
                                       1  0  0 -1  0  0], predicted secret = [1 0 0 0 0 0 0 0 1 0 0 0 0 1 0 0 0 0 0 0 0 1 1 0 1 0 0 0 0 0], true support = [1 1 1 0 0 1 0 0 0 0 0 0 1 1 1 0 0 0 0 0 0 0 1 0 1 0 0 1 0 0], predicted support = [1 0 0 0 0 0 0 0 1 0 0 0 0 1 0 0 0 0 0 0 0 1 1 0 1 0 0 0 0 0])
INFO - 04/10/26 20:36:51 - 1:30:17 - Hybrid: direct, distinguisher
INFO - 04/10/26 20:36:51 - 1:30:17 - direct, distinguisher - Sum Normalized: secret not predicted. (true secret = [ 1  1 -1  0  0  1  0  0  0  0  0  0 -1  1  1  0  0  0  0  0  0  0  1  0
                                       1  0  0 -1  0  0], predicted secret = [0 1 0 0 0 1 0 0 0 0 0 0 1 1 1 0 0 0 0 0 0 0 1 0 0 0 0 0 0 0], true support = [1 1 1 0 0 1 0 0 0 0 0 0 1 1 1 0 0 0 0 0 0 0 1 0 1 0 0 1 0 0], predicted support = [0 1 0 0 0 1 0 0 0 0 0 0 1 1 1 0 0 0 0 0 0 0 1 0 0 0 0 0 0 0])
INFO - 04/10/26 20:36:51 - 1:30:17 - direct, distinguisher - Max Normalized: secret not predicted. (true secret = [ 1  1 -1  0  0  1  0  0  0  0  0  0 -1  1  1  0  0  0  0  0  0  0  1  0
                                       1  0  0 -1  0  0], predicted secret = [0 1 1 0 0 0 0 0 0 0 0 0 1 1 0 0 0 0 0 0 0 0 1 0 0 0 0 1 0 0], true support = [1 1 1 0 0 1 0 0 0 0 0 0 1 1 1 0 0 0 0 0 0 0 1 0 1 0 0 1 0 0], predicted support = [0 1 1 0 0 0 0 0 0 0 0 0 1 1 0 0 0 0 0 0 0 0 1 0 0 0 0 1 0 0])
INFO - 04/10/26 20:36:51 - 1:30:17 - direct, distinguisher - Sum Rank: secret not predicted. (true secret = [ 1  1 -1  0  0  1  0  0  0  0  0  0 -1  1  1  0  0  0  0  0  0  0  1  0
                                       1  0  0 -1  0  0], predicted secret = [0 1 0 0 0 1 0 0 0 0 0 0 1 1 1 0 0 0 0 0 0 0 1 0 0 0 0 0 0 0], true support = [1 1 1 0 0 1 0 0 0 0 0 0 1 1 1 0 0 0 0 0 0 0 1 0 1 0 0 1 0 0], predicted support = [0 1 0 0 0 1 0 0 0 0 0 0 1 1 1 0 0 0 0 0 0 0 1 0 0 0 0 0 0 0])
INFO - 04/10/26 20:36:51 - 1:30:17 - direct, distinguisher - Max Rank: secret not predicted. (true secret = [ 1  1 -1  0  0  1  0  0  0  0  0  0 -1  1  1  0  0  0  0  0  0  0  1  0
                                       1  0  0 -1  0  0], predicted secret = [0 0 1 0 0 0 0 0 1 0 0 0 0 1 0 0 0 0 0 0 0 1 1 0 0 0 0 1 0 0], true support = [1 1 1 0 0 1 0 0 0 0 0 0 1 1 1 0 0 0 0 0 0 0 1 0 1 0 0 1 0 0], predicted support = [0 0 1 0 0 0 0 0 1 0 0 0 0 1 0 0 0 0 0 0 0 1 1 0 0 0 0 1 0 0])
INFO - 04/10/26 20:36:51 - 1:30:17 - Hybrid: ca, distinguisher
INFO - 04/10/26 20:36:51 - 1:30:17 - ca, distinguisher - Sum Normalized: secret not predicted. (true secret = [ 1  1 -1  0  0  1  0  0  0  0  0  0 -1  1  1  0  0  0  0  0  0  0  1  0
                                       1  0  0 -1  0  0], predicted secret = [1 0 1 0 0 0 0 0 0 0 0 0 1 1 0 0 0 0 0 0 0 0 1 0 1 0 0 0 0 0], true support = [1 1 1 0 0 1 0 0 0 0 0 0 1 1 1 0 0 0 0 0 0 0 1 0 1 0 0 1 0 0], predicted support = [1 0 1 0 0 0 0 0 0 0 0 0 1 1 0 0 0 0 0 0 0 0 1 0 1 0 0 0 0 0])
INFO - 04/10/26 20:36:51 - 1:30:17 - ca, distinguisher - Max Normalized: secret not predicted. (true secret = [ 1  1 -1  0  0  1  0  0  0  0  0  0 -1  1  1  0  0  0  0  0  0  0  1  0
                                       1  0  0 -1  0  0], predicted secret = [1 0 1 0 0 0 0 0 0 0 0 0 0 1 0 0 0 0 0 0 0 0 1 0 1 0 0 1 0 0], true support = [1 1 1 0 0 1 0 0 0 0 0 0 1 1 1 0 0 0 0 0 0 0 1 0 1 0 0 1 0 0], predicted support = [1 0 1 0 0 0 0 0 0 0 0 0 0 1 0 0 0 0 0 0 0 0 1 0 1 0 0 1 0 0])
INFO - 04/10/26 20:36:51 - 1:30:17 - ca, distinguisher - Sum Rank: secret not predicted. (true secret = [ 1  1 -1  0  0  1  0  0  0  0  0  0 -1  1  1  0  0  0  0  0  0  0  1  0
                                       1  0  0 -1  0  0], predicted secret = [1 1 0 0 0 0 0 0 0 0 0 0 1 1 0 0 0 0 0 0 0 0 1 0 1 0 0 0 0 0], true support = [1 1 1 0 0 1 0 0 0 0 0 0 1 1 1 0 0 0 0 0 0 0 1 0 1 0 0 1 0 0], predicted support = [1 1 0 0 0 0 0 0 0 0 0 0 1 1 0 0 0 0 0 0 0 0 1 0 1 0 0 0 0 0])
INFO - 04/10/26 20:36:51 - 1:30:17 - ca, distinguisher - Max Rank: secret not predicted. (true secret = [ 1  1 -1  0  0  1  0  0  0  0  0  0 -1  1  1  0  0  0  0  0  0  0  1  0
                                       1  0  0 -1  0  0], predicted secret = [1 0 1 0 0 0 0 0 0 0 0 0 1 1 0 0 0 0 0 0 0 0 0 0 1 0 0 1 0 0], true support = [1 1 1 0 0 1 0 0 0 0 0 0 1 1 1 0 0 0 0 0 0 0 1 0 1 0 0 1 0 0], predicted support = [1 0 1 0 0 0 0 0 0 0 0 0 1 1 0 0 0 0 0 0 0 0 0 0 1 0 0 1 0 0])
INFO - 04/10/26 20:36:51 - 1:30:17 - Hybrid: direct, ca, distinguisher
INFO - 04/10/26 20:36:51 - 1:30:17 - direct, ca, distinguisher - Sum Normalized: secret not predicted. (true secret = [ 1  1 -1  0  0  1  0  0  0  0  0  0 -1  1  1  0  0  0  0  0  0  0  1  0
                                       1  0  0 -1  0  0], predicted secret = [1 0 0 0 0 1 0 0 0 0 0 0 1 1 0 0 0 0 0 0 0 0 1 0 1 0 0 0 0 0], true support = [1 1 1 0 0 1 0 0 0 0 0 0 1 1 1 0 0 0 0 0 0 0 1 0 1 0 0 1 0 0], predicted support = [1 0 0 0 0 1 0 0 0 0 0 0 1 1 0 0 0 0 0 0 0 0 1 0 1 0 0 0 0 0])
INFO - 04/10/26 20:36:51 - 1:30:17 - direct, ca, distinguisher - Max Normalized: secret not predicted. (true secret = [ 1  1 -1  0  0  1  0  0  0  0  0  0 -1  1  1  0  0  0  0  0  0  0  1  0
                                       1  0  0 -1  0  0], predicted secret = [1 0 1 0 0 0 0 0 0 0 0 0 0 1 0 0 0 0 0 0 0 0 1 0 1 0 0 1 0 0], true support = [1 1 1 0 0 1 0 0 0 0 0 0 1 1 1 0 0 0 0 0 0 0 1 0 1 0 0 1 0 0], predicted support = [1 0 1 0 0 0 0 0 0 0 0 0 0 1 0 0 0 0 0 0 0 0 1 0 1 0 0 1 0 0])
INFO - 04/10/26 20:36:51 - 1:30:17 - direct, ca, distinguisher - Sum Rank: secret not predicted. (true secret = [ 1  1 -1  0  0  1  0  0  0  0  0  0 -1  1  1  0  0  0  0  0  0  0  1  0
                                       1  0  0 -1  0  0], predicted secret = [0 1 0 0 0 1 0 0 0 0 0 0 1 1 0 0 0 0 0 0 0 0 1 0 1 0 0 0 0 0], true support = [1 1 1 0 0 1 0 0 0 0 0 0 1 1 1 0 0 0 0 0 0 0 1 0 1 0 0 1 0 0], predicted support = [0 1 0 0 0 1 0 0 0 0 0 0 1 1 0 0 0 0 0 0 0 0 1 0 1 0 0 0 0 0])
INFO - 04/10/26 20:36:51 - 1:30:17 - direct, ca, distinguisher - Max Rank: secret not predicted. (true secret = [ 1  1 -1  0  0  1  0  0  0  0  0  0 -1  1  1  0  0  0  0  0  0  0  1  0
                                       1  0  0 -1  0  0], predicted secret = [1 0 0 0 0 0 0 0 1 0 0 0 0 1 0 0 0 0 0 0 0 0 1 0 1 0 0 1 0 0], true support = [1 1 1 0 0 1 0 0 0 0 0 0 1 1 1 0 0 0 0 0 0 0 1 0 1 0 0 1 0 0], predicted support = [1 0 0 0 0 0 0 0 1 0 0 0 0 1 0 0 0 0 0 0 0 0 1 0 1 0 0 1 0 0])
INFO - 04/10/26 20:36:51 - 1:30:17 - Epoch 28 metrics | train_loss: 0.859012 | train_acc1: 52.722129 | train_acc2: 81.085053 | valid_xe_loss: 2.123674 | valid_acc1: 24.416535 | valid_acc2: 29.054589
INFO - 04/10/26 20:36:51 - 1:30:17 - __log__:{"train_loss": 0.8590117268507402, "train_acc1": 52.722128918746, "train_acc2": 81.0850527831094, "epoch": 28, "valid_xe_loss": 2.123673864557773, "valid_acc1": 24.41653481012658, "valid_acc2": 29.054588607594937}
INFO - 04/10/26 20:36:51 - 1:30:17 - Saving checkpoint to /home/yu_mcc/PQC_salsa/runs/n30_q127_h3_1m/train_gpu_proposed_ternary_h10_secret0_init0_paperlike/checkpoint.pth ...
WARNING - 04/10/26 20:36:51 - 1:30:17 - Saving encoder parameters ...
WARNING - 04/10/26 20:36:51 - 1:30:17 - Saving decoder parameters ...
WARNING - 04/10/26 20:36:51 - 1:30:17 - Saving optimizer ...
INFO - 04/10/26 20:36:52 - 1:30:17 - ============ Starting epoch 29 ... ============
INFO - 04/10/26 20:36:54 - 1:30:19 -   45350 -  107.79 equations/s -  6898.49 words/s - MEM: 1.36 GB - LOSS:  0.8383 || ACC1: 52.7853 || ACC2: 81.1821 - LR: 1.0000e-05
INFO - 04/10/26 20:37:02 - 1:30:28 -   45400 -  752.24 equations/s - 48143.06 words/s - MEM: 1.36 GB - LOSS:  0.8347 || ACC1: 52.8125 || ACC2: 82.0312 - LR: 1.0000e-05
INFO - 04/10/26 20:37:07 - 1:30:33 -   45450 - 1284.02 equations/s - 82177.18 words/s - MEM: 1.36 GB - LOSS:  0.8281 || ACC1: 53.4844 || ACC2: 82.1406 - LR: 1.0000e-05
INFO - 04/10/26 20:37:12 - 1:30:38 -   45500 - 1265.70 equations/s - 81004.72 words/s - MEM: 1.36 GB - LOSS:  0.8293 || ACC1: 54.2188 || ACC2: 82.5312 - LR: 1.0000e-05
INFO - 04/10/26 20:37:17 - 1:30:42 -   45550 - 1339.64 equations/s - 85736.95 words/s - MEM: 1.36 GB - LOSS:  0.8255 || ACC1: 54.1719 || ACC2: 82.2969 - LR: 1.0000e-05
INFO - 04/10/26 20:37:22 - 1:30:47 -   45600 - 1307.96 equations/s - 83709.40 words/s - MEM: 1.36 GB - LOSS:  0.8273 || ACC1: 54.1875 || ACC2: 82.7812 - LR: 1.0000e-05
INFO - 04/10/26 20:37:27 - 1:30:52 -   45650 - 1357.04 equations/s - 86850.57 words/s - MEM: 1.36 GB - LOSS:  0.8263 || ACC1: 54.5312 || ACC2: 82.7969 - LR: 1.0000e-05
INFO - 04/10/26 20:37:35 - 1:31:00 -   45700 -  758.26 equations/s - 48528.92 words/s - MEM: 1.36 GB - LOSS:  0.8185 || ACC1: 54.5156 || ACC2: 82.7812 - LR: 1.0000e-05
INFO - 04/10/26 20:37:40 - 1:31:05 -   45750 - 1342.22 equations/s - 85902.22 words/s - MEM: 1.36 GB - LOSS:  0.8201 || ACC1: 53.5469 || ACC2: 82.6406 - LR: 1.0000e-05
INFO - 04/10/26 20:37:45 - 1:31:10 -   45800 - 1298.21 equations/s - 83085.63 words/s - MEM: 1.36 GB - LOSS:  0.8243 || ACC1: 53.4219 || ACC2: 82.3750 - LR: 1.0000e-05
INFO - 04/10/26 20:37:50 - 1:31:15 -   45850 - 1341.06 equations/s - 85827.65 words/s - MEM: 1.36 GB - LOSS:  0.8161 || ACC1: 54.4375 || ACC2: 83.3750 - LR: 1.0000e-05
INFO - 04/10/26 20:37:55 - 1:31:20 -   45900 - 1288.79 equations/s - 82482.24 words/s - MEM: 1.36 GB - LOSS:  0.8103 || ACC1: 54.6406 || ACC2: 83.6094 - LR: 1.0000e-05
INFO - 04/10/26 20:38:00 - 1:31:25 -   45950 - 1327.59 equations/s - 84965.48 words/s - MEM: 1.36 GB - LOSS:  0.8147 || ACC1: 53.7969 || ACC2: 82.8281 - LR: 1.0000e-05
INFO - 04/10/26 20:38:04 - 1:31:30 -   46000 - 1324.43 equations/s - 84763.54 words/s - MEM: 1.36 GB - LOSS:  0.8193 || ACC1: 54.6406 || ACC2: 82.8906 - LR: 1.0000e-05
INFO - 04/10/26 20:38:13 - 1:31:38 -   46050 -  743.46 equations/s - 47581.57 words/s - MEM: 1.36 GB - LOSS:  0.8243 || ACC1: 54.3438 || ACC2: 82.2500 - LR: 1.0000e-05
INFO - 04/10/26 20:38:18 - 1:31:43 -   46100 - 1319.83 equations/s - 84469.31 words/s - MEM: 1.36 GB - LOSS:  0.8098 || ACC1: 54.6250 || ACC2: 83.2656 - LR: 1.0000e-05
INFO - 04/10/26 20:38:23 - 1:31:48 -   46150 - 1288.37 equations/s - 82455.88 words/s - MEM: 1.36 GB - LOSS:  0.8062 || ACC1: 55.0938 || ACC2: 83.7031 - LR: 1.0000e-05
INFO - 04/10/26 20:38:28 - 1:31:53 -   46200 - 1275.54 equations/s - 81634.79 words/s - MEM: 1.36 GB - LOSS:  0.8076 || ACC1: 54.3906 || ACC2: 83.0781 - LR: 1.0000e-05
INFO - 04/10/26 20:38:33 - 1:31:58 -   46250 - 1329.68 equations/s - 85099.20 words/s - MEM: 1.36 GB - LOSS:  0.8025 || ACC1: 54.5781 || ACC2: 83.6250 - LR: 1.0000e-05
INFO - 04/10/26 20:38:37 - 1:32:02 -   46300 - 1365.50 equations/s - 87392.10 words/s - MEM: 1.36 GB - LOSS:  0.8023 || ACC1: 55.1250 || ACC2: 83.4062 - LR: 1.0000e-05
INFO - 04/10/26 20:38:42 - 1:32:07 -   46350 - 1274.58 equations/s - 81572.82 words/s - MEM: 1.36 GB - LOSS:  0.8019 || ACC1: 53.7656 || ACC2: 83.8438 - LR: 1.0000e-05
INFO - 04/10/26 20:38:51 - 1:32:16 -   46400 -  776.77 equations/s - 49713.01 words/s - MEM: 1.36 GB - LOSS:  0.8115 || ACC1: 53.8594 || ACC2: 83.5000 - LR: 1.0000e-05
INFO - 04/10/26 20:38:55 - 1:32:21 -   46450 - 1313.36 equations/s - 84054.94 words/s - MEM: 1.36 GB - LOSS:  0.8154 || ACC1: 53.9062 || ACC2: 83.2500 - LR: 1.0000e-05
INFO - 04/10/26 20:39:00 - 1:32:25 -   46500 - 1334.66 equations/s - 85418.24 words/s - MEM: 1.36 GB - LOSS:  0.7996 || ACC1: 54.2031 || ACC2: 84.4688 - LR: 1.0000e-05
INFO - 04/10/26 20:39:05 - 1:32:30 -   46550 - 1339.40 equations/s - 85721.73 words/s - MEM: 1.36 GB - LOSS:  0.8061 || ACC1: 54.2188 || ACC2: 83.3594 - LR: 1.0000e-05
INFO - 04/10/26 20:39:10 - 1:32:35 -   46600 - 1327.14 equations/s - 84936.70 words/s - MEM: 1.36 GB - LOSS:  0.8040 || ACC1: 53.6875 || ACC2: 83.7188 - LR: 1.0000e-05
INFO - 04/10/26 20:39:15 - 1:32:40 -   46650 - 1284.35 equations/s - 82198.41 words/s - MEM: 1.36 GB - LOSS:  0.7967 || ACC1: 55.2031 || ACC2: 84.0938 - LR: 1.0000e-05
INFO - 04/10/26 20:39:23 - 1:32:48 -   46700 -  758.70 equations/s - 48556.52 words/s - MEM: 1.36 GB - LOSS:  0.7959 || ACC1: 54.9844 || ACC2: 83.7812 - LR: 1.0000e-05
INFO - 04/10/26 20:39:28 - 1:32:53 -   46750 - 1325.41 equations/s - 84826.44 words/s - MEM: 1.36 GB - LOSS:  0.7907 || ACC1: 55.5625 || ACC2: 84.2500 - LR: 1.0000e-05
INFO - 04/10/26 20:39:33 - 1:32:58 -   46800 - 1288.08 equations/s - 82437.12 words/s - MEM: 1.36 GB - LOSS:  0.8066 || ACC1: 53.4844 || ACC2: 83.4844 - LR: 1.0000e-05
INFO - 04/10/26 20:39:38 - 1:33:03 -   46850 - 1319.07 equations/s - 84420.66 words/s - MEM: 1.36 GB - LOSS:  0.7891 || ACC1: 54.1719 || ACC2: 84.4219 - LR: 1.0000e-05
INFO - 04/10/26 20:39:42 - 1:33:07 -   46890 - 1350.92 equations/s - 86458.76 words/s - MEM: 1.36 GB - LOSS:  0.8042 || ACC1: 54.2969 || ACC2: 84.1602 - LR: 1.0000e-05
INFO - 04/10/26 20:39:42 - 1:33:07 - ============ End of epoch 29 ============
INFO - 04/10/26 20:39:42 - 1:33:07 - Starting Distinguisher Method
INFO - 04/10/26 20:39:58 - 1:33:23 - Distinguishing 0s using the emd. 
INFO - 04/10/26 20:39:58 - 1:33:23 - Distinguishing +/-1s using the emd. 
INFO - 04/10/26 20:39:58 - 1:33:23 - Real secret: -1: {np.int64(2), np.int64(27), np.int64(12)}, 1: {np.int64(0), np.int64(1), np.int64(5), np.int64(13), np.int64(14), np.int64(22), np.int64(24)}
INFO - 04/10/26 20:39:58 - 1:33:23 - Nonzero bits not identified. Guess: [ 1 29  5 13 26 12 14  2 24 27]
INFO - 04/10/26 20:39:58 - 1:33:23 - Distinguishing +/-1s using the mean. 
INFO - 04/10/26 20:39:58 - 1:33:23 - Real secret: -1: {np.int64(2), np.int64(27), np.int64(12)}, 1: {np.int64(0), np.int64(1), np.int64(5), np.int64(13), np.int64(14), np.int64(22), np.int64(24)}
INFO - 04/10/26 20:39:58 - 1:33:23 - Nonzero bits not identified. Guess: [ 1 29  5 13 26 12 14  2 24 27]
INFO - 04/10/26 20:39:58 - 1:33:23 - Distinguishing 0s using the mean. 
INFO - 04/10/26 20:39:58 - 1:33:23 - Distinguishing +/-1s using the emd. 
INFO - 04/10/26 20:39:58 - 1:33:23 - Real secret: -1: {np.int64(2), np.int64(27), np.int64(12)}, 1: {np.int64(0), np.int64(1), np.int64(5), np.int64(13), np.int64(14), np.int64(22), np.int64(24)}
INFO - 04/10/26 20:39:58 - 1:33:23 - Distinguishing +/-1s using the mean. 
INFO - 04/10/26 20:39:58 - 1:33:23 - Real secret: -1: {np.int64(2), np.int64(27), np.int64(12)}, 1: {np.int64(0), np.int64(1), np.int64(5), np.int64(13), np.int64(14), np.int64(22), np.int64(24)}
INFO - 04/10/26 20:39:58 - 1:33:23 - Starting Direct Method
INFO - 04/10/26 20:39:58 - 1:33:23 - Direct:  K=82
INFO - 04/10/26 20:39:58 - 1:33:23 - Direct:  K=41
INFO - 04/10/26 20:39:58 - 1:33:23 - Direct:  K=79
INFO - 04/10/26 20:39:58 - 1:33:23 - Direct:  K=57
INFO - 04/10/26 20:39:58 - 1:33:23 - Direct:  K=86
INFO - 04/10/26 20:39:58 - 1:33:24 - Direct:  K=61
INFO - 04/10/26 20:39:59 - 1:33:24 - Direct:  K=53
INFO - 04/10/26 20:39:59 - 1:33:24 - Direct:  K=84
INFO - 04/10/26 20:39:59 - 1:33:24 - Direct:  K=62
INFO - 04/10/26 20:39:59 - 1:33:24 - Direct:  K=81
INFO - 04/10/26 20:39:59 - 1:33:24 - Direct:  K=78
INFO - 04/10/26 20:39:59 - 1:33:24 - Direct:  K=41
INFO - 04/10/26 20:39:59 - 1:33:25 - Direct:  K=53
INFO - 04/10/26 20:40:00 - 1:33:25 - Direct:  K=52
INFO - 04/10/26 20:40:00 - 1:33:25 - Direct:  K=47
INFO - 04/10/26 20:40:00 - 1:33:25 - Direct: secret not predicted. (true secret = [ 1  1 -1  0  0  1  0  0  0  0  0  0 -1  1  1  0  0  0  0  0  0  0  1  0
                                       1  0  0 -1  0  0], predicted secret = [0 0 0 0 0 0 0 0 1 0 0 0 1 1 1 0 0 0 0 0 0 0 1 0 0 0 1 0 0 0], true support = [1 1 1 0 0 1 0 0 0 0 0 0 1 1 1 0 0 0 0 0 0 0 1 0 1 0 0 1 0 0], predicted support = [0 0 0 0 0 0 0 0 1 0 0 0 1 1 1 0 0 0 0 0 0 0 1 0 0 0 1 0 0 0])
INFO - 04/10/26 20:40:09 - 1:33:34 - CA: secret not predicted. (true secret = [ 1  1 -1  0  0  1  0  0  0  0  0  0 -1  1  1  0  0  0  0  0  0  0  1  0
                                       1  0  0 -1  0  0], predicted secret = [1 1 1 0 0 0 0 0 0 0 0 0 0 1 0 0 0 0 0 0 0 0 1 0 1 0 0 0 0 0], true support = [1 1 1 0 0 1 0 0 0 0 0 0 1 1 1 0 0 0 0 0 0 0 1 0 1 0 0 1 0 0], predicted support = [1 1 1 0 0 0 0 0 0 0 0 0 0 1 0 0 0 0 0 0 0 0 1 0 1 0 0 0 0 0])
INFO - 04/10/26 20:40:09 - 1:33:34 - CA: secret not predicted. (true secret = [ 1  1 -1  0  0  1  0  0  0  0  0  0 -1  1  1  0  0  0  0  0  0  0  1  0
                                       1  0  0 -1  0  0], predicted secret = [1 0 0 0 1 0 0 0 0 0 1 0 0 0 0 0 0 0 0 1 1 0 0 0 0 0 0 0 0 1], true support = [1 1 1 0 0 1 0 0 0 0 0 0 1 1 1 0 0 0 0 0 0 0 1 0 1 0 0 1 0 0], predicted support = [1 0 0 0 1 0 0 0 0 0 1 0 0 0 0 0 0 0 0 1 1 0 0 0 0 0 0 0 0 1])
INFO - 04/10/26 20:40:09 - 1:33:34 - Hybrid: direct, ca
INFO - 04/10/26 20:40:09 - 1:33:34 - direct, ca - Sum Normalized: secret not predicted. (true secret = [ 1  1 -1  0  0  1  0  0  0  0  0  0 -1  1  1  0  0  0  0  0  0  0  1  0
                                       1  0  0 -1  0  0], predicted secret = [1 0 0 0 0 0 0 0 1 0 0 0 1 1 0 0 0 0 0 0 0 0 1 0 1 0 0 0 0 0], true support = [1 1 1 0 0 1 0 0 0 0 0 0 1 1 1 0 0 0 0 0 0 0 1 0 1 0 0 1 0 0], predicted support = [1 0 0 0 0 0 0 0 1 0 0 0 1 1 0 0 0 0 0 0 0 0 1 0 1 0 0 0 0 0])
INFO - 04/10/26 20:40:09 - 1:33:34 - direct, ca - Max Normalized: secret not predicted. (true secret = [ 1  1 -1  0  0  1  0  0  0  0  0  0 -1  1  1  0  0  0  0  0  0  0  1  0
                                       1  0  0 -1  0  0], predicted secret = [1 0 0 0 0 0 0 0 1 0 0 0 0 1 0 0 0 0 0 0 0 0 1 0 1 0 0 0 0 1], true support = [1 1 1 0 0 1 0 0 0 0 0 0 1 1 1 0 0 0 0 0 0 0 1 0 1 0 0 1 0 0], predicted support = [1 0 0 0 0 0 0 0 1 0 0 0 0 1 0 0 0 0 0 0 0 0 1 0 1 0 0 0 0 1])
INFO - 04/10/26 20:40:09 - 1:33:34 - direct, ca - Sum Rank: secret not predicted. (true secret = [ 1  1 -1  0  0  1  0  0  0  0  0  0 -1  1  1  0  0  0  0  0  0  0  1  0
                                       1  0  0 -1  0  0], predicted secret = [1 0 0 0 0 0 0 0 0 1 0 0 1 1 0 0 0 0 0 0 0 0 1 0 1 0 0 0 0 0], true support = [1 1 1 0 0 1 0 0 0 0 0 0 1 1 1 0 0 0 0 0 0 0 1 0 1 0 0 1 0 0], predicted support = [1 0 0 0 0 0 0 0 0 1 0 0 1 1 0 0 0 0 0 0 0 0 1 0 1 0 0 0 0 0])
INFO - 04/10/26 20:40:09 - 1:33:34 - direct, ca - Max Rank: secret not predicted. (true secret = [ 1  1 -1  0  0  1  0  0  0  0  0  0 -1  1  1  0  0  0  0  0  0  0  1  0
                                       1  0  0 -1  0  0], predicted secret = [1 0 0 0 0 0 0 0 1 0 0 0 1 1 0 0 0 0 0 0 0 0 1 0 1 0 0 0 0 0], true support = [1 1 1 0 0 1 0 0 0 0 0 0 1 1 1 0 0 0 0 0 0 0 1 0 1 0 0 1 0 0], predicted support = [1 0 0 0 0 0 0 0 1 0 0 0 1 1 0 0 0 0 0 0 0 0 1 0 1 0 0 0 0 0])
INFO - 04/10/26 20:40:09 - 1:33:34 - Hybrid: direct, distinguisher
INFO - 04/10/26 20:40:09 - 1:33:34 - direct, distinguisher - Sum Normalized: secret not predicted. (true secret = [ 1  1 -1  0  0  1  0  0  0  0  0  0 -1  1  1  0  0  0  0  0  0  0  1  0
                                       1  0  0 -1  0  0], predicted secret = [0 0 0 0 0 0 0 0 1 0 0 0 1 1 1 0 0 0 0 0 0 0 1 0 1 0 0 0 0 0], true support = [1 1 1 0 0 1 0 0 0 0 0 0 1 1 1 0 0 0 0 0 0 0 1 0 1 0 0 1 0 0], predicted support = [0 0 0 0 0 0 0 0 1 0 0 0 1 1 1 0 0 0 0 0 0 0 1 0 1 0 0 0 0 0])
INFO - 04/10/26 20:40:09 - 1:33:34 - direct, distinguisher - Max Normalized: secret not predicted. (true secret = [ 1  1 -1  0  0  1  0  0  0  0  0  0 -1  1  1  0  0  0  0  0  0  0  1  0
                                       1  0  0 -1  0  0], predicted secret = [0 0 1 0 0 0 0 0 1 0 0 0 1 0 1 0 0 0 0 0 0 0 1 0 0 0 0 1 0 0], true support = [1 1 1 0 0 1 0 0 0 0 0 0 1 1 1 0 0 0 0 0 0 0 1 0 1 0 0 1 0 0], predicted support = [0 0 1 0 0 0 0 0 1 0 0 0 1 0 1 0 0 0 0 0 0 0 1 0 0 0 0 1 0 0])
INFO - 04/10/26 20:40:09 - 1:33:34 - direct, distinguisher - Sum Rank: secret not predicted. (true secret = [ 1  1 -1  0  0  1  0  0  0  0  0  0 -1  1  1  0  0  0  0  0  0  0  1  0
                                       1  0  0 -1  0  0], predicted secret = [0 1 0 0 0 0 0 0 0 0 0 0 1 1 1 0 0 0 0 0 0 0 1 0 1 0 0 0 0 0], true support = [1 1 1 0 0 1 0 0 0 0 0 0 1 1 1 0 0 0 0 0 0 0 1 0 1 0 0 1 0 0], predicted support = [0 1 0 0 0 0 0 0 0 0 0 0 1 1 1 0 0 0 0 0 0 0 1 0 1 0 0 0 0 0])
INFO - 04/10/26 20:40:09 - 1:33:34 - direct, distinguisher - Max Rank: secret not predicted. (true secret = [ 1  1 -1  0  0  1  0  0  0  0  0  0 -1  1  1  0  0  0  0  0  0  0  1  0
                                       1  0  0 -1  0  0], predicted secret = [0 0 1 0 0 0 0 0 1 0 0 0 1 0 1 0 0 0 0 0 0 0 1 0 0 0 0 1 0 0], true support = [1 1 1 0 0 1 0 0 0 0 0 0 1 1 1 0 0 0 0 0 0 0 1 0 1 0 0 1 0 0], predicted support = [0 0 1 0 0 0 0 0 1 0 0 0 1 0 1 0 0 0 0 0 0 0 1 0 0 0 0 1 0 0])
INFO - 04/10/26 20:40:09 - 1:33:34 - Hybrid: ca, distinguisher
INFO - 04/10/26 20:40:09 - 1:33:34 - ca, distinguisher - Sum Normalized: secret not predicted. (true secret = [ 1  1 -1  0  0  1  0  0  0  0  0  0 -1  1  1  0  0  0  0  0  0  0  1  0
                                       1  0  0 -1  0  0], predicted secret = [1 0 1 0 0 0 0 0 0 0 0 0 1 1 0 0 0 0 0 0 0 0 1 0 1 0 0 0 0 0], true support = [1 1 1 0 0 1 0 0 0 0 0 0 1 1 1 0 0 0 0 0 0 0 1 0 1 0 0 1 0 0], predicted support = [1 0 1 0 0 0 0 0 0 0 0 0 1 1 0 0 0 0 0 0 0 0 1 0 1 0 0 0 0 0])
INFO - 04/10/26 20:40:09 - 1:33:34 - ca, distinguisher - Max Normalized: secret not predicted. (true secret = [ 1  1 -1  0  0  1  0  0  0  0  0  0 -1  1  1  0  0  0  0  0  0  0  1  0
                                       1  0  0 -1  0  0], predicted secret = [0 0 1 0 0 0 0 0 0 0 0 0 1 1 1 0 0 0 0 0 0 0 0 0 1 0 0 1 0 0], true support = [1 1 1 0 0 1 0 0 0 0 0 0 1 1 1 0 0 0 0 0 0 0 1 0 1 0 0 1 0 0], predicted support = [0 0 1 0 0 0 0 0 0 0 0 0 1 1 1 0 0 0 0 0 0 0 0 0 1 0 0 1 0 0])
INFO - 04/10/26 20:40:09 - 1:33:34 - ca, distinguisher - Sum Rank: secret not predicted. (true secret = [ 1  1 -1  0  0  1  0  0  0  0  0  0 -1  1  1  0  0  0  0  0  0  0  1  0
                                       1  0  0 -1  0  0], predicted secret = [1 0 1 0 0 0 0 0 0 0 0 0 1 1 0 0 0 0 0 0 0 0 1 0 1 0 0 0 0 0], true support = [1 1 1 0 0 1 0 0 0 0 0 0 1 1 1 0 0 0 0 0 0 0 1 0 1 0 0 1 0 0], predicted support = [1 0 1 0 0 0 0 0 0 0 0 0 1 1 0 0 0 0 0 0 0 0 1 0 1 0 0 0 0 0])
INFO - 04/10/26 20:40:09 - 1:33:34 - ca, distinguisher - Max Rank: secret not predicted. (true secret = [ 1  1 -1  0  0  1  0  0  0  0  0  0 -1  1  1  0  0  0  0  0  0  0  1  0
                                       1  0  0 -1  0  0], predicted secret = [1 0 1 0 0 0 0 0 0 0 0 0 1 1 0 0 0 0 0 0 0 0 0 0 1 0 0 1 0 0], true support = [1 1 1 0 0 1 0 0 0 0 0 0 1 1 1 0 0 0 0 0 0 0 1 0 1 0 0 1 0 0], predicted support = [1 0 1 0 0 0 0 0 0 0 0 0 1 1 0 0 0 0 0 0 0 0 0 0 1 0 0 1 0 0])
INFO - 04/10/26 20:40:09 - 1:33:34 - Hybrid: direct, ca, distinguisher
INFO - 04/10/26 20:40:09 - 1:33:34 - direct, ca, distinguisher - Sum Normalized: secret not predicted. (true secret = [ 1  1 -1  0  0  1  0  0  0  0  0  0 -1  1  1  0  0  0  0  0  0  0  1  0
                                       1  0  0 -1  0  0], predicted secret = [1 0 0 0 0 0 0 0 0 0 0 0 1 1 1 0 0 0 0 0 0 0 1 0 1 0 0 0 0 0], true support = [1 1 1 0 0 1 0 0 0 0 0 0 1 1 1 0 0 0 0 0 0 0 1 0 1 0 0 1 0 0], predicted support = [1 0 0 0 0 0 0 0 0 0 0 0 1 1 1 0 0 0 0 0 0 0 1 0 1 0 0 0 0 0])
INFO - 04/10/26 20:40:09 - 1:33:34 - direct, ca, distinguisher - Max Normalized: secret not predicted. (true secret = [ 1  1 -1  0  0  1  0  0  0  0  0  0 -1  1  1  0  0  0  0  0  0  0  1  0
                                       1  0  0 -1  0  0], predicted secret = [0 0 1 0 0 0 0 0 0 0 0 0 1 1 0 0 0 0 0 0 0 0 1 0 1 0 0 1 0 0], true support = [1 1 1 0 0 1 0 0 0 0 0 0 1 1 1 0 0 0 0 0 0 0 1 0 1 0 0 1 0 0], predicted support = [0 0 1 0 0 0 0 0 0 0 0 0 1 1 0 0 0 0 0 0 0 0 1 0 1 0 0 1 0 0])
INFO - 04/10/26 20:40:09 - 1:33:34 - direct, ca, distinguisher - Sum Rank: secret not predicted. (true secret = [ 1  1 -1  0  0  1  0  0  0  0  0  0 -1  1  1  0  0  0  0  0  0  0  1  0
                                       1  0  0 -1  0  0], predicted secret = [1 1 0 0 0 0 0 0 0 0 0 0 1 1 0 0 0 0 0 0 0 0 1 0 1 0 0 0 0 0], true support = [1 1 1 0 0 1 0 0 0 0 0 0 1 1 1 0 0 0 0 0 0 0 1 0 1 0 0 1 0 0], predicted support = [1 1 0 0 0 0 0 0 0 0 0 0 1 1 0 0 0 0 0 0 0 0 1 0 1 0 0 0 0 0])
INFO - 04/10/26 20:40:09 - 1:33:34 - direct, ca, distinguisher - Max Rank: secret not predicted. (true secret = [ 1  1 -1  0  0  1  0  0  0  0  0  0 -1  1  1  0  0  0  0  0  0  0  1  0
                                       1  0  0 -1  0  0], predicted secret = [0 0 1 0 0 0 0 0 1 0 0 0 0 1 0 0 0 0 0 0 0 0 1 0 1 0 0 1 0 0], true support = [1 1 1 0 0 1 0 0 0 0 0 0 1 1 1 0 0 0 0 0 0 0 1 0 1 0 0 1 0 0], predicted support = [0 0 1 0 0 0 0 0 1 0 0 0 0 1 0 0 0 0 0 0 0 0 1 0 1 0 0 1 0 0])
INFO - 04/10/26 20:40:09 - 1:33:34 - Epoch 29 metrics | train_loss: 0.812336 | train_acc1: 54.233145 | train_acc2: 83.213372 | valid_xe_loss: 2.157747 | valid_acc1: 24.347310 | valid_acc2: 29.638054
INFO - 04/10/26 20:40:09 - 1:33:34 - __log__:{"train_loss": 0.812336286900521, "train_acc1": 54.23314539347409, "train_acc2": 83.21337172104927, "epoch": 29, "valid_xe_loss": 2.1577467918395996, "valid_acc1": 24.34731012658228, "valid_acc2": 29.638053797468356}
INFO - 04/10/26 20:40:09 - 1:33:34 - Saving checkpoint to /home/yu_mcc/PQC_salsa/runs/n30_q127_h3_1m/train_gpu_proposed_ternary_h10_secret0_init0_paperlike/checkpoint.pth ...
WARNING - 04/10/26 20:40:09 - 1:33:34 - Saving encoder parameters ...
WARNING - 04/10/26 20:40:09 - 1:33:34 - Saving decoder parameters ...
WARNING - 04/10/26 20:40:09 - 1:33:34 - Saving optimizer ...
INFO - 04/10/26 20:40:10 - 1:33:35 - ============ Starting epoch 30 ... ============
INFO - 04/10/26 20:40:11 - 1:33:36 -   46900 -   44.13 equations/s -  2824.29 words/s - MEM: 1.36 GB - LOSS:  0.7807 || ACC1: 56.4844 || ACC2: 84.7656 - LR: 1.0000e-05
INFO - 04/10/26 20:40:16 - 1:33:41 -   46950 - 1278.48 equations/s - 81822.51 words/s - MEM: 1.36 GB - LOSS:  0.7890 || ACC1: 56.9844 || ACC2: 84.2188 - LR: 1.0000e-05
INFO - 04/10/26 20:40:21 - 1:33:46 -   47000 - 1260.21 equations/s - 80653.64 words/s - MEM: 1.36 GB - LOSS:  0.7856 || ACC1: 54.9688 || ACC2: 84.0156 - LR: 1.0000e-05
INFO - 04/10/26 20:40:26 - 1:33:51 -   47050 - 1315.56 equations/s - 84195.65 words/s - MEM: 1.36 GB - LOSS:  0.7823 || ACC1: 56.1875 || ACC2: 84.5312 - LR: 1.0000e-05
INFO - 04/10/26 20:40:34 - 1:33:59 -   47100 -  766.04 equations/s - 49026.30 words/s - MEM: 1.36 GB - LOSS:  0.7874 || ACC1: 55.9531 || ACC2: 84.7344 - LR: 1.0000e-05
INFO - 04/10/26 20:40:39 - 1:34:04 -   47150 - 1322.37 equations/s - 84631.39 words/s - MEM: 1.36 GB - LOSS:  0.7853 || ACC1: 55.0156 || ACC2: 83.8906 - LR: 1.0000e-05
INFO - 04/10/26 20:40:44 - 1:34:09 -   47200 - 1270.56 equations/s - 81315.96 words/s - MEM: 1.36 GB - LOSS:  0.7817 || ACC1: 55.1250 || ACC2: 84.3906 - LR: 1.0000e-05
INFO - 04/10/26 20:40:49 - 1:34:14 -   47250 - 1286.51 equations/s - 82336.41 words/s - MEM: 1.36 GB - LOSS:  0.7840 || ACC1: 55.2344 || ACC2: 84.5000 - LR: 1.0000e-05
INFO - 04/10/26 20:40:54 - 1:34:19 -   47300 - 1307.29 equations/s - 83666.37 words/s - MEM: 1.36 GB - LOSS:  0.7847 || ACC1: 55.1250 || ACC2: 83.9375 - LR: 1.0000e-05
INFO - 04/10/26 20:40:59 - 1:34:24 -   47350 - 1333.82 equations/s - 85364.52 words/s - MEM: 1.36 GB - LOSS:  0.7764 || ACC1: 56.5469 || ACC2: 84.3438 - LR: 1.0000e-05
INFO - 04/10/26 20:41:04 - 1:34:29 -   47400 - 1268.29 equations/s - 81170.71 words/s - MEM: 1.36 GB - LOSS:  0.7736 || ACC1: 56.1094 || ACC2: 85.4375 - LR: 1.0000e-05
INFO - 04/10/26 20:41:12 - 1:34:37 -   47450 -  739.62 equations/s - 47335.68 words/s - MEM: 1.36 GB - LOSS:  0.7666 || ACC1: 56.6719 || ACC2: 85.2031 - LR: 1.0000e-05
INFO - 04/10/26 20:41:17 - 1:34:42 -   47500 - 1358.78 equations/s - 86961.70 words/s - MEM: 1.36 GB - LOSS:  0.7708 || ACC1: 55.3750 || ACC2: 85.0312 - LR: 1.0000e-05
INFO - 04/10/26 20:41:22 - 1:34:47 -   47550 - 1359.77 equations/s - 87025.47 words/s - MEM: 1.36 GB - LOSS:  0.7616 || ACC1: 56.9375 || ACC2: 85.3281 - LR: 1.0000e-05
INFO - 04/10/26 20:41:26 - 1:34:51 -   47600 - 1394.24 equations/s - 89231.04 words/s - MEM: 1.36 GB - LOSS:  0.7677 || ACC1: 55.5625 || ACC2: 85.6875 - LR: 1.0000e-05
INFO - 04/10/26 20:41:31 - 1:34:56 -   47650 - 1397.95 equations/s - 89468.54 words/s - MEM: 1.36 GB - LOSS:  0.7736 || ACC1: 55.6875 || ACC2: 85.1719 - LR: 1.0000e-05
INFO - 04/10/26 20:41:35 - 1:35:00 -   47700 - 1440.82 equations/s - 92212.23 words/s - MEM: 1.36 GB - LOSS:  0.7710 || ACC1: 56.3125 || ACC2: 85.4844 - LR: 1.0000e-05
INFO - 04/10/26 20:41:40 - 1:35:05 -   47750 - 1504.97 equations/s - 96318.16 words/s - MEM: 1.36 GB - LOSS:  0.7553 || ACC1: 56.6250 || ACC2: 85.7812 - LR: 1.0000e-05
INFO - 04/10/26 20:41:48 - 1:35:13 -   47800 -  791.54 equations/s - 50658.50 words/s - MEM: 1.36 GB - LOSS:  0.7602 || ACC1: 56.4062 || ACC2: 85.2031 - LR: 1.0000e-05
INFO - 04/10/26 20:41:52 - 1:35:17 -   47850 - 1447.43 equations/s - 92635.59 words/s - MEM: 1.36 GB - LOSS:  0.7570 || ACC1: 56.9844 || ACC2: 85.7812 - LR: 1.0000e-05
INFO - 04/10/26 20:41:57 - 1:35:22 -   47900 - 1354.31 equations/s - 86675.98 words/s - MEM: 1.36 GB - LOSS:  0.7672 || ACC1: 57.0312 || ACC2: 85.7344 - LR: 1.0000e-05
INFO - 04/10/26 20:42:01 - 1:35:27 -   47950 - 1362.23 equations/s - 87183.02 words/s - MEM: 1.36 GB - LOSS:  0.7642 || ACC1: 57.6875 || ACC2: 85.8125 - LR: 1.0000e-05
INFO - 04/10/26 20:42:06 - 1:35:31 -   48000 - 1347.82 equations/s - 86260.16 words/s - MEM: 1.36 GB - LOSS:  0.7525 || ACC1: 57.5312 || ACC2: 85.7812 - LR: 1.0000e-05
INFO - 04/10/26 20:42:11 - 1:35:36 -   48050 - 1355.54 equations/s - 86754.42 words/s - MEM: 1.36 GB - LOSS:  0.7626 || ACC1: 56.0469 || ACC2: 84.4531 - LR: 1.0000e-05
INFO - 04/10/26 20:42:16 - 1:35:41 -   48100 - 1402.93 equations/s - 89787.81 words/s - MEM: 1.36 GB - LOSS:  0.7606 || ACC1: 56.4688 || ACC2: 86.3281 - LR: 1.0000e-05
INFO - 04/10/26 20:42:24 - 1:35:49 -   48150 -  762.34 equations/s - 48790.04 words/s - MEM: 1.36 GB - LOSS:  0.7621 || ACC1: 55.9688 || ACC2: 84.9688 - LR: 1.0000e-05
INFO - 04/10/26 20:42:28 - 1:35:53 -   48200 - 1441.53 equations/s - 92257.97 words/s - MEM: 1.36 GB - LOSS:  0.7492 || ACC1: 56.5156 || ACC2: 86.7500 - LR: 1.0000e-05
INFO - 04/10/26 20:42:33 - 1:35:58 -   48250 - 1424.45 equations/s - 91164.62 words/s - MEM: 1.36 GB - LOSS:  0.7514 || ACC1: 56.3906 || ACC2: 85.6094 - LR: 1.0000e-05
INFO - 04/10/26 20:42:37 - 1:36:03 -   48300 - 1388.44 equations/s - 88860.47 words/s - MEM: 1.36 GB - LOSS:  0.7482 || ACC1: 56.5625 || ACC2: 86.0312 - LR: 1.0000e-05
INFO - 04/10/26 20:42:42 - 1:36:07 -   48350 - 1395.09 equations/s - 89285.60 words/s - MEM: 1.36 GB - LOSS:  0.7445 || ACC1: 57.4062 || ACC2: 85.9375 - LR: 1.0000e-05
INFO - 04/10/26 20:42:47 - 1:36:12 -   48400 - 1429.11 equations/s - 91463.14 words/s - MEM: 1.36 GB - LOSS:  0.7443 || ACC1: 56.9688 || ACC2: 86.1875 - LR: 1.0000e-05
INFO - 04/10/26 20:42:51 - 1:36:16 -   48450 - 1331.30 equations/s - 85203.12 words/s - MEM: 1.36 GB - LOSS:  0.7443 || ACC1: 57.0625 || ACC2: 86.4375 - LR: 1.0000e-05
INFO - 04/10/26 20:42:52 - 1:36:17 -   48453 - 2073.31 equations/s - 132692.11 words/s - MEM: 1.36 GB - LOSS:  0.7423 || ACC1: 53.9062 || ACC2: 88.5417 - LR: 1.0000e-05
INFO - 04/10/26 20:42:52 - 1:36:17 - ============ End of epoch 30 ============
INFO - 04/10/26 20:42:52 - 1:36:17 - Starting Distinguisher Method
INFO - 04/10/26 20:43:06 - 1:36:31 - Distinguishing 0s using the emd. 
INFO - 04/10/26 20:43:06 - 1:36:31 - Distinguishing +/-1s using the emd. 
INFO - 04/10/26 20:43:06 - 1:36:31 - Real secret: -1: {np.int64(2), np.int64(27), np.int64(12)}, 1: {np.int64(0), np.int64(1), np.int64(5), np.int64(13), np.int64(14), np.int64(22), np.int64(24)}
INFO - 04/10/26 20:43:06 - 1:36:31 - Nonzero bits not identified. Guess: [22 18  5 13 12 14  2 27  1 24]
INFO - 04/10/26 20:43:06 - 1:36:31 - Distinguishing +/-1s using the mean. 
INFO - 04/10/26 20:43:06 - 1:36:31 - Real secret: -1: {np.int64(2), np.int64(27), np.int64(12)}, 1: {np.int64(0), np.int64(1), np.int64(5), np.int64(13), np.int64(14), np.int64(22), np.int64(24)}
INFO - 04/10/26 20:43:06 - 1:36:31 - Nonzero bits not identified. Guess: [22 18  5 13 12 14  2 27  1 24]
INFO - 04/10/26 20:43:06 - 1:36:31 - Distinguishing 0s using the mean. 
INFO - 04/10/26 20:43:06 - 1:36:31 - Distinguishing +/-1s using the emd. 
INFO - 04/10/26 20:43:06 - 1:36:31 - Real secret: -1: {np.int64(2), np.int64(27), np.int64(12)}, 1: {np.int64(0), np.int64(1), np.int64(5), np.int64(13), np.int64(14), np.int64(22), np.int64(24)}
INFO - 04/10/26 20:43:06 - 1:36:31 - Distinguishing +/-1s using the mean. 
INFO - 04/10/26 20:43:06 - 1:36:31 - Real secret: -1: {np.int64(2), np.int64(27), np.int64(12)}, 1: {np.int64(0), np.int64(1), np.int64(5), np.int64(13), np.int64(14), np.int64(22), np.int64(24)}
INFO - 04/10/26 20:43:06 - 1:36:31 - Starting Direct Method
INFO - 04/10/26 20:43:06 - 1:36:31 - Direct:  K=94
INFO - 04/10/26 20:43:06 - 1:36:31 - Direct:  K=33
INFO - 04/10/26 20:43:06 - 1:36:32 - Direct:  K=52
INFO - 04/10/26 20:43:06 - 1:36:32 - Direct:  K=69
INFO - 04/10/26 20:43:07 - 1:36:32 - Direct:  K=74
INFO - 04/10/26 20:43:07 - 1:36:32 - Direct:  K=84
INFO - 04/10/26 20:43:07 - 1:36:32 - Direct:  K=40
INFO - 04/10/26 20:43:07 - 1:36:32 - Direct:  K=90
INFO - 04/10/26 20:43:07 - 1:36:32 - Direct:  K=63
INFO - 04/10/26 20:43:07 - 1:36:32 - Direct:  K=40
INFO - 04/10/26 20:43:07 - 1:36:32 - Direct:  K=58
INFO - 04/10/26 20:43:07 - 1:36:33 - Direct:  K=80
INFO - 04/10/26 20:43:07 - 1:36:33 - Direct:  K=72
INFO - 04/10/26 20:43:08 - 1:36:33 - Direct:  K=31
INFO - 04/10/26 20:43:08 - 1:36:33 - Direct:  K=88
INFO - 04/10/26 20:43:08 - 1:36:33 - Direct: secret not predicted. (true secret = [ 1  1 -1  0  0  1  0  0  0  0  0  0 -1  1  1  0  0  0  0  0  0  0  1  0
                                       1  0  0 -1  0  0], predicted secret = [1 1 0 0 0 0 0 0 1 0 0 0 0 0 1 0 0 0 0 0 0 1 0 0 1 0 0 0 0 0], true support = [1 1 1 0 0 1 0 0 0 0 0 0 1 1 1 0 0 0 0 0 0 0 1 0 1 0 0 1 0 0], predicted support = [1 1 0 0 0 0 0 0 1 0 0 0 0 0 1 0 0 0 0 0 0 1 0 0 1 0 0 0 0 0])
INFO - 04/10/26 20:43:17 - 1:36:42 - CA: secret not predicted. (true secret = [ 1  1 -1  0  0  1  0  0  0  0  0  0 -1  1  1  0  0  0  0  0  0  0  1  0
                                       1  0  0 -1  0  0], predicted secret = [1 1 1 0 0 0 0 0 0 0 0 0 0 1 0 0 0 0 0 0 0 0 1 0 1 0 0 0 0 0], true support = [1 1 1 0 0 1 0 0 0 0 0 0 1 1 1 0 0 0 0 0 0 0 1 0 1 0 0 1 0 0], predicted support = [1 1 1 0 0 0 0 0 0 0 0 0 0 1 0 0 0 0 0 0 0 0 1 0 1 0 0 0 0 0])
INFO - 04/10/26 20:43:17 - 1:36:42 - CA: secret not predicted. (true secret = [ 1  1 -1  0  0  1  0  0  0  0  0  0 -1  1  1  0  0  0  0  0  0  0  1  0
                                       1  0  0 -1  0  0], predicted secret = [1 0 0 0 1 0 0 0 0 0 1 0 0 0 0 0 0 0 0 1 1 0 0 0 0 0 0 0 0 1], true support = [1 1 1 0 0 1 0 0 0 0 0 0 1 1 1 0 0 0 0 0 0 0 1 0 1 0 0 1 0 0], predicted support = [1 0 0 0 1 0 0 0 0 0 1 0 0 0 0 0 0 0 0 1 1 0 0 0 0 0 0 0 0 1])
INFO - 04/10/26 20:43:17 - 1:36:42 - Hybrid: direct, ca
INFO - 04/10/26 20:43:17 - 1:36:42 - direct, ca - Sum Normalized: secret not predicted. (true secret = [ 1  1 -1  0  0  1  0  0  0  0  0  0 -1  1  1  0  0  0  0  0  0  0  1  0
                                       1  0  0 -1  0  0], predicted secret = [1 0 0 0 0 0 0 0 1 0 0 0 0 1 1 0 0 0 0 0 0 1 0 0 1 0 0 0 0 0], true support = [1 1 1 0 0 1 0 0 0 0 0 0 1 1 1 0 0 0 0 0 0 0 1 0 1 0 0 1 0 0], predicted support = [1 0 0 0 0 0 0 0 1 0 0 0 0 1 1 0 0 0 0 0 0 1 0 0 1 0 0 0 0 0])
INFO - 04/10/26 20:43:17 - 1:36:42 - direct, ca - Max Normalized: secret not predicted. (true secret = [ 1  1 -1  0  0  1  0  0  0  0  0  0 -1  1  1  0  0  0  0  0  0  0  1  0
                                       1  0  0 -1  0  0], predicted secret = [1 0 0 0 0 0 0 0 0 0 0 0 0 1 1 0 0 0 0 0 0 1 1 0 1 0 0 0 0 0], true support = [1 1 1 0 0 1 0 0 0 0 0 0 1 1 1 0 0 0 0 0 0 0 1 0 1 0 0 1 0 0], predicted support = [1 0 0 0 0 0 0 0 0 0 0 0 0 1 1 0 0 0 0 0 0 1 1 0 1 0 0 0 0 0])
INFO - 04/10/26 20:43:17 - 1:36:42 - direct, ca - Sum Rank: secret not predicted. (true secret = [ 1  1 -1  0  0  1  0  0  0  0  0  0 -1  1  1  0  0  0  0  0  0  0  1  0
                                       1  0  0 -1  0  0], predicted secret = [1 1 0 0 1 0 0 0 0 0 1 0 0 1 0 0 0 0 0 0 0 0 0 0 1 0 0 0 0 0], true support = [1 1 1 0 0 1 0 0 0 0 0 0 1 1 1 0 0 0 0 0 0 0 1 0 1 0 0 1 0 0], predicted support = [1 1 0 0 1 0 0 0 0 0 1 0 0 1 0 0 0 0 0 0 0 0 0 0 1 0 0 0 0 0])
INFO - 04/10/26 20:43:17 - 1:36:42 - direct, ca - Max Rank: secret not predicted. (true secret = [ 1  1 -1  0  0  1  0  0  0  0  0  0 -1  1  1  0  0  0  0  0  0  0  1  0
                                       1  0  0 -1  0  0], predicted secret = [1 0 0 0 0 0 0 0 1 0 0 0 0 1 1 0 0 0 0 0 0 1 0 0 1 0 0 0 0 0], true support = [1 1 1 0 0 1 0 0 0 0 0 0 1 1 1 0 0 0 0 0 0 0 1 0 1 0 0 1 0 0], predicted support = [1 0 0 0 0 0 0 0 1 0 0 0 0 1 1 0 0 0 0 0 0 1 0 0 1 0 0 0 0 0])
INFO - 04/10/26 20:43:17 - 1:36:42 - Hybrid: direct, distinguisher
INFO - 04/10/26 20:43:17 - 1:36:42 - direct, distinguisher - Sum Normalized: secret not predicted. (true secret = [ 1  1 -1  0  0  1  0  0  0  0  0  0 -1  1  1  0  0  0  0  0  0  0  1  0
                                       1  0  0 -1  0  0], predicted secret = [0 1 0 0 0 1 0 0 0 0 0 0 0 1 1 0 0 0 0 0 0 1 0 0 1 0 0 0 0 0], true support = [1 1 1 0 0 1 0 0 0 0 0 0 1 1 1 0 0 0 0 0 0 0 1 0 1 0 0 1 0 0], predicted support = [0 1 0 0 0 1 0 0 0 0 0 0 0 1 1 0 0 0 0 0 0 1 0 0 1 0 0 0 0 0])
INFO - 04/10/26 20:43:17 - 1:36:42 - direct, distinguisher - Max Normalized: secret not predicted. (true secret = [ 1  1 -1  0  0  1  0  0  0  0  0  0 -1  1  1  0  0  0  0  0  0  0  1  0
                                       1  0  0 -1  0  0], predicted secret = [0 1 1 0 0 0 0 0 0 0 0 0 0 1 1 0 0 0 0 0 0 1 0 0 0 0 0 1 0 0], true support = [1 1 1 0 0 1 0 0 0 0 0 0 1 1 1 0 0 0 0 0 0 0 1 0 1 0 0 1 0 0], predicted support = [0 1 1 0 0 0 0 0 0 0 0 0 0 1 1 0 0 0 0 0 0 1 0 0 0 0 0 1 0 0])
INFO - 04/10/26 20:43:17 - 1:36:42 - direct, distinguisher - Sum Rank: secret not predicted. (true secret = [ 1  1 -1  0  0  1  0  0  0  0  0  0 -1  1  1  0  0  0  0  0  0  0  1  0
                                       1  0  0 -1  0  0], predicted secret = [1 1 0 0 0 0 0 0 0 0 0 0 0 1 1 0 0 0 0 0 0 1 0 0 1 0 0 0 0 0], true support = [1 1 1 0 0 1 0 0 0 0 0 0 1 1 1 0 0 0 0 0 0 0 1 0 1 0 0 1 0 0], predicted support = [1 1 0 0 0 0 0 0 0 0 0 0 0 1 1 0 0 0 0 0 0 1 0 0 1 0 0 0 0 0])
INFO - 04/10/26 20:43:17 - 1:36:42 - direct, distinguisher - Max Rank: secret not predicted. (true secret = [ 1  1 -1  0  0  1  0  0  0  0  0  0 -1  1  1  0  0  0  0  0  0  0  1  0
                                       1  0  0 -1  0  0], predicted secret = [0 1 1 0 0 0 0 0 1 0 0 0 0 0 1 0 0 0 0 0 0 1 0 0 0 0 0 1 0 0], true support = [1 1 1 0 0 1 0 0 0 0 0 0 1 1 1 0 0 0 0 0 0 0 1 0 1 0 0 1 0 0], predicted support = [0 1 1 0 0 0 0 0 1 0 0 0 0 0 1 0 0 0 0 0 0 1 0 0 0 0 0 1 0 0])
INFO - 04/10/26 20:43:17 - 1:36:42 - Hybrid: ca, distinguisher
INFO - 04/10/26 20:43:17 - 1:36:42 - ca, distinguisher - Sum Normalized: secret not predicted. (true secret = [ 1  1 -1  0  0  1  0  0  0  0  0  0 -1  1  1  0  0  0  0  0  0  0  1  0
                                       1  0  0 -1  0  0], predicted secret = [1 1 1 0 0 0 0 0 0 0 0 0 0 1 0 0 0 0 0 0 0 0 1 0 1 0 0 0 0 0], true support = [1 1 1 0 0 1 0 0 0 0 0 0 1 1 1 0 0 0 0 0 0 0 1 0 1 0 0 1 0 0], predicted support = [1 1 1 0 0 0 0 0 0 0 0 0 0 1 0 0 0 0 0 0 0 0 1 0 1 0 0 0 0 0])
INFO - 04/10/26 20:43:17 - 1:36:42 - ca, distinguisher - Max Normalized: secret not predicted. (true secret = [ 1  1 -1  0  0  1  0  0  0  0  0  0 -1  1  1  0  0  0  0  0  0  0  1  0
                                       1  0  0 -1  0  0], predicted secret = [1 1 1 0 0 0 0 0 0 0 0 0 0 1 0 0 0 0 0 0 0 0 0 0 1 0 0 1 0 0], true support = [1 1 1 0 0 1 0 0 0 0 0 0 1 1 1 0 0 0 0 0 0 0 1 0 1 0 0 1 0 0], predicted support = [1 1 1 0 0 0 0 0 0 0 0 0 0 1 0 0 0 0 0 0 0 0 0 0 1 0 0 1 0 0])
INFO - 04/10/26 20:43:17 - 1:36:42 - ca, distinguisher - Sum Rank: secret not predicted. (true secret = [ 1  1 -1  0  0  1  0  0  0  0  0  0 -1  1  1  0  0  0  0  0  0  0  1  0
                                       1  0  0 -1  0  0], predicted secret = [1 1 1 0 0 0 0 0 0 0 0 0 0 1 0 0 0 0 0 0 0 0 1 0 1 0 0 0 0 0], true support = [1 1 1 0 0 1 0 0 0 0 0 0 1 1 1 0 0 0 0 0 0 0 1 0 1 0 0 1 0 0], predicted support = [1 1 1 0 0 0 0 0 0 0 0 0 0 1 0 0 0 0 0 0 0 0 1 0 1 0 0 0 0 0])
INFO - 04/10/26 20:43:17 - 1:36:42 - ca, distinguisher - Max Rank: secret not predicted. (true secret = [ 1  1 -1  0  0  1  0  0  0  0  0  0 -1  1  1  0  0  0  0  0  0  0  1  0
                                       1  0  0 -1  0  0], predicted secret = [1 1 1 0 0 0 0 0 0 0 0 0 0 1 0 0 0 0 0 0 0 0 0 0 1 0 0 1 0 0], true support = [1 1 1 0 0 1 0 0 0 0 0 0 1 1 1 0 0 0 0 0 0 0 1 0 1 0 0 1 0 0], predicted support = [1 1 1 0 0 0 0 0 0 0 0 0 0 1 0 0 0 0 0 0 0 0 0 0 1 0 0 1 0 0])
INFO - 04/10/26 20:43:17 - 1:36:42 - Hybrid: direct, ca, distinguisher
INFO - 04/10/26 20:43:17 - 1:36:42 - direct, ca, distinguisher - Sum Normalized: secret not predicted. (true secret = [ 1  1 -1  0  0  1  0  0  0  0  0  0 -1  1  1  0  0  0  0  0  0  0  1  0
                                       1  0  0 -1  0  0], predicted secret = [1 1 0 0 0 0 0 0 0 0 0 0 0 1 1 0 0 0 0 0 0 0 1 0 1 0 0 0 0 0], true support = [1 1 1 0 0 1 0 0 0 0 0 0 1 1 1 0 0 0 0 0 0 0 1 0 1 0 0 1 0 0], predicted support = [1 1 0 0 0 0 0 0 0 0 0 0 0 1 1 0 0 0 0 0 0 0 1 0 1 0 0 0 0 0])
INFO - 04/10/26 20:43:17 - 1:36:42 - direct, ca, distinguisher - Max Normalized: secret not predicted. (true secret = [ 1  1 -1  0  0  1  0  0  0  0  0  0 -1  1  1  0  0  0  0  0  0  0  1  0
                                       1  0  0 -1  0  0], predicted secret = [0 1 1 0 0 0 0 0 0 0 0 0 0 1 0 0 0 0 0 0 0 1 0 0 1 0 0 1 0 0], true support = [1 1 1 0 0 1 0 0 0 0 0 0 1 1 1 0 0 0 0 0 0 0 1 0 1 0 0 1 0 0], predicted support = [0 1 1 0 0 0 0 0 0 0 0 0 0 1 0 0 0 0 0 0 0 1 0 0 1 0 0 1 0 0])
INFO - 04/10/26 20:43:17 - 1:36:42 - direct, ca, distinguisher - Sum Rank: secret not predicted. (true secret = [ 1  1 -1  0  0  1  0  0  0  0  0  0 -1  1  1  0  0  0  0  0  0  0  1  0
                                       1  0  0 -1  0  0], predicted secret = [1 1 1 0 0 0 0 0 0 0 0 0 0 1 1 0 0 0 0 0 0 0 0 0 1 0 0 0 0 0], true support = [1 1 1 0 0 1 0 0 0 0 0 0 1 1 1 0 0 0 0 0 0 0 1 0 1 0 0 1 0 0], predicted support = [1 1 1 0 0 0 0 0 0 0 0 0 0 1 1 0 0 0 0 0 0 0 0 0 1 0 0 0 0 0])
INFO - 04/10/26 20:43:17 - 1:36:42 - direct, ca, distinguisher - Max Rank: secret not predicted. (true secret = [ 1  1 -1  0  0  1  0  0  0  0  0  0 -1  1  1  0  0  0  0  0  0  0  1  0
                                       1  0  0 -1  0  0], predicted secret = [0 1 0 0 0 0 0 0 0 0 0 0 0 1 1 0 0 0 0 0 0 1 0 0 1 0 0 1 0 0], true support = [1 1 1 0 0 1 0 0 0 0 0 0 1 1 1 0 0 0 0 0 0 0 1 0 1 0 0 1 0 0], predicted support = [0 1 0 0 0 0 0 0 0 0 0 0 0 1 1 0 0 0 0 0 0 1 0 0 1 0 0 1 0 0])
INFO - 04/10/26 20:43:17 - 1:36:42 - Epoch 30 metrics | train_loss: 0.766662 | train_acc1: 56.301484 | train_acc2: 85.251719 | valid_xe_loss: 2.261970 | valid_acc1: 24.129747 | valid_acc2: 28.520570
INFO - 04/10/26 20:43:17 - 1:36:42 - __log__:{"train_loss": 0.7666620072156134, "train_acc1": 56.30148352527191, "train_acc2": 85.25171944977608, "epoch": 30, "valid_xe_loss": 2.261970332906216, "valid_acc1": 24.129746835443036, "valid_acc2": 28.520569620253166}
INFO - 04/10/26 20:43:17 - 1:36:42 - Saving checkpoint to /home/yu_mcc/PQC_salsa/runs/n30_q127_h3_1m/train_gpu_proposed_ternary_h10_secret0_init0_paperlike/checkpoint.pth ...
WARNING - 04/10/26 20:43:17 - 1:36:42 - Saving encoder parameters ...
WARNING - 04/10/26 20:43:17 - 1:36:42 - Saving decoder parameters ...
WARNING - 04/10/26 20:43:17 - 1:36:42 - Saving optimizer ...
INFO - 04/10/26 20:43:17 - 1:36:42 - ============ Starting epoch 31 ... ============
INFO - 04/10/26 20:43:22 - 1:36:47 -   48500 -  200.17 equations/s - 12810.91 words/s - MEM: 1.36 GB - LOSS:  0.7428 || ACC1: 57.3305 || ACC2: 86.6523 - LR: 1.0000e-05
INFO - 04/10/26 20:43:26 - 1:36:51 -   48550 - 1398.23 equations/s - 89486.82 words/s - MEM: 1.36 GB - LOSS:  0.7338 || ACC1: 58.6094 || ACC2: 86.6719 - LR: 1.0000e-05
INFO - 04/10/26 20:43:34 - 1:36:59 -   48600 -  780.78 equations/s - 49969.74 words/s - MEM: 1.36 GB - LOSS:  0.7453 || ACC1: 57.3750 || ACC2: 86.7031 - LR: 1.0000e-05
INFO - 04/10/26 20:43:39 - 1:37:04 -   48650 - 1387.67 equations/s - 88810.98 words/s - MEM: 1.36 GB - LOSS:  0.7386 || ACC1: 56.2500 || ACC2: 85.9844 - LR: 1.0000e-05
INFO - 04/10/26 20:43:44 - 1:37:09 -   48700 - 1366.31 equations/s - 87444.01 words/s - MEM: 1.36 GB - LOSS:  0.7410 || ACC1: 57.4219 || ACC2: 86.2344 - LR: 1.0000e-05
INFO - 04/10/26 20:43:48 - 1:37:14 -   48750 - 1347.72 equations/s - 86253.79 words/s - MEM: 1.36 GB - LOSS:  0.7389 || ACC1: 57.1406 || ACC2: 85.8750 - LR: 1.0000e-05
INFO - 04/10/26 20:43:53 - 1:37:18 -   48800 - 1394.93 equations/s - 89275.78 words/s - MEM: 1.36 GB - LOSS:  0.7304 || ACC1: 58.1406 || ACC2: 86.8281 - LR: 1.0000e-05
INFO - 04/10/26 20:43:57 - 1:37:23 -   48850 - 1431.14 equations/s - 91593.15 words/s - MEM: 1.36 GB - LOSS:  0.7427 || ACC1: 57.7031 || ACC2: 86.7344 - LR: 1.0000e-05
INFO - 04/10/26 20:44:02 - 1:37:27 -   48900 - 1360.74 equations/s - 87087.33 words/s - MEM: 1.36 GB - LOSS:  0.7384 || ACC1: 57.0156 || ACC2: 86.6406 - LR: 1.0000e-05
INFO - 04/10/26 20:44:11 - 1:37:36 -   48950 -  749.25 equations/s - 47951.83 words/s - MEM: 1.36 GB - LOSS:  0.7365 || ACC1: 57.2188 || ACC2: 86.4062 - LR: 1.0000e-05
INFO - 04/10/26 20:44:15 - 1:37:40 -   49000 - 1396.29 equations/s - 89362.63 words/s - MEM: 1.36 GB - LOSS:  0.7249 || ACC1: 57.9688 || ACC2: 87.2656 - LR: 1.0000e-05
INFO - 04/10/26 20:44:20 - 1:37:45 -   49050 - 1468.59 equations/s - 93989.94 words/s - MEM: 1.36 GB - LOSS:  0.7222 || ACC1: 57.8906 || ACC2: 87.0000 - LR: 1.0000e-05
INFO - 04/10/26 20:44:24 - 1:37:49 -   49100 - 1381.60 equations/s - 88422.36 words/s - MEM: 1.36 GB - LOSS:  0.7231 || ACC1: 57.7031 || ACC2: 87.0469 - LR: 1.0000e-05
INFO - 04/10/26 20:44:29 - 1:37:54 -   49150 - 1408.34 equations/s - 90134.06 words/s - MEM: 1.36 GB - LOSS:  0.7231 || ACC1: 58.7812 || ACC2: 87.2500 - LR: 1.0000e-05
INFO - 04/10/26 20:44:33 - 1:37:58 -   49200 - 1456.38 equations/s - 93208.52 words/s - MEM: 1.36 GB - LOSS:  0.7392 || ACC1: 57.0625 || ACC2: 86.6875 - LR: 1.0000e-05
INFO - 04/10/26 20:44:38 - 1:38:03 -   49250 - 1421.12 equations/s - 90951.86 words/s - MEM: 1.36 GB - LOSS:  0.7267 || ACC1: 57.8750 || ACC2: 86.5938 - LR: 1.0000e-05
INFO - 04/10/26 20:44:46 - 1:38:11 -   49300 -  792.23 equations/s - 50702.68 words/s - MEM: 1.36 GB - LOSS:  0.7251 || ACC1: 58.2969 || ACC2: 86.4688 - LR: 1.0000e-05
INFO - 04/10/26 20:44:51 - 1:38:16 -   49350 - 1356.96 equations/s - 86845.59 words/s - MEM: 1.36 GB - LOSS:  0.7338 || ACC1: 59.0938 || ACC2: 86.8594 - LR: 1.0000e-05
INFO - 04/10/26 20:44:55 - 1:38:20 -   49400 - 1369.46 equations/s - 87645.20 words/s - MEM: 1.36 GB - LOSS:  0.7092 || ACC1: 59.4375 || ACC2: 87.7500 - LR: 1.0000e-05
INFO - 04/10/26 20:45:00 - 1:38:25 -   49450 - 1378.12 equations/s - 88199.70 words/s - MEM: 1.36 GB - LOSS:  0.7169 || ACC1: 58.6094 || ACC2: 87.9531 - LR: 1.0000e-05
INFO - 04/10/26 20:45:04 - 1:38:29 -   49500 - 1437.37 equations/s - 91991.37 words/s - MEM: 1.36 GB - LOSS:  0.7226 || ACC1: 58.0938 || ACC2: 86.8281 - LR: 1.0000e-05
INFO - 04/10/26 20:45:09 - 1:38:34 -   49550 - 1383.08 equations/s - 88517.10 words/s - MEM: 1.36 GB - LOSS:  0.7112 || ACC1: 58.9531 || ACC2: 87.5469 - LR: 1.0000e-05
INFO - 04/10/26 20:45:13 - 1:38:39 -   49600 - 1393.55 equations/s - 89187.37 words/s - MEM: 1.36 GB - LOSS:  0.7215 || ACC1: 58.2344 || ACC2: 87.4844 - LR: 1.0000e-05
INFO - 04/10/26 20:45:22 - 1:38:47 -   49650 -  792.89 equations/s - 50745.10 words/s - MEM: 1.36 GB - LOSS:  0.7089 || ACC1: 58.7969 || ACC2: 87.3125 - LR: 1.0000e-05
INFO - 04/10/26 20:45:26 - 1:38:51 -   49700 - 1350.61 equations/s - 86439.09 words/s - MEM: 1.36 GB - LOSS:  0.7097 || ACC1: 57.9688 || ACC2: 87.3125 - LR: 1.0000e-05
INFO - 04/10/26 20:45:31 - 1:38:56 -   49750 - 1405.50 equations/s - 89951.96 words/s - MEM: 1.36 GB - LOSS:  0.7133 || ACC1: 59.8125 || ACC2: 87.1406 - LR: 1.0000e-05
INFO - 04/10/26 20:45:35 - 1:39:01 -   49800 - 1411.47 equations/s - 90333.96 words/s - MEM: 1.36 GB - LOSS:  0.7116 || ACC1: 57.8438 || ACC2: 86.9531 - LR: 1.0000e-05
INFO - 04/10/26 20:45:40 - 1:39:05 -   49850 - 1391.41 equations/s - 89050.23 words/s - MEM: 1.36 GB - LOSS:  0.7191 || ACC1: 57.4531 || ACC2: 87.4062 - LR: 1.0000e-05
INFO - 04/10/26 20:45:44 - 1:39:10 -   49900 - 1430.07 equations/s - 91524.58 words/s - MEM: 1.36 GB - LOSS:  0.7103 || ACC1: 58.4688 || ACC2: 87.3125 - LR: 1.0000e-05
INFO - 04/10/26 20:45:49 - 1:39:14 -   49950 - 1428.66 equations/s - 91434.52 words/s - MEM: 1.36 GB - LOSS:  0.6966 || ACC1: 59.9531 || ACC2: 88.0312 - LR: 1.0000e-05
INFO - 04/10/26 20:45:57 - 1:39:22 -   50000 -  774.90 equations/s - 49593.41 words/s - MEM: 1.36 GB - LOSS:  0.7072 || ACC1: 58.7969 || ACC2: 87.1250 - LR: 1.0000e-05
INFO - 04/10/26 20:45:59 - 1:39:24 -   50016 - 1331.01 equations/s - 85184.78 words/s - MEM: 1.36 GB - LOSS:  0.7049 || ACC1: 59.2285 || ACC2: 87.6465 - LR: 1.0000e-05
INFO - 04/10/26 20:45:59 - 1:39:24 - ============ End of epoch 31 ============
INFO - 04/10/26 20:45:59 - 1:39:24 - Starting Distinguisher Method
INFO - 04/10/26 20:46:10 - 1:39:35 - Distinguishing 0s using the emd. 
INFO - 04/10/26 20:46:10 - 1:39:35 - Distinguishing +/-1s using the emd. 
INFO - 04/10/26 20:46:10 - 1:39:35 - Real secret: -1: {np.int64(2), np.int64(27), np.int64(12)}, 1: {np.int64(0), np.int64(1), np.int64(5), np.int64(13), np.int64(14), np.int64(22), np.int64(24)}
INFO - 04/10/26 20:46:10 - 1:39:35 - Nonzero bits not identified. Guess: [ 0 10  5 22 14  9  2 13 27 24]
INFO - 04/10/26 20:46:10 - 1:39:35 - Distinguishing +/-1s using the mean. 
INFO - 04/10/26 20:46:10 - 1:39:35 - Real secret: -1: {np.int64(2), np.int64(27), np.int64(12)}, 1: {np.int64(0), np.int64(1), np.int64(5), np.int64(13), np.int64(14), np.int64(22), np.int64(24)}
INFO - 04/10/26 20:46:10 - 1:39:35 - Nonzero bits not identified. Guess: [ 0 10  5 22 14  9  2 13 27 24]
INFO - 04/10/26 20:46:10 - 1:39:35 - Distinguishing 0s using the mean. 
INFO - 04/10/26 20:46:10 - 1:39:35 - Distinguishing +/-1s using the emd. 
INFO - 04/10/26 20:46:10 - 1:39:35 - Real secret: -1: {np.int64(2), np.int64(27), np.int64(12)}, 1: {np.int64(0), np.int64(1), np.int64(5), np.int64(13), np.int64(14), np.int64(22), np.int64(24)}
INFO - 04/10/26 20:46:10 - 1:39:35 - Distinguishing +/-1s using the mean. 
INFO - 04/10/26 20:46:10 - 1:39:35 - Real secret: -1: {np.int64(2), np.int64(27), np.int64(12)}, 1: {np.int64(0), np.int64(1), np.int64(5), np.int64(13), np.int64(14), np.int64(22), np.int64(24)}
INFO - 04/10/26 20:46:10 - 1:39:35 - Starting Direct Method
INFO - 04/10/26 20:46:10 - 1:39:35 - Direct:  K=67
INFO - 04/10/26 20:46:10 - 1:39:35 - Direct:  K=92
INFO - 04/10/26 20:46:10 - 1:39:35 - Direct:  K=50
INFO - 04/10/26 20:46:10 - 1:39:35 - Direct:  K=62
INFO - 04/10/26 20:46:10 - 1:39:35 - Direct:  K=92
INFO - 04/10/26 20:46:10 - 1:39:36 - Direct:  K=87
INFO - 04/10/26 20:46:11 - 1:39:36 - Direct:  K=45
INFO - 04/10/26 20:46:11 - 1:39:36 - Direct:  K=37
INFO - 04/10/26 20:46:11 - 1:39:36 - Direct:  K=49
INFO - 04/10/26 20:46:11 - 1:39:36 - Direct:  K=43
INFO - 04/10/26 20:46:11 - 1:39:36 - Direct:  K=81
INFO - 04/10/26 20:46:11 - 1:39:36 - Direct:  K=42
INFO - 04/10/26 20:46:12 - 1:39:37 - Direct:  K=66
INFO - 04/10/26 20:46:12 - 1:39:37 - Direct:  K=79
INFO - 04/10/26 20:46:12 - 1:39:37 - Direct:  K=34
INFO - 04/10/26 20:46:12 - 1:39:37 - Direct: secret not predicted. (true secret = [ 1  1 -1  0  0  1  0  0  0  0  0  0 -1  1  1  0  0  0  0  0  0  0  1  0
                                       1  0  0 -1  0  0], predicted secret = [0 0 0 0 0 1 0 0 1 0 0 0 0 1 1 0 0 0 0 0 0 1 0 0 0 0 1 0 0 0], true support = [1 1 1 0 0 1 0 0 0 0 0 0 1 1 1 0 0 0 0 0 0 0 1 0 1 0 0 1 0 0], predicted support = [0 0 0 0 0 1 0 0 1 0 0 0 0 1 1 0 0 0 0 0 0 1 0 0 0 0 1 0 0 0])
INFO - 04/10/26 20:46:21 - 1:39:46 - CA: secret not predicted. (true secret = [ 1  1 -1  0  0  1  0  0  0  0  0  0 -1  1  1  0  0  0  0  0  0  0  1  0
                                       1  0  0 -1  0  0], predicted secret = [1 1 0 0 0 0 0 0 0 0 0 0 1 1 0 0 0 0 0 0 0 0 1 0 1 0 0 0 0 0], true support = [1 1 1 0 0 1 0 0 0 0 0 0 1 1 1 0 0 0 0 0 0 0 1 0 1 0 0 1 0 0], predicted support = [1 1 0 0 0 0 0 0 0 0 0 0 1 1 0 0 0 0 0 0 0 0 1 0 1 0 0 0 0 0])
INFO - 04/10/26 20:46:21 - 1:39:46 - CA: secret not predicted. (true secret = [ 1  1 -1  0  0  1  0  0  0  0  0  0 -1  1  1  0  0  0  0  0  0  0  1  0
                                       1  0  0 -1  0  0], predicted secret = [1 0 0 0 1 0 0 0 0 0 1 0 0 0 0 0 0 0 1 0 1 0 0 0 0 0 0 0 0 1], true support = [1 1 1 0 0 1 0 0 0 0 0 0 1 1 1 0 0 0 0 0 0 0 1 0 1 0 0 1 0 0], predicted support = [1 0 0 0 1 0 0 0 0 0 1 0 0 0 0 0 0 0 1 0 1 0 0 0 0 0 0 0 0 1])
INFO - 04/10/26 20:46:21 - 1:39:46 - Hybrid: direct, ca
INFO - 04/10/26 20:46:21 - 1:39:46 - direct, ca - Sum Normalized: secret not predicted. (true secret = [ 1  1 -1  0  0  1  0  0  0  0  0  0 -1  1  1  0  0  0  0  0  0  0  1  0
                                       1  0  0 -1  0  0], predicted secret = [1 0 0 0 0 1 0 0 1 0 0 0 0 1 0 0 0 0 0 0 0 0 1 0 1 0 0 0 0 0], true support = [1 1 1 0 0 1 0 0 0 0 0 0 1 1 1 0 0 0 0 0 0 0 1 0 1 0 0 1 0 0], predicted support = [1 0 0 0 0 1 0 0 1 0 0 0 0 1 0 0 0 0 0 0 0 0 1 0 1 0 0 0 0 0])
INFO - 04/10/26 20:46:21 - 1:39:46 - direct, ca - Max Normalized: secret not predicted. (true secret = [ 1  1 -1  0  0  1  0  0  0  0  0  0 -1  1  1  0  0  0  0  0  0  0  1  0
                                       1  0  0 -1  0  0], predicted secret = [1 0 0 0 0 0 0 0 1 0 0 0 0 1 0 0 0 0 0 0 0 0 1 0 1 0 0 0 0 1], true support = [1 1 1 0 0 1 0 0 0 0 0 0 1 1 1 0 0 0 0 0 0 0 1 0 1 0 0 1 0 0], predicted support = [1 0 0 0 0 0 0 0 1 0 0 0 0 1 0 0 0 0 0 0 0 0 1 0 1 0 0 0 0 1])
INFO - 04/10/26 20:46:21 - 1:39:46 - direct, ca - Sum Rank: secret not predicted. (true secret = [ 1  1 -1  0  0  1  0  0  0  0  0  0 -1  1  1  0  0  0  0  0  0  0  1  0
                                       1  0  0 -1  0  0], predicted secret = [1 0 0 0 0 1 0 0 1 0 1 0 0 1 0 0 0 0 0 0 0 0 1 0 0 0 0 0 0 0], true support = [1 1 1 0 0 1 0 0 0 0 0 0 1 1 1 0 0 0 0 0 0 0 1 0 1 0 0 1 0 0], predicted support = [1 0 0 0 0 1 0 0 1 0 1 0 0 1 0 0 0 0 0 0 0 0 1 0 0 0 0 0 0 0])
INFO - 04/10/26 20:46:21 - 1:39:46 - direct, ca - Max Rank: secret not predicted. (true secret = [ 1  1 -1  0  0  1  0  0  0  0  0  0 -1  1  1  0  0  0  0  0  0  0  1  0
                                       1  0  0 -1  0  0], predicted secret = [1 0 0 0 0 1 0 0 1 0 0 0 0 1 0 0 0 0 0 0 0 1 0 0 1 0 0 0 0 0], true support = [1 1 1 0 0 1 0 0 0 0 0 0 1 1 1 0 0 0 0 0 0 0 1 0 1 0 0 1 0 0], predicted support = [1 0 0 0 0 1 0 0 1 0 0 0 0 1 0 0 0 0 0 0 0 1 0 0 1 0 0 0 0 0])
INFO - 04/10/26 20:46:21 - 1:39:46 - Hybrid: direct, distinguisher
INFO - 04/10/26 20:46:21 - 1:39:46 - direct, distinguisher - Sum Normalized: secret not predicted. (true secret = [ 1  1 -1  0  0  1  0  0  0  0  0  0 -1  1  1  0  0  0  0  0  0  0  1  0
                                       1  0  0 -1  0  0], predicted secret = [0 1 1 0 0 1 0 0 1 0 0 0 0 1 1 0 0 0 0 0 0 0 0 0 0 0 0 0 0 0], true support = [1 1 1 0 0 1 0 0 0 0 0 0 1 1 1 0 0 0 0 0 0 0 1 0 1 0 0 1 0 0], predicted support = [0 1 1 0 0 1 0 0 1 0 0 0 0 1 1 0 0 0 0 0 0 0 0 0 0 0 0 0 0 0])
INFO - 04/10/26 20:46:21 - 1:39:46 - direct, distinguisher - Max Normalized: secret not predicted. (true secret = [ 1  1 -1  0  0  1  0  0  0  0  0  0 -1  1  1  0  0  0  0  0  0  0  1  0
                                       1  0  0 -1  0  0], predicted secret = [0 0 1 0 0 1 0 0 1 0 0 0 1 1 0 0 0 0 0 0 0 0 0 0 1 0 0 0 0 0], true support = [1 1 1 0 0 1 0 0 0 0 0 0 1 1 1 0 0 0 0 0 0 0 1 0 1 0 0 1 0 0], predicted support = [0 0 1 0 0 1 0 0 1 0 0 0 1 1 0 0 0 0 0 0 0 0 0 0 1 0 0 0 0 0])
INFO - 04/10/26 20:46:21 - 1:39:46 - direct, distinguisher - Sum Rank: secret not predicted. (true secret = [ 1  1 -1  0  0  1  0  0  0  0  0  0 -1  1  1  0  0  0  0  0  0  0  1  0
                                       1  0  0 -1  0  0], predicted secret = [0 1 0 0 0 1 0 0 0 0 0 0 0 1 1 0 0 0 0 0 0 0 1 0 1 0 0 0 0 0], true support = [1 1 1 0 0 1 0 0 0 0 0 0 1 1 1 0 0 0 0 0 0 0 1 0 1 0 0 1 0 0], predicted support = [0 1 0 0 0 1 0 0 0 0 0 0 0 1 1 0 0 0 0 0 0 0 1 0 1 0 0 0 0 0])
INFO - 04/10/26 20:46:21 - 1:39:46 - direct, distinguisher - Max Rank: secret not predicted. (true secret = [ 1  1 -1  0  0  1  0  0  0  0  0  0 -1  1  1  0  0  0  0  0  0  0  1  0
                                       1  0  0 -1  0  0], predicted secret = [0 0 1 0 0 1 0 0 1 0 0 0 1 1 0 0 0 0 0 0 0 0 0 0 1 0 0 0 0 0], true support = [1 1 1 0 0 1 0 0 0 0 0 0 1 1 1 0 0 0 0 0 0 0 1 0 1 0 0 1 0 0], predicted support = [0 0 1 0 0 1 0 0 1 0 0 0 1 1 0 0 0 0 0 0 0 0 0 0 1 0 0 0 0 0])
INFO - 04/10/26 20:46:21 - 1:39:46 - Hybrid: ca, distinguisher
INFO - 04/10/26 20:46:21 - 1:39:46 - ca, distinguisher - Sum Normalized: secret not predicted. (true secret = [ 1  1 -1  0  0  1  0  0  0  0  0  0 -1  1  1  0  0  0  0  0  0  0  1  0
                                       1  0  0 -1  0  0], predicted secret = [1 0 1 0 0 0 0 0 0 0 0 0 1 1 0 0 0 0 0 0 0 0 1 0 1 0 0 0 0 0], true support = [1 1 1 0 0 1 0 0 0 0 0 0 1 1 1 0 0 0 0 0 0 0 1 0 1 0 0 1 0 0], predicted support = [1 0 1 0 0 0 0 0 0 0 0 0 1 1 0 0 0 0 0 0 0 0 1 0 1 0 0 0 0 0])
INFO - 04/10/26 20:46:21 - 1:39:46 - ca, distinguisher - Max Normalized: secret not predicted. (true secret = [ 1  1 -1  0  0  1  0  0  0  0  0  0 -1  1  1  0  0  0  0  0  0  0  1  0
                                       1  0  0 -1  0  0], predicted secret = [1 0 1 0 0 1 0 0 0 0 0 0 1 1 0 0 0 0 0 0 0 0 0 0 1 0 0 0 0 0], true support = [1 1 1 0 0 1 0 0 0 0 0 0 1 1 1 0 0 0 0 0 0 0 1 0 1 0 0 1 0 0], predicted support = [1 0 1 0 0 1 0 0 0 0 0 0 1 1 0 0 0 0 0 0 0 0 0 0 1 0 0 0 0 0])
INFO - 04/10/26 20:46:21 - 1:39:46 - ca, distinguisher - Sum Rank: secret not predicted. (true secret = [ 1  1 -1  0  0  1  0  0  0  0  0  0 -1  1  1  0  0  0  0  0  0  0  1  0
                                       1  0  0 -1  0  0], predicted secret = [1 0 1 0 0 0 0 0 0 0 0 0 1 1 0 0 0 0 0 0 0 0 1 0 1 0 0 0 0 0], true support = [1 1 1 0 0 1 0 0 0 0 0 0 1 1 1 0 0 0 0 0 0 0 1 0 1 0 0 1 0 0], predicted support = [1 0 1 0 0 0 0 0 0 0 0 0 1 1 0 0 0 0 0 0 0 0 1 0 1 0 0 0 0 0])
INFO - 04/10/26 20:46:21 - 1:39:46 - ca, distinguisher - Max Rank: secret not predicted. (true secret = [ 1  1 -1  0  0  1  0  0  0  0  0  0 -1  1  1  0  0  0  0  0  0  0  1  0
                                       1  0  0 -1  0  0], predicted secret = [1 0 1 0 0 0 0 0 0 0 0 0 1 1 0 0 0 0 0 0 0 0 1 0 1 0 0 0 0 0], true support = [1 1 1 0 0 1 0 0 0 0 0 0 1 1 1 0 0 0 0 0 0 0 1 0 1 0 0 1 0 0], predicted support = [1 0 1 0 0 0 0 0 0 0 0 0 1 1 0 0 0 0 0 0 0 0 1 0 1 0 0 0 0 0])
INFO - 04/10/26 20:46:21 - 1:39:46 - Hybrid: direct, ca, distinguisher
INFO - 04/10/26 20:46:21 - 1:39:46 - direct, ca, distinguisher - Sum Normalized: secret not predicted. (true secret = [ 1  1 -1  0  0  1  0  0  0  0  0  0 -1  1  1  0  0  0  0  0  0  0  1  0
                                       1  0  0 -1  0  0], predicted secret = [1 0 0 0 0 1 0 0 1 0 0 0 0 1 0 0 0 0 0 0 0 0 1 0 1 0 0 0 0 0], true support = [1 1 1 0 0 1 0 0 0 0 0 0 1 1 1 0 0 0 0 0 0 0 1 0 1 0 0 1 0 0], predicted support = [1 0 0 0 0 1 0 0 1 0 0 0 0 1 0 0 0 0 0 0 0 0 1 0 1 0 0 0 0 0])
INFO - 04/10/26 20:46:21 - 1:39:46 - direct, ca, distinguisher - Max Normalized: secret not predicted. (true secret = [ 1  1 -1  0  0  1  0  0  0  0  0  0 -1  1  1  0  0  0  0  0  0  0  1  0
                                       1  0  0 -1  0  0], predicted secret = [1 0 1 0 0 0 0 0 1 0 0 0 1 1 0 0 0 0 0 0 0 0 0 0 1 0 0 0 0 0], true support = [1 1 1 0 0 1 0 0 0 0 0 0 1 1 1 0 0 0 0 0 0 0 1 0 1 0 0 1 0 0], predicted support = [1 0 1 0 0 0 0 0 1 0 0 0 1 1 0 0 0 0 0 0 0 0 0 0 1 0 0 0 0 0])
INFO - 04/10/26 20:46:21 - 1:39:46 - direct, ca, distinguisher - Sum Rank: secret not predicted. (true secret = [ 1  1 -1  0  0  1  0  0  0  0  0  0 -1  1  1  0  0  0  0  0  0  0  1  0
                                       1  0  0 -1  0  0], predicted secret = [1 1 0 0 0 1 0 0 0 0 0 0 0 1 0 0 0 0 0 0 0 0 1 0 1 0 0 0 0 0], true support = [1 1 1 0 0 1 0 0 0 0 0 0 1 1 1 0 0 0 0 0 0 0 1 0 1 0 0 1 0 0], predicted support = [1 1 0 0 0 1 0 0 0 0 0 0 0 1 0 0 0 0 0 0 0 0 1 0 1 0 0 0 0 0])
INFO - 04/10/26 20:46:21 - 1:39:46 - direct, ca, distinguisher - Max Rank: secret not predicted. (true secret = [ 1  1 -1  0  0  1  0  0  0  0  0  0 -1  1  1  0  0  0  0  0  0  0  1  0
                                       1  0  0 -1  0  0], predicted secret = [1 0 1 0 0 1 0 0 1 0 0 0 0 1 0 0 0 0 0 0 0 0 0 0 1 0 0 0 0 0], true support = [1 1 1 0 0 1 0 0 0 0 0 0 1 1 1 0 0 0 0 0 0 0 1 0 1 0 0 1 0 0], predicted support = [1 0 1 0 0 1 0 0 1 0 0 0 0 1 0 0 0 0 0 0 0 0 0 0 1 0 0 0 0 0])
INFO - 04/10/26 20:46:21 - 1:39:46 - Epoch 31 metrics | train_loss: 0.724425 | train_acc1: 58.119402 | train_acc2: 86.977167 | valid_xe_loss: 2.304158 | valid_acc1: 24.475870 | valid_acc2: 29.618275
INFO - 04/10/26 20:46:21 - 1:39:46 - __log__:{"train_loss": 0.7244250531083716, "train_acc1": 58.119401791426746, "train_acc2": 86.97716730646194, "epoch": 31, "valid_xe_loss": 2.304158147377304, "valid_acc1": 24.475870253164558, "valid_acc2": 29.618275316455698}
INFO - 04/10/26 20:46:21 - 1:39:46 - Saving checkpoint to /home/yu_mcc/PQC_salsa/runs/n30_q127_h3_1m/train_gpu_proposed_ternary_h10_secret0_init0_paperlike/checkpoint.pth ...
WARNING - 04/10/26 20:46:21 - 1:39:46 - Saving encoder parameters ...
WARNING - 04/10/26 20:46:21 - 1:39:46 - Saving decoder parameters ...
WARNING - 04/10/26 20:46:21 - 1:39:46 - Saving optimizer ...
INFO - 04/10/26 20:46:21 - 1:39:46 - ============ Starting epoch 32 ... ============
INFO - 04/10/26 20:46:24 - 1:39:49 -   50050 -  172.79 equations/s - 11058.65 words/s - MEM: 1.36 GB - LOSS:  0.7081 || ACC1: 58.6167 || ACC2: 87.7528 - LR: 1.0000e-05
INFO - 04/10/26 20:46:32 - 1:39:57 -   50100 -  794.95 equations/s - 50876.92 words/s - MEM: 1.36 GB - LOSS:  0.6934 || ACC1: 59.4844 || ACC2: 88.6875 - LR: 1.0000e-05
INFO - 04/10/26 20:46:37 - 1:40:02 -   50150 - 1404.83 equations/s - 89909.11 words/s - MEM: 1.36 GB - LOSS:  0.7019 || ACC1: 59.7656 || ACC2: 87.5938 - LR: 1.0000e-05
INFO - 04/10/26 20:46:41 - 1:40:06 -   50200 - 1390.14 equations/s - 88968.95 words/s - MEM: 1.36 GB - LOSS:  0.7012 || ACC1: 60.4531 || ACC2: 87.6719 - LR: 1.0000e-05
INFO - 04/10/26 20:46:46 - 1:40:11 -   50250 - 1415.07 equations/s - 90564.75 words/s - MEM: 1.36 GB - LOSS:  0.6958 || ACC1: 58.3125 || ACC2: 87.4531 - LR: 1.0000e-05
INFO - 04/10/26 20:46:50 - 1:40:15 -   50300 - 1415.12 equations/s - 90567.73 words/s - MEM: 1.36 GB - LOSS:  0.6936 || ACC1: 59.3125 || ACC2: 88.0781 - LR: 1.0000e-05
INFO - 04/10/26 20:46:55 - 1:40:20 -   50350 - 1401.79 equations/s - 89714.32 words/s - MEM: 1.36 GB - LOSS:  0.7011 || ACC1: 59.2500 || ACC2: 87.2344 - LR: 1.0000e-05
INFO - 04/10/26 20:46:59 - 1:40:24 -   50400 - 1463.97 equations/s - 93694.25 words/s - MEM: 1.36 GB - LOSS:  0.6929 || ACC1: 59.7188 || ACC2: 88.2656 - LR: 1.0000e-05
INFO - 04/10/26 20:47:04 - 1:40:29 -   50450 - 1411.58 equations/s - 90341.18 words/s - MEM: 1.36 GB - LOSS:  0.6951 || ACC1: 59.3438 || ACC2: 88.0469 - LR: 1.0000e-05
INFO - 04/10/26 20:47:12 - 1:40:37 -   50500 -  805.19 equations/s - 51532.31 words/s - MEM: 1.36 GB - LOSS:  0.6904 || ACC1: 58.9375 || ACC2: 88.0469 - LR: 1.0000e-05
INFO - 04/10/26 20:47:16 - 1:40:41 -   50550 - 1393.68 equations/s - 89195.79 words/s - MEM: 1.36 GB - LOSS:  0.7056 || ACC1: 58.8125 || ACC2: 88.0000 - LR: 1.0000e-05
INFO - 04/10/26 20:47:21 - 1:40:46 -   50600 - 1426.06 equations/s - 91267.88 words/s - MEM: 1.36 GB - LOSS:  0.6900 || ACC1: 58.4844 || ACC2: 87.4844 - LR: 1.0000e-05
INFO - 04/10/26 20:47:25 - 1:40:50 -   50650 - 1386.99 equations/s - 88767.48 words/s - MEM: 1.36 GB - LOSS:  0.7048 || ACC1: 58.7812 || ACC2: 87.7812 - LR: 1.0000e-05
INFO - 04/10/26 20:47:30 - 1:40:55 -   50700 - 1403.86 equations/s - 89847.09 words/s - MEM: 1.36 GB - LOSS:  0.6820 || ACC1: 59.6875 || ACC2: 88.6875 - LR: 1.0000e-05
INFO - 04/10/26 20:47:34 - 1:41:00 -   50750 - 1405.67 equations/s - 89962.96 words/s - MEM: 1.36 GB - LOSS:  0.6873 || ACC1: 59.6875 || ACC2: 88.0469 - LR: 1.0000e-05
INFO - 04/10/26 20:47:39 - 1:41:04 -   50800 - 1387.97 equations/s - 88830.24 words/s - MEM: 1.36 GB - LOSS:  0.6835 || ACC1: 60.7031 || ACC2: 88.4844 - LR: 1.0000e-05
INFO - 04/10/26 20:47:47 - 1:41:12 -   50850 -  782.43 equations/s - 50075.68 words/s - MEM: 1.36 GB - LOSS:  0.6702 || ACC1: 59.8750 || ACC2: 88.9531 - LR: 1.0000e-05
INFO - 04/10/26 20:47:52 - 1:41:17 -   50900 - 1448.88 equations/s - 92728.63 words/s - MEM: 1.36 GB - LOSS:  0.6931 || ACC1: 59.1562 || ACC2: 86.7344 - LR: 1.0000e-05
INFO - 04/10/26 20:47:56 - 1:41:22 -   50950 - 1340.87 equations/s - 85815.69 words/s - MEM: 1.36 GB - LOSS:  0.6768 || ACC1: 59.7500 || ACC2: 88.5312 - LR: 1.0000e-05
INFO - 04/10/26 20:48:01 - 1:41:26 -   51000 - 1382.35 equations/s - 88470.08 words/s - MEM: 1.36 GB - LOSS:  0.6788 || ACC1: 59.9531 || ACC2: 88.5625 - LR: 1.0000e-05
INFO - 04/10/26 20:48:06 - 1:41:31 -   51050 - 1426.92 equations/s - 91322.61 words/s - MEM: 1.36 GB - LOSS:  0.6912 || ACC1: 58.5625 || ACC2: 87.5156 - LR: 1.0000e-05
INFO - 04/10/26 20:48:10 - 1:41:35 -   51100 - 1351.11 equations/s - 86471.06 words/s - MEM: 1.36 GB - LOSS:  0.6746 || ACC1: 60.5312 || ACC2: 89.4375 - LR: 1.0000e-05
INFO - 04/10/26 20:48:15 - 1:41:40 -   51150 - 1358.72 equations/s - 86958.03 words/s - MEM: 1.36 GB - LOSS:  0.6695 || ACC1: 60.7969 || ACC2: 89.4062 - LR: 1.0000e-05
INFO - 04/10/26 20:48:23 - 1:41:48 -   51200 -  794.38 equations/s - 50840.62 words/s - MEM: 1.36 GB - LOSS:  0.6771 || ACC1: 60.4688 || ACC2: 88.7969 - LR: 1.0000e-05
INFO - 04/10/26 20:48:28 - 1:41:53 -   51250 - 1400.67 equations/s - 89642.71 words/s - MEM: 1.36 GB - LOSS:  0.6800 || ACC1: 60.0781 || ACC2: 88.7031 - LR: 1.0000e-05
INFO - 04/10/26 20:48:32 - 1:41:57 -   51300 - 1423.53 equations/s - 91105.83 words/s - MEM: 1.36 GB - LOSS:  0.6710 || ACC1: 61.4844 || ACC2: 89.0469 - LR: 1.0000e-05
INFO - 04/10/26 20:48:37 - 1:42:02 -   51350 - 1404.15 equations/s - 89865.70 words/s - MEM: 1.36 GB - LOSS:  0.6570 || ACC1: 61.2969 || ACC2: 89.9531 - LR: 1.0000e-05
INFO - 04/10/26 20:48:41 - 1:42:06 -   51400 - 1388.60 equations/s - 88870.48 words/s - MEM: 1.36 GB - LOSS:  0.6678 || ACC1: 61.2188 || ACC2: 88.4531 - LR: 1.0000e-05
INFO - 04/10/26 20:48:46 - 1:42:11 -   51450 - 1368.54 equations/s - 87586.84 words/s - MEM: 1.36 GB - LOSS:  0.6737 || ACC1: 60.3281 || ACC2: 88.2812 - LR: 1.0000e-05
INFO - 04/10/26 20:48:50 - 1:42:16 -   51500 - 1407.85 equations/s - 90102.61 words/s - MEM: 1.36 GB - LOSS:  0.6664 || ACC1: 60.7500 || ACC2: 89.2969 - LR: 1.0000e-05
INFO - 04/10/26 20:48:58 - 1:42:24 -   51550 -  798.15 equations/s - 51081.54 words/s - MEM: 1.36 GB - LOSS:  0.6751 || ACC1: 59.6875 || ACC2: 88.9531 - LR: 1.0000e-05
INFO - 04/10/26 20:49:01 - 1:42:26 -   51579 - 1403.07 equations/s - 89796.68 words/s - MEM: 1.36 GB - LOSS:  0.6732 || ACC1: 60.6681 || ACC2: 88.3890 - LR: 1.0000e-05
INFO - 04/10/26 20:49:01 - 1:42:26 - ============ End of epoch 32 ============
INFO - 04/10/26 20:49:01 - 1:42:26 - Starting Distinguisher Method
INFO - 04/10/26 20:49:13 - 1:42:38 - Distinguishing 0s using the emd. 
INFO - 04/10/26 20:49:13 - 1:42:38 - Distinguishing +/-1s using the emd. 
INFO - 04/10/26 20:49:13 - 1:42:38 - Real secret: -1: {np.int64(2), np.int64(27), np.int64(12)}, 1: {np.int64(0), np.int64(1), np.int64(5), np.int64(13), np.int64(14), np.int64(22), np.int64(24)}
INFO - 04/10/26 20:49:13 - 1:42:38 - Nonzero bits not identified. Guess: [22  1 10 17  0 14 12 13 27 24]
INFO - 04/10/26 20:49:13 - 1:42:38 - Distinguishing +/-1s using the mean. 
INFO - 04/10/26 20:49:13 - 1:42:38 - Real secret: -1: {np.int64(2), np.int64(27), np.int64(12)}, 1: {np.int64(0), np.int64(1), np.int64(5), np.int64(13), np.int64(14), np.int64(22), np.int64(24)}
INFO - 04/10/26 20:49:13 - 1:42:38 - Nonzero bits not identified. Guess: [22  1 10 17  0 14 12 13 27 24]
INFO - 04/10/26 20:49:13 - 1:42:38 - Distinguishing 0s using the mean. 
INFO - 04/10/26 20:49:13 - 1:42:38 - Distinguishing +/-1s using the emd. 
INFO - 04/10/26 20:49:13 - 1:42:38 - Real secret: -1: {np.int64(2), np.int64(27), np.int64(12)}, 1: {np.int64(0), np.int64(1), np.int64(5), np.int64(13), np.int64(14), np.int64(22), np.int64(24)}
INFO - 04/10/26 20:49:13 - 1:42:38 - Distinguishing +/-1s using the mean. 
INFO - 04/10/26 20:49:13 - 1:42:38 - Real secret: -1: {np.int64(2), np.int64(27), np.int64(12)}, 1: {np.int64(0), np.int64(1), np.int64(5), np.int64(13), np.int64(14), np.int64(22), np.int64(24)}
INFO - 04/10/26 20:49:13 - 1:42:38 - Starting Direct Method
INFO - 04/10/26 20:49:13 - 1:42:38 - Direct:  K=77
INFO - 04/10/26 20:49:13 - 1:42:39 - Direct:  K=61
INFO - 04/10/26 20:49:13 - 1:42:39 - Direct:  K=42
INFO - 04/10/26 20:49:14 - 1:42:39 - Direct:  K=54
INFO - 04/10/26 20:49:14 - 1:42:39 - Direct:  K=76
INFO - 04/10/26 20:49:14 - 1:42:39 - Direct:  K=33
INFO - 04/10/26 20:49:14 - 1:42:39 - Direct:  K=82
INFO - 04/10/26 20:49:14 - 1:42:39 - Direct:  K=76
INFO - 04/10/26 20:49:14 - 1:42:39 - Direct:  K=75
INFO - 04/10/26 20:49:14 - 1:42:39 - Direct:  K=87
INFO - 04/10/26 20:49:14 - 1:42:39 - Direct:  K=53
INFO - 04/10/26 20:49:14 - 1:42:39 - Direct:  K=45
INFO - 04/10/26 20:49:14 - 1:42:39 - Direct:  K=43
INFO - 04/10/26 20:49:15 - 1:42:40 - Direct:  K=93
INFO - 04/10/26 20:49:15 - 1:42:40 - Direct:  K=50
INFO - 04/10/26 20:49:15 - 1:42:40 - Direct: secret not predicted. (true secret = [ 1  1 -1  0  0  1  0  0  0  0  0  0 -1  1  1  0  0  0  0  0  0  0  1  0
                                       1  0  0 -1  0  0], predicted secret = [0 0 0 0 0 1 0 0 1 0 0 0 0 1 1 0 0 0 0 0 0 1 0 1 0 0 0 0 0 0], true support = [1 1 1 0 0 1 0 0 0 0 0 0 1 1 1 0 0 0 0 0 0 0 1 0 1 0 0 1 0 0], predicted support = [0 0 0 0 0 1 0 0 1 0 0 0 0 1 1 0 0 0 0 0 0 1 0 1 0 0 0 0 0 0])
INFO - 04/10/26 20:49:24 - 1:42:49 - CA: secret not predicted. (true secret = [ 1  1 -1  0  0  1  0  0  0  0  0  0 -1  1  1  0  0  0  0  0  0  0  1  0
                                       1  0  0 -1  0  0], predicted secret = [1 1 1 0 0 0 0 0 0 0 0 0 0 1 0 0 0 0 0 0 0 0 1 0 1 0 0 0 0 0], true support = [1 1 1 0 0 1 0 0 0 0 0 0 1 1 1 0 0 0 0 0 0 0 1 0 1 0 0 1 0 0], predicted support = [1 1 1 0 0 0 0 0 0 0 0 0 0 1 0 0 0 0 0 0 0 0 1 0 1 0 0 0 0 0])
INFO - 04/10/26 20:49:24 - 1:42:49 - CA: secret not predicted. (true secret = [ 1  1 -1  0  0  1  0  0  0  0  0  0 -1  1  1  0  0  0  0  0  0  0  1  0
                                       1  0  0 -1  0  0], predicted secret = [1 0 0 0 1 0 0 0 0 0 1 0 0 1 0 0 0 0 0 0 1 0 0 0 0 0 0 0 0 1], true support = [1 1 1 0 0 1 0 0 0 0 0 0 1 1 1 0 0 0 0 0 0 0 1 0 1 0 0 1 0 0], predicted support = [1 0 0 0 1 0 0 0 0 0 1 0 0 1 0 0 0 0 0 0 1 0 0 0 0 0 0 0 0 1])
INFO - 04/10/26 20:49:24 - 1:42:49 - Hybrid: direct, ca
INFO - 04/10/26 20:49:24 - 1:42:49 - direct, ca - Sum Normalized: secret not predicted. (true secret = [ 1  1 -1  0  0  1  0  0  0  0  0  0 -1  1  1  0  0  0  0  0  0  0  1  0
                                       1  0  0 -1  0  0], predicted secret = [1 0 0 0 0 1 0 0 0 0 0 0 0 1 1 0 0 0 0 0 0 0 1 0 1 0 0 0 0 0], true support = [1 1 1 0 0 1 0 0 0 0 0 0 1 1 1 0 0 0 0 0 0 0 1 0 1 0 0 1 0 0], predicted support = [1 0 0 0 0 1 0 0 0 0 0 0 0 1 1 0 0 0 0 0 0 0 1 0 1 0 0 0 0 0])
INFO - 04/10/26 20:49:24 - 1:42:49 - direct, ca - Max Normalized: secret not predicted. (true secret = [ 1  1 -1  0  0  1  0  0  0  0  0  0 -1  1  1  0  0  0  0  0  0  0  1  0
                                       1  0  0 -1  0  0], predicted secret = [1 0 0 0 0 1 0 0 0 0 0 0 0 1 1 0 0 0 0 0 0 0 1 0 1 0 0 0 0 0], true support = [1 1 1 0 0 1 0 0 0 0 0 0 1 1 1 0 0 0 0 0 0 0 1 0 1 0 0 1 0 0], predicted support = [1 0 0 0 0 1 0 0 0 0 0 0 0 1 1 0 0 0 0 0 0 0 1 0 1 0 0 0 0 0])
INFO - 04/10/26 20:49:24 - 1:42:49 - direct, ca - Sum Rank: secret not predicted. (true secret = [ 1  1 -1  0  0  1  0  0  0  0  0  0 -1  1  1  0  0  0  0  0  0  0  1  0
                                       1  0  0 -1  0  0], predicted secret = [1 1 0 0 0 1 0 0 0 0 0 0 0 1 0 0 0 0 0 0 0 0 1 0 0 0 0 0 0 1], true support = [1 1 1 0 0 1 0 0 0 0 0 0 1 1 1 0 0 0 0 0 0 0 1 0 1 0 0 1 0 0], predicted support = [1 1 0 0 0 1 0 0 0 0 0 0 0 1 0 0 0 0 0 0 0 0 1 0 0 0 0 0 0 1])
INFO - 04/10/26 20:49:24 - 1:42:49 - direct, ca - Max Rank: secret not predicted. (true secret = [ 1  1 -1  0  0  1  0  0  0  0  0  0 -1  1  1  0  0  0  0  0  0  0  1  0
                                       1  0  0 -1  0  0], predicted secret = [1 0 0 0 0 1 0 0 1 0 0 0 0 1 1 0 0 0 0 0 0 0 0 0 1 0 0 0 0 0], true support = [1 1 1 0 0 1 0 0 0 0 0 0 1 1 1 0 0 0 0 0 0 0 1 0 1 0 0 1 0 0], predicted support = [1 0 0 0 0 1 0 0 1 0 0 0 0 1 1 0 0 0 0 0 0 0 0 0 1 0 0 0 0 0])
INFO - 04/10/26 20:49:24 - 1:42:49 - Hybrid: direct, distinguisher
INFO - 04/10/26 20:49:24 - 1:42:49 - direct, distinguisher - Sum Normalized: secret not predicted. (true secret = [ 1  1 -1  0  0  1  0  0  0  0  0  0 -1  1  1  0  0  0  0  0  0  0  1  0
                                       1  0  0 -1  0  0], predicted secret = [0 1 0 0 0 1 0 0 0 0 0 0 1 1 1 0 0 0 0 0 0 0 0 0 1 0 0 0 0 0], true support = [1 1 1 0 0 1 0 0 0 0 0 0 1 1 1 0 0 0 0 0 0 0 1 0 1 0 0 1 0 0], predicted support = [0 1 0 0 0 1 0 0 0 0 0 0 1 1 1 0 0 0 0 0 0 0 0 0 1 0 0 0 0 0])
INFO - 04/10/26 20:49:24 - 1:42:49 - direct, distinguisher - Max Normalized: secret not predicted. (true secret = [ 1  1 -1  0  0  1  0  0  0  0  0  0 -1  1  1  0  0  0  0  0  0  0  1  0
                                       1  0  0 -1  0  0], predicted secret = [0 0 1 0 0 1 0 0 0 0 0 0 1 1 1 0 0 0 0 0 0 0 0 0 1 0 0 0 0 0], true support = [1 1 1 0 0 1 0 0 0 0 0 0 1 1 1 0 0 0 0 0 0 0 1 0 1 0 0 1 0 0], predicted support = [0 0 1 0 0 1 0 0 0 0 0 0 1 1 1 0 0 0 0 0 0 0 0 0 1 0 0 0 0 0])
INFO - 04/10/26 20:49:24 - 1:42:49 - direct, distinguisher - Sum Rank: secret not predicted. (true secret = [ 1  1 -1  0  0  1  0  0  0  0  0  0 -1  1  1  0  0  0  0  0  0  0  1  0
                                       1  0  0 -1  0  0], predicted secret = [0 1 0 0 0 1 0 0 0 0 0 0 1 1 1 0 0 0 0 0 0 0 1 0 0 0 0 0 0 0], true support = [1 1 1 0 0 1 0 0 0 0 0 0 1 1 1 0 0 0 0 0 0 0 1 0 1 0 0 1 0 0], predicted support = [0 1 0 0 0 1 0 0 0 0 0 0 1 1 1 0 0 0 0 0 0 0 1 0 0 0 0 0 0 0])
INFO - 04/10/26 20:49:24 - 1:42:49 - direct, distinguisher - Max Rank: secret not predicted. (true secret = [ 1  1 -1  0  0  1  0  0  0  0  0  0 -1  1  1  0  0  0  0  0  0  0  1  0
                                       1  0  0 -1  0  0], predicted secret = [0 0 1 0 0 1 0 0 0 0 0 0 1 1 1 0 0 0 0 0 0 0 0 0 1 0 0 0 0 0], true support = [1 1 1 0 0 1 0 0 0 0 0 0 1 1 1 0 0 0 0 0 0 0 1 0 1 0 0 1 0 0], predicted support = [0 0 1 0 0 1 0 0 0 0 0 0 1 1 1 0 0 0 0 0 0 0 0 0 1 0 0 0 0 0])
INFO - 04/10/26 20:49:24 - 1:42:49 - Hybrid: ca, distinguisher
INFO - 04/10/26 20:49:24 - 1:42:49 - ca, distinguisher - Sum Normalized: secret not predicted. (true secret = [ 1  1 -1  0  0  1  0  0  0  0  0  0 -1  1  1  0  0  0  0  0  0  0  1  0
                                       1  0  0 -1  0  0], predicted secret = [1 0 1 0 0 0 0 0 0 0 0 0 1 1 0 0 0 0 0 0 0 0 1 0 1 0 0 0 0 0], true support = [1 1 1 0 0 1 0 0 0 0 0 0 1 1 1 0 0 0 0 0 0 0 1 0 1 0 0 1 0 0], predicted support = [1 0 1 0 0 0 0 0 0 0 0 0 1 1 0 0 0 0 0 0 0 0 1 0 1 0 0 0 0 0])
INFO - 04/10/26 20:49:24 - 1:42:49 - ca, distinguisher - Max Normalized: secret not predicted. (true secret = [ 1  1 -1  0  0  1  0  0  0  0  0  0 -1  1  1  0  0  0  0  0  0  0  1  0
                                       1  0  0 -1  0  0], predicted secret = [1 0 1 0 0 0 0 0 0 0 0 0 1 1 0 0 0 0 0 0 0 0 1 0 1 0 0 0 0 0], true support = [1 1 1 0 0 1 0 0 0 0 0 0 1 1 1 0 0 0 0 0 0 0 1 0 1 0 0 1 0 0], predicted support = [1 0 1 0 0 0 0 0 0 0 0 0 1 1 0 0 0 0 0 0 0 0 1 0 1 0 0 0 0 0])
INFO - 04/10/26 20:49:24 - 1:42:49 - ca, distinguisher - Sum Rank: secret not predicted. (true secret = [ 1  1 -1  0  0  1  0  0  0  0  0  0 -1  1  1  0  0  0  0  0  0  0  1  0
                                       1  0  0 -1  0  0], predicted secret = [1 0 1 0 0 0 0 0 0 0 0 0 1 1 0 0 0 0 0 0 0 0 1 0 1 0 0 0 0 0], true support = [1 1 1 0 0 1 0 0 0 0 0 0 1 1 1 0 0 0 0 0 0 0 1 0 1 0 0 1 0 0], predicted support = [1 0 1 0 0 0 0 0 0 0 0 0 1 1 0 0 0 0 0 0 0 0 1 0 1 0 0 0 0 0])
INFO - 04/10/26 20:49:24 - 1:42:49 - ca, distinguisher - Max Rank: secret not predicted. (true secret = [ 1  1 -1  0  0  1  0  0  0  0  0  0 -1  1  1  0  0  0  0  0  0  0  1  0
                                       1  0  0 -1  0  0], predicted secret = [1 0 1 0 0 0 0 0 0 0 0 0 1 1 0 0 0 0 0 0 0 0 1 0 1 0 0 0 0 0], true support = [1 1 1 0 0 1 0 0 0 0 0 0 1 1 1 0 0 0 0 0 0 0 1 0 1 0 0 1 0 0], predicted support = [1 0 1 0 0 0 0 0 0 0 0 0 1 1 0 0 0 0 0 0 0 0 1 0 1 0 0 0 0 0])
INFO - 04/10/26 20:49:24 - 1:42:49 - Hybrid: direct, ca, distinguisher
INFO - 04/10/26 20:49:24 - 1:42:49 - direct, ca, distinguisher - Sum Normalized: secret not predicted. (true secret = [ 1  1 -1  0  0  1  0  0  0  0  0  0 -1  1  1  0  0  0  0  0  0  0  1  0
                                       1  0  0 -1  0  0], predicted secret = [1 0 0 0 0 1 0 0 0 0 0 0 0 1 1 0 0 0 0 0 0 0 1 0 1 0 0 0 0 0], true support = [1 1 1 0 0 1 0 0 0 0 0 0 1 1 1 0 0 0 0 0 0 0 1 0 1 0 0 1 0 0], predicted support = [1 0 0 0 0 1 0 0 0 0 0 0 0 1 1 0 0 0 0 0 0 0 1 0 1 0 0 0 0 0])
INFO - 04/10/26 20:49:24 - 1:42:49 - direct, ca, distinguisher - Max Normalized: secret not predicted. (true secret = [ 1  1 -1  0  0  1  0  0  0  0  0  0 -1  1  1  0  0  0  0  0  0  0  1  0
                                       1  0  0 -1  0  0], predicted secret = [1 0 0 0 0 1 0 0 0 0 0 0 1 1 0 0 0 0 0 0 0 0 1 0 1 0 0 0 0 0], true support = [1 1 1 0 0 1 0 0 0 0 0 0 1 1 1 0 0 0 0 0 0 0 1 0 1 0 0 1 0 0], predicted support = [1 0 0 0 0 1 0 0 0 0 0 0 1 1 0 0 0 0 0 0 0 0 1 0 1 0 0 0 0 0])
INFO - 04/10/26 20:49:24 - 1:42:49 - direct, ca, distinguisher - Sum Rank: secret not predicted. (true secret = [ 1  1 -1  0  0  1  0  0  0  0  0  0 -1  1  1  0  0  0  0  0  0  0  1  0
                                       1  0  0 -1  0  0], predicted secret = [1 0 0 0 0 1 0 0 0 0 0 0 1 1 0 0 0 0 0 0 0 0 1 0 1 0 0 0 0 0], true support = [1 1 1 0 0 1 0 0 0 0 0 0 1 1 1 0 0 0 0 0 0 0 1 0 1 0 0 1 0 0], predicted support = [1 0 0 0 0 1 0 0 0 0 0 0 1 1 0 0 0 0 0 0 0 0 1 0 1 0 0 0 0 0])
INFO - 04/10/26 20:49:24 - 1:42:49 - direct, ca, distinguisher - Max Rank: secret not predicted. (true secret = [ 1  1 -1  0  0  1  0  0  0  0  0  0 -1  1  1  0  0  0  0  0  0  0  1  0
                                       1  0  0 -1  0  0], predicted secret = [1 0 0 0 0 1 0 0 0 0 0 0 1 1 1 0 0 0 0 0 0 0 0 0 1 0 0 0 0 0], true support = [1 1 1 0 0 1 0 0 0 0 0 0 1 1 1 0 0 0 0 0 0 0 1 0 1 0 0 1 0 0], predicted support = [1 0 0 0 0 1 0 0 0 0 0 0 1 1 1 0 0 0 0 0 0 0 0 0 1 0 0 0 0 0])
INFO - 04/10/26 20:49:24 - 1:42:49 - Epoch 32 metrics | train_loss: 0.684992 | train_acc1: 59.811860 | train_acc2: 88.327735 | valid_xe_loss: 2.386059 | valid_acc1: 22.952927 | valid_acc2: 28.293117
INFO - 04/10/26 20:49:24 - 1:42:49 - __log__:{"train_loss": 0.684992162943344, "train_acc1": 59.81186020473449, "train_acc2": 88.32773512476008, "epoch": 32, "valid_xe_loss": 2.386058692690692, "valid_acc1": 22.952927215189874, "valid_acc2": 28.293117088607595}
INFO - 04/10/26 20:49:24 - 1:42:49 - Saving checkpoint to /home/yu_mcc/PQC_salsa/runs/n30_q127_h3_1m/train_gpu_proposed_ternary_h10_secret0_init0_paperlike/checkpoint.pth ...
WARNING - 04/10/26 20:49:24 - 1:42:49 - Saving encoder parameters ...
WARNING - 04/10/26 20:49:24 - 1:42:49 - Saving decoder parameters ...
WARNING - 04/10/26 20:49:24 - 1:42:49 - Saving optimizer ...
INFO - 04/10/26 20:49:24 - 1:42:49 - ============ Starting epoch 33 ... ============
INFO - 04/10/26 20:49:26 - 1:42:52 -   51600 -  106.27 equations/s -  6801.07 words/s - MEM: 1.36 GB - LOSS:  0.6618 || ACC1: 61.9792 || ACC2: 89.6577 - LR: 1.0000e-05
INFO - 04/10/26 20:49:34 - 1:42:59 -   51650 -  826.78 equations/s - 52914.00 words/s - MEM: 1.36 GB - LOSS:  0.6648 || ACC1: 60.4375 || ACC2: 88.8438 - LR: 1.0000e-05
INFO - 04/10/26 20:49:39 - 1:43:04 -   51700 - 1389.27 equations/s - 88913.25 words/s - MEM: 1.36 GB - LOSS:  0.6532 || ACC1: 60.6719 || ACC2: 89.7656 - LR: 1.0000e-05
INFO - 04/10/26 20:49:43 - 1:43:08 -   51750 - 1436.75 equations/s - 91951.96 words/s - MEM: 1.36 GB - LOSS:  0.6486 || ACC1: 61.6875 || ACC2: 89.9844 - LR: 1.0000e-05
INFO - 04/10/26 20:49:48 - 1:43:13 -   51800 - 1393.86 equations/s - 89207.05 words/s - MEM: 1.36 GB - LOSS:  0.6517 || ACC1: 60.5469 || ACC2: 89.6250 - LR: 1.0000e-05
INFO - 04/10/26 20:49:52 - 1:43:18 -   51850 - 1386.07 equations/s - 88708.28 words/s - MEM: 1.36 GB - LOSS:  0.6573 || ACC1: 61.9844 || ACC2: 89.4062 - LR: 1.0000e-05
INFO - 04/10/26 20:49:57 - 1:43:22 -   51900 - 1382.93 equations/s - 88507.77 words/s - MEM: 1.36 GB - LOSS:  0.6630 || ACC1: 60.8281 || ACC2: 89.5781 - LR: 1.0000e-05
INFO - 04/10/26 20:50:02 - 1:43:27 -   51950 - 1371.30 equations/s - 87763.32 words/s - MEM: 1.36 GB - LOSS:  0.6500 || ACC1: 62.0469 || ACC2: 89.7188 - LR: 1.0000e-05
INFO - 04/10/26 20:50:10 - 1:43:35 -   52000 -  786.08 equations/s - 50308.85 words/s - MEM: 1.36 GB - LOSS:  0.6603 || ACC1: 59.8594 || ACC2: 89.4531 - LR: 1.0000e-05
INFO - 04/10/26 20:50:14 - 1:43:40 -   52050 - 1392.66 equations/s - 89129.98 words/s - MEM: 1.36 GB - LOSS:  0.6539 || ACC1: 60.2656 || ACC2: 89.4531 - LR: 1.0000e-05
INFO - 04/10/26 20:50:19 - 1:43:44 -   52100 - 1414.47 equations/s - 90525.79 words/s - MEM: 1.36 GB - LOSS:  0.6557 || ACC1: 61.6875 || ACC2: 89.7188 - LR: 1.0000e-05
INFO - 04/10/26 20:50:24 - 1:43:49 -   52150 - 1353.08 equations/s - 86596.97 words/s - MEM: 1.36 GB - LOSS:  0.6592 || ACC1: 61.1562 || ACC2: 89.8281 - LR: 1.0000e-05
INFO - 04/10/26 20:50:28 - 1:43:54 -   52200 - 1375.06 equations/s - 88003.89 words/s - MEM: 1.36 GB - LOSS:  0.6414 || ACC1: 62.3750 || ACC2: 90.1406 - LR: 1.0000e-05
INFO - 04/10/26 20:50:33 - 1:43:58 -   52250 - 1385.00 equations/s - 88640.07 words/s - MEM: 1.36 GB - LOSS:  0.6453 || ACC1: 62.9219 || ACC2: 90.1250 - LR: 1.0000e-05
INFO - 04/10/26 20:50:38 - 1:44:03 -   52300 - 1396.52 equations/s - 89376.97 words/s - MEM: 1.36 GB - LOSS:  0.6460 || ACC1: 61.3594 || ACC2: 90.3594 - LR: 1.0000e-05
INFO - 04/10/26 20:50:46 - 1:44:11 -   52350 -  772.83 equations/s - 49460.91 words/s - MEM: 1.36 GB - LOSS:  0.6395 || ACC1: 61.6719 || ACC2: 90.1562 - LR: 1.0000e-05
INFO - 04/10/26 20:50:50 - 1:44:16 -   52400 - 1387.69 equations/s - 88811.89 words/s - MEM: 1.36 GB - LOSS:  0.6370 || ACC1: 61.9062 || ACC2: 90.0469 - LR: 1.0000e-05
INFO - 04/10/26 20:50:55 - 1:44:20 -   52450 - 1376.91 equations/s - 88122.06 words/s - MEM: 1.36 GB - LOSS:  0.6357 || ACC1: 62.2969 || ACC2: 90.0312 - LR: 1.0000e-05
INFO - 04/10/26 20:51:00 - 1:44:25 -   52500 - 1409.16 equations/s - 90186.33 words/s - MEM: 1.36 GB - LOSS:  0.6257 || ACC1: 63.3438 || ACC2: 90.5312 - LR: 1.0000e-05
INFO - 04/10/26 20:51:04 - 1:44:29 -   52550 - 1388.74 equations/s - 88879.13 words/s - MEM: 1.36 GB - LOSS:  0.6432 || ACC1: 61.8281 || ACC2: 89.7812 - LR: 1.0000e-05
INFO - 04/10/26 20:51:09 - 1:44:34 -   52600 - 1399.85 equations/s - 89590.68 words/s - MEM: 1.36 GB - LOSS:  0.6334 || ACC1: 62.9062 || ACC2: 90.0312 - LR: 1.0000e-05
INFO - 04/10/26 20:51:13 - 1:44:38 -   52650 - 1429.11 equations/s - 91462.80 words/s - MEM: 1.36 GB - LOSS:  0.6354 || ACC1: 63.4844 || ACC2: 90.7500 - LR: 1.0000e-05
INFO - 04/10/26 20:51:21 - 1:44:46 -   52700 -  795.56 equations/s - 50915.73 words/s - MEM: 1.36 GB - LOSS:  0.6347 || ACC1: 61.3750 || ACC2: 90.0312 - LR: 1.0000e-05
INFO - 04/10/26 20:51:26 - 1:44:51 -   52750 - 1377.96 equations/s - 88189.56 words/s - MEM: 1.36 GB - LOSS:  0.6404 || ACC1: 61.3281 || ACC2: 90.2344 - LR: 1.0000e-05
INFO - 04/10/26 20:51:31 - 1:44:56 -   52800 - 1375.01 equations/s - 88000.73 words/s - MEM: 1.36 GB - LOSS:  0.6424 || ACC1: 61.7812 || ACC2: 89.9375 - LR: 1.0000e-05
INFO - 04/10/26 20:51:35 - 1:45:01 -   52850 - 1348.65 equations/s - 86313.89 words/s - MEM: 1.36 GB - LOSS:  0.6353 || ACC1: 61.8281 || ACC2: 90.0781 - LR: 1.0000e-05
INFO - 04/10/26 20:51:40 - 1:45:05 -   52900 - 1370.64 equations/s - 87721.26 words/s - MEM: 1.36 GB - LOSS:  0.6398 || ACC1: 61.8125 || ACC2: 90.3438 - LR: 1.0000e-05
INFO - 04/10/26 20:51:45 - 1:45:10 -   52950 - 1347.67 equations/s - 86250.77 words/s - MEM: 1.36 GB - LOSS:  0.6258 || ACC1: 63.2656 || ACC2: 90.4219 - LR: 1.0000e-05
INFO - 04/10/26 20:51:50 - 1:45:15 -   53000 - 1319.40 equations/s - 84441.85 words/s - MEM: 1.36 GB - LOSS:  0.6257 || ACC1: 63.1562 || ACC2: 90.7500 - LR: 1.0000e-05
INFO - 04/10/26 20:51:58 - 1:45:23 -   53050 -  752.26 equations/s - 48144.45 words/s - MEM: 1.36 GB - LOSS:  0.6313 || ACC1: 62.5312 || ACC2: 90.2969 - LR: 1.0000e-05
INFO - 04/10/26 20:52:03 - 1:45:28 -   53100 - 1430.64 equations/s - 91561.00 words/s - MEM: 1.36 GB - LOSS:  0.6244 || ACC1: 62.0781 || ACC2: 89.9062 - LR: 1.0000e-05
INFO - 04/10/26 20:52:06 - 1:45:32 -   53142 - 1406.39 equations/s - 90008.79 words/s - MEM: 1.36 GB - LOSS:  0.6276 || ACC1: 62.2210 || ACC2: 90.6622 - LR: 1.0000e-05
INFO - 04/10/26 20:52:06 - 1:45:32 - ============ End of epoch 33 ============
INFO - 04/10/26 20:52:06 - 1:45:32 - Starting Distinguisher Method
INFO - 04/10/26 20:52:21 - 1:45:47 - Distinguishing 0s using the emd. 
INFO - 04/10/26 20:52:21 - 1:45:47 - Distinguishing +/-1s using the emd. 
INFO - 04/10/26 20:52:21 - 1:45:47 - Real secret: -1: {np.int64(2), np.int64(27), np.int64(12)}, 1: {np.int64(0), np.int64(1), np.int64(5), np.int64(13), np.int64(14), np.int64(22), np.int64(24)}
INFO - 04/10/26 20:52:21 - 1:45:47 - Nonzero bits not identified. Guess: [21  1 25 12 22 14 27  2 24 13]
INFO - 04/10/26 20:52:21 - 1:45:47 - Distinguishing +/-1s using the mean. 
INFO - 04/10/26 20:52:21 - 1:45:47 - Real secret: -1: {np.int64(2), np.int64(27), np.int64(12)}, 1: {np.int64(0), np.int64(1), np.int64(5), np.int64(13), np.int64(14), np.int64(22), np.int64(24)}
INFO - 04/10/26 20:52:21 - 1:45:47 - Nonzero bits not identified. Guess: [21  1 25 12 22 14 27  2 24 13]
INFO - 04/10/26 20:52:21 - 1:45:47 - Distinguishing 0s using the mean. 
INFO - 04/10/26 20:52:21 - 1:45:47 - Distinguishing +/-1s using the emd. 
INFO - 04/10/26 20:52:21 - 1:45:47 - Real secret: -1: {np.int64(2), np.int64(27), np.int64(12)}, 1: {np.int64(0), np.int64(1), np.int64(5), np.int64(13), np.int64(14), np.int64(22), np.int64(24)}
INFO - 04/10/26 20:52:21 - 1:45:47 - Distinguishing +/-1s using the mean. 
INFO - 04/10/26 20:52:21 - 1:45:47 - Real secret: -1: {np.int64(2), np.int64(27), np.int64(12)}, 1: {np.int64(0), np.int64(1), np.int64(5), np.int64(13), np.int64(14), np.int64(22), np.int64(24)}
INFO - 04/10/26 20:52:21 - 1:45:47 - Starting Direct Method
INFO - 04/10/26 20:52:21 - 1:45:47 - Direct:  K=49
INFO - 04/10/26 20:52:22 - 1:45:47 - Direct:  K=43
INFO - 04/10/26 20:52:22 - 1:45:47 - Direct:  K=47
INFO - 04/10/26 20:52:22 - 1:45:47 - Direct:  K=81
INFO - 04/10/26 20:52:22 - 1:45:47 - Direct:  K=47
INFO - 04/10/26 20:52:22 - 1:45:47 - Direct:  K=71
INFO - 04/10/26 20:52:22 - 1:45:47 - Direct:  K=39
INFO - 04/10/26 20:52:22 - 1:45:47 - Direct:  K=45
INFO - 04/10/26 20:52:22 - 1:45:48 - Direct:  K=48
INFO - 04/10/26 20:52:22 - 1:45:48 - Direct:  K=79
INFO - 04/10/26 20:52:23 - 1:45:48 - Direct:  K=92
INFO - 04/10/26 20:52:23 - 1:45:48 - Direct:  K=76
INFO - 04/10/26 20:52:23 - 1:45:48 - Direct:  K=46
INFO - 04/10/26 20:52:23 - 1:45:48 - Direct:  K=90
INFO - 04/10/26 20:52:23 - 1:45:48 - Direct:  K=38
INFO - 04/10/26 20:52:23 - 1:45:48 - Direct: secret not predicted. (true secret = [ 1  1 -1  0  0  1  0  0  0  0  0  0 -1  1  1  0  0  0  0  0  0  0  1  0
                                       1  0  0 -1  0  0], predicted secret = [0 0 0 0 0 1 0 0 1 0 0 0 0 0 0 0 0 0 0 1 0 0 1 0 1 0 1 0 0 0], true support = [1 1 1 0 0 1 0 0 0 0 0 0 1 1 1 0 0 0 0 0 0 0 1 0 1 0 0 1 0 0], predicted support = [0 0 0 0 0 1 0 0 1 0 0 0 0 0 0 0 0 0 0 1 0 0 1 0 1 0 1 0 0 0])
INFO - 04/10/26 20:52:36 - 1:46:01 - CA: secret not predicted. (true secret = [ 1  1 -1  0  0  1  0  0  0  0  0  0 -1  1  1  0  0  0  0  0  0  0  1  0
                                       1  0  0 -1  0  0], predicted secret = [1 1 0 0 0 0 0 0 0 0 0 0 1 1 0 0 0 0 0 0 0 0 1 0 1 0 0 0 0 0], true support = [1 1 1 0 0 1 0 0 0 0 0 0 1 1 1 0 0 0 0 0 0 0 1 0 1 0 0 1 0 0], predicted support = [1 1 0 0 0 0 0 0 0 0 0 0 1 1 0 0 0 0 0 0 0 0 1 0 1 0 0 0 0 0])
INFO - 04/10/26 20:52:36 - 1:46:01 - CA: secret not predicted. (true secret = [ 1  1 -1  0  0  1  0  0  0  0  0  0 -1  1  1  0  0  0  0  0  0  0  1  0
                                       1  0  0 -1  0  0], predicted secret = [1 0 0 0 1 0 0 0 0 0 1 0 0 0 0 0 0 0 0 1 1 0 0 0 0 0 0 0 0 1], true support = [1 1 1 0 0 1 0 0 0 0 0 0 1 1 1 0 0 0 0 0 0 0 1 0 1 0 0 1 0 0], predicted support = [1 0 0 0 1 0 0 0 0 0 1 0 0 0 0 0 0 0 0 1 1 0 0 0 0 0 0 0 0 1])
INFO - 04/10/26 20:52:36 - 1:46:01 - Hybrid: direct, ca
INFO - 04/10/26 20:52:36 - 1:46:01 - direct, ca - Sum Normalized: secret not predicted. (true secret = [ 1  1 -1  0  0  1  0  0  0  0  0  0 -1  1  1  0  0  0  0  0  0  0  1  0
                                       1  0  0 -1  0  0], predicted secret = [1 0 0 0 0 1 0 0 0 0 0 0 0 1 0 0 0 0 0 0 0 0 1 0 1 0 0 0 0 1], true support = [1 1 1 0 0 1 0 0 0 0 0 0 1 1 1 0 0 0 0 0 0 0 1 0 1 0 0 1 0 0], predicted support = [1 0 0 0 0 1 0 0 0 0 0 0 0 1 0 0 0 0 0 0 0 0 1 0 1 0 0 0 0 1])
INFO - 04/10/26 20:52:36 - 1:46:01 - direct, ca - Max Normalized: secret not predicted. (true secret = [ 1  1 -1  0  0  1  0  0  0  0  0  0 -1  1  1  0  0  0  0  0  0  0  1  0
                                       1  0  0 -1  0  0], predicted secret = [1 0 0 0 0 0 0 0 0 0 0 0 0 1 0 0 0 0 0 0 1 0 1 0 1 0 0 0 0 1], true support = [1 1 1 0 0 1 0 0 0 0 0 0 1 1 1 0 0 0 0 0 0 0 1 0 1 0 0 1 0 0], predicted support = [1 0 0 0 0 0 0 0 0 0 0 0 0 1 0 0 0 0 0 0 1 0 1 0 1 0 0 0 0 1])
INFO - 04/10/26 20:52:36 - 1:46:01 - direct, ca - Sum Rank: secret not predicted. (true secret = [ 1  1 -1  0  0  1  0  0  0  0  0  0 -1  1  1  0  0  0  0  0  0  0  1  0
                                       1  0  0 -1  0  0], predicted secret = [1 0 0 0 1 1 0 0 0 0 0 0 0 0 0 0 0 0 0 1 0 0 1 0 1 0 0 0 0 0], true support = [1 1 1 0 0 1 0 0 0 0 0 0 1 1 1 0 0 0 0 0 0 0 1 0 1 0 0 1 0 0], predicted support = [1 0 0 0 1 1 0 0 0 0 0 0 0 0 0 0 0 0 0 1 0 0 1 0 1 0 0 0 0 0])
INFO - 04/10/26 20:52:36 - 1:46:01 - direct, ca - Max Rank: secret not predicted. (true secret = [ 1  1 -1  0  0  1  0  0  0  0  0  0 -1  1  1  0  0  0  0  0  0  0  1  0
                                       1  0  0 -1  0  0], predicted secret = [1 0 0 0 0 0 0 0 0 0 0 0 0 1 0 0 0 0 0 1 0 0 1 0 1 0 1 0 0 0], true support = [1 1 1 0 0 1 0 0 0 0 0 0 1 1 1 0 0 0 0 0 0 0 1 0 1 0 0 1 0 0], predicted support = [1 0 0 0 0 0 0 0 0 0 0 0 0 1 0 0 0 0 0 1 0 0 1 0 1 0 1 0 0 0])
INFO - 04/10/26 20:52:36 - 1:46:01 - Hybrid: direct, distinguisher
INFO - 04/10/26 20:52:36 - 1:46:01 - direct, distinguisher - Sum Normalized: secret not predicted. (true secret = [ 1  1 -1  0  0  1  0  0  0  0  0  0 -1  1  1  0  0  0  0  0  0  0  1  0
                                       1  0  0 -1  0  0], predicted secret = [0 1 1 0 0 1 0 0 0 0 0 0 0 1 0 0 0 0 0 0 0 0 1 0 1 0 0 0 0 0], true support = [1 1 1 0 0 1 0 0 0 0 0 0 1 1 1 0 0 0 0 0 0 0 1 0 1 0 0 1 0 0], predicted support = [0 1 1 0 0 1 0 0 0 0 0 0 0 1 0 0 0 0 0 0 0 0 1 0 1 0 0 0 0 0])
INFO - 04/10/26 20:52:36 - 1:46:01 - direct, distinguisher - Max Normalized: secret not predicted. (true secret = [ 1  1 -1  0  0  1  0  0  0  0  0  0 -1  1  1  0  0  0  0  0  0  0  1  0
                                       1  0  0 -1  0  0], predicted secret = [0 0 1 0 0 0 0 0 0 0 0 0 1 1 0 0 0 0 0 0 0 0 1 0 1 0 0 1 0 0], true support = [1 1 1 0 0 1 0 0 0 0 0 0 1 1 1 0 0 0 0 0 0 0 1 0 1 0 0 1 0 0], predicted support = [0 0 1 0 0 0 0 0 0 0 0 0 1 1 0 0 0 0 0 0 0 0 1 0 1 0 0 1 0 0])
INFO - 04/10/26 20:52:36 - 1:46:01 - direct, distinguisher - Sum Rank: secret not predicted. (true secret = [ 1  1 -1  0  0  1  0  0  0  0  0  0 -1  1  1  0  0  0  0  0  0  0  1  0
                                       1  0  0 -1  0  0], predicted secret = [1 1 0 0 0 1 0 0 0 0 0 0 0 0 1 0 0 0 0 0 0 0 1 0 1 0 0 0 0 0], true support = [1 1 1 0 0 1 0 0 0 0 0 0 1 1 1 0 0 0 0 0 0 0 1 0 1 0 0 1 0 0], predicted support = [1 1 0 0 0 1 0 0 0 0 0 0 0 0 1 0 0 0 0 0 0 0 1 0 1 0 0 0 0 0])
INFO - 04/10/26 20:52:36 - 1:46:01 - direct, distinguisher - Max Rank: secret not predicted. (true secret = [ 1  1 -1  0  0  1  0  0  0  0  0  0 -1  1  1  0  0  0  0  0  0  0  1  0
                                       1  0  0 -1  0  0], predicted secret = [0 0 1 0 0 0 0 0 0 0 0 0 1 1 0 0 0 0 0 1 0 0 1 0 0 0 1 0 0 0], true support = [1 1 1 0 0 1 0 0 0 0 0 0 1 1 1 0 0 0 0 0 0 0 1 0 1 0 0 1 0 0], predicted support = [0 0 1 0 0 0 0 0 0 0 0 0 1 1 0 0 0 0 0 1 0 0 1 0 0 0 1 0 0 0])
INFO - 04/10/26 20:52:36 - 1:46:01 - Hybrid: ca, distinguisher
INFO - 04/10/26 20:52:36 - 1:46:01 - ca, distinguisher - Sum Normalized: secret not predicted. (true secret = [ 1  1 -1  0  0  1  0  0  0  0  0  0 -1  1  1  0  0  0  0  0  0  0  1  0
                                       1  0  0 -1  0  0], predicted secret = [1 0 1 0 0 0 0 0 0 0 0 0 1 1 0 0 0 0 0 0 0 0 1 0 1 0 0 0 0 0], true support = [1 1 1 0 0 1 0 0 0 0 0 0 1 1 1 0 0 0 0 0 0 0 1 0 1 0 0 1 0 0], predicted support = [1 0 1 0 0 0 0 0 0 0 0 0 1 1 0 0 0 0 0 0 0 0 1 0 1 0 0 0 0 0])
INFO - 04/10/26 20:52:36 - 1:46:01 - ca, distinguisher - Max Normalized: secret not predicted. (true secret = [ 1  1 -1  0  0  1  0  0  0  0  0  0 -1  1  1  0  0  0  0  0  0  0  1  0
                                       1  0  0 -1  0  0], predicted secret = [1 0 1 0 0 0 0 0 0 0 0 0 1 1 0 0 0 0 0 0 0 0 0 0 1 0 0 1 0 0], true support = [1 1 1 0 0 1 0 0 0 0 0 0 1 1 1 0 0 0 0 0 0 0 1 0 1 0 0 1 0 0], predicted support = [1 0 1 0 0 0 0 0 0 0 0 0 1 1 0 0 0 0 0 0 0 0 0 0 1 0 0 1 0 0])
INFO - 04/10/26 20:52:36 - 1:46:01 - ca, distinguisher - Sum Rank: secret not predicted. (true secret = [ 1  1 -1  0  0  1  0  0  0  0  0  0 -1  1  1  0  0  0  0  0  0  0  1  0
                                       1  0  0 -1  0  0], predicted secret = [1 0 1 0 0 0 0 0 0 0 0 0 1 1 0 0 0 0 0 0 0 0 1 0 1 0 0 0 0 0], true support = [1 1 1 0 0 1 0 0 0 0 0 0 1 1 1 0 0 0 0 0 0 0 1 0 1 0 0 1 0 0], predicted support = [1 0 1 0 0 0 0 0 0 0 0 0 1 1 0 0 0 0 0 0 0 0 1 0 1 0 0 0 0 0])
INFO - 04/10/26 20:52:36 - 1:46:01 - ca, distinguisher - Max Rank: secret not predicted. (true secret = [ 1  1 -1  0  0  1  0  0  0  0  0  0 -1  1  1  0  0  0  0  0  0  0  1  0
                                       1  0  0 -1  0  0], predicted secret = [1 0 1 0 0 0 0 0 0 0 0 0 1 1 0 0 0 0 0 0 0 0 1 0 1 0 0 0 0 0], true support = [1 1 1 0 0 1 0 0 0 0 0 0 1 1 1 0 0 0 0 0 0 0 1 0 1 0 0 1 0 0], predicted support = [1 0 1 0 0 0 0 0 0 0 0 0 1 1 0 0 0 0 0 0 0 0 1 0 1 0 0 0 0 0])
INFO - 04/10/26 20:52:36 - 1:46:01 - Hybrid: direct, ca, distinguisher
INFO - 04/10/26 20:52:36 - 1:46:01 - direct, ca, distinguisher - Sum Normalized: secret not predicted. (true secret = [ 1  1 -1  0  0  1  0  0  0  0  0  0 -1  1  1  0  0  0  0  0  0  0  1  0
                                       1  0  0 -1  0  0], predicted secret = [1 0 1 0 0 1 0 0 0 0 0 0 0 1 0 0 0 0 0 0 0 0 1 0 1 0 0 0 0 0], true support = [1 1 1 0 0 1 0 0 0 0 0 0 1 1 1 0 0 0 0 0 0 0 1 0 1 0 0 1 0 0], predicted support = [1 0 1 0 0 1 0 0 0 0 0 0 0 1 0 0 0 0 0 0 0 0 1 0 1 0 0 0 0 0])
INFO - 04/10/26 20:52:36 - 1:46:01 - direct, ca, distinguisher - Max Normalized: secret not predicted. (true secret = [ 1  1 -1  0  0  1  0  0  0  0  0  0 -1  1  1  0  0  0  0  0  0  0  1  0
                                       1  0  0 -1  0  0], predicted secret = [1 0 1 0 0 0 0 0 0 0 0 0 1 1 0 0 0 0 0 0 0 0 1 0 1 0 0 0 0 0], true support = [1 1 1 0 0 1 0 0 0 0 0 0 1 1 1 0 0 0 0 0 0 0 1 0 1 0 0 1 0 0], predicted support = [1 0 1 0 0 0 0 0 0 0 0 0 1 1 0 0 0 0 0 0 0 0 1 0 1 0 0 0 0 0])
INFO - 04/10/26 20:52:36 - 1:46:01 - direct, ca, distinguisher - Sum Rank: secret not predicted. (true secret = [ 1  1 -1  0  0  1  0  0  0  0  0  0 -1  1  1  0  0  0  0  0  0  0  1  0
                                       1  0  0 -1  0  0], predicted secret = [1 1 0 0 0 1 0 0 0 0 0 0 0 1 0 0 0 0 0 0 0 0 1 0 1 0 0 0 0 0], true support = [1 1 1 0 0 1 0 0 0 0 0 0 1 1 1 0 0 0 0 0 0 0 1 0 1 0 0 1 0 0], predicted support = [1 1 0 0 0 1 0 0 0 0 0 0 0 1 0 0 0 0 0 0 0 0 1 0 1 0 0 0 0 0])
INFO - 04/10/26 20:52:36 - 1:46:01 - direct, ca, distinguisher - Max Rank: secret not predicted. (true secret = [ 1  1 -1  0  0  1  0  0  0  0  0  0 -1  1  1  0  0  0  0  0  0  0  1  0
                                       1  0  0 -1  0  0], predicted secret = [1 0 1 0 0 0 0 0 0 0 0 0 0 1 0 0 0 0 0 0 0 0 1 0 1 0 1 0 0 0], true support = [1 1 1 0 0 1 0 0 0 0 0 0 1 1 1 0 0 0 0 0 0 0 1 0 1 0 0 1 0 0], predicted support = [1 0 1 0 0 0 0 0 0 0 0 0 0 1 0 0 0 0 0 0 0 0 1 0 1 0 1 0 0 0])
INFO - 04/10/26 20:52:36 - 1:46:01 - Epoch 33 metrics | train_loss: 0.643157 | train_acc1: 61.827215 | train_acc2: 89.991703 | valid_xe_loss: 2.462348 | valid_acc1: 23.378165 | valid_acc2: 27.788766
INFO - 04/10/26 20:52:36 - 1:46:01 - __log__:{"train_loss": 0.6431572800710731, "train_acc1": 61.827215291106846, "train_acc2": 89.99170265515035, "epoch": 33, "valid_xe_loss": 2.4623484370074693, "valid_acc1": 23.378164556962027, "valid_acc2": 27.78876582278481}
INFO - 04/10/26 20:52:36 - 1:46:01 - Saving checkpoint to /home/yu_mcc/PQC_salsa/runs/n30_q127_h3_1m/train_gpu_proposed_ternary_h10_secret0_init0_paperlike/checkpoint.pth ...
WARNING - 04/10/26 20:52:36 - 1:46:01 - Saving encoder parameters ...
WARNING - 04/10/26 20:52:36 - 1:46:01 - Saving decoder parameters ...
WARNING - 04/10/26 20:52:36 - 1:46:01 - Saving optimizer ...
INFO - 04/10/26 20:52:36 - 1:46:01 - ============ Starting epoch 34 ... ============
INFO - 04/10/26 20:52:37 - 1:46:02 -   53150 -   33.56 equations/s -  2147.54 words/s - MEM: 1.36 GB - LOSS:  0.5797 || ACC1: 66.1133 || ACC2: 91.4062 - LR: 1.0000e-05
INFO - 04/10/26 20:52:42 - 1:46:07 -   53200 - 1331.65 equations/s - 85225.45 words/s - MEM: 1.36 GB - LOSS:  0.6141 || ACC1: 63.2500 || ACC2: 91.0469 - LR: 1.0000e-05
INFO - 04/10/26 20:52:47 - 1:46:12 -   53250 - 1360.96 equations/s - 87101.44 words/s - MEM: 1.36 GB - LOSS:  0.6181 || ACC1: 62.7500 || ACC2: 90.5469 - LR: 1.0000e-05
INFO - 04/10/26 20:52:51 - 1:46:16 -   53300 - 1383.09 equations/s - 88517.60 words/s - MEM: 1.36 GB - LOSS:  0.6218 || ACC1: 62.8906 || ACC2: 91.1406 - LR: 1.0000e-05
INFO - 04/10/26 20:52:56 - 1:46:21 -   53350 - 1414.70 equations/s - 90540.52 words/s - MEM: 1.36 GB - LOSS:  0.6291 || ACC1: 61.8906 || ACC2: 90.5312 - LR: 1.0000e-05
INFO - 04/10/26 20:53:00 - 1:46:25 -   53400 - 1372.19 equations/s - 87819.86 words/s - MEM: 1.36 GB - LOSS:  0.6100 || ACC1: 63.9688 || ACC2: 90.7812 - LR: 1.0000e-05
INFO - 04/10/26 20:53:09 - 1:46:34 -   53450 -  769.41 equations/s - 49242.34 words/s - MEM: 1.36 GB - LOSS:  0.6139 || ACC1: 63.7344 || ACC2: 90.9531 - LR: 1.0000e-05
INFO - 04/10/26 20:53:13 - 1:46:38 -   53500 - 1424.72 equations/s - 91182.04 words/s - MEM: 1.36 GB - LOSS:  0.6140 || ACC1: 62.7344 || ACC2: 91.3906 - LR: 1.0000e-05
INFO - 04/10/26 20:53:18 - 1:46:43 -   53550 - 1366.13 equations/s - 87432.06 words/s - MEM: 1.36 GB - LOSS:  0.6169 || ACC1: 63.0469 || ACC2: 90.9531 - LR: 1.0000e-05
INFO - 04/10/26 20:53:22 - 1:46:47 -   53600 - 1407.26 equations/s - 90064.91 words/s - MEM: 1.36 GB - LOSS:  0.6038 || ACC1: 64.0938 || ACC2: 91.4531 - LR: 1.0000e-05
INFO - 04/10/26 20:53:27 - 1:46:52 -   53650 - 1425.90 equations/s - 91257.76 words/s - MEM: 1.36 GB - LOSS:  0.6181 || ACC1: 62.2656 || ACC2: 91.0938 - LR: 1.0000e-05
INFO - 04/10/26 20:53:31 - 1:46:57 -   53700 - 1387.88 equations/s - 88824.35 words/s - MEM: 1.36 GB - LOSS:  0.6238 || ACC1: 63.5781 || ACC2: 90.8281 - LR: 1.0000e-05
INFO - 04/10/26 20:53:36 - 1:47:01 -   53750 - 1403.55 equations/s - 89827.07 words/s - MEM: 1.36 GB - LOSS:  0.6101 || ACC1: 63.1562 || ACC2: 90.8594 - LR: 1.0000e-05
INFO - 04/10/26 20:53:44 - 1:47:09 -   53800 -  789.92 equations/s - 50554.68 words/s - MEM: 1.36 GB - LOSS:  0.6091 || ACC1: 63.7812 || ACC2: 91.1875 - LR: 1.0000e-05
INFO - 04/10/26 20:53:49 - 1:47:14 -   53850 - 1414.43 equations/s - 90523.58 words/s - MEM: 1.36 GB - LOSS:  0.6100 || ACC1: 63.3750 || ACC2: 91.2656 - LR: 1.0000e-05
INFO - 04/10/26 20:53:53 - 1:47:18 -   53900 - 1373.90 equations/s - 87929.50 words/s - MEM: 1.36 GB - LOSS:  0.6118 || ACC1: 62.7969 || ACC2: 90.7500 - LR: 1.0000e-05
INFO - 04/10/26 20:53:58 - 1:47:23 -   53950 - 1399.62 equations/s - 89575.51 words/s - MEM: 1.36 GB - LOSS:  0.6082 || ACC1: 63.4688 || ACC2: 91.0781 - LR: 1.0000e-05
INFO - 04/10/26 20:54:03 - 1:47:28 -   54000 - 1378.69 equations/s - 88235.93 words/s - MEM: 1.36 GB - LOSS:  0.6095 || ACC1: 64.0938 || ACC2: 91.9844 - LR: 1.0000e-05
INFO - 04/10/26 20:54:07 - 1:47:32 -   54050 - 1425.67 equations/s - 91242.64 words/s - MEM: 1.36 GB - LOSS:  0.6059 || ACC1: 63.8438 || ACC2: 91.1406 - LR: 1.0000e-05
INFO - 04/10/26 20:54:12 - 1:47:37 -   54100 - 1419.77 equations/s - 90865.50 words/s - MEM: 1.36 GB - LOSS:  0.6053 || ACC1: 63.8906 || ACC2: 91.5156 - LR: 1.0000e-05
INFO - 04/10/26 20:54:20 - 1:47:45 -   54150 -  784.01 equations/s - 50176.43 words/s - MEM: 1.36 GB - LOSS:  0.6021 || ACC1: 64.1406 || ACC2: 90.8906 - LR: 1.0000e-05
INFO - 04/10/26 20:54:24 - 1:47:49 -   54200 - 1398.72 equations/s - 89518.07 words/s - MEM: 1.36 GB - LOSS:  0.6059 || ACC1: 64.2969 || ACC2: 91.2969 - LR: 1.0000e-05
INFO - 04/10/26 20:54:29 - 1:47:54 -   54250 - 1348.90 equations/s - 86329.57 words/s - MEM: 1.36 GB - LOSS:  0.6008 || ACC1: 64.1406 || ACC2: 91.2188 - LR: 1.0000e-05
INFO - 04/10/26 20:54:34 - 1:47:59 -   54300 - 1354.56 equations/s - 86691.88 words/s - MEM: 1.36 GB - LOSS:  0.6001 || ACC1: 64.3281 || ACC2: 91.1094 - LR: 1.0000e-05
INFO - 04/10/26 20:54:39 - 1:48:04 -   54350 - 1317.69 equations/s - 84331.93 words/s - MEM: 1.36 GB - LOSS:  0.5899 || ACC1: 64.4688 || ACC2: 92.2031 - LR: 1.0000e-05
INFO - 04/10/26 20:54:43 - 1:48:08 -   54400 - 1396.54 equations/s - 89378.88 words/s - MEM: 1.36 GB - LOSS:  0.5851 || ACC1: 64.4062 || ACC2: 92.0938 - LR: 1.0000e-05
INFO - 04/10/26 20:54:48 - 1:48:13 -   54450 - 1433.21 equations/s - 91725.50 words/s - MEM: 1.36 GB - LOSS:  0.6131 || ACC1: 62.7344 || ACC2: 90.8281 - LR: 1.0000e-05
INFO - 04/10/26 20:54:56 - 1:48:21 -   54500 -  787.29 equations/s - 50386.63 words/s - MEM: 1.36 GB - LOSS:  0.5927 || ACC1: 64.2656 || ACC2: 91.6406 - LR: 1.0000e-05
INFO - 04/10/26 20:55:00 - 1:48:26 -   54550 - 1369.34 equations/s - 87637.81 words/s - MEM: 1.36 GB - LOSS:  0.5934 || ACC1: 64.4375 || ACC2: 91.4062 - LR: 1.0000e-05
INFO - 04/10/26 20:55:05 - 1:48:30 -   54600 - 1405.26 equations/s - 89936.48 words/s - MEM: 1.36 GB - LOSS:  0.5909 || ACC1: 63.9219 || ACC2: 91.7031 - LR: 1.0000e-05
INFO - 04/10/26 20:55:10 - 1:48:35 -   54650 - 1397.87 equations/s - 89463.46 words/s - MEM: 1.36 GB - LOSS:  0.5881 || ACC1: 64.9844 || ACC2: 91.7344 - LR: 1.0000e-05
INFO - 04/10/26 20:55:14 - 1:48:39 -   54700 - 1490.11 equations/s - 95366.90 words/s - MEM: 1.36 GB - LOSS:  0.5895 || ACC1: 65.1875 || ACC2: 91.9531 - LR: 1.0000e-05
INFO - 04/10/26 20:55:14 - 1:48:39 -   54705 - 1653.44 equations/s - 105820.08 words/s - MEM: 1.36 GB - LOSS:  0.5655 || ACC1: 66.0938 || ACC2: 93.1250 - LR: 1.0000e-05
INFO - 04/10/26 20:55:14 - 1:48:39 - ============ End of epoch 34 ============
INFO - 04/10/26 20:55:14 - 1:48:39 - Starting Distinguisher Method
INFO - 04/10/26 20:55:30 - 1:48:56 - Distinguishing 0s using the emd. 
INFO - 04/10/26 20:55:30 - 1:48:56 - Distinguishing +/-1s using the emd. 
INFO - 04/10/26 20:55:30 - 1:48:56 - Real secret: -1: {np.int64(2), np.int64(27), np.int64(12)}, 1: {np.int64(0), np.int64(1), np.int64(5), np.int64(13), np.int64(14), np.int64(22), np.int64(24)}
INFO - 04/10/26 20:55:30 - 1:48:56 - Nonzero bits not identified. Guess: [ 0 17  2 25 14  1 13  5 22 24]
INFO - 04/10/26 20:55:30 - 1:48:56 - Distinguishing +/-1s using the mean. 
INFO - 04/10/26 20:55:30 - 1:48:56 - Real secret: -1: {np.int64(2), np.int64(27), np.int64(12)}, 1: {np.int64(0), np.int64(1), np.int64(5), np.int64(13), np.int64(14), np.int64(22), np.int64(24)}
INFO - 04/10/26 20:55:30 - 1:48:56 - Nonzero bits not identified. Guess: [ 0 17  2 25 14  1 13  5 22 24]
INFO - 04/10/26 20:55:30 - 1:48:56 - Distinguishing 0s using the mean. 
INFO - 04/10/26 20:55:30 - 1:48:56 - Distinguishing +/-1s using the emd. 
INFO - 04/10/26 20:55:30 - 1:48:56 - Real secret: -1: {np.int64(2), np.int64(27), np.int64(12)}, 1: {np.int64(0), np.int64(1), np.int64(5), np.int64(13), np.int64(14), np.int64(22), np.int64(24)}
INFO - 04/10/26 20:55:30 - 1:48:56 - Distinguishing +/-1s using the mean. 
INFO - 04/10/26 20:55:30 - 1:48:56 - Real secret: -1: {np.int64(2), np.int64(27), np.int64(12)}, 1: {np.int64(0), np.int64(1), np.int64(5), np.int64(13), np.int64(14), np.int64(22), np.int64(24)}
INFO - 04/10/26 20:55:30 - 1:48:56 - Starting Direct Method
INFO - 04/10/26 20:55:30 - 1:48:56 - Direct:  K=41
INFO - 04/10/26 20:55:31 - 1:48:56 - Direct:  K=93
INFO - 04/10/26 20:55:31 - 1:48:56 - Direct:  K=70
INFO - 04/10/26 20:55:31 - 1:48:56 - Direct:  K=60
INFO - 04/10/26 20:55:31 - 1:48:56 - Direct:  K=67
INFO - 04/10/26 20:55:31 - 1:48:56 - Direct:  K=44
INFO - 04/10/26 20:55:31 - 1:48:56 - Direct:  K=82
INFO - 04/10/26 20:55:31 - 1:48:56 - Direct:  K=57
INFO - 04/10/26 20:55:31 - 1:48:56 - Direct:  K=42
INFO - 04/10/26 20:55:31 - 1:48:56 - Direct:  K=70
INFO - 04/10/26 20:55:31 - 1:48:57 - Direct:  K=92
INFO - 04/10/26 20:55:32 - 1:48:57 - Direct:  K=77
INFO - 04/10/26 20:55:32 - 1:48:57 - Direct:  K=66
INFO - 04/10/26 20:55:32 - 1:48:57 - Direct:  K=66
INFO - 04/10/26 20:55:32 - 1:48:57 - Direct:  K=67
INFO - 04/10/26 20:55:32 - 1:48:57 - Direct: secret not predicted. (true secret = [ 1  1 -1  0  0  1  0  0  0  0  0  0 -1  1  1  0  0  0  0  0  0  0  1  0
                                       1  0  0 -1  0  0], predicted secret = [0 0 0 0 0 1 0 0 1 0 0 0 0 0 1 0 0 0 0 0 0 1 1 0 0 0 0 1 0 0], true support = [1 1 1 0 0 1 0 0 0 0 0 0 1 1 1 0 0 0 0 0 0 0 1 0 1 0 0 1 0 0], predicted support = [0 0 0 0 0 1 0 0 1 0 0 0 0 0 1 0 0 0 0 0 0 1 1 0 0 0 0 1 0 0])
INFO - 04/10/26 20:55:41 - 1:49:06 - CA: secret not predicted. (true secret = [ 1  1 -1  0  0  1  0  0  0  0  0  0 -1  1  1  0  0  0  0  0  0  0  1  0
                                       1  0  0 -1  0  0], predicted secret = [1 1 0 0 0 0 0 0 0 0 0 0 1 1 0 0 0 0 0 0 0 0 1 0 1 0 0 0 0 0], true support = [1 1 1 0 0 1 0 0 0 0 0 0 1 1 1 0 0 0 0 0 0 0 1 0 1 0 0 1 0 0], predicted support = [1 1 0 0 0 0 0 0 0 0 0 0 1 1 0 0 0 0 0 0 0 0 1 0 1 0 0 0 0 0])
INFO - 04/10/26 20:55:41 - 1:49:06 - CA: secret not predicted. (true secret = [ 1  1 -1  0  0  1  0  0  0  0  0  0 -1  1  1  0  0  0  0  0  0  0  1  0
                                       1  0  0 -1  0  0], predicted secret = [1 0 0 0 1 0 0 0 0 0 1 0 0 1 0 0 0 0 0 0 1 0 0 0 0 0 0 0 0 1], true support = [1 1 1 0 0 1 0 0 0 0 0 0 1 1 1 0 0 0 0 0 0 0 1 0 1 0 0 1 0 0], predicted support = [1 0 0 0 1 0 0 0 0 0 1 0 0 1 0 0 0 0 0 0 1 0 0 0 0 0 0 0 0 1])
INFO - 04/10/26 20:55:41 - 1:49:06 - Hybrid: direct, ca
INFO - 04/10/26 20:55:41 - 1:49:06 - direct, ca - Sum Normalized: secret not predicted. (true secret = [ 1  1 -1  0  0  1  0  0  0  0  0  0 -1  1  1  0  0  0  0  0  0  0  1  0
                                       1  0  0 -1  0  0], predicted secret = [1 0 0 0 0 1 0 0 0 0 0 0 0 1 1 0 0 0 0 0 0 0 1 0 1 0 0 0 0 0], true support = [1 1 1 0 0 1 0 0 0 0 0 0 1 1 1 0 0 0 0 0 0 0 1 0 1 0 0 1 0 0], predicted support = [1 0 0 0 0 1 0 0 0 0 0 0 0 1 1 0 0 0 0 0 0 0 1 0 1 0 0 0 0 0])
INFO - 04/10/26 20:55:41 - 1:49:06 - direct, ca - Max Normalized: secret not predicted. (true secret = [ 1  1 -1  0  0  1  0  0  0  0  0  0 -1  1  1  0  0  0  0  0  0  0  1  0
                                       1  0  0 -1  0  0], predicted secret = [1 0 0 0 0 1 0 0 0 0 0 0 0 1 0 0 0 0 0 0 0 0 1 0 1 0 0 0 0 1], true support = [1 1 1 0 0 1 0 0 0 0 0 0 1 1 1 0 0 0 0 0 0 0 1 0 1 0 0 1 0 0], predicted support = [1 0 0 0 0 1 0 0 0 0 0 0 0 1 0 0 0 0 0 0 0 0 1 0 1 0 0 0 0 1])
INFO - 04/10/26 20:55:41 - 1:49:06 - direct, ca - Sum Rank: secret not predicted. (true secret = [ 1  1 -1  0  0  1  0  0  0  0  0  0 -1  1  1  0  0  0  0  0  0  0  1  0
                                       1  0  0 -1  0  0], predicted secret = [1 1 0 0 0 1 0 0 0 0 0 0 0 1 0 0 0 0 0 0 0 0 1 0 1 0 0 0 0 0], true support = [1 1 1 0 0 1 0 0 0 0 0 0 1 1 1 0 0 0 0 0 0 0 1 0 1 0 0 1 0 0], predicted support = [1 1 0 0 0 1 0 0 0 0 0 0 0 1 0 0 0 0 0 0 0 0 1 0 1 0 0 0 0 0])
INFO - 04/10/26 20:55:41 - 1:49:06 - direct, ca - Max Rank: secret not predicted. (true secret = [ 1  1 -1  0  0  1  0  0  0  0  0  0 -1  1  1  0  0  0  0  0  0  0  1  0
                                       1  0  0 -1  0  0], predicted secret = [1 0 0 0 0 1 0 0 1 0 0 0 0 1 1 0 0 0 0 0 0 0 0 0 1 0 0 0 0 0], true support = [1 1 1 0 0 1 0 0 0 0 0 0 1 1 1 0 0 0 0 0 0 0 1 0 1 0 0 1 0 0], predicted support = [1 0 0 0 0 1 0 0 1 0 0 0 0 1 1 0 0 0 0 0 0 0 0 0 1 0 0 0 0 0])
INFO - 04/10/26 20:55:41 - 1:49:06 - Hybrid: direct, distinguisher
INFO - 04/10/26 20:55:41 - 1:49:06 - direct, distinguisher - Sum Normalized: secret not predicted. (true secret = [ 1  1 -1  0  0  1  0  0  0  0  0  0 -1  1  1  0  0  0  0  0  0  0  1  0
                                       1  0  0 -1  0  0], predicted secret = [0 0 1 0 0 1 0 0 0 0 0 0 0 1 1 0 0 0 0 0 0 0 0 0 1 0 0 1 0 0], true support = [1 1 1 0 0 1 0 0 0 0 0 0 1 1 1 0 0 0 0 0 0 0 1 0 1 0 0 1 0 0], predicted support = [0 0 1 0 0 1 0 0 0 0 0 0 0 1 1 0 0 0 0 0 0 0 0 0 1 0 0 1 0 0])
INFO - 04/10/26 20:55:41 - 1:49:06 - direct, distinguisher - Max Normalized: secret not predicted. (true secret = [ 1  1 -1  0  0  1  0  0  0  0  0  0 -1  1  1  0  0  0  0  0  0  0  1  0
                                       1  0  0 -1  0  0], predicted secret = [0 0 1 0 0 1 0 0 0 0 0 0 1 1 0 0 0 0 0 0 0 0 0 0 1 0 0 1 0 0], true support = [1 1 1 0 0 1 0 0 0 0 0 0 1 1 1 0 0 0 0 0 0 0 1 0 1 0 0 1 0 0], predicted support = [0 0 1 0 0 1 0 0 0 0 0 0 1 1 0 0 0 0 0 0 0 0 0 0 1 0 0 1 0 0])
INFO - 04/10/26 20:55:41 - 1:49:06 - direct, distinguisher - Sum Rank: secret not predicted. (true secret = [ 1  1 -1  0  0  1  0  0  0  0  0  0 -1  1  1  0  0  0  0  0  0  0  1  0
                                       1  0  0 -1  0  0], predicted secret = [0 0 0 0 0 1 0 0 0 0 0 0 0 1 1 0 0 0 0 0 0 0 1 0 1 0 0 1 0 0], true support = [1 1 1 0 0 1 0 0 0 0 0 0 1 1 1 0 0 0 0 0 0 0 1 0 1 0 0 1 0 0], predicted support = [0 0 0 0 0 1 0 0 0 0 0 0 0 1 1 0 0 0 0 0 0 0 1 0 1 0 0 1 0 0])
INFO - 04/10/26 20:55:41 - 1:49:06 - direct, distinguisher - Max Rank: secret not predicted. (true secret = [ 1  1 -1  0  0  1  0  0  0  0  0  0 -1  1  1  0  0  0  0  0  0  0  1  0
                                       1  0  0 -1  0  0], predicted secret = [0 0 1 0 0 1 0 0 1 0 0 0 1 0 1 0 0 0 0 0 0 0 0 0 1 0 0 0 0 0], true support = [1 1 1 0 0 1 0 0 0 0 0 0 1 1 1 0 0 0 0 0 0 0 1 0 1 0 0 1 0 0], predicted support = [0 0 1 0 0 1 0 0 1 0 0 0 1 0 1 0 0 0 0 0 0 0 0 0 1 0 0 0 0 0])
INFO - 04/10/26 20:55:41 - 1:49:06 - Hybrid: ca, distinguisher
INFO - 04/10/26 20:55:41 - 1:49:06 - ca, distinguisher - Sum Normalized: secret not predicted. (true secret = [ 1  1 -1  0  0  1  0  0  0  0  0  0 -1  1  1  0  0  0  0  0  0  0  1  0
                                       1  0  0 -1  0  0], predicted secret = [1 0 1 0 0 0 0 0 0 0 0 0 1 1 0 0 0 0 0 0 0 0 1 0 1 0 0 0 0 0], true support = [1 1 1 0 0 1 0 0 0 0 0 0 1 1 1 0 0 0 0 0 0 0 1 0 1 0 0 1 0 0], predicted support = [1 0 1 0 0 0 0 0 0 0 0 0 1 1 0 0 0 0 0 0 0 0 1 0 1 0 0 0 0 0])
INFO - 04/10/26 20:55:41 - 1:49:06 - ca, distinguisher - Max Normalized: secret not predicted. (true secret = [ 1  1 -1  0  0  1  0  0  0  0  0  0 -1  1  1  0  0  0  0  0  0  0  1  0
                                       1  0  0 -1  0  0], predicted secret = [1 0 1 0 0 0 0 0 0 0 0 0 1 1 0 0 0 0 0 0 0 0 0 0 1 0 0 1 0 0], true support = [1 1 1 0 0 1 0 0 0 0 0 0 1 1 1 0 0 0 0 0 0 0 1 0 1 0 0 1 0 0], predicted support = [1 0 1 0 0 0 0 0 0 0 0 0 1 1 0 0 0 0 0 0 0 0 0 0 1 0 0 1 0 0])
INFO - 04/10/26 20:55:41 - 1:49:06 - ca, distinguisher - Sum Rank: secret not predicted. (true secret = [ 1  1 -1  0  0  1  0  0  0  0  0  0 -1  1  1  0  0  0  0  0  0  0  1  0
                                       1  0  0 -1  0  0], predicted secret = [1 0 1 0 0 0 0 0 0 0 0 0 1 1 0 0 0 0 0 0 0 0 1 0 1 0 0 0 0 0], true support = [1 1 1 0 0 1 0 0 0 0 0 0 1 1 1 0 0 0 0 0 0 0 1 0 1 0 0 1 0 0], predicted support = [1 0 1 0 0 0 0 0 0 0 0 0 1 1 0 0 0 0 0 0 0 0 1 0 1 0 0 0 0 0])
INFO - 04/10/26 20:55:41 - 1:49:06 - ca, distinguisher - Max Rank: secret not predicted. (true secret = [ 1  1 -1  0  0  1  0  0  0  0  0  0 -1  1  1  0  0  0  0  0  0  0  1  0
                                       1  0  0 -1  0  0], predicted secret = [1 0 1 0 0 0 0 0 0 0 0 0 1 1 0 0 0 0 0 0 0 0 1 0 1 0 0 0 0 0], true support = [1 1 1 0 0 1 0 0 0 0 0 0 1 1 1 0 0 0 0 0 0 0 1 0 1 0 0 1 0 0], predicted support = [1 0 1 0 0 0 0 0 0 0 0 0 1 1 0 0 0 0 0 0 0 0 1 0 1 0 0 0 0 0])
INFO - 04/10/26 20:55:41 - 1:49:06 - Hybrid: direct, ca, distinguisher
INFO - 04/10/26 20:55:41 - 1:49:06 - direct, ca, distinguisher - Sum Normalized: secret not predicted. (true secret = [ 1  1 -1  0  0  1  0  0  0  0  0  0 -1  1  1  0  0  0  0  0  0  0  1  0
                                       1  0  0 -1  0  0], predicted secret = [1 0 0 0 0 1 0 0 0 0 0 0 0 1 1 0 0 0 0 0 0 0 1 0 1 0 0 0 0 0], true support = [1 1 1 0 0 1 0 0 0 0 0 0 1 1 1 0 0 0 0 0 0 0 1 0 1 0 0 1 0 0], predicted support = [1 0 0 0 0 1 0 0 0 0 0 0 0 1 1 0 0 0 0 0 0 0 1 0 1 0 0 0 0 0])
INFO - 04/10/26 20:55:41 - 1:49:06 - direct, ca, distinguisher - Max Normalized: secret not predicted. (true secret = [ 1  1 -1  0  0  1  0  0  0  0  0  0 -1  1  1  0  0  0  0  0  0  0  1  0
                                       1  0  0 -1  0  0], predicted secret = [1 0 1 0 0 1 0 0 0 0 0 0 1 1 0 0 0 0 0 0 0 0 0 0 1 0 0 0 0 0], true support = [1 1 1 0 0 1 0 0 0 0 0 0 1 1 1 0 0 0 0 0 0 0 1 0 1 0 0 1 0 0], predicted support = [1 0 1 0 0 1 0 0 0 0 0 0 1 1 0 0 0 0 0 0 0 0 0 0 1 0 0 0 0 0])
INFO - 04/10/26 20:55:41 - 1:49:06 - direct, ca, distinguisher - Sum Rank: secret not predicted. (true secret = [ 1  1 -1  0  0  1  0  0  0  0  0  0 -1  1  1  0  0  0  0  0  0  0  1  0
                                       1  0  0 -1  0  0], predicted secret = [1 0 0 0 0 1 0 0 0 0 0 0 0 1 1 0 0 0 0 0 0 0 1 0 1 0 0 0 0 0], true support = [1 1 1 0 0 1 0 0 0 0 0 0 1 1 1 0 0 0 0 0 0 0 1 0 1 0 0 1 0 0], predicted support = [1 0 0 0 0 1 0 0 0 0 0 0 0 1 1 0 0 0 0 0 0 0 1 0 1 0 0 0 0 0])
INFO - 04/10/26 20:55:41 - 1:49:06 - direct, ca, distinguisher - Max Rank: secret not predicted. (true secret = [ 1  1 -1  0  0  1  0  0  0  0  0  0 -1  1  1  0  0  0  0  0  0  0  1  0
                                       1  0  0 -1  0  0], predicted secret = [0 0 1 0 0 1 0 0 0 0 0 0 1 1 1 0 0 0 0 0 0 0 0 0 1 0 0 0 0 0], true support = [1 1 1 0 0 1 0 0 0 0 0 0 1 1 1 0 0 0 0 0 0 0 1 0 1 0 0 1 0 0], predicted support = [0 0 1 0 0 1 0 0 0 0 0 0 1 1 1 0 0 0 0 0 0 0 0 0 1 0 0 0 0 0])
INFO - 04/10/26 20:55:41 - 1:49:06 - Epoch 34 metrics | train_loss: 0.606348 | train_acc1: 63.695118 | train_acc2: 91.251300 | valid_xe_loss: 2.512144 | valid_acc1: 23.397943 | valid_acc2: 28.530459
INFO - 04/10/26 20:55:41 - 1:49:06 - __log__:{"train_loss": 0.606348323978374, "train_acc1": 63.69511756238004, "train_acc2": 91.25129958413308, "epoch": 34, "valid_xe_loss": 2.5121437446980535, "valid_acc1": 23.397943037974684, "valid_acc2": 28.530458860759495}
INFO - 04/10/26 20:55:41 - 1:49:06 - Saving checkpoint to /home/yu_mcc/PQC_salsa/runs/n30_q127_h3_1m/train_gpu_proposed_ternary_h10_secret0_init0_paperlike/checkpoint.pth ...
WARNING - 04/10/26 20:55:41 - 1:49:06 - Saving encoder parameters ...
WARNING - 04/10/26 20:55:41 - 1:49:06 - Saving decoder parameters ...
WARNING - 04/10/26 20:55:41 - 1:49:06 - Saving optimizer ...
INFO - 04/10/26 20:55:41 - 1:49:07 - ============ Starting epoch 35 ... ============
INFO - 04/10/26 20:55:46 - 1:49:11 -   54750 -  182.87 equations/s - 11703.83 words/s - MEM: 1.36 GB - LOSS:  0.5815 || ACC1: 64.4618 || ACC2: 92.2569 - LR: 1.0000e-05
INFO - 04/10/26 20:55:50 - 1:49:16 -   54800 - 1358.50 equations/s - 86943.78 words/s - MEM: 1.36 GB - LOSS:  0.5909 || ACC1: 63.1406 || ACC2: 91.3906 - LR: 1.0000e-05
INFO - 04/10/26 20:55:55 - 1:49:20 -   54850 - 1378.42 equations/s - 88219.03 words/s - MEM: 1.36 GB - LOSS:  0.5817 || ACC1: 65.0625 || ACC2: 91.9219 - LR: 1.0000e-05
INFO - 04/10/26 20:56:00 - 1:49:25 -   54900 - 1433.72 equations/s - 91757.89 words/s - MEM: 1.36 GB - LOSS:  0.5782 || ACC1: 65.8594 || ACC2: 92.0781 - LR: 1.0000e-05
INFO - 04/10/26 20:56:08 - 1:49:33 -   54950 -  790.68 equations/s - 50603.42 words/s - MEM: 1.36 GB - LOSS:  0.5811 || ACC1: 64.4688 || ACC2: 92.5000 - LR: 1.0000e-05
INFO - 04/10/26 20:56:12 - 1:49:37 -   55000 - 1431.40 equations/s - 91609.42 words/s - MEM: 1.36 GB - LOSS:  0.5892 || ACC1: 63.8906 || ACC2: 91.3750 - LR: 1.0000e-05
INFO - 04/10/26 20:56:17 - 1:49:42 -   55050 - 1337.60 equations/s - 85606.54 words/s - MEM: 1.36 GB - LOSS:  0.5765 || ACC1: 65.5469 || ACC2: 91.8281 - LR: 1.0000e-05
INFO - 04/10/26 20:56:22 - 1:49:47 -   55100 - 1385.30 equations/s - 88659.30 words/s - MEM: 1.36 GB - LOSS:  0.5727 || ACC1: 65.8125 || ACC2: 92.5156 - LR: 1.0000e-05
INFO - 04/10/26 20:56:26 - 1:49:51 -   55150 - 1357.75 equations/s - 86895.88 words/s - MEM: 1.36 GB - LOSS:  0.5798 || ACC1: 64.5625 || ACC2: 92.4531 - LR: 1.0000e-05
INFO - 04/10/26 20:56:31 - 1:49:56 -   55200 - 1330.63 equations/s - 85160.07 words/s - MEM: 1.36 GB - LOSS:  0.5776 || ACC1: 64.7812 || ACC2: 91.9844 - LR: 1.0000e-05
INFO - 04/10/26 20:56:36 - 1:50:01 -   55250 - 1381.07 equations/s - 88388.30 words/s - MEM: 1.36 GB - LOSS:  0.5743 || ACC1: 65.9375 || ACC2: 92.4688 - LR: 1.0000e-05
INFO - 04/10/26 20:56:44 - 1:50:09 -   55300 -  799.64 equations/s - 51177.01 words/s - MEM: 1.36 GB - LOSS:  0.5694 || ACC1: 65.8281 || ACC2: 92.5312 - LR: 1.0000e-05
INFO - 04/10/26 20:56:48 - 1:50:13 -   55350 - 1450.93 equations/s - 92859.25 words/s - MEM: 1.36 GB - LOSS:  0.5683 || ACC1: 64.3594 || ACC2: 91.9688 - LR: 1.0000e-05
INFO - 04/10/26 20:56:53 - 1:50:18 -   55400 - 1373.53 equations/s - 87906.16 words/s - MEM: 1.36 GB - LOSS:  0.5687 || ACC1: 66.0000 || ACC2: 92.2812 - LR: 1.0000e-05
INFO - 04/10/26 20:56:57 - 1:50:23 -   55450 - 1357.10 equations/s - 86854.18 words/s - MEM: 1.36 GB - LOSS:  0.5661 || ACC1: 66.5625 || ACC2: 92.6875 - LR: 1.0000e-05
INFO - 04/10/26 20:57:02 - 1:50:27 -   55500 - 1387.39 equations/s - 88793.05 words/s - MEM: 1.36 GB - LOSS:  0.5777 || ACC1: 65.0625 || ACC2: 92.9688 - LR: 1.0000e-05
INFO - 04/10/26 20:57:07 - 1:50:32 -   55550 - 1330.20 equations/s - 85132.48 words/s - MEM: 1.36 GB - LOSS:  0.5687 || ACC1: 66.5469 || ACC2: 92.2969 - LR: 1.0000e-05
INFO - 04/10/26 20:57:11 - 1:50:37 -   55600 - 1403.28 equations/s - 89809.98 words/s - MEM: 1.36 GB - LOSS:  0.5707 || ACC1: 64.8438 || ACC2: 92.6406 - LR: 1.0000e-05
INFO - 04/10/26 20:57:19 - 1:50:44 -   55650 -  811.66 equations/s - 51946.10 words/s - MEM: 1.36 GB - LOSS:  0.5762 || ACC1: 65.5938 || ACC2: 92.4688 - LR: 1.0000e-05
INFO - 04/10/26 20:57:24 - 1:50:49 -   55700 - 1390.09 equations/s - 88965.97 words/s - MEM: 1.36 GB - LOSS:  0.5716 || ACC1: 66.0312 || ACC2: 92.4844 - LR: 1.0000e-05
INFO - 04/10/26 20:57:28 - 1:50:54 -   55750 - 1446.63 equations/s - 92584.56 words/s - MEM: 1.36 GB - LOSS:  0.5655 || ACC1: 66.6406 || ACC2: 92.7031 - LR: 1.0000e-05
INFO - 04/10/26 20:57:33 - 1:50:58 -   55800 - 1433.65 equations/s - 91753.34 words/s - MEM: 1.36 GB - LOSS:  0.5696 || ACC1: 65.9062 || ACC2: 92.0625 - LR: 1.0000e-05
INFO - 04/10/26 20:57:37 - 1:51:03 -   55850 - 1388.01 equations/s - 88832.94 words/s - MEM: 1.36 GB - LOSS:  0.5573 || ACC1: 66.7812 || ACC2: 92.7031 - LR: 1.0000e-05
INFO - 04/10/26 20:57:42 - 1:51:07 -   55900 - 1364.22 equations/s - 87310.26 words/s - MEM: 1.36 GB - LOSS:  0.5532 || ACC1: 67.8594 || ACC2: 93.2344 - LR: 1.0000e-05
INFO - 04/10/26 20:57:47 - 1:51:12 -   55950 - 1362.12 equations/s - 87175.70 words/s - MEM: 1.36 GB - LOSS:  0.5534 || ACC1: 66.4062 || ACC2: 93.2031 - LR: 1.0000e-05
INFO - 04/10/26 20:57:55 - 1:51:20 -   56000 -  788.67 equations/s - 50474.81 words/s - MEM: 1.36 GB - LOSS:  0.5620 || ACC1: 65.5938 || ACC2: 92.6406 - LR: 1.0000e-05
INFO - 04/10/26 20:58:00 - 1:51:25 -   56050 - 1379.63 equations/s - 88296.59 words/s - MEM: 1.36 GB - LOSS:  0.5674 || ACC1: 65.5625 || ACC2: 92.5938 - LR: 1.0000e-05
INFO - 04/10/26 20:58:04 - 1:51:29 -   56100 - 1414.46 equations/s - 90525.42 words/s - MEM: 1.36 GB - LOSS:  0.5635 || ACC1: 65.6094 || ACC2: 92.6406 - LR: 1.0000e-05
INFO - 04/10/26 20:58:09 - 1:51:34 -   56150 - 1364.59 equations/s - 87333.51 words/s - MEM: 1.36 GB - LOSS:  0.5614 || ACC1: 66.0625 || ACC2: 92.5469 - LR: 1.0000e-05
INFO - 04/10/26 20:58:14 - 1:51:39 -   56200 - 1337.76 equations/s - 85616.56 words/s - MEM: 1.36 GB - LOSS:  0.5524 || ACC1: 67.1250 || ACC2: 93.2969 - LR: 1.0000e-05
INFO - 04/10/26 20:58:18 - 1:51:43 -   56250 - 1456.33 equations/s - 93205.00 words/s - MEM: 1.36 GB - LOSS:  0.5536 || ACC1: 67.0469 || ACC2: 93.3906 - LR: 1.0000e-05
INFO - 04/10/26 20:58:20 - 1:51:45 -   56268 - 1532.46 equations/s - 98077.29 words/s - MEM: 1.36 GB - LOSS:  0.5654 || ACC1: 65.0608 || ACC2: 92.4479 - LR: 1.0000e-05
INFO - 04/10/26 20:58:20 - 1:51:45 - ============ End of epoch 35 ============
INFO - 04/10/26 20:58:20 - 1:51:45 - Starting Distinguisher Method
INFO - 04/10/26 20:58:35 - 1:52:00 - Distinguishing 0s using the emd. 
INFO - 04/10/26 20:58:35 - 1:52:00 - Distinguishing +/-1s using the emd. 
INFO - 04/10/26 20:58:35 - 1:52:00 - Real secret: -1: {np.int64(2), np.int64(27), np.int64(12)}, 1: {np.int64(0), np.int64(1), np.int64(5), np.int64(13), np.int64(14), np.int64(22), np.int64(24)}
INFO - 04/10/26 20:58:35 - 1:52:00 - Nonzero bits not identified. Guess: [16  1 14  0 27  2 13 24 22  5]
INFO - 04/10/26 20:58:35 - 1:52:00 - Distinguishing +/-1s using the mean. 
INFO - 04/10/26 20:58:35 - 1:52:00 - Real secret: -1: {np.int64(2), np.int64(27), np.int64(12)}, 1: {np.int64(0), np.int64(1), np.int64(5), np.int64(13), np.int64(14), np.int64(22), np.int64(24)}
INFO - 04/10/26 20:58:35 - 1:52:00 - Nonzero bits not identified. Guess: [16  1 14  0 27  2 13 24 22  5]
INFO - 04/10/26 20:58:35 - 1:52:00 - Distinguishing 0s using the mean. 
INFO - 04/10/26 20:58:35 - 1:52:00 - Distinguishing +/-1s using the emd. 
INFO - 04/10/26 20:58:35 - 1:52:00 - Real secret: -1: {np.int64(2), np.int64(27), np.int64(12)}, 1: {np.int64(0), np.int64(1), np.int64(5), np.int64(13), np.int64(14), np.int64(22), np.int64(24)}
INFO - 04/10/26 20:58:35 - 1:52:00 - Distinguishing +/-1s using the mean. 
INFO - 04/10/26 20:58:35 - 1:52:00 - Real secret: -1: {np.int64(2), np.int64(27), np.int64(12)}, 1: {np.int64(0), np.int64(1), np.int64(5), np.int64(13), np.int64(14), np.int64(22), np.int64(24)}
INFO - 04/10/26 20:58:35 - 1:52:00 - Starting Direct Method
INFO - 04/10/26 20:58:35 - 1:52:00 - Direct:  K=90
INFO - 04/10/26 20:58:35 - 1:52:00 - Direct:  K=71
INFO - 04/10/26 20:58:35 - 1:52:01 - Direct:  K=46
INFO - 04/10/26 20:58:36 - 1:52:01 - Direct:  K=76
INFO - 04/10/26 20:58:36 - 1:52:01 - Direct:  K=87
INFO - 04/10/26 20:58:36 - 1:52:01 - Direct:  K=84
INFO - 04/10/26 20:58:36 - 1:52:01 - Direct:  K=68
INFO - 04/10/26 20:58:36 - 1:52:01 - Direct:  K=85
INFO - 04/10/26 20:58:36 - 1:52:01 - Direct:  K=60
INFO - 04/10/26 20:58:36 - 1:52:02 - Direct:  K=50
INFO - 04/10/26 20:58:37 - 1:52:02 - Direct:  K=43
INFO - 04/10/26 20:58:37 - 1:52:02 - Direct:  K=59
INFO - 04/10/26 20:58:37 - 1:52:02 - Direct:  K=72
INFO - 04/10/26 20:58:37 - 1:52:02 - Direct:  K=91
INFO - 04/10/26 20:58:37 - 1:52:02 - Direct:  K=69
INFO - 04/10/26 20:58:37 - 1:52:02 - Direct: secret not predicted. (true secret = [ 1  1 -1  0  0  1  0  0  0  0  0  0 -1  1  1  0  0  0  0  0  0  0  1  0
                                       1  0  0 -1  0  0], predicted secret = [0 0 0 0 0 1 0 0 1 0 1 0 0 0 1 0 0 0 0 0 0 0 1 0 1 0 0 0 0 0], true support = [1 1 1 0 0 1 0 0 0 0 0 0 1 1 1 0 0 0 0 0 0 0 1 0 1 0 0 1 0 0], predicted support = [0 0 0 0 0 1 0 0 1 0 1 0 0 0 1 0 0 0 0 0 0 0 1 0 1 0 0 0 0 0])
INFO - 04/10/26 20:58:46 - 1:52:11 - CA: secret not predicted. (true secret = [ 1  1 -1  0  0  1  0  0  0  0  0  0 -1  1  1  0  0  0  0  0  0  0  1  0
                                       1  0  0 -1  0  0], predicted secret = [1 0 1 0 0 0 0 0 0 0 0 0 1 1 0 0 0 0 0 0 0 0 1 0 1 0 0 0 0 0], true support = [1 1 1 0 0 1 0 0 0 0 0 0 1 1 1 0 0 0 0 0 0 0 1 0 1 0 0 1 0 0], predicted support = [1 0 1 0 0 0 0 0 0 0 0 0 1 1 0 0 0 0 0 0 0 0 1 0 1 0 0 0 0 0])
INFO - 04/10/26 20:58:46 - 1:52:11 - CA: secret not predicted. (true secret = [ 1  1 -1  0  0  1  0  0  0  0  0  0 -1  1  1  0  0  0  0  0  0  0  1  0
                                       1  0  0 -1  0  0], predicted secret = [1 0 0 0 1 0 0 0 0 0 1 0 0 0 0 0 0 0 0 1 1 0 0 0 0 0 0 0 0 1], true support = [1 1 1 0 0 1 0 0 0 0 0 0 1 1 1 0 0 0 0 0 0 0 1 0 1 0 0 1 0 0], predicted support = [1 0 0 0 1 0 0 0 0 0 1 0 0 0 0 0 0 0 0 1 1 0 0 0 0 0 0 0 0 1])
INFO - 04/10/26 20:58:46 - 1:52:11 - Hybrid: direct, ca
INFO - 04/10/26 20:58:46 - 1:52:11 - direct, ca - Sum Normalized: secret not predicted. (true secret = [ 1  1 -1  0  0  1  0  0  0  0  0  0 -1  1  1  0  0  0  0  0  0  0  1  0
                                       1  0  0 -1  0  0], predicted secret = [0 0 0 0 0 1 0 0 1 0 0 0 0 1 1 0 0 0 0 0 0 0 1 0 1 0 0 0 0 0], true support = [1 1 1 0 0 1 0 0 0 0 0 0 1 1 1 0 0 0 0 0 0 0 1 0 1 0 0 1 0 0], predicted support = [0 0 0 0 0 1 0 0 1 0 0 0 0 1 1 0 0 0 0 0 0 0 1 0 1 0 0 0 0 0])
INFO - 04/10/26 20:58:46 - 1:52:11 - direct, ca - Max Normalized: secret not predicted. (true secret = [ 1  1 -1  0  0  1  0  0  0  0  0  0 -1  1  1  0  0  0  0  0  0  0  1  0
                                       1  0  0 -1  0  0], predicted secret = [1 0 0 0 0 0 0 0 0 0 0 0 0 1 1 0 0 0 0 0 0 0 1 0 1 0 0 0 0 1], true support = [1 1 1 0 0 1 0 0 0 0 0 0 1 1 1 0 0 0 0 0 0 0 1 0 1 0 0 1 0 0], predicted support = [1 0 0 0 0 0 0 0 0 0 0 0 0 1 1 0 0 0 0 0 0 0 1 0 1 0 0 0 0 1])
INFO - 04/10/26 20:58:46 - 1:52:11 - direct, ca - Sum Rank: secret not predicted. (true secret = [ 1  1 -1  0  0  1  0  0  0  0  0  0 -1  1  1  0  0  0  0  0  0  0  1  0
                                       1  0  0 -1  0  0], predicted secret = [0 0 0 0 1 1 0 0 0 1 1 0 0 0 0 0 0 0 0 0 0 0 1 0 1 0 0 0 0 0], true support = [1 1 1 0 0 1 0 0 0 0 0 0 1 1 1 0 0 0 0 0 0 0 1 0 1 0 0 1 0 0], predicted support = [0 0 0 0 1 1 0 0 0 1 1 0 0 0 0 0 0 0 0 0 0 0 1 0 1 0 0 0 0 0])
INFO - 04/10/26 20:58:46 - 1:52:11 - direct, ca - Max Rank: secret not predicted. (true secret = [ 1  1 -1  0  0  1  0  0  0  0  0  0 -1  1  1  0  0  0  0  0  0  0  1  0
                                       1  0  0 -1  0  0], predicted secret = [1 0 0 0 0 1 0 0 1 0 0 0 0 1 1 0 0 0 0 0 0 0 0 0 1 0 0 0 0 0], true support = [1 1 1 0 0 1 0 0 0 0 0 0 1 1 1 0 0 0 0 0 0 0 1 0 1 0 0 1 0 0], predicted support = [1 0 0 0 0 1 0 0 1 0 0 0 0 1 1 0 0 0 0 0 0 0 0 0 1 0 0 0 0 0])
INFO - 04/10/26 20:58:46 - 1:52:11 - Hybrid: direct, distinguisher
INFO - 04/10/26 20:58:46 - 1:52:11 - direct, distinguisher - Sum Normalized: secret not predicted. (true secret = [ 1  1 -1  0  0  1  0  0  0  0  0  0 -1  1  1  0  0  0  0  0  0  0  1  0
                                       1  0  0 -1  0  0], predicted secret = [0 0 1 0 0 1 0 0 0 0 0 0 0 0 1 0 0 0 0 0 0 0 1 0 1 0 0 1 0 0], true support = [1 1 1 0 0 1 0 0 0 0 0 0 1 1 1 0 0 0 0 0 0 0 1 0 1 0 0 1 0 0], predicted support = [0 0 1 0 0 1 0 0 0 0 0 0 0 0 1 0 0 0 0 0 0 0 1 0 1 0 0 1 0 0])
INFO - 04/10/26 20:58:46 - 1:52:11 - direct, distinguisher - Max Normalized: secret not predicted. (true secret = [ 1  1 -1  0  0  1  0  0  0  0  0  0 -1  1  1  0  0  0  0  0  0  0  1  0
                                       1  0  0 -1  0  0], predicted secret = [0 0 1 0 0 1 0 0 0 0 0 0 0 1 1 0 0 0 0 0 0 0 0 0 1 0 0 1 0 0], true support = [1 1 1 0 0 1 0 0 0 0 0 0 1 1 1 0 0 0 0 0 0 0 1 0 1 0 0 1 0 0], predicted support = [0 0 1 0 0 1 0 0 0 0 0 0 0 1 1 0 0 0 0 0 0 0 0 0 1 0 0 1 0 0])
INFO - 04/10/26 20:58:46 - 1:52:11 - direct, distinguisher - Sum Rank: secret not predicted. (true secret = [ 1  1 -1  0  0  1  0  0  0  0  0  0 -1  1  1  0  0  0  0  0  0  0  1  0
                                       1  0  0 -1  0  0], predicted secret = [0 0 1 0 0 1 0 0 1 0 0 0 0 0 1 0 0 0 0 0 0 0 1 0 1 0 0 0 0 0], true support = [1 1 1 0 0 1 0 0 0 0 0 0 1 1 1 0 0 0 0 0 0 0 1 0 1 0 0 1 0 0], predicted support = [0 0 1 0 0 1 0 0 1 0 0 0 0 0 1 0 0 0 0 0 0 0 1 0 1 0 0 0 0 0])
INFO - 04/10/26 20:58:46 - 1:52:11 - direct, distinguisher - Max Rank: secret not predicted. (true secret = [ 1  1 -1  0  0  1  0  0  0  0  0  0 -1  1  1  0  0  0  0  0  0  0  1  0
                                       1  0  0 -1  0  0], predicted secret = [0 0 1 0 0 1 0 0 1 0 0 0 0 0 1 0 0 0 0 0 0 0 0 0 1 0 0 1 0 0], true support = [1 1 1 0 0 1 0 0 0 0 0 0 1 1 1 0 0 0 0 0 0 0 1 0 1 0 0 1 0 0], predicted support = [0 0 1 0 0 1 0 0 1 0 0 0 0 0 1 0 0 0 0 0 0 0 0 0 1 0 0 1 0 0])
INFO - 04/10/26 20:58:46 - 1:52:11 - Hybrid: ca, distinguisher
INFO - 04/10/26 20:58:46 - 1:52:11 - ca, distinguisher - Sum Normalized: secret not predicted. (true secret = [ 1  1 -1  0  0  1  0  0  0  0  0  0 -1  1  1  0  0  0  0  0  0  0  1  0
                                       1  0  0 -1  0  0], predicted secret = [1 0 1 0 0 1 0 0 0 0 0 0 0 1 0 0 0 0 0 0 0 0 1 0 1 0 0 0 0 0], true support = [1 1 1 0 0 1 0 0 0 0 0 0 1 1 1 0 0 0 0 0 0 0 1 0 1 0 0 1 0 0], predicted support = [1 0 1 0 0 1 0 0 0 0 0 0 0 1 0 0 0 0 0 0 0 0 1 0 1 0 0 0 0 0])
INFO - 04/10/26 20:58:46 - 1:52:11 - ca, distinguisher - Max Normalized: secret not predicted. (true secret = [ 1  1 -1  0  0  1  0  0  0  0  0  0 -1  1  1  0  0  0  0  0  0  0  1  0
                                       1  0  0 -1  0  0], predicted secret = [1 0 1 0 0 1 0 0 0 0 0 0 0 1 0 0 0 0 0 0 0 0 0 0 1 0 0 1 0 0], true support = [1 1 1 0 0 1 0 0 0 0 0 0 1 1 1 0 0 0 0 0 0 0 1 0 1 0 0 1 0 0], predicted support = [1 0 1 0 0 1 0 0 0 0 0 0 0 1 0 0 0 0 0 0 0 0 0 0 1 0 0 1 0 0])
INFO - 04/10/26 20:58:46 - 1:52:11 - ca, distinguisher - Sum Rank: secret not predicted. (true secret = [ 1  1 -1  0  0  1  0  0  0  0  0  0 -1  1  1  0  0  0  0  0  0  0  1  0
                                       1  0  0 -1  0  0], predicted secret = [1 0 1 0 0 1 0 0 0 0 0 0 0 1 0 0 0 0 0 0 0 0 1 0 1 0 0 0 0 0], true support = [1 1 1 0 0 1 0 0 0 0 0 0 1 1 1 0 0 0 0 0 0 0 1 0 1 0 0 1 0 0], predicted support = [1 0 1 0 0 1 0 0 0 0 0 0 0 1 0 0 0 0 0 0 0 0 1 0 1 0 0 0 0 0])
INFO - 04/10/26 20:58:46 - 1:52:11 - ca, distinguisher - Max Rank: secret not predicted. (true secret = [ 1  1 -1  0  0  1  0  0  0  0  0  0 -1  1  1  0  0  0  0  0  0  0  1  0
                                       1  0  0 -1  0  0], predicted secret = [1 0 1 0 0 1 0 0 0 0 0 0 0 1 0 0 0 0 0 0 0 0 0 0 1 0 0 1 0 0], true support = [1 1 1 0 0 1 0 0 0 0 0 0 1 1 1 0 0 0 0 0 0 0 1 0 1 0 0 1 0 0], predicted support = [1 0 1 0 0 1 0 0 0 0 0 0 0 1 0 0 0 0 0 0 0 0 0 0 1 0 0 1 0 0])
INFO - 04/10/26 20:58:46 - 1:52:11 - Hybrid: direct, ca, distinguisher
INFO - 04/10/26 20:58:46 - 1:52:11 - direct, ca, distinguisher - Sum Normalized: secret not predicted. (true secret = [ 1  1 -1  0  0  1  0  0  0  0  0  0 -1  1  1  0  0  0  0  0  0  0  1  0
                                       1  0  0 -1  0  0], predicted secret = [1 0 0 0 0 1 0 0 0 0 0 0 0 1 1 0 0 0 0 0 0 0 1 0 1 0 0 0 0 0], true support = [1 1 1 0 0 1 0 0 0 0 0 0 1 1 1 0 0 0 0 0 0 0 1 0 1 0 0 1 0 0], predicted support = [1 0 0 0 0 1 0 0 0 0 0 0 0 1 1 0 0 0 0 0 0 0 1 0 1 0 0 0 0 0])
INFO - 04/10/26 20:58:46 - 1:52:11 - direct, ca, distinguisher - Max Normalized: secret not predicted. (true secret = [ 1  1 -1  0  0  1  0  0  0  0  0  0 -1  1  1  0  0  0  0  0  0  0  1  0
                                       1  0  0 -1  0  0], predicted secret = [1 0 0 0 0 1 0 0 0 0 0 0 0 1 1 0 0 0 0 0 0 0 0 0 1 0 0 1 0 0], true support = [1 1 1 0 0 1 0 0 0 0 0 0 1 1 1 0 0 0 0 0 0 0 1 0 1 0 0 1 0 0], predicted support = [1 0 0 0 0 1 0 0 0 0 0 0 0 1 1 0 0 0 0 0 0 0 0 0 1 0 0 1 0 0])
INFO - 04/10/26 20:58:46 - 1:52:11 - direct, ca, distinguisher - Sum Rank: secret not predicted. (true secret = [ 1  1 -1  0  0  1  0  0  0  0  0  0 -1  1  1  0  0  0  0  0  0  0  1  0
                                       1  0  0 -1  0  0], predicted secret = [0 0 1 0 0 1 0 0 0 0 0 0 1 0 1 0 0 0 0 0 0 0 1 0 1 0 0 0 0 0], true support = [1 1 1 0 0 1 0 0 0 0 0 0 1 1 1 0 0 0 0 0 0 0 1 0 1 0 0 1 0 0], predicted support = [0 0 1 0 0 1 0 0 0 0 0 0 1 0 1 0 0 0 0 0 0 0 1 0 1 0 0 0 0 0])
INFO - 04/10/26 20:58:46 - 1:52:11 - direct, ca, distinguisher - Max Rank: secret not predicted. (true secret = [ 1  1 -1  0  0  1  0  0  0  0  0  0 -1  1  1  0  0  0  0  0  0  0  1  0
                                       1  0  0 -1  0  0], predicted secret = [1 0 0 0 0 1 0 0 0 0 0 0 0 1 1 0 0 0 0 0 0 0 0 0 1 0 0 1 0 0], true support = [1 1 1 0 0 1 0 0 0 0 0 0 1 1 1 0 0 0 0 0 0 0 1 0 1 0 0 1 0 0], predicted support = [1 0 0 0 0 1 0 0 0 0 0 0 0 1 1 0 0 0 0 0 0 0 0 0 1 0 0 1 0 0])
INFO - 04/10/26 20:58:46 - 1:52:11 - Epoch 35 metrics | train_loss: 0.570242 | train_acc1: 65.640495 | train_acc2: 92.455914 | valid_xe_loss: 2.553141 | valid_acc1: 23.635285 | valid_acc2: 27.610759
INFO - 04/10/26 20:58:46 - 1:52:11 - __log__:{"train_loss": 0.5702416841906001, "train_acc1": 65.64049504158669, "train_acc2": 92.45591410748561, "epoch": 35, "valid_xe_loss": 2.5531407639950134, "valid_acc1": 23.63528481012658, "valid_acc2": 27.610759493670887}
INFO - 04/10/26 20:58:46 - 1:52:11 - Saving checkpoint to /home/yu_mcc/PQC_salsa/runs/n30_q127_h3_1m/train_gpu_proposed_ternary_h10_secret0_init0_paperlike/checkpoint.pth ...
WARNING - 04/10/26 20:58:46 - 1:52:11 - Saving encoder parameters ...
WARNING - 04/10/26 20:58:46 - 1:52:11 - Saving decoder parameters ...
WARNING - 04/10/26 20:58:46 - 1:52:11 - Saving optimizer ...
INFO - 04/10/26 20:58:46 - 1:52:11 - ============ Starting epoch 36 ... ============
INFO - 04/10/26 20:58:49 - 1:52:14 -   56300 -  139.20 equations/s -  8908.69 words/s - MEM: 1.36 GB - LOSS:  0.5442 || ACC1: 67.7002 || ACC2: 93.2617 - LR: 1.0000e-05
INFO - 04/10/26 20:58:54 - 1:52:19 -   56350 - 1371.46 equations/s - 87773.24 words/s - MEM: 1.36 GB - LOSS:  0.5487 || ACC1: 67.0625 || ACC2: 92.7500 - LR: 1.0000e-05
INFO - 04/10/26 20:58:58 - 1:52:23 -   56400 - 1398.38 equations/s - 89496.62 words/s - MEM: 1.36 GB - LOSS:  0.5508 || ACC1: 65.7031 || ACC2: 92.9375 - LR: 1.0000e-05
INFO - 04/10/26 20:59:06 - 1:52:31 -   56450 -  783.57 equations/s - 50148.46 words/s - MEM: 1.36 GB - LOSS:  0.5454 || ACC1: 67.6250 || ACC2: 93.4219 - LR: 1.0000e-05
INFO - 04/10/26 20:59:11 - 1:52:36 -   56500 - 1418.83 equations/s - 90805.25 words/s - MEM: 1.36 GB - LOSS:  0.5486 || ACC1: 68.0781 || ACC2: 92.8906 - LR: 1.0000e-05
INFO - 04/10/26 20:59:15 - 1:52:40 -   56550 - 1429.61 equations/s - 91494.88 words/s - MEM: 1.36 GB - LOSS:  0.5410 || ACC1: 67.6406 || ACC2: 93.3438 - LR: 1.0000e-05
INFO - 04/10/26 20:59:20 - 1:52:45 -   56600 - 1375.40 equations/s - 88025.35 words/s - MEM: 1.36 GB - LOSS:  0.5531 || ACC1: 65.8125 || ACC2: 93.1094 - LR: 1.0000e-05
INFO - 04/10/26 20:59:25 - 1:52:50 -   56650 - 1355.26 equations/s - 86736.39 words/s - MEM: 1.36 GB - LOSS:  0.5435 || ACC1: 67.8750 || ACC2: 92.7812 - LR: 1.0000e-05
INFO - 04/10/26 20:59:29 - 1:52:54 -   56700 - 1471.13 equations/s - 94152.32 words/s - MEM: 1.36 GB - LOSS:  0.5435 || ACC1: 67.2344 || ACC2: 93.2500 - LR: 1.0000e-05
INFO - 04/10/26 20:59:34 - 1:52:59 -   56750 - 1414.03 equations/s - 90498.08 words/s - MEM: 1.36 GB - LOSS:  0.5480 || ACC1: 66.2344 || ACC2: 92.8906 - LR: 1.0000e-05
INFO - 04/10/26 20:59:42 - 1:53:07 -   56800 -  786.82 equations/s - 50356.66 words/s - MEM: 1.36 GB - LOSS:  0.5494 || ACC1: 67.0938 || ACC2: 92.7500 - LR: 1.0000e-05
INFO - 04/10/26 20:59:46 - 1:53:11 -   56850 - 1386.13 equations/s - 88712.11 words/s - MEM: 1.36 GB - LOSS:  0.5319 || ACC1: 69.1094 || ACC2: 93.6406 - LR: 1.0000e-05
INFO - 04/10/26 20:59:51 - 1:53:16 -   56900 - 1362.26 equations/s - 87184.46 words/s - MEM: 1.36 GB - LOSS:  0.5466 || ACC1: 67.4531 || ACC2: 93.6406 - LR: 1.0000e-05
INFO - 04/10/26 20:59:56 - 1:53:21 -   56950 - 1316.26 equations/s - 84240.45 words/s - MEM: 1.36 GB - LOSS:  0.5428 || ACC1: 66.3438 || ACC2: 93.6562 - LR: 1.0000e-05
INFO - 04/10/26 21:00:00 - 1:53:25 -   57000 - 1431.85 equations/s - 91638.38 words/s - MEM: 1.36 GB - LOSS:  0.5434 || ACC1: 66.7969 || ACC2: 92.6875 - LR: 1.0000e-05
INFO - 04/10/26 21:00:05 - 1:53:30 -   57050 - 1397.01 equations/s - 89408.67 words/s - MEM: 1.36 GB - LOSS:  0.5357 || ACC1: 68.2344 || ACC2: 93.2969 - LR: 1.0000e-05
INFO - 04/10/26 21:00:09 - 1:53:35 -   57100 - 1421.66 equations/s - 90986.07 words/s - MEM: 1.36 GB - LOSS:  0.5395 || ACC1: 67.3594 || ACC2: 93.2656 - LR: 1.0000e-05
INFO - 04/10/26 21:00:17 - 1:53:43 -   57150 -  801.10 equations/s - 51270.18 words/s - MEM: 1.36 GB - LOSS:  0.5304 || ACC1: 67.4688 || ACC2: 93.7656 - LR: 1.0000e-05
INFO - 04/10/26 21:00:22 - 1:53:47 -   57200 - 1349.77 equations/s - 86384.96 words/s - MEM: 1.36 GB - LOSS:  0.5360 || ACC1: 68.1875 || ACC2: 93.1094 - LR: 1.0000e-05
INFO - 04/10/26 21:00:27 - 1:53:52 -   57250 - 1416.71 equations/s - 90669.69 words/s - MEM: 1.36 GB - LOSS:  0.5391 || ACC1: 67.4375 || ACC2: 92.9844 - LR: 1.0000e-05
INFO - 04/10/26 21:00:31 - 1:53:56 -   57300 - 1440.03 equations/s - 92161.96 words/s - MEM: 1.36 GB - LOSS:  0.5365 || ACC1: 68.3750 || ACC2: 93.5625 - LR: 1.0000e-05
INFO - 04/10/26 21:00:36 - 1:54:01 -   57350 - 1370.86 equations/s - 87734.79 words/s - MEM: 1.36 GB - LOSS:  0.5322 || ACC1: 67.9219 || ACC2: 93.5156 - LR: 1.0000e-05
INFO - 04/10/26 21:00:40 - 1:54:05 -   57400 - 1437.57 equations/s - 92004.75 words/s - MEM: 1.36 GB - LOSS:  0.5285 || ACC1: 67.3125 || ACC2: 93.7656 - LR: 1.0000e-05
INFO - 04/10/26 21:00:45 - 1:54:10 -   57450 - 1377.19 equations/s - 88140.32 words/s - MEM: 1.36 GB - LOSS:  0.5377 || ACC1: 68.1719 || ACC2: 93.3438 - LR: 1.0000e-05
INFO - 04/10/26 21:00:53 - 1:54:18 -   57500 -  784.50 equations/s - 50207.88 words/s - MEM: 1.36 GB - LOSS:  0.5286 || ACC1: 69.2812 || ACC2: 93.6094 - LR: 1.0000e-05
INFO - 04/10/26 21:00:58 - 1:54:23 -   57550 - 1371.08 equations/s - 87749.01 words/s - MEM: 1.36 GB - LOSS:  0.5333 || ACC1: 67.6406 || ACC2: 93.3906 - LR: 1.0000e-05
INFO - 04/10/26 21:01:02 - 1:54:27 -   57600 - 1448.80 equations/s - 92723.04 words/s - MEM: 1.36 GB - LOSS:  0.5296 || ACC1: 67.6719 || ACC2: 93.9219 - LR: 1.0000e-05
INFO - 04/10/26 21:01:07 - 1:54:32 -   57650 - 1413.02 equations/s - 90433.01 words/s - MEM: 1.36 GB - LOSS:  0.5284 || ACC1: 68.3594 || ACC2: 93.5625 - LR: 1.0000e-05
INFO - 04/10/26 21:01:11 - 1:54:36 -   57700 - 1363.06 equations/s - 87235.76 words/s - MEM: 1.36 GB - LOSS:  0.5163 || ACC1: 68.3438 || ACC2: 94.3750 - LR: 1.0000e-05
INFO - 04/10/26 21:01:16 - 1:54:41 -   57750 - 1408.74 equations/s - 90159.60 words/s - MEM: 1.36 GB - LOSS:  0.5257 || ACC1: 68.8594 || ACC2: 93.9219 - LR: 1.0000e-05
INFO - 04/10/26 21:01:20 - 1:54:45 -   57800 - 1450.05 equations/s - 92802.93 words/s - MEM: 1.36 GB - LOSS:  0.5216 || ACC1: 68.7188 || ACC2: 93.7188 - LR: 1.0000e-05
INFO - 04/10/26 21:01:23 - 1:54:48 -   57831 - 1513.57 equations/s - 96868.65 words/s - MEM: 1.36 GB - LOSS:  0.5276 || ACC1: 67.8679 || ACC2: 93.4728 - LR: 1.0000e-05
INFO - 04/10/26 21:01:23 - 1:54:48 - ============ End of epoch 36 ============
INFO - 04/10/26 21:01:23 - 1:54:48 - Starting Distinguisher Method
INFO - 04/10/26 21:01:38 - 1:55:04 - Distinguishing 0s using the emd. 
INFO - 04/10/26 21:01:38 - 1:55:04 - Distinguishing +/-1s using the emd. 
INFO - 04/10/26 21:01:38 - 1:55:04 - Real secret: -1: {np.int64(2), np.int64(27), np.int64(12)}, 1: {np.int64(0), np.int64(1), np.int64(5), np.int64(13), np.int64(14), np.int64(22), np.int64(24)}
INFO - 04/10/26 21:01:38 - 1:55:04 - Nonzero bits not identified. Guess: [14  7 25  1  2 22  5  0 24 13]
INFO - 04/10/26 21:01:38 - 1:55:04 - Distinguishing +/-1s using the mean. 
INFO - 04/10/26 21:01:38 - 1:55:04 - Real secret: -1: {np.int64(2), np.int64(27), np.int64(12)}, 1: {np.int64(0), np.int64(1), np.int64(5), np.int64(13), np.int64(14), np.int64(22), np.int64(24)}
INFO - 04/10/26 21:01:38 - 1:55:04 - Nonzero bits not identified. Guess: [14  7 25  1  2 22  5  0 24 13]
INFO - 04/10/26 21:01:38 - 1:55:04 - Distinguishing 0s using the mean. 
INFO - 04/10/26 21:01:38 - 1:55:04 - Distinguishing +/-1s using the emd. 
INFO - 04/10/26 21:01:38 - 1:55:04 - Real secret: -1: {np.int64(2), np.int64(27), np.int64(12)}, 1: {np.int64(0), np.int64(1), np.int64(5), np.int64(13), np.int64(14), np.int64(22), np.int64(24)}
INFO - 04/10/26 21:01:39 - 1:55:04 - Distinguishing +/-1s using the mean. 
INFO - 04/10/26 21:01:39 - 1:55:04 - Real secret: -1: {np.int64(2), np.int64(27), np.int64(12)}, 1: {np.int64(0), np.int64(1), np.int64(5), np.int64(13), np.int64(14), np.int64(22), np.int64(24)}
INFO - 04/10/26 21:01:39 - 1:55:04 - Starting Direct Method
INFO - 04/10/26 21:01:39 - 1:55:04 - Direct:  K=86
INFO - 04/10/26 21:01:39 - 1:55:04 - Direct:  K=54
INFO - 04/10/26 21:01:39 - 1:55:04 - Direct:  K=92
INFO - 04/10/26 21:01:39 - 1:55:04 - Direct:  K=55
INFO - 04/10/26 21:01:39 - 1:55:04 - Direct:  K=78
INFO - 04/10/26 21:01:39 - 1:55:04 - Direct:  K=34
INFO - 04/10/26 21:01:39 - 1:55:04 - Direct:  K=75
INFO - 04/10/26 21:01:39 - 1:55:04 - Direct:  K=62
INFO - 04/10/26 21:01:40 - 1:55:05 - Direct:  K=36
INFO - 04/10/26 21:01:40 - 1:55:05 - Direct:  K=53
INFO - 04/10/26 21:01:40 - 1:55:05 - Direct:  K=46
INFO - 04/10/26 21:01:40 - 1:55:05 - Direct:  K=63
INFO - 04/10/26 21:01:40 - 1:55:05 - Direct:  K=66
INFO - 04/10/26 21:01:40 - 1:55:05 - Direct:  K=73
INFO - 04/10/26 21:01:40 - 1:55:06 - Direct:  K=49
INFO - 04/10/26 21:01:40 - 1:55:06 - Direct: secret not predicted. (true secret = [ 1  1 -1  0  0  1  0  0  0  0  0  0 -1  1  1  0  0  0  0  0  0  0  1  0
                                       1  0  0 -1  0  0], predicted secret = [1 0 0 0 0 0 0 0 1 0 0 0 0 0 1 1 0 0 0 0 0 0 1 0 1 0 0 0 0 0], true support = [1 1 1 0 0 1 0 0 0 0 0 0 1 1 1 0 0 0 0 0 0 0 1 0 1 0 0 1 0 0], predicted support = [1 0 0 0 0 0 0 0 1 0 0 0 0 0 1 1 0 0 0 0 0 0 1 0 1 0 0 0 0 0])
INFO - 04/10/26 21:01:49 - 1:55:15 - CA: secret not predicted. (true secret = [ 1  1 -1  0  0  1  0  0  0  0  0  0 -1  1  1  0  0  0  0  0  0  0  1  0
                                       1  0  0 -1  0  0], predicted secret = [1 1 1 0 0 0 0 0 0 0 0 0 0 1 0 0 0 0 0 0 0 0 1 0 1 0 0 0 0 0], true support = [1 1 1 0 0 1 0 0 0 0 0 0 1 1 1 0 0 0 0 0 0 0 1 0 1 0 0 1 0 0], predicted support = [1 1 1 0 0 0 0 0 0 0 0 0 0 1 0 0 0 0 0 0 0 0 1 0 1 0 0 0 0 0])
INFO - 04/10/26 21:01:49 - 1:55:15 - CA: secret not predicted. (true secret = [ 1  1 -1  0  0  1  0  0  0  0  0  0 -1  1  1  0  0  0  0  0  0  0  1  0
                                       1  0  0 -1  0  0], predicted secret = [1 0 0 0 1 0 0 0 0 0 1 0 0 1 0 0 0 0 0 0 1 0 0 0 0 0 0 0 0 1], true support = [1 1 1 0 0 1 0 0 0 0 0 0 1 1 1 0 0 0 0 0 0 0 1 0 1 0 0 1 0 0], predicted support = [1 0 0 0 1 0 0 0 0 0 1 0 0 1 0 0 0 0 0 0 1 0 0 0 0 0 0 0 0 1])
INFO - 04/10/26 21:01:49 - 1:55:15 - Hybrid: direct, ca
INFO - 04/10/26 21:01:49 - 1:55:15 - direct, ca - Sum Normalized: secret not predicted. (true secret = [ 1  1 -1  0  0  1  0  0  0  0  0  0 -1  1  1  0  0  0  0  0  0  0  1  0
                                       1  0  0 -1  0  0], predicted secret = [1 0 0 0 0 0 0 0 1 0 0 0 0 1 0 0 0 0 0 0 0 0 1 0 1 0 0 0 0 1], true support = [1 1 1 0 0 1 0 0 0 0 0 0 1 1 1 0 0 0 0 0 0 0 1 0 1 0 0 1 0 0], predicted support = [1 0 0 0 0 0 0 0 1 0 0 0 0 1 0 0 0 0 0 0 0 0 1 0 1 0 0 0 0 1])
INFO - 04/10/26 21:01:49 - 1:55:15 - direct, ca - Max Normalized: secret not predicted. (true secret = [ 1  1 -1  0  0  1  0  0  0  0  0  0 -1  1  1  0  0  0  0  0  0  0  1  0
                                       1  0  0 -1  0  0], predicted secret = [1 0 0 0 0 0 0 0 0 0 0 0 0 1 0 1 0 0 0 0 0 0 1 0 1 0 0 0 0 1], true support = [1 1 1 0 0 1 0 0 0 0 0 0 1 1 1 0 0 0 0 0 0 0 1 0 1 0 0 1 0 0], predicted support = [1 0 0 0 0 0 0 0 0 0 0 0 0 1 0 1 0 0 0 0 0 0 1 0 1 0 0 0 0 1])
INFO - 04/10/26 21:01:49 - 1:55:15 - direct, ca - Sum Rank: secret not predicted. (true secret = [ 1  1 -1  0  0  1  0  0  0  0  0  0 -1  1  1  0  0  0  0  0  0  0  1  0
                                       1  0  0 -1  0  0], predicted secret = [1 0 0 0 0 0 0 0 1 1 0 0 0 1 0 0 0 0 0 0 0 0 1 0 1 0 0 0 0 0], true support = [1 1 1 0 0 1 0 0 0 0 0 0 1 1 1 0 0 0 0 0 0 0 1 0 1 0 0 1 0 0], predicted support = [1 0 0 0 0 0 0 0 1 1 0 0 0 1 0 0 0 0 0 0 0 0 1 0 1 0 0 0 0 0])
INFO - 04/10/26 21:01:49 - 1:55:15 - direct, ca - Max Rank: secret not predicted. (true secret = [ 1  1 -1  0  0  1  0  0  0  0  0  0 -1  1  1  0  0  0  0  0  0  0  1  0
                                       1  0  0 -1  0  0], predicted secret = [1 0 0 0 0 0 0 0 1 0 0 0 0 1 0 1 0 0 0 0 0 0 1 0 1 0 0 0 0 0], true support = [1 1 1 0 0 1 0 0 0 0 0 0 1 1 1 0 0 0 0 0 0 0 1 0 1 0 0 1 0 0], predicted support = [1 0 0 0 0 0 0 0 1 0 0 0 0 1 0 1 0 0 0 0 0 0 1 0 1 0 0 0 0 0])
INFO - 04/10/26 21:01:49 - 1:55:15 - Hybrid: direct, distinguisher
INFO - 04/10/26 21:01:49 - 1:55:15 - direct, distinguisher - Sum Normalized: secret not predicted. (true secret = [ 1  1 -1  0  0  1  0  0  0  0  0  0 -1  1  1  0  0  0  0  0  0  0  1  0
                                       1  0  0 -1  0  0], predicted secret = [1 0 0 0 0 1 0 0 0 0 0 0 0 1 1 0 0 0 0 0 0 0 1 0 1 0 0 0 0 0], true support = [1 1 1 0 0 1 0 0 0 0 0 0 1 1 1 0 0 0 0 0 0 0 1 0 1 0 0 1 0 0], predicted support = [1 0 0 0 0 1 0 0 0 0 0 0 0 1 1 0 0 0 0 0 0 0 1 0 1 0 0 0 0 0])
INFO - 04/10/26 21:01:49 - 1:55:15 - direct, distinguisher - Max Normalized: secret not predicted. (true secret = [ 1  1 -1  0  0  1  0  0  0  0  0  0 -1  1  1  0  0  0  0  0  0  0  1  0
                                       1  0  0 -1  0  0], predicted secret = [0 0 1 0 0 1 0 0 0 0 0 0 0 1 1 0 0 0 0 0 0 0 1 0 1 0 0 0 0 0], true support = [1 1 1 0 0 1 0 0 0 0 0 0 1 1 1 0 0 0 0 0 0 0 1 0 1 0 0 1 0 0], predicted support = [0 0 1 0 0 1 0 0 0 0 0 0 0 1 1 0 0 0 0 0 0 0 1 0 1 0 0 0 0 0])
INFO - 04/10/26 21:01:49 - 1:55:15 - direct, distinguisher - Sum Rank: secret not predicted. (true secret = [ 1  1 -1  0  0  1  0  0  0  0  0  0 -1  1  1  0  0  0  0  0  0  0  1  0
                                       1  0  0 -1  0  0], predicted secret = [1 0 0 0 0 1 0 0 0 0 0 0 0 1 1 0 0 0 0 0 0 0 1 0 1 0 0 0 0 0], true support = [1 1 1 0 0 1 0 0 0 0 0 0 1 1 1 0 0 0 0 0 0 0 1 0 1 0 0 1 0 0], predicted support = [1 0 0 0 0 1 0 0 0 0 0 0 0 1 1 0 0 0 0 0 0 0 1 0 1 0 0 0 0 0])
INFO - 04/10/26 21:01:49 - 1:55:15 - direct, distinguisher - Max Rank: secret not predicted. (true secret = [ 1  1 -1  0  0  1  0  0  0  0  0  0 -1  1  1  0  0  0  0  0  0  0  1  0
                                       1  0  0 -1  0  0], predicted secret = [0 0 1 0 0 0 0 0 1 0 0 0 0 1 0 1 0 0 0 0 0 0 1 0 1 0 0 0 0 0], true support = [1 1 1 0 0 1 0 0 0 0 0 0 1 1 1 0 0 0 0 0 0 0 1 0 1 0 0 1 0 0], predicted support = [0 0 1 0 0 0 0 0 1 0 0 0 0 1 0 1 0 0 0 0 0 0 1 0 1 0 0 0 0 0])
INFO - 04/10/26 21:01:49 - 1:55:15 - Hybrid: ca, distinguisher
INFO - 04/10/26 21:01:49 - 1:55:15 - ca, distinguisher - Sum Normalized: secret not predicted. (true secret = [ 1  1 -1  0  0  1  0  0  0  0  0  0 -1  1  1  0  0  0  0  0  0  0  1  0
                                       1  0  0 -1  0  0], predicted secret = [1 0 1 0 0 1 0 0 0 0 0 0 0 1 0 0 0 0 0 0 0 0 1 0 1 0 0 0 0 0], true support = [1 1 1 0 0 1 0 0 0 0 0 0 1 1 1 0 0 0 0 0 0 0 1 0 1 0 0 1 0 0], predicted support = [1 0 1 0 0 1 0 0 0 0 0 0 0 1 0 0 0 0 0 0 0 0 1 0 1 0 0 0 0 0])
INFO - 04/10/26 21:01:49 - 1:55:15 - ca, distinguisher - Max Normalized: secret not predicted. (true secret = [ 1  1 -1  0  0  1  0  0  0  0  0  0 -1  1  1  0  0  0  0  0  0  0  1  0
                                       1  0  0 -1  0  0], predicted secret = [1 0 1 0 0 1 0 0 0 0 0 0 0 1 1 0 0 0 0 0 0 0 0 0 1 0 0 0 0 0], true support = [1 1 1 0 0 1 0 0 0 0 0 0 1 1 1 0 0 0 0 0 0 0 1 0 1 0 0 1 0 0], predicted support = [1 0 1 0 0 1 0 0 0 0 0 0 0 1 1 0 0 0 0 0 0 0 0 0 1 0 0 0 0 0])
INFO - 04/10/26 21:01:49 - 1:55:15 - ca, distinguisher - Sum Rank: secret not predicted. (true secret = [ 1  1 -1  0  0  1  0  0  0  0  0  0 -1  1  1  0  0  0  0  0  0  0  1  0
                                       1  0  0 -1  0  0], predicted secret = [1 0 1 0 0 0 0 0 0 0 0 0 0 1 0 0 0 0 0 0 0 0 1 0 1 0 0 0 0 1], true support = [1 1 1 0 0 1 0 0 0 0 0 0 1 1 1 0 0 0 0 0 0 0 1 0 1 0 0 1 0 0], predicted support = [1 0 1 0 0 0 0 0 0 0 0 0 0 1 0 0 0 0 0 0 0 0 1 0 1 0 0 0 0 1])
INFO - 04/10/26 21:01:49 - 1:55:15 - ca, distinguisher - Max Rank: secret not predicted. (true secret = [ 1  1 -1  0  0  1  0  0  0  0  0  0 -1  1  1  0  0  0  0  0  0  0  1  0
                                       1  0  0 -1  0  0], predicted secret = [1 0 1 0 0 1 0 0 0 0 0 0 0 1 0 0 0 0 0 0 0 0 0 0 1 0 0 0 0 1], true support = [1 1 1 0 0 1 0 0 0 0 0 0 1 1 1 0 0 0 0 0 0 0 1 0 1 0 0 1 0 0], predicted support = [1 0 1 0 0 1 0 0 0 0 0 0 0 1 0 0 0 0 0 0 0 0 0 0 1 0 0 0 0 1])
INFO - 04/10/26 21:01:49 - 1:55:15 - Hybrid: direct, ca, distinguisher
INFO - 04/10/26 21:01:49 - 1:55:15 - direct, ca, distinguisher - Sum Normalized: secret not predicted. (true secret = [ 1  1 -1  0  0  1  0  0  0  0  0  0 -1  1  1  0  0  0  0  0  0  0  1  0
                                       1  0  0 -1  0  0], predicted secret = [1 0 1 0 0 0 0 0 0 0 0 0 0 1 1 0 0 0 0 0 0 0 1 0 1 0 0 0 0 0], true support = [1 1 1 0 0 1 0 0 0 0 0 0 1 1 1 0 0 0 0 0 0 0 1 0 1 0 0 1 0 0], predicted support = [1 0 1 0 0 0 0 0 0 0 0 0 0 1 1 0 0 0 0 0 0 0 1 0 1 0 0 0 0 0])
INFO - 04/10/26 21:01:49 - 1:55:15 - direct, ca, distinguisher - Max Normalized: secret not predicted. (true secret = [ 1  1 -1  0  0  1  0  0  0  0  0  0 -1  1  1  0  0  0  0  0  0  0  1  0
                                       1  0  0 -1  0  0], predicted secret = [1 0 1 0 0 1 0 0 0 0 0 0 0 1 0 0 0 0 0 0 0 0 1 0 1 0 0 0 0 0], true support = [1 1 1 0 0 1 0 0 0 0 0 0 1 1 1 0 0 0 0 0 0 0 1 0 1 0 0 1 0 0], predicted support = [1 0 1 0 0 1 0 0 0 0 0 0 0 1 0 0 0 0 0 0 0 0 1 0 1 0 0 0 0 0])
INFO - 04/10/26 21:01:49 - 1:55:15 - direct, ca, distinguisher - Sum Rank: secret not predicted. (true secret = [ 1  1 -1  0  0  1  0  0  0  0  0  0 -1  1  1  0  0  0  0  0  0  0  1  0
                                       1  0  0 -1  0  0], predicted secret = [1 0 1 0 0 1 0 0 0 0 0 0 0 1 0 0 0 0 0 0 0 0 1 0 1 0 0 0 0 0], true support = [1 1 1 0 0 1 0 0 0 0 0 0 1 1 1 0 0 0 0 0 0 0 1 0 1 0 0 1 0 0], predicted support = [1 0 1 0 0 1 0 0 0 0 0 0 0 1 0 0 0 0 0 0 0 0 1 0 1 0 0 0 0 0])
INFO - 04/10/26 21:01:49 - 1:55:15 - direct, ca, distinguisher - Max Rank: secret not predicted. (true secret = [ 1  1 -1  0  0  1  0  0  0  0  0  0 -1  1  1  0  0  0  0  0  0  0  1  0
                                       1  0  0 -1  0  0], predicted secret = [1 0 1 0 0 0 0 0 0 0 0 0 0 1 0 1 0 0 0 0 0 0 1 0 1 0 0 0 0 0], true support = [1 1 1 0 0 1 0 0 0 0 0 0 1 1 1 0 0 0 0 0 0 0 1 0 1 0 0 1 0 0], predicted support = [1 0 1 0 0 0 0 0 0 0 0 0 0 1 0 1 0 0 0 0 0 0 1 0 1 0 0 0 0 0])
INFO - 04/10/26 21:01:49 - 1:55:15 - Epoch 36 metrics | train_loss: 0.537787 | train_acc1: 67.652351 | train_acc2: 93.362124 | valid_xe_loss: 2.610319 | valid_acc1: 23.140823 | valid_acc2: 28.075554
INFO - 04/10/26 21:01:49 - 1:55:15 - __log__:{"train_loss": 0.5377872173822773, "train_acc1": 67.65235124760076, "train_acc2": 93.3621241202815, "epoch": 36, "valid_xe_loss": 2.610319149645069, "valid_acc1": 23.140822784810126, "valid_acc2": 28.075553797468356}
INFO - 04/10/26 21:01:49 - 1:55:15 - Saving checkpoint to /home/yu_mcc/PQC_salsa/runs/n30_q127_h3_1m/train_gpu_proposed_ternary_h10_secret0_init0_paperlike/checkpoint.pth ...
WARNING - 04/10/26 21:01:49 - 1:55:15 - Saving encoder parameters ...
WARNING - 04/10/26 21:01:49 - 1:55:15 - Saving decoder parameters ...
WARNING - 04/10/26 21:01:49 - 1:55:15 - Saving optimizer ...
INFO - 04/10/26 21:01:50 - 1:55:15 - ============ Starting epoch 37 ... ============
INFO - 04/10/26 21:01:52 - 1:55:17 -   57850 -   84.85 equations/s -  5430.61 words/s - MEM: 1.36 GB - LOSS:  0.5261 || ACC1: 68.5855 || ACC2: 93.2566 - LR: 1.0000e-05
INFO - 04/10/26 21:01:57 - 1:55:22 -   57900 - 1184.88 equations/s - 75832.04 words/s - MEM: 1.36 GB - LOSS:  0.5174 || ACC1: 68.7188 || ACC2: 93.7188 - LR: 1.0000e-05
INFO - 04/10/26 21:02:05 - 1:55:30 -   57950 -  775.63 equations/s - 49640.18 words/s - MEM: 1.36 GB - LOSS:  0.5103 || ACC1: 69.1562 || ACC2: 94.1406 - LR: 1.0000e-05
INFO - 04/10/26 21:02:10 - 1:55:35 -   58000 - 1344.93 equations/s - 86075.58 words/s - MEM: 1.36 GB - LOSS:  0.5229 || ACC1: 68.7500 || ACC2: 93.8906 - LR: 1.0000e-05
INFO - 04/10/26 21:02:15 - 1:55:40 -   58050 - 1359.99 equations/s - 87039.66 words/s - MEM: 1.36 GB - LOSS:  0.5168 || ACC1: 69.6250 || ACC2: 94.0156 - LR: 1.0000e-05
INFO - 04/10/26 21:02:20 - 1:55:45 -   58100 - 1339.18 equations/s - 85707.79 words/s - MEM: 1.36 GB - LOSS:  0.5187 || ACC1: 68.0469 || ACC2: 93.6250 - LR: 1.0000e-05
INFO - 04/10/26 21:02:24 - 1:55:49 -   58150 - 1361.63 equations/s - 87144.57 words/s - MEM: 1.36 GB - LOSS:  0.5062 || ACC1: 69.1875 || ACC2: 94.4688 - LR: 1.0000e-05
INFO - 04/10/26 21:02:29 - 1:55:54 -   58200 - 1387.30 equations/s - 88787.43 words/s - MEM: 1.36 GB - LOSS:  0.5134 || ACC1: 69.1094 || ACC2: 94.2500 - LR: 1.0000e-05
INFO - 04/10/26 21:02:34 - 1:55:59 -   58250 - 1352.95 equations/s - 86588.79 words/s - MEM: 1.36 GB - LOSS:  0.5048 || ACC1: 68.6562 || ACC2: 94.2500 - LR: 1.0000e-05
INFO - 04/10/26 21:02:42 - 1:56:07 -   58300 -  779.83 equations/s - 49909.06 words/s - MEM: 1.36 GB - LOSS:  0.5116 || ACC1: 69.2031 || ACC2: 93.9531 - LR: 1.0000e-05
INFO - 04/10/26 21:02:46 - 1:56:12 -   58350 - 1361.63 equations/s - 87144.41 words/s - MEM: 1.36 GB - LOSS:  0.4996 || ACC1: 69.8594 || ACC2: 94.3750 - LR: 1.0000e-05
INFO - 04/10/26 21:02:51 - 1:56:16 -   58400 - 1357.06 equations/s - 86852.04 words/s - MEM: 1.36 GB - LOSS:  0.5094 || ACC1: 69.3281 || ACC2: 94.1094 - LR: 1.0000e-05
INFO - 04/10/26 21:02:56 - 1:56:21 -   58450 - 1418.57 equations/s - 90788.29 words/s - MEM: 1.36 GB - LOSS:  0.5063 || ACC1: 70.0312 || ACC2: 94.5312 - LR: 1.0000e-05
INFO - 04/10/26 21:03:00 - 1:56:25 -   58500 - 1405.56 equations/s - 89955.63 words/s - MEM: 1.36 GB - LOSS:  0.5097 || ACC1: 69.9062 || ACC2: 93.9219 - LR: 1.0000e-05
INFO - 04/10/26 21:03:05 - 1:56:30 -   58550 - 1412.80 equations/s - 90419.10 words/s - MEM: 1.36 GB - LOSS:  0.5138 || ACC1: 68.5625 || ACC2: 93.9844 - LR: 1.0000e-05
INFO - 04/10/26 21:03:09 - 1:56:34 -   58600 - 1398.68 equations/s - 89515.63 words/s - MEM: 1.36 GB - LOSS:  0.5026 || ACC1: 69.8594 || ACC2: 94.3594 - LR: 1.0000e-05
INFO - 04/10/26 21:03:17 - 1:56:43 -   58650 -  787.21 equations/s - 50381.30 words/s - MEM: 1.36 GB - LOSS:  0.5006 || ACC1: 69.8594 || ACC2: 94.4219 - LR: 1.0000e-05
INFO - 04/10/26 21:03:22 - 1:56:47 -   58700 - 1401.20 equations/s - 89676.92 words/s - MEM: 1.36 GB - LOSS:  0.5073 || ACC1: 68.8906 || ACC2: 94.6719 - LR: 1.0000e-05
INFO - 04/10/26 21:03:27 - 1:56:52 -   58750 - 1403.10 equations/s - 89798.49 words/s - MEM: 1.36 GB - LOSS:  0.5027 || ACC1: 69.4844 || ACC2: 94.2969 - LR: 1.0000e-05
INFO - 04/10/26 21:03:31 - 1:56:56 -   58800 - 1408.45 equations/s - 90140.92 words/s - MEM: 1.36 GB - LOSS:  0.5042 || ACC1: 68.8125 || ACC2: 94.4688 - LR: 1.0000e-05
INFO - 04/10/26 21:03:36 - 1:57:01 -   58850 - 1404.29 equations/s - 89874.25 words/s - MEM: 1.36 GB - LOSS:  0.5103 || ACC1: 69.1875 || ACC2: 94.5312 - LR: 1.0000e-05
INFO - 04/10/26 21:03:40 - 1:57:06 -   58900 - 1356.82 equations/s - 86836.62 words/s - MEM: 1.36 GB - LOSS:  0.4999 || ACC1: 69.3906 || ACC2: 94.5781 - LR: 1.0000e-05
INFO - 04/10/26 21:03:45 - 1:57:10 -   58950 - 1359.39 equations/s - 87001.18 words/s - MEM: 1.36 GB - LOSS:  0.5071 || ACC1: 68.8438 || ACC2: 94.1875 - LR: 1.0000e-05
INFO - 04/10/26 21:03:53 - 1:57:18 -   59000 -  788.65 equations/s - 50473.80 words/s - MEM: 1.36 GB - LOSS:  0.4957 || ACC1: 70.0312 || ACC2: 94.4688 - LR: 1.0000e-05
INFO - 04/10/26 21:03:58 - 1:57:23 -   59050 - 1386.58 equations/s - 88740.96 words/s - MEM: 1.36 GB - LOSS:  0.4947 || ACC1: 70.2188 || ACC2: 94.8281 - LR: 1.0000e-05
INFO - 04/10/26 21:04:03 - 1:57:28 -   59100 - 1355.84 equations/s - 86774.04 words/s - MEM: 1.36 GB - LOSS:  0.4980 || ACC1: 70.1250 || ACC2: 94.9844 - LR: 1.0000e-05
INFO - 04/10/26 21:04:07 - 1:57:32 -   59150 - 1362.30 equations/s - 87187.07 words/s - MEM: 1.36 GB - LOSS:  0.4940 || ACC1: 70.2344 || ACC2: 94.6719 - LR: 1.0000e-05
INFO - 04/10/26 21:04:12 - 1:57:37 -   59200 - 1334.22 equations/s - 85390.27 words/s - MEM: 1.36 GB - LOSS:  0.4945 || ACC1: 70.4062 || ACC2: 94.8594 - LR: 1.0000e-05
INFO - 04/10/26 21:04:17 - 1:57:42 -   59250 - 1388.20 equations/s - 88844.86 words/s - MEM: 1.36 GB - LOSS:  0.4939 || ACC1: 70.7188 || ACC2: 94.4844 - LR: 1.0000e-05
INFO - 04/10/26 21:04:21 - 1:57:46 -   59300 - 1397.79 equations/s - 89458.59 words/s - MEM: 1.36 GB - LOSS:  0.4938 || ACC1: 69.7812 || ACC2: 94.7812 - LR: 1.0000e-05
INFO - 04/10/26 21:04:30 - 1:57:55 -   59350 -  750.45 equations/s - 48028.81 words/s - MEM: 1.36 GB - LOSS:  0.4974 || ACC1: 70.3438 || ACC2: 94.6875 - LR: 1.0000e-05
INFO - 04/10/26 21:04:34 - 1:57:59 -   59394 - 1394.85 equations/s - 89270.72 words/s - MEM: 1.36 GB - LOSS:  0.4851 || ACC1: 71.7507 || ACC2: 94.8331 - LR: 1.0000e-05
INFO - 04/10/26 21:04:34 - 1:57:59 - ============ End of epoch 37 ============
INFO - 04/10/26 21:04:34 - 1:57:59 - Starting Distinguisher Method
INFO - 04/10/26 21:04:45 - 1:58:11 - Distinguishing 0s using the emd. 
INFO - 04/10/26 21:04:45 - 1:58:11 - Distinguishing +/-1s using the emd. 
INFO - 04/10/26 21:04:45 - 1:58:11 - Real secret: -1: {np.int64(2), np.int64(27), np.int64(12)}, 1: {np.int64(0), np.int64(1), np.int64(5), np.int64(13), np.int64(14), np.int64(22), np.int64(24)}
INFO - 04/10/26 21:04:45 - 1:58:11 - Nonzero bits not identified. Guess: [19  0 22  1 25  4  5  2 13 24]
INFO - 04/10/26 21:04:45 - 1:58:11 - Distinguishing +/-1s using the mean. 
INFO - 04/10/26 21:04:45 - 1:58:11 - Real secret: -1: {np.int64(2), np.int64(27), np.int64(12)}, 1: {np.int64(0), np.int64(1), np.int64(5), np.int64(13), np.int64(14), np.int64(22), np.int64(24)}
INFO - 04/10/26 21:04:45 - 1:58:11 - Nonzero bits not identified. Guess: [19  0 22  1 25  4  5  2 13 24]
INFO - 04/10/26 21:04:45 - 1:58:11 - Distinguishing 0s using the mean. 
INFO - 04/10/26 21:04:45 - 1:58:11 - Distinguishing +/-1s using the emd. 
INFO - 04/10/26 21:04:45 - 1:58:11 - Real secret: -1: {np.int64(2), np.int64(27), np.int64(12)}, 1: {np.int64(0), np.int64(1), np.int64(5), np.int64(13), np.int64(14), np.int64(22), np.int64(24)}
INFO - 04/10/26 21:04:45 - 1:58:11 - Distinguishing +/-1s using the mean. 
INFO - 04/10/26 21:04:45 - 1:58:11 - Real secret: -1: {np.int64(2), np.int64(27), np.int64(12)}, 1: {np.int64(0), np.int64(1), np.int64(5), np.int64(13), np.int64(14), np.int64(22), np.int64(24)}
INFO - 04/10/26 21:04:45 - 1:58:11 - Starting Direct Method
INFO - 04/10/26 21:04:45 - 1:58:11 - Direct:  K=89
INFO - 04/10/26 21:04:45 - 1:58:11 - Direct:  K=48
INFO - 04/10/26 21:04:46 - 1:58:11 - Direct:  K=92
INFO - 04/10/26 21:04:46 - 1:58:11 - Direct:  K=39
INFO - 04/10/26 21:04:46 - 1:58:11 - Direct:  K=89
INFO - 04/10/26 21:04:46 - 1:58:11 - Direct:  K=70
INFO - 04/10/26 21:04:46 - 1:58:11 - Direct:  K=32
INFO - 04/10/26 21:04:46 - 1:58:11 - Direct:  K=87
INFO - 04/10/26 21:04:46 - 1:58:11 - Direct:  K=93
INFO - 04/10/26 21:04:46 - 1:58:11 - Direct:  K=60
INFO - 04/10/26 21:04:46 - 1:58:12 - Direct:  K=55
INFO - 04/10/26 21:04:47 - 1:58:12 - Direct:  K=52
INFO - 04/10/26 21:04:47 - 1:58:12 - Direct:  K=86
INFO - 04/10/26 21:04:47 - 1:58:12 - Direct:  K=49
INFO - 04/10/26 21:04:47 - 1:58:12 - Direct:  K=85
INFO - 04/10/26 21:04:47 - 1:58:12 - Direct: secret not predicted. (true secret = [ 1  1 -1  0  0  1  0  0  0  0  0  0 -1  1  1  0  0  0  0  0  0  0  1  0
                                       1  0  0 -1  0  0], predicted secret = [1 0 0 0 0 0 0 0 1 0 0 0 0 1 1 0 0 0 0 0 0 0 1 0 0 0 0 1 0 0], true support = [1 1 1 0 0 1 0 0 0 0 0 0 1 1 1 0 0 0 0 0 0 0 1 0 1 0 0 1 0 0], predicted support = [1 0 0 0 0 0 0 0 1 0 0 0 0 1 1 0 0 0 0 0 0 0 1 0 0 0 0 1 0 0])
INFO - 04/10/26 21:04:56 - 1:58:21 - CA: secret not predicted. (true secret = [ 1  1 -1  0  0  1  0  0  0  0  0  0 -1  1  1  0  0  0  0  0  0  0  1  0
                                       1  0  0 -1  0  0], predicted secret = [1 1 0 0 0 0 0 0 0 0 0 0 1 1 0 0 0 0 0 0 0 0 1 0 1 0 0 0 0 0], true support = [1 1 1 0 0 1 0 0 0 0 0 0 1 1 1 0 0 0 0 0 0 0 1 0 1 0 0 1 0 0], predicted support = [1 1 0 0 0 0 0 0 0 0 0 0 1 1 0 0 0 0 0 0 0 0 1 0 1 0 0 0 0 0])
INFO - 04/10/26 21:04:56 - 1:58:21 - CA: secret not predicted. (true secret = [ 1  1 -1  0  0  1  0  0  0  0  0  0 -1  1  1  0  0  0  0  0  0  0  1  0
                                       1  0  0 -1  0  0], predicted secret = [1 0 0 0 1 0 0 0 0 0 1 0 0 0 0 0 0 0 0 1 1 0 0 0 0 0 0 0 0 1], true support = [1 1 1 0 0 1 0 0 0 0 0 0 1 1 1 0 0 0 0 0 0 0 1 0 1 0 0 1 0 0], predicted support = [1 0 0 0 1 0 0 0 0 0 1 0 0 0 0 0 0 0 0 1 1 0 0 0 0 0 0 0 0 1])
INFO - 04/10/26 21:04:56 - 1:58:21 - Hybrid: direct, ca
INFO - 04/10/26 21:04:56 - 1:58:21 - direct, ca - Sum Normalized: secret not predicted. (true secret = [ 1  1 -1  0  0  1  0  0  0  0  0  0 -1  1  1  0  0  0  0  0  0  0  1  0
                                       1  0  0 -1  0  0], predicted secret = [1 0 0 0 0 0 0 0 1 0 0 0 0 1 0 0 0 0 0 0 0 0 1 0 1 0 0 1 0 0], true support = [1 1 1 0 0 1 0 0 0 0 0 0 1 1 1 0 0 0 0 0 0 0 1 0 1 0 0 1 0 0], predicted support = [1 0 0 0 0 0 0 0 1 0 0 0 0 1 0 0 0 0 0 0 0 0 1 0 1 0 0 1 0 0])
INFO - 04/10/26 21:04:56 - 1:58:21 - direct, ca - Max Normalized: secret not predicted. (true secret = [ 1  1 -1  0  0  1  0  0  0  0  0  0 -1  1  1  0  0  0  0  0  0  0  1  0
                                       1  0  0 -1  0  0], predicted secret = [1 0 0 0 0 0 0 0 1 0 0 0 0 1 0 0 0 0 0 0 0 0 1 0 1 0 0 1 0 0], true support = [1 1 1 0 0 1 0 0 0 0 0 0 1 1 1 0 0 0 0 0 0 0 1 0 1 0 0 1 0 0], predicted support = [1 0 0 0 0 0 0 0 1 0 0 0 0 1 0 0 0 0 0 0 0 0 1 0 1 0 0 1 0 0])
INFO - 04/10/26 21:04:56 - 1:58:21 - direct, ca - Sum Rank: secret not predicted. (true secret = [ 1  1 -1  0  0  1  0  0  0  0  0  0 -1  1  1  0  0  0  0  0  0  0  1  0
                                       1  0  0 -1  0  0], predicted secret = [1 0 0 0 1 0 0 0 1 0 0 0 0 1 0 0 0 0 0 0 0 0 1 0 1 0 0 0 0 0], true support = [1 1 1 0 0 1 0 0 0 0 0 0 1 1 1 0 0 0 0 0 0 0 1 0 1 0 0 1 0 0], predicted support = [1 0 0 0 1 0 0 0 1 0 0 0 0 1 0 0 0 0 0 0 0 0 1 0 1 0 0 0 0 0])
INFO - 04/10/26 21:04:56 - 1:58:21 - direct, ca - Max Rank: secret not predicted. (true secret = [ 1  1 -1  0  0  1  0  0  0  0  0  0 -1  1  1  0  0  0  0  0  0  0  1  0
                                       1  0  0 -1  0  0], predicted secret = [1 0 0 0 0 0 0 0 1 0 0 0 0 1 0 0 0 0 0 0 0 0 1 0 1 0 0 1 0 0], true support = [1 1 1 0 0 1 0 0 0 0 0 0 1 1 1 0 0 0 0 0 0 0 1 0 1 0 0 1 0 0], predicted support = [1 0 0 0 0 0 0 0 1 0 0 0 0 1 0 0 0 0 0 0 0 0 1 0 1 0 0 1 0 0])
INFO - 04/10/26 21:04:56 - 1:58:21 - Hybrid: direct, distinguisher
INFO - 04/10/26 21:04:56 - 1:58:21 - direct, distinguisher - Sum Normalized: secret not predicted. (true secret = [ 1  1 -1  0  0  1  0  0  0  0  0  0 -1  1  1  0  0  0  0  0  0  0  1  0
                                       1  0  0 -1  0  0], predicted secret = [0 0 1 0 0 0 0 0 1 0 0 0 0 1 1 0 0 0 0 0 0 0 1 0 0 0 0 1 0 0], true support = [1 1 1 0 0 1 0 0 0 0 0 0 1 1 1 0 0 0 0 0 0 0 1 0 1 0 0 1 0 0], predicted support = [0 0 1 0 0 0 0 0 1 0 0 0 0 1 1 0 0 0 0 0 0 0 1 0 0 0 0 1 0 0])
INFO - 04/10/26 21:04:56 - 1:58:21 - direct, distinguisher - Max Normalized: secret not predicted. (true secret = [ 1  1 -1  0  0  1  0  0  0  0  0  0 -1  1  1  0  0  0  0  0  0  0  1  0
                                       1  0  0 -1  0  0], predicted secret = [0 0 1 0 0 0 0 0 1 0 0 0 1 1 0 0 0 0 0 0 0 0 0 0 1 0 0 1 0 0], true support = [1 1 1 0 0 1 0 0 0 0 0 0 1 1 1 0 0 0 0 0 0 0 1 0 1 0 0 1 0 0], predicted support = [0 0 1 0 0 0 0 0 1 0 0 0 1 1 0 0 0 0 0 0 0 0 0 0 1 0 0 1 0 0])
INFO - 04/10/26 21:04:56 - 1:58:21 - direct, distinguisher - Sum Rank: secret not predicted. (true secret = [ 1  1 -1  0  0  1  0  0  0  0  0  0 -1  1  1  0  0  0  0  0  0  0  1  0
                                       1  0  0 -1  0  0], predicted secret = [0 0 0 0 0 0 0 0 1 0 0 0 0 1 1 0 0 0 0 0 0 0 1 0 1 0 0 1 0 0], true support = [1 1 1 0 0 1 0 0 0 0 0 0 1 1 1 0 0 0 0 0 0 0 1 0 1 0 0 1 0 0], predicted support = [0 0 0 0 0 0 0 0 1 0 0 0 0 1 1 0 0 0 0 0 0 0 1 0 1 0 0 1 0 0])
INFO - 04/10/26 21:04:56 - 1:58:21 - direct, distinguisher - Max Rank: secret not predicted. (true secret = [ 1  1 -1  0  0  1  0  0  0  0  0  0 -1  1  1  0  0  0  0  0  0  0  1  0
                                       1  0  0 -1  0  0], predicted secret = [0 0 1 0 0 0 0 0 1 0 0 0 1 1 0 0 0 0 0 0 0 0 0 0 1 0 0 1 0 0], true support = [1 1 1 0 0 1 0 0 0 0 0 0 1 1 1 0 0 0 0 0 0 0 1 0 1 0 0 1 0 0], predicted support = [0 0 1 0 0 0 0 0 1 0 0 0 1 1 0 0 0 0 0 0 0 0 0 0 1 0 0 1 0 0])
INFO - 04/10/26 21:04:56 - 1:58:21 - Hybrid: ca, distinguisher
INFO - 04/10/26 21:04:56 - 1:58:21 - ca, distinguisher - Sum Normalized: secret not predicted. (true secret = [ 1  1 -1  0  0  1  0  0  0  0  0  0 -1  1  1  0  0  0  0  0  0  0  1  0
                                       1  0  0 -1  0  0], predicted secret = [1 0 1 0 0 0 0 0 0 0 0 0 1 1 0 0 0 0 0 0 0 0 1 0 1 0 0 0 0 0], true support = [1 1 1 0 0 1 0 0 0 0 0 0 1 1 1 0 0 0 0 0 0 0 1 0 1 0 0 1 0 0], predicted support = [1 0 1 0 0 0 0 0 0 0 0 0 1 1 0 0 0 0 0 0 0 0 1 0 1 0 0 0 0 0])
INFO - 04/10/26 21:04:56 - 1:58:21 - ca, distinguisher - Max Normalized: secret not predicted. (true secret = [ 1  1 -1  0  0  1  0  0  0  0  0  0 -1  1  1  0  0  0  0  0  0  0  1  0
                                       1  0  0 -1  0  0], predicted secret = [1 0 1 0 0 0 0 0 0 0 0 0 1 1 0 0 0 0 0 0 0 0 0 0 1 0 0 1 0 0], true support = [1 1 1 0 0 1 0 0 0 0 0 0 1 1 1 0 0 0 0 0 0 0 1 0 1 0 0 1 0 0], predicted support = [1 0 1 0 0 0 0 0 0 0 0 0 1 1 0 0 0 0 0 0 0 0 0 0 1 0 0 1 0 0])
INFO - 04/10/26 21:04:56 - 1:58:21 - ca, distinguisher - Sum Rank: secret not predicted. (true secret = [ 1  1 -1  0  0  1  0  0  0  0  0  0 -1  1  1  0  0  0  0  0  0  0  1  0
                                       1  0  0 -1  0  0], predicted secret = [1 0 1 0 0 0 0 0 0 0 0 0 1 1 0 0 0 0 0 0 0 0 1 0 1 0 0 0 0 0], true support = [1 1 1 0 0 1 0 0 0 0 0 0 1 1 1 0 0 0 0 0 0 0 1 0 1 0 0 1 0 0], predicted support = [1 0 1 0 0 0 0 0 0 0 0 0 1 1 0 0 0 0 0 0 0 0 1 0 1 0 0 0 0 0])
INFO - 04/10/26 21:04:56 - 1:58:21 - ca, distinguisher - Max Rank: secret not predicted. (true secret = [ 1  1 -1  0  0  1  0  0  0  0  0  0 -1  1  1  0  0  0  0  0  0  0  1  0
                                       1  0  0 -1  0  0], predicted secret = [1 0 1 0 0 0 0 0 0 0 0 0 1 1 0 0 0 0 0 0 0 0 1 0 1 0 0 0 0 0], true support = [1 1 1 0 0 1 0 0 0 0 0 0 1 1 1 0 0 0 0 0 0 0 1 0 1 0 0 1 0 0], predicted support = [1 0 1 0 0 0 0 0 0 0 0 0 1 1 0 0 0 0 0 0 0 0 1 0 1 0 0 0 0 0])
INFO - 04/10/26 21:04:56 - 1:58:21 - Hybrid: direct, ca, distinguisher
INFO - 04/10/26 21:04:56 - 1:58:21 - direct, ca, distinguisher - Sum Normalized: secret not predicted. (true secret = [ 1  1 -1  0  0  1  0  0  0  0  0  0 -1  1  1  0  0  0  0  0  0  0  1  0
                                       1  0  0 -1  0  0], predicted secret = [1 0 0 0 0 0 0 0 1 0 0 0 0 1 0 0 0 0 0 0 0 0 1 0 1 0 0 1 0 0], true support = [1 1 1 0 0 1 0 0 0 0 0 0 1 1 1 0 0 0 0 0 0 0 1 0 1 0 0 1 0 0], predicted support = [1 0 0 0 0 0 0 0 1 0 0 0 0 1 0 0 0 0 0 0 0 0 1 0 1 0 0 1 0 0])
INFO - 04/10/26 21:04:56 - 1:58:21 - direct, ca, distinguisher - Max Normalized: secret not predicted. (true secret = [ 1  1 -1  0  0  1  0  0  0  0  0  0 -1  1  1  0  0  0  0  0  0  0  1  0
                                       1  0  0 -1  0  0], predicted secret = [1 0 1 0 0 0 0 0 1 0 0 0 0 1 0 0 0 0 0 0 0 0 0 0 1 0 0 1 0 0], true support = [1 1 1 0 0 1 0 0 0 0 0 0 1 1 1 0 0 0 0 0 0 0 1 0 1 0 0 1 0 0], predicted support = [1 0 1 0 0 0 0 0 1 0 0 0 0 1 0 0 0 0 0 0 0 0 0 0 1 0 0 1 0 0])
INFO - 04/10/26 21:04:56 - 1:58:21 - direct, ca, distinguisher - Sum Rank: secret not predicted. (true secret = [ 1  1 -1  0  0  1  0  0  0  0  0  0 -1  1  1  0  0  0  0  0  0  0  1  0
                                       1  0  0 -1  0  0], predicted secret = [1 0 0 0 0 0 0 0 0 0 0 0 1 1 0 0 0 0 0 0 0 0 1 0 1 0 0 1 0 0], true support = [1 1 1 0 0 1 0 0 0 0 0 0 1 1 1 0 0 0 0 0 0 0 1 0 1 0 0 1 0 0], predicted support = [1 0 0 0 0 0 0 0 0 0 0 0 1 1 0 0 0 0 0 0 0 0 1 0 1 0 0 1 0 0])
INFO - 04/10/26 21:04:56 - 1:58:21 - direct, ca, distinguisher - Max Rank: secret not predicted. (true secret = [ 1  1 -1  0  0  1  0  0  0  0  0  0 -1  1  1  0  0  0  0  0  0  0  1  0
                                       1  0  0 -1  0  0], predicted secret = [1 0 1 0 0 0 0 0 1 0 0 0 0 1 0 0 0 0 0 0 0 0 0 0 1 0 0 1 0 0], true support = [1 1 1 0 0 1 0 0 0 0 0 0 1 1 1 0 0 0 0 0 0 0 1 0 1 0 0 1 0 0], predicted support = [1 0 1 0 0 0 0 0 1 0 0 0 0 1 0 0 0 0 0 0 0 0 0 0 1 0 0 1 0 0])
INFO - 04/10/26 21:04:56 - 1:58:21 - Epoch 37 metrics | train_loss: 0.504934 | train_acc1: 69.530750 | train_acc2: 94.350808 | valid_xe_loss: 2.670876 | valid_acc1: 22.596915 | valid_acc2: 27.165744
INFO - 04/10/26 21:04:56 - 1:58:21 - __log__:{"train_loss": 0.5049340629989493, "train_acc1": 69.53075015994882, "train_acc2": 94.35080774152271, "epoch": 37, "valid_xe_loss": 2.670875630801237, "valid_acc1": 22.596914556962027, "valid_acc2": 27.165743670886076}
INFO - 04/10/26 21:04:56 - 1:58:21 - Saving checkpoint to /home/yu_mcc/PQC_salsa/runs/n30_q127_h3_1m/train_gpu_proposed_ternary_h10_secret0_init0_paperlike/checkpoint.pth ...
WARNING - 04/10/26 21:04:56 - 1:58:21 - Saving encoder parameters ...
WARNING - 04/10/26 21:04:56 - 1:58:21 - Saving decoder parameters ...
WARNING - 04/10/26 21:04:56 - 1:58:21 - Saving optimizer ...
INFO - 04/10/26 21:04:57 - 1:58:22 - ============ Starting epoch 38 ... ============
INFO - 04/10/26 21:04:57 - 1:58:22 -   59400 -   32.81 equations/s -  2100.11 words/s - MEM: 1.36 GB - LOSS:  0.4949 || ACC1: 68.8802 || ACC2: 93.6198 - LR: 1.0000e-05
INFO - 04/10/26 21:05:05 - 1:58:31 -   59450 -  776.69 equations/s - 49707.94 words/s - MEM: 1.36 GB - LOSS:  0.4963 || ACC1: 69.3594 || ACC2: 94.7656 - LR: 1.0000e-05
INFO - 04/10/26 21:05:10 - 1:58:35 -   59500 - 1360.81 equations/s - 87092.05 words/s - MEM: 1.36 GB - LOSS:  0.4846 || ACC1: 71.4844 || ACC2: 94.8281 - LR: 1.0000e-05
INFO - 04/10/26 21:05:15 - 1:58:40 -   59550 - 1400.98 equations/s - 89662.48 words/s - MEM: 1.36 GB - LOSS:  0.4941 || ACC1: 71.1719 || ACC2: 94.6875 - LR: 1.0000e-05
INFO - 04/10/26 21:05:19 - 1:58:45 -   59600 - 1361.15 equations/s - 87113.87 words/s - MEM: 1.36 GB - LOSS:  0.4851 || ACC1: 71.0938 || ACC2: 94.8750 - LR: 1.0000e-05
INFO - 04/10/26 21:05:24 - 1:58:49 -   59650 - 1373.59 equations/s - 87909.49 words/s - MEM: 1.36 GB - LOSS:  0.4767 || ACC1: 71.9375 || ACC2: 95.4688 - LR: 1.0000e-05
INFO - 04/10/26 21:05:29 - 1:58:54 -   59700 - 1306.68 equations/s - 83627.67 words/s - MEM: 1.36 GB - LOSS:  0.4773 || ACC1: 70.9688 || ACC2: 95.4375 - LR: 1.0000e-05
INFO - 04/10/26 21:05:34 - 1:58:59 -   59750 - 1355.77 equations/s - 86769.33 words/s - MEM: 1.36 GB - LOSS:  0.4849 || ACC1: 69.6562 || ACC2: 94.8438 - LR: 1.0000e-05
INFO - 04/10/26 21:05:42 - 1:59:07 -   59800 -  776.51 equations/s - 49696.63 words/s - MEM: 1.36 GB - LOSS:  0.4786 || ACC1: 71.7188 || ACC2: 94.8906 - LR: 1.0000e-05
INFO - 04/10/26 21:05:47 - 1:59:12 -   59850 - 1363.71 equations/s - 87277.35 words/s - MEM: 1.36 GB - LOSS:  0.4824 || ACC1: 71.1562 || ACC2: 94.9688 - LR: 1.0000e-05
INFO - 04/10/26 21:05:51 - 1:59:16 -   59900 - 1367.78 equations/s - 87537.64 words/s - MEM: 1.36 GB - LOSS:  0.4788 || ACC1: 71.8438 || ACC2: 95.1875 - LR: 1.0000e-05
INFO - 04/10/26 21:05:56 - 1:59:21 -   59950 - 1368.39 equations/s - 87577.17 words/s - MEM: 1.36 GB - LOSS:  0.4809 || ACC1: 71.1719 || ACC2: 95.0312 - LR: 1.0000e-05
INFO - 04/10/26 21:06:01 - 1:59:26 -   60000 - 1376.12 equations/s - 88071.68 words/s - MEM: 1.36 GB - LOSS:  0.4769 || ACC1: 72.0000 || ACC2: 95.2500 - LR: 1.0000e-05
INFO - 04/10/26 21:06:06 - 1:59:31 -   60050 - 1324.32 equations/s - 84756.54 words/s - MEM: 1.36 GB - LOSS:  0.4816 || ACC1: 70.9219 || ACC2: 95.0000 - LR: 1.0000e-05
INFO - 04/10/26 21:06:10 - 1:59:35 -   60100 - 1375.81 equations/s - 88051.59 words/s - MEM: 1.36 GB - LOSS:  0.4771 || ACC1: 71.8281 || ACC2: 95.4688 - LR: 1.0000e-05
INFO - 04/10/26 21:06:18 - 1:59:44 -   60150 -  767.51 equations/s - 49120.64 words/s - MEM: 1.36 GB - LOSS:  0.4767 || ACC1: 71.6406 || ACC2: 95.0938 - LR: 1.0000e-05
INFO - 04/10/26 21:06:23 - 1:59:48 -   60200 - 1395.78 equations/s - 89329.78 words/s - MEM: 1.36 GB - LOSS:  0.4715 || ACC1: 70.9844 || ACC2: 95.3281 - LR: 1.0000e-05
INFO - 04/10/26 21:06:28 - 1:59:53 -   60250 - 1342.38 equations/s - 85912.16 words/s - MEM: 1.36 GB - LOSS:  0.4811 || ACC1: 70.1562 || ACC2: 94.8438 - LR: 1.0000e-05
INFO - 04/10/26 21:06:33 - 1:59:58 -   60300 - 1351.48 equations/s - 86494.95 words/s - MEM: 1.36 GB - LOSS:  0.4682 || ACC1: 72.2500 || ACC2: 95.6250 - LR: 1.0000e-05
INFO - 04/10/26 21:06:37 - 2:00:02 -   60350 - 1395.77 equations/s - 89329.08 words/s - MEM: 1.36 GB - LOSS:  0.4694 || ACC1: 71.6094 || ACC2: 95.3594 - LR: 1.0000e-05
INFO - 04/10/26 21:06:42 - 2:00:07 -   60400 - 1356.30 equations/s - 86803.23 words/s - MEM: 1.36 GB - LOSS:  0.4702 || ACC1: 71.9062 || ACC2: 95.0781 - LR: 1.0000e-05
INFO - 04/10/26 21:06:50 - 2:00:15 -   60450 -  764.53 equations/s - 48929.73 words/s - MEM: 1.36 GB - LOSS:  0.4736 || ACC1: 71.8281 || ACC2: 95.5781 - LR: 1.0000e-05
INFO - 04/10/26 21:06:55 - 2:00:20 -   60500 - 1376.56 equations/s - 88099.67 words/s - MEM: 1.36 GB - LOSS:  0.4707 || ACC1: 70.6875 || ACC2: 95.2344 - LR: 1.0000e-05
INFO - 04/10/26 21:07:00 - 2:00:25 -   60550 - 1338.23 equations/s - 85646.52 words/s - MEM: 1.36 GB - LOSS:  0.4694 || ACC1: 71.6094 || ACC2: 95.4062 - LR: 1.0000e-05
INFO - 04/10/26 21:07:04 - 2:00:29 -   60600 - 1376.95 equations/s - 88125.03 words/s - MEM: 1.36 GB - LOSS:  0.4756 || ACC1: 71.4062 || ACC2: 95.6562 - LR: 1.0000e-05
INFO - 04/10/26 21:07:09 - 2:00:34 -   60650 - 1427.85 equations/s - 91382.24 words/s - MEM: 1.36 GB - LOSS:  0.4736 || ACC1: 70.0781 || ACC2: 95.1562 - LR: 1.0000e-05
INFO - 04/10/26 21:07:14 - 2:00:39 -   60700 - 1350.09 equations/s - 86406.07 words/s - MEM: 1.36 GB - LOSS:  0.4667 || ACC1: 72.2031 || ACC2: 94.8281 - LR: 1.0000e-05
INFO - 04/10/26 21:07:18 - 2:00:43 -   60750 - 1381.63 equations/s - 88424.43 words/s - MEM: 1.36 GB - LOSS:  0.4585 || ACC1: 72.1094 || ACC2: 95.7656 - LR: 1.0000e-05
INFO - 04/10/26 21:07:27 - 2:00:52 -   60800 -  766.44 equations/s - 49052.32 words/s - MEM: 1.36 GB - LOSS:  0.4568 || ACC1: 72.6875 || ACC2: 95.7344 - LR: 1.0000e-05
INFO - 04/10/26 21:07:31 - 2:00:56 -   60850 - 1347.48 equations/s - 86238.76 words/s - MEM: 1.36 GB - LOSS:  0.4544 || ACC1: 73.6875 || ACC2: 95.6719 - LR: 1.0000e-05
INFO - 04/10/26 21:07:36 - 2:01:01 -   60900 - 1356.14 equations/s - 86793.09 words/s - MEM: 1.36 GB - LOSS:  0.4670 || ACC1: 72.1562 || ACC2: 94.8281 - LR: 1.0000e-05
INFO - 04/10/26 21:07:40 - 2:01:06 -   60950 - 1447.20 equations/s - 92620.73 words/s - MEM: 1.36 GB - LOSS:  0.4618 || ACC1: 71.7344 || ACC2: 95.2188 - LR: 1.0000e-05
INFO - 04/10/26 21:07:41 - 2:01:06 -   60957 - 1962.43 equations/s - 125595.84 words/s - MEM: 1.36 GB - LOSS:  0.4648 || ACC1: 73.6607 || ACC2: 95.2009 - LR: 1.0000e-05
INFO - 04/10/26 21:07:41 - 2:01:06 - ============ End of epoch 38 ============
INFO - 04/10/26 21:07:41 - 2:01:06 - Starting Distinguisher Method
INFO - 04/10/26 21:07:55 - 2:01:20 - Distinguishing 0s using the emd. 
INFO - 04/10/26 21:07:55 - 2:01:20 - Distinguishing +/-1s using the emd. 
INFO - 04/10/26 21:07:55 - 2:01:20 - Real secret: -1: {np.int64(2), np.int64(27), np.int64(12)}, 1: {np.int64(0), np.int64(1), np.int64(5), np.int64(13), np.int64(14), np.int64(22), np.int64(24)}
INFO - 04/10/26 21:07:55 - 2:01:20 - Nonzero bits not identified. Guess: [17  6 14  2 12  1 24  5 13 22]
INFO - 04/10/26 21:07:55 - 2:01:20 - Distinguishing +/-1s using the mean. 
INFO - 04/10/26 21:07:55 - 2:01:20 - Real secret: -1: {np.int64(2), np.int64(27), np.int64(12)}, 1: {np.int64(0), np.int64(1), np.int64(5), np.int64(13), np.int64(14), np.int64(22), np.int64(24)}
INFO - 04/10/26 21:07:55 - 2:01:20 - Nonzero bits not identified. Guess: [17  6 14  2 12  1 24  5 13 22]
INFO - 04/10/26 21:07:55 - 2:01:20 - Distinguishing 0s using the mean. 
INFO - 04/10/26 21:07:55 - 2:01:20 - Distinguishing +/-1s using the emd. 
INFO - 04/10/26 21:07:55 - 2:01:20 - Real secret: -1: {np.int64(2), np.int64(27), np.int64(12)}, 1: {np.int64(0), np.int64(1), np.int64(5), np.int64(13), np.int64(14), np.int64(22), np.int64(24)}
INFO - 04/10/26 21:07:55 - 2:01:20 - Distinguishing +/-1s using the mean. 
INFO - 04/10/26 21:07:55 - 2:01:20 - Real secret: -1: {np.int64(2), np.int64(27), np.int64(12)}, 1: {np.int64(0), np.int64(1), np.int64(5), np.int64(13), np.int64(14), np.int64(22), np.int64(24)}
INFO - 04/10/26 21:07:55 - 2:01:20 - Starting Direct Method
INFO - 04/10/26 21:07:55 - 2:01:20 - Direct:  K=64
INFO - 04/10/26 21:07:55 - 2:01:21 - Direct:  K=40
INFO - 04/10/26 21:07:56 - 2:01:21 - Direct:  K=68
INFO - 04/10/26 21:07:56 - 2:01:21 - Direct:  K=69
INFO - 04/10/26 21:07:56 - 2:01:21 - Direct:  K=87
INFO - 04/10/26 21:07:56 - 2:01:21 - Direct:  K=81
INFO - 04/10/26 21:07:56 - 2:01:21 - Direct:  K=59
INFO - 04/10/26 21:07:56 - 2:01:21 - Direct:  K=40
INFO - 04/10/26 21:07:56 - 2:01:22 - Direct:  K=53
INFO - 04/10/26 21:07:57 - 2:01:22 - Direct:  K=48
INFO - 04/10/26 21:07:57 - 2:01:22 - Direct:  K=48
INFO - 04/10/26 21:07:57 - 2:01:22 - Direct:  K=91
INFO - 04/10/26 21:07:57 - 2:01:22 - Direct:  K=60
INFO - 04/10/26 21:07:57 - 2:01:22 - Direct:  K=57
INFO - 04/10/26 21:07:57 - 2:01:22 - Direct:  K=93
INFO - 04/10/26 21:07:57 - 2:01:22 - Direct: secret not predicted. (true secret = [ 1  1 -1  0  0  1  0  0  0  0  0  0 -1  1  1  0  0  0  0  0  0  0  1  0
                                       1  0  0 -1  0  0], predicted secret = [0 0 0 0 1 0 0 0 1 0 0 0 0 1 1 1 0 0 0 0 0 0 0 0 0 0 0 0 1 0], true support = [1 1 1 0 0 1 0 0 0 0 0 0 1 1 1 0 0 0 0 0 0 0 1 0 1 0 0 1 0 0], predicted support = [0 0 0 0 1 0 0 0 1 0 0 0 0 1 1 1 0 0 0 0 0 0 0 0 0 0 0 0 1 0])
INFO - 04/10/26 21:08:10 - 2:01:35 - CA: secret not predicted. (true secret = [ 1  1 -1  0  0  1  0  0  0  0  0  0 -1  1  1  0  0  0  0  0  0  0  1  0
                                       1  0  0 -1  0  0], predicted secret = [1 1 1 0 0 0 0 0 0 0 0 0 0 1 0 0 0 0 0 0 0 0 1 0 1 0 0 0 0 0], true support = [1 1 1 0 0 1 0 0 0 0 0 0 1 1 1 0 0 0 0 0 0 0 1 0 1 0 0 1 0 0], predicted support = [1 1 1 0 0 0 0 0 0 0 0 0 0 1 0 0 0 0 0 0 0 0 1 0 1 0 0 0 0 0])
INFO - 04/10/26 21:08:10 - 2:01:35 - CA: secret not predicted. (true secret = [ 1  1 -1  0  0  1  0  0  0  0  0  0 -1  1  1  0  0  0  0  0  0  0  1  0
                                       1  0  0 -1  0  0], predicted secret = [1 0 0 0 1 0 0 0 0 0 1 0 0 0 0 0 0 0 0 1 1 0 0 0 0 0 0 0 0 1], true support = [1 1 1 0 0 1 0 0 0 0 0 0 1 1 1 0 0 0 0 0 0 0 1 0 1 0 0 1 0 0], predicted support = [1 0 0 0 1 0 0 0 0 0 1 0 0 0 0 0 0 0 0 1 1 0 0 0 0 0 0 0 0 1])
INFO - 04/10/26 21:08:10 - 2:01:35 - Hybrid: direct, ca
INFO - 04/10/26 21:08:10 - 2:01:35 - direct, ca - Sum Normalized: secret not predicted. (true secret = [ 1  1 -1  0  0  1  0  0  0  0  0  0 -1  1  1  0  0  0  0  0  0  0  1  0
                                       1  0  0 -1  0  0], predicted secret = [1 0 0 0 1 0 0 0 0 0 0 0 0 1 1 0 0 0 0 0 0 0 1 0 1 0 0 0 0 0], true support = [1 1 1 0 0 1 0 0 0 0 0 0 1 1 1 0 0 0 0 0 0 0 1 0 1 0 0 1 0 0], predicted support = [1 0 0 0 1 0 0 0 0 0 0 0 0 1 1 0 0 0 0 0 0 0 1 0 1 0 0 0 0 0])
INFO - 04/10/26 21:08:10 - 2:01:35 - direct, ca - Max Normalized: secret not predicted. (true secret = [ 1  1 -1  0  0  1  0  0  0  0  0  0 -1  1  1  0  0  0  0  0  0  0  1  0
                                       1  0  0 -1  0  0], predicted secret = [1 0 0 0 0 0 0 0 0 0 0 0 0 1 0 1 0 0 0 0 0 0 1 0 1 0 0 0 0 1], true support = [1 1 1 0 0 1 0 0 0 0 0 0 1 1 1 0 0 0 0 0 0 0 1 0 1 0 0 1 0 0], predicted support = [1 0 0 0 0 0 0 0 0 0 0 0 0 1 0 1 0 0 0 0 0 0 1 0 1 0 0 0 0 1])
INFO - 04/10/26 21:08:10 - 2:01:35 - direct, ca - Sum Rank: secret not predicted. (true secret = [ 1  1 -1  0  0  1  0  0  0  0  0  0 -1  1  1  0  0  0  0  0  0  0  1  0
                                       1  0  0 -1  0  0], predicted secret = [0 0 1 0 1 0 0 0 0 0 0 0 0 1 1 0 0 0 0 0 0 0 1 0 1 0 0 0 0 0], true support = [1 1 1 0 0 1 0 0 0 0 0 0 1 1 1 0 0 0 0 0 0 0 1 0 1 0 0 1 0 0], predicted support = [0 0 1 0 1 0 0 0 0 0 0 0 0 1 1 0 0 0 0 0 0 0 1 0 1 0 0 0 0 0])
INFO - 04/10/26 21:08:10 - 2:01:35 - direct, ca - Max Rank: secret not predicted. (true secret = [ 1  1 -1  0  0  1  0  0  0  0  0  0 -1  1  1  0  0  0  0  0  0  0  1  0
                                       1  0  0 -1  0  0], predicted secret = [1 0 0 0 0 0 0 0 1 0 0 0 0 1 1 1 0 0 0 0 0 0 0 0 1 0 0 0 0 0], true support = [1 1 1 0 0 1 0 0 0 0 0 0 1 1 1 0 0 0 0 0 0 0 1 0 1 0 0 1 0 0], predicted support = [1 0 0 0 0 0 0 0 1 0 0 0 0 1 1 1 0 0 0 0 0 0 0 0 1 0 0 0 0 0])
INFO - 04/10/26 21:08:10 - 2:01:35 - Hybrid: direct, distinguisher
INFO - 04/10/26 21:08:10 - 2:01:35 - direct, distinguisher - Sum Normalized: secret not predicted. (true secret = [ 1  1 -1  0  0  1  0  0  0  0  0  0 -1  1  1  0  0  0  0  0  0  0  1  0
                                       1  0  0 -1  0  0], predicted secret = [0 0 1 0 0 0 0 0 0 0 0 0 1 1 1 1 0 0 0 0 0 0 1 0 0 0 0 0 0 0], true support = [1 1 1 0 0 1 0 0 0 0 0 0 1 1 1 0 0 0 0 0 0 0 1 0 1 0 0 1 0 0], predicted support = [0 0 1 0 0 0 0 0 0 0 0 0 1 1 1 1 0 0 0 0 0 0 1 0 0 0 0 0 0 0])
INFO - 04/10/26 21:08:10 - 2:01:35 - direct, distinguisher - Max Normalized: secret not predicted. (true secret = [ 1  1 -1  0  0  1  0  0  0  0  0  0 -1  1  1  0  0  0  0  0  0  0  1  0
                                       1  0  0 -1  0  0], predicted secret = [0 0 1 0 0 0 0 0 0 0 0 0 1 1 1 0 0 0 0 0 0 0 1 0 0 0 0 1 0 0], true support = [1 1 1 0 0 1 0 0 0 0 0 0 1 1 1 0 0 0 0 0 0 0 1 0 1 0 0 1 0 0], predicted support = [0 0 1 0 0 0 0 0 0 0 0 0 1 1 1 0 0 0 0 0 0 0 1 0 0 0 0 1 0 0])
INFO - 04/10/26 21:08:10 - 2:01:35 - direct, distinguisher - Sum Rank: secret not predicted. (true secret = [ 1  1 -1  0  0  1  0  0  0  0  0  0 -1  1  1  0  0  0  0  0  0  0  1  0
                                       1  0  0 -1  0  0], predicted secret = [0 0 1 0 0 0 0 0 0 0 0 0 1 1 1 1 0 0 0 0 0 0 1 0 0 0 0 0 0 0], true support = [1 1 1 0 0 1 0 0 0 0 0 0 1 1 1 0 0 0 0 0 0 0 1 0 1 0 0 1 0 0], predicted support = [0 0 1 0 0 0 0 0 0 0 0 0 1 1 1 1 0 0 0 0 0 0 1 0 0 0 0 0 0 0])
INFO - 04/10/26 21:08:10 - 2:01:35 - direct, distinguisher - Max Rank: secret not predicted. (true secret = [ 1  1 -1  0  0  1  0  0  0  0  0  0 -1  1  1  0  0  0  0  0  0  0  1  0
                                       1  0  0 -1  0  0], predicted secret = [0 0 1 0 0 0 0 0 1 0 0 0 0 1 1 1 0 0 0 0 0 0 0 0 0 0 0 1 0 0], true support = [1 1 1 0 0 1 0 0 0 0 0 0 1 1 1 0 0 0 0 0 0 0 1 0 1 0 0 1 0 0], predicted support = [0 0 1 0 0 0 0 0 1 0 0 0 0 1 1 1 0 0 0 0 0 0 0 0 0 0 0 1 0 0])
INFO - 04/10/26 21:08:10 - 2:01:35 - Hybrid: ca, distinguisher
INFO - 04/10/26 21:08:10 - 2:01:35 - ca, distinguisher - Sum Normalized: secret not predicted. (true secret = [ 1  1 -1  0  0  1  0  0  0  0  0  0 -1  1  1  0  0  0  0  0  0  0  1  0
                                       1  0  0 -1  0  0], predicted secret = [1 0 1 0 0 0 0 0 0 0 0 0 0 1 0 0 0 0 0 0 0 0 1 0 1 0 0 0 0 1], true support = [1 1 1 0 0 1 0 0 0 0 0 0 1 1 1 0 0 0 0 0 0 0 1 0 1 0 0 1 0 0], predicted support = [1 0 1 0 0 0 0 0 0 0 0 0 0 1 0 0 0 0 0 0 0 0 1 0 1 0 0 0 0 1])
INFO - 04/10/26 21:08:10 - 2:01:35 - ca, distinguisher - Max Normalized: secret not predicted. (true secret = [ 1  1 -1  0  0  1  0  0  0  0  0  0 -1  1  1  0  0  0  0  0  0  0  1  0
                                       1  0  0 -1  0  0], predicted secret = [1 0 1 0 0 0 0 0 0 0 0 0 1 1 0 0 0 0 0 0 0 0 0 0 1 0 0 1 0 0], true support = [1 1 1 0 0 1 0 0 0 0 0 0 1 1 1 0 0 0 0 0 0 0 1 0 1 0 0 1 0 0], predicted support = [1 0 1 0 0 0 0 0 0 0 0 0 1 1 0 0 0 0 0 0 0 0 0 0 1 0 0 1 0 0])
INFO - 04/10/26 21:08:10 - 2:01:35 - ca, distinguisher - Sum Rank: secret not predicted. (true secret = [ 1  1 -1  0  0  1  0  0  0  0  0  0 -1  1  1  0  0  0  0  0  0  0  1  0
                                       1  0  0 -1  0  0], predicted secret = [1 0 1 0 0 0 0 0 0 0 0 0 0 1 0 0 0 0 0 0 1 0 1 0 1 0 0 0 0 0], true support = [1 1 1 0 0 1 0 0 0 0 0 0 1 1 1 0 0 0 0 0 0 0 1 0 1 0 0 1 0 0], predicted support = [1 0 1 0 0 0 0 0 0 0 0 0 0 1 0 0 0 0 0 0 1 0 1 0 1 0 0 0 0 0])
INFO - 04/10/26 21:08:10 - 2:01:35 - ca, distinguisher - Max Rank: secret not predicted. (true secret = [ 1  1 -1  0  0  1  0  0  0  0  0  0 -1  1  1  0  0  0  0  0  0  0  1  0
                                       1  0  0 -1  0  0], predicted secret = [1 0 1 0 0 0 0 0 0 0 0 0 1 1 0 0 0 0 0 0 0 0 0 0 1 0 0 1 0 0], true support = [1 1 1 0 0 1 0 0 0 0 0 0 1 1 1 0 0 0 0 0 0 0 1 0 1 0 0 1 0 0], predicted support = [1 0 1 0 0 0 0 0 0 0 0 0 1 1 0 0 0 0 0 0 0 0 0 0 1 0 0 1 0 0])
INFO - 04/10/26 21:08:10 - 2:01:35 - Hybrid: direct, ca, distinguisher
INFO - 04/10/26 21:08:10 - 2:01:35 - direct, ca, distinguisher - Sum Normalized: secret not predicted. (true secret = [ 1  1 -1  0  0  1  0  0  0  0  0  0 -1  1  1  0  0  0  0  0  0  0  1  0
                                       1  0  0 -1  0  0], predicted secret = [1 0 1 0 0 0 0 0 0 0 0 0 0 1 1 0 0 0 0 0 0 0 1 0 1 0 0 0 0 0], true support = [1 1 1 0 0 1 0 0 0 0 0 0 1 1 1 0 0 0 0 0 0 0 1 0 1 0 0 1 0 0], predicted support = [1 0 1 0 0 0 0 0 0 0 0 0 0 1 1 0 0 0 0 0 0 0 1 0 1 0 0 0 0 0])
INFO - 04/10/26 21:08:10 - 2:01:35 - direct, ca, distinguisher - Max Normalized: secret not predicted. (true secret = [ 1  1 -1  0  0  1  0  0  0  0  0  0 -1  1  1  0  0  0  0  0  0  0  1  0
                                       1  0  0 -1  0  0], predicted secret = [1 0 1 0 0 0 0 0 0 0 0 0 1 1 0 0 0 0 0 0 0 0 0 0 1 0 0 1 0 0], true support = [1 1 1 0 0 1 0 0 0 0 0 0 1 1 1 0 0 0 0 0 0 0 1 0 1 0 0 1 0 0], predicted support = [1 0 1 0 0 0 0 0 0 0 0 0 1 1 0 0 0 0 0 0 0 0 0 0 1 0 0 1 0 0])
INFO - 04/10/26 21:08:10 - 2:01:35 - direct, ca, distinguisher - Sum Rank: secret not predicted. (true secret = [ 1  1 -1  0  0  1  0  0  0  0  0  0 -1  1  1  0  0  0  0  0  0  0  1  0
                                       1  0  0 -1  0  0], predicted secret = [0 0 1 0 0 0 0 0 0 0 0 0 0 1 1 0 0 0 0 0 0 0 1 0 1 0 0 0 0 1], true support = [1 1 1 0 0 1 0 0 0 0 0 0 1 1 1 0 0 0 0 0 0 0 1 0 1 0 0 1 0 0], predicted support = [0 0 1 0 0 0 0 0 0 0 0 0 0 1 1 0 0 0 0 0 0 0 1 0 1 0 0 0 0 1])
INFO - 04/10/26 21:08:10 - 2:01:35 - direct, ca, distinguisher - Max Rank: secret not predicted. (true secret = [ 1  1 -1  0  0  1  0  0  0  0  0  0 -1  1  1  0  0  0  0  0  0  0  1  0
                                       1  0  0 -1  0  0], predicted secret = [1 0 1 0 0 0 0 0 0 0 0 0 0 1 0 1 0 0 0 0 0 0 0 0 1 0 0 1 0 0], true support = [1 1 1 0 0 1 0 0 0 0 0 0 1 1 1 0 0 0 0 0 0 0 1 0 1 0 0 1 0 0], predicted support = [1 0 1 0 0 0 0 0 0 0 0 0 0 1 0 1 0 0 0 0 0 0 0 0 1 0 0 1 0 0])
INFO - 04/10/26 21:08:10 - 2:01:35 - Epoch 38 metrics | train_loss: 0.474881 | train_acc1: 71.453135 | train_acc2: 95.191039 | valid_xe_loss: 2.727396 | valid_acc1: 22.606804 | valid_acc2: 27.719541
INFO - 04/10/26 21:08:10 - 2:01:35 - __log__:{"train_loss": 0.47488087722680083, "train_acc1": 71.45313499680103, "train_acc2": 95.19103886756238, "epoch": 38, "valid_xe_loss": 2.7273959479754484, "valid_acc1": 22.606803797468356, "valid_acc2": 27.719541139240505}
INFO - 04/10/26 21:08:10 - 2:01:35 - Saving checkpoint to /home/yu_mcc/PQC_salsa/runs/n30_q127_h3_1m/train_gpu_proposed_ternary_h10_secret0_init0_paperlike/checkpoint.pth ...
WARNING - 04/10/26 21:08:10 - 2:01:35 - Saving encoder parameters ...
WARNING - 04/10/26 21:08:10 - 2:01:35 - Saving decoder parameters ...
WARNING - 04/10/26 21:08:10 - 2:01:35 - Saving optimizer ...
INFO - 04/10/26 21:08:11 - 2:01:36 - ============ Starting epoch 39 ... ============
INFO - 04/10/26 21:08:15 - 2:01:40 -   61000 -  162.47 equations/s - 10397.85 words/s - MEM: 1.36 GB - LOSS:  0.4508 || ACC1: 73.1468 || ACC2: 95.6395 - LR: 1.0000e-05
INFO - 04/10/26 21:08:19 - 2:01:45 -   61050 - 1358.00 equations/s - 86912.11 words/s - MEM: 1.36 GB - LOSS:  0.4618 || ACC1: 72.1406 || ACC2: 95.4062 - LR: 1.0000e-05
INFO - 04/10/26 21:08:24 - 2:01:49 -   61100 - 1426.61 equations/s - 91302.84 words/s - MEM: 1.36 GB - LOSS:  0.4579 || ACC1: 71.9688 || ACC2: 95.3125 - LR: 1.0000e-05
INFO - 04/10/26 21:08:29 - 2:01:54 -   61150 - 1341.43 equations/s - 85851.80 words/s - MEM: 1.36 GB - LOSS:  0.4568 || ACC1: 72.5781 || ACC2: 95.5156 - LR: 1.0000e-05
INFO - 04/10/26 21:08:33 - 2:01:59 -   61200 - 1372.79 equations/s - 87858.67 words/s - MEM: 1.36 GB - LOSS:  0.4502 || ACC1: 73.6875 || ACC2: 95.6875 - LR: 1.0000e-05
INFO - 04/10/26 21:08:41 - 2:02:07 -   61250 -  794.48 equations/s - 50846.45 words/s - MEM: 1.36 GB - LOSS:  0.4559 || ACC1: 73.7969 || ACC2: 95.8438 - LR: 1.0000e-05
INFO - 04/10/26 21:08:46 - 2:02:11 -   61300 - 1411.63 equations/s - 90344.30 words/s - MEM: 1.36 GB - LOSS:  0.4576 || ACC1: 71.7344 || ACC2: 94.9844 - LR: 1.0000e-05
INFO - 04/10/26 21:08:50 - 2:02:16 -   61350 - 1449.99 equations/s - 92799.30 words/s - MEM: 1.36 GB - LOSS:  0.4515 || ACC1: 73.2344 || ACC2: 95.5938 - LR: 1.0000e-05
INFO - 04/10/26 21:08:55 - 2:02:20 -   61400 - 1374.41 equations/s - 87962.31 words/s - MEM: 1.36 GB - LOSS:  0.4530 || ACC1: 73.0781 || ACC2: 95.5469 - LR: 1.0000e-05
INFO - 04/10/26 21:09:00 - 2:02:25 -   61450 - 1382.32 equations/s - 88468.60 words/s - MEM: 1.36 GB - LOSS:  0.4480 || ACC1: 73.9219 || ACC2: 95.9375 - LR: 1.0000e-05
INFO - 04/10/26 21:09:04 - 2:02:30 -   61500 - 1347.56 equations/s - 86243.64 words/s - MEM: 1.36 GB - LOSS:  0.4576 || ACC1: 71.6406 || ACC2: 95.6719 - LR: 1.0000e-05
INFO - 04/10/26 21:09:09 - 2:02:35 -   61550 - 1290.53 equations/s - 82593.81 words/s - MEM: 1.36 GB - LOSS:  0.4543 || ACC1: 72.1719 || ACC2: 95.5625 - LR: 1.0000e-05
INFO - 04/10/26 21:09:18 - 2:02:43 -   61600 -  775.89 equations/s - 49656.97 words/s - MEM: 1.36 GB - LOSS:  0.4511 || ACC1: 73.0781 || ACC2: 95.5781 - LR: 1.0000e-05
INFO - 04/10/26 21:09:22 - 2:02:47 -   61650 - 1362.68 equations/s - 87211.63 words/s - MEM: 1.36 GB - LOSS:  0.4393 || ACC1: 74.1875 || ACC2: 95.9375 - LR: 1.0000e-05
INFO - 04/10/26 21:09:27 - 2:02:52 -   61700 - 1427.03 equations/s - 91329.87 words/s - MEM: 1.36 GB - LOSS:  0.4495 || ACC1: 73.2656 || ACC2: 95.5469 - LR: 1.0000e-05
INFO - 04/10/26 21:09:31 - 2:02:56 -   61750 - 1417.12 equations/s - 90695.91 words/s - MEM: 1.36 GB - LOSS:  0.4443 || ACC1: 73.4844 || ACC2: 96.1094 - LR: 1.0000e-05
INFO - 04/10/26 21:09:36 - 2:03:01 -   61800 - 1368.73 equations/s - 87598.95 words/s - MEM: 1.36 GB - LOSS:  0.4494 || ACC1: 73.5156 || ACC2: 95.7031 - LR: 1.0000e-05
INFO - 04/10/26 21:09:41 - 2:03:06 -   61850 - 1391.83 equations/s - 89077.15 words/s - MEM: 1.36 GB - LOSS:  0.4474 || ACC1: 73.3281 || ACC2: 95.6562 - LR: 1.0000e-05
INFO - 04/10/26 21:09:45 - 2:03:10 -   61900 - 1358.98 equations/s - 86974.72 words/s - MEM: 1.36 GB - LOSS:  0.4529 || ACC1: 72.3750 || ACC2: 95.3750 - LR: 1.0000e-05
INFO - 04/10/26 21:09:54 - 2:03:19 -   61950 -  768.38 equations/s - 49176.33 words/s - MEM: 1.36 GB - LOSS:  0.4476 || ACC1: 73.8281 || ACC2: 95.8750 - LR: 1.0000e-05
INFO - 04/10/26 21:09:58 - 2:03:23 -   62000 - 1406.83 equations/s - 90037.10 words/s - MEM: 1.36 GB - LOSS:  0.4449 || ACC1: 73.4531 || ACC2: 95.9531 - LR: 1.0000e-05
INFO - 04/10/26 21:10:03 - 2:03:28 -   62050 - 1321.45 equations/s - 84572.53 words/s - MEM: 1.36 GB - LOSS:  0.4431 || ACC1: 73.3906 || ACC2: 95.9531 - LR: 1.0000e-05
INFO - 04/10/26 21:10:08 - 2:03:33 -   62100 - 1395.59 equations/s - 89317.80 words/s - MEM: 1.36 GB - LOSS:  0.4352 || ACC1: 74.7344 || ACC2: 96.0156 - LR: 1.0000e-05
INFO - 04/10/26 21:10:12 - 2:03:37 -   62150 - 1360.05 equations/s - 87042.93 words/s - MEM: 1.36 GB - LOSS:  0.4347 || ACC1: 74.2500 || ACC2: 96.0781 - LR: 1.0000e-05
INFO - 04/10/26 21:10:17 - 2:03:42 -   62200 - 1460.92 equations/s - 93498.98 words/s - MEM: 1.36 GB - LOSS:  0.4375 || ACC1: 74.9531 || ACC2: 95.7344 - LR: 1.0000e-05
INFO - 04/10/26 21:10:21 - 2:03:46 -   62250 - 1419.29 equations/s - 90834.69 words/s - MEM: 1.36 GB - LOSS:  0.4359 || ACC1: 74.5156 || ACC2: 96.0469 - LR: 1.0000e-05
INFO - 04/10/26 21:10:29 - 2:03:55 -   62300 -  782.34 equations/s - 50069.69 words/s - MEM: 1.36 GB - LOSS:  0.4465 || ACC1: 73.4531 || ACC2: 95.6562 - LR: 1.0000e-05
INFO - 04/10/26 21:10:34 - 2:03:59 -   62350 - 1379.45 equations/s - 88284.86 words/s - MEM: 1.36 GB - LOSS:  0.4273 || ACC1: 74.7500 || ACC2: 96.4531 - LR: 1.0000e-05
INFO - 04/10/26 21:10:39 - 2:04:04 -   62400 - 1347.48 equations/s - 86238.94 words/s - MEM: 1.36 GB - LOSS:  0.4293 || ACC1: 74.4531 || ACC2: 96.5469 - LR: 1.0000e-05
INFO - 04/10/26 21:10:43 - 2:04:09 -   62450 - 1379.58 equations/s - 88293.32 words/s - MEM: 1.36 GB - LOSS:  0.4331 || ACC1: 74.2500 || ACC2: 96.0156 - LR: 1.0000e-05
INFO - 04/10/26 21:10:48 - 2:04:13 -   62500 - 1441.98 equations/s - 92286.81 words/s - MEM: 1.36 GB - LOSS:  0.4316 || ACC1: 73.7344 || ACC2: 95.9219 - LR: 1.0000e-05
INFO - 04/10/26 21:10:49 - 2:04:15 -   62520 - 1643.09 equations/s - 105157.90 words/s - MEM: 1.36 GB - LOSS:  0.4290 || ACC1: 73.9844 || ACC2: 96.0547 - LR: 1.0000e-05
INFO - 04/10/26 21:10:49 - 2:04:15 - ============ End of epoch 39 ============
INFO - 04/10/26 21:10:49 - 2:04:15 - Starting Distinguisher Method
INFO - 04/10/26 21:11:07 - 2:04:32 - Distinguishing 0s using the emd. 
INFO - 04/10/26 21:11:07 - 2:04:32 - Distinguishing +/-1s using the emd. 
INFO - 04/10/26 21:11:07 - 2:04:32 - Real secret: -1: {np.int64(2), np.int64(27), np.int64(12)}, 1: {np.int64(0), np.int64(1), np.int64(5), np.int64(13), np.int64(14), np.int64(22), np.int64(24)}
INFO - 04/10/26 21:11:07 - 2:04:32 - Nonzero bits not identified. Guess: [ 8 25  5  2 13 15  1 24 14 22]
INFO - 04/10/26 21:11:07 - 2:04:32 - Distinguishing +/-1s using the mean. 
INFO - 04/10/26 21:11:07 - 2:04:32 - Real secret: -1: {np.int64(2), np.int64(27), np.int64(12)}, 1: {np.int64(0), np.int64(1), np.int64(5), np.int64(13), np.int64(14), np.int64(22), np.int64(24)}
INFO - 04/10/26 21:11:07 - 2:04:32 - Nonzero bits not identified. Guess: [ 8 25  5  2 13 15  1 24 14 22]
INFO - 04/10/26 21:11:07 - 2:04:32 - Distinguishing 0s using the mean. 
INFO - 04/10/26 21:11:07 - 2:04:32 - Distinguishing +/-1s using the emd. 
INFO - 04/10/26 21:11:07 - 2:04:32 - Real secret: -1: {np.int64(2), np.int64(27), np.int64(12)}, 1: {np.int64(0), np.int64(1), np.int64(5), np.int64(13), np.int64(14), np.int64(22), np.int64(24)}
INFO - 04/10/26 21:11:07 - 2:04:32 - Distinguishing +/-1s using the mean. 
INFO - 04/10/26 21:11:07 - 2:04:32 - Real secret: -1: {np.int64(2), np.int64(27), np.int64(12)}, 1: {np.int64(0), np.int64(1), np.int64(5), np.int64(13), np.int64(14), np.int64(22), np.int64(24)}
INFO - 04/10/26 21:11:07 - 2:04:32 - Starting Direct Method
INFO - 04/10/26 21:11:07 - 2:04:32 - Direct:  K=43
INFO - 04/10/26 21:11:07 - 2:04:32 - Direct:  K=89
INFO - 04/10/26 21:11:07 - 2:04:32 - Direct:  K=75
INFO - 04/10/26 21:11:07 - 2:04:32 - Direct:  K=86
INFO - 04/10/26 21:11:07 - 2:04:32 - Direct:  K=65
INFO - 04/10/26 21:11:07 - 2:04:32 - Direct:  K=48
INFO - 04/10/26 21:11:07 - 2:04:32 - Direct:  K=73
INFO - 04/10/26 21:11:07 - 2:04:32 - Direct:  K=67
INFO - 04/10/26 21:11:07 - 2:04:33 - Direct:  K=77
INFO - 04/10/26 21:11:08 - 2:04:33 - Direct:  K=63
INFO - 04/10/26 21:11:08 - 2:04:33 - Direct:  K=91
INFO - 04/10/26 21:11:08 - 2:04:33 - Direct:  K=65
INFO - 04/10/26 21:11:08 - 2:04:33 - Direct:  K=52
INFO - 04/10/26 21:11:08 - 2:04:33 - Direct:  K=58
INFO - 04/10/26 21:11:08 - 2:04:33 - Direct:  K=68
INFO - 04/10/26 21:11:08 - 2:04:34 - Direct: secret not predicted. (true secret = [ 1  1 -1  0  0  1  0  0  0  0  0  0 -1  1  1  0  0  0  0  0  0  0  1  0
                                       1  0  0 -1  0  0], predicted secret = [0 0 0 0 0 1 0 0 1 0 0 0 0 0 1 0 0 0 0 0 0 0 0 0 1 0 1 0 1 0], true support = [1 1 1 0 0 1 0 0 0 0 0 0 1 1 1 0 0 0 0 0 0 0 1 0 1 0 0 1 0 0], predicted support = [0 0 0 0 0 1 0 0 1 0 0 0 0 0 1 0 0 0 0 0 0 0 0 0 1 0 1 0 1 0])
INFO - 04/10/26 21:11:19 - 2:04:44 - CA: secret not predicted. (true secret = [ 1  1 -1  0  0  1  0  0  0  0  0  0 -1  1  1  0  0  0  0  0  0  0  1  0
                                       1  0  0 -1  0  0], predicted secret = [1 1 1 0 0 0 0 0 0 0 0 0 0 1 0 0 0 0 0 0 0 0 1 0 1 0 0 0 0 0], true support = [1 1 1 0 0 1 0 0 0 0 0 0 1 1 1 0 0 0 0 0 0 0 1 0 1 0 0 1 0 0], predicted support = [1 1 1 0 0 0 0 0 0 0 0 0 0 1 0 0 0 0 0 0 0 0 1 0 1 0 0 0 0 0])
INFO - 04/10/26 21:11:19 - 2:04:44 - CA: secret not predicted. (true secret = [ 1  1 -1  0  0  1  0  0  0  0  0  0 -1  1  1  0  0  0  0  0  0  0  1  0
                                       1  0  0 -1  0  0], predicted secret = [1 0 0 0 1 0 0 0 0 0 1 0 0 1 0 0 0 0 0 0 1 0 0 0 0 0 0 0 0 1], true support = [1 1 1 0 0 1 0 0 0 0 0 0 1 1 1 0 0 0 0 0 0 0 1 0 1 0 0 1 0 0], predicted support = [1 0 0 0 1 0 0 0 0 0 1 0 0 1 0 0 0 0 0 0 1 0 0 0 0 0 0 0 0 1])
INFO - 04/10/26 21:11:19 - 2:04:44 - Hybrid: direct, ca
INFO - 04/10/26 21:11:19 - 2:04:44 - direct, ca - Sum Normalized: secret not predicted. (true secret = [ 1  1 -1  0  0  1  0  0  0  0  0  0 -1  1  1  0  0  0  0  0  0  0  1  0
                                       1  0  0 -1  0  0], predicted secret = [1 0 0 0 0 0 0 0 1 0 0 0 0 1 1 0 0 0 0 0 0 0 0 0 1 0 1 0 0 0], true support = [1 1 1 0 0 1 0 0 0 0 0 0 1 1 1 0 0 0 0 0 0 0 1 0 1 0 0 1 0 0], predicted support = [1 0 0 0 0 0 0 0 1 0 0 0 0 1 1 0 0 0 0 0 0 0 0 0 1 0 1 0 0 0])
INFO - 04/10/26 21:11:19 - 2:04:44 - direct, ca - Max Normalized: secret not predicted. (true secret = [ 1  1 -1  0  0  1  0  0  0  0  0  0 -1  1  1  0  0  0  0  0  0  0  1  0
                                       1  0  0 -1  0  0], predicted secret = [1 0 0 0 0 0 0 0 1 0 0 0 0 1 1 0 0 0 0 0 0 0 0 0 1 0 1 0 0 0], true support = [1 1 1 0 0 1 0 0 0 0 0 0 1 1 1 0 0 0 0 0 0 0 1 0 1 0 0 1 0 0], predicted support = [1 0 0 0 0 0 0 0 1 0 0 0 0 1 1 0 0 0 0 0 0 0 0 0 1 0 1 0 0 0])
INFO - 04/10/26 21:11:19 - 2:04:44 - direct, ca - Sum Rank: secret not predicted. (true secret = [ 1  1 -1  0  0  1  0  0  0  0  0  0 -1  1  1  0  0  0  0  0  0  0  1  0
                                       1  0  0 -1  0  0], predicted secret = [0 0 0 0 0 1 0 0 1 0 0 0 1 1 0 0 0 0 0 0 0 0 1 0 1 0 0 0 0 0], true support = [1 1 1 0 0 1 0 0 0 0 0 0 1 1 1 0 0 0 0 0 0 0 1 0 1 0 0 1 0 0], predicted support = [0 0 0 0 0 1 0 0 1 0 0 0 1 1 0 0 0 0 0 0 0 0 1 0 1 0 0 0 0 0])
INFO - 04/10/26 21:11:19 - 2:04:44 - direct, ca - Max Rank: secret not predicted. (true secret = [ 1  1 -1  0  0  1  0  0  0  0  0  0 -1  1  1  0  0  0  0  0  0  0  1  0
                                       1  0  0 -1  0  0], predicted secret = [1 0 0 0 0 0 0 0 1 0 0 0 0 1 1 0 0 0 0 0 0 0 0 0 1 0 1 0 0 0], true support = [1 1 1 0 0 1 0 0 0 0 0 0 1 1 1 0 0 0 0 0 0 0 1 0 1 0 0 1 0 0], predicted support = [1 0 0 0 0 0 0 0 1 0 0 0 0 1 1 0 0 0 0 0 0 0 0 0 1 0 1 0 0 0])
INFO - 04/10/26 21:11:19 - 2:04:44 - Hybrid: direct, distinguisher
INFO - 04/10/26 21:11:19 - 2:04:44 - direct, distinguisher - Sum Normalized: secret not predicted. (true secret = [ 1  1 -1  0  0  1  0  0  0  0  0  0 -1  1  1  0  0  0  0  0  0  0  1  0
                                       1  0  0 -1  0  0], predicted secret = [0 0 1 0 0 1 0 0 1 0 0 0 0 0 1 0 0 0 0 0 0 0 0 0 1 0 1 0 0 0], true support = [1 1 1 0 0 1 0 0 0 0 0 0 1 1 1 0 0 0 0 0 0 0 1 0 1 0 0 1 0 0], predicted support = [0 0 1 0 0 1 0 0 1 0 0 0 0 0 1 0 0 0 0 0 0 0 0 0 1 0 1 0 0 0])
INFO - 04/10/26 21:11:19 - 2:04:44 - direct, distinguisher - Max Normalized: secret not predicted. (true secret = [ 1  1 -1  0  0  1  0  0  0  0  0  0 -1  1  1  0  0  0  0  0  0  0  1  0
                                       1  0  0 -1  0  0], predicted secret = [0 0 1 0 0 0 0 0 1 0 0 0 1 1 1 0 0 0 0 0 0 0 0 0 0 0 1 0 0 0], true support = [1 1 1 0 0 1 0 0 0 0 0 0 1 1 1 0 0 0 0 0 0 0 1 0 1 0 0 1 0 0], predicted support = [0 0 1 0 0 0 0 0 1 0 0 0 1 1 1 0 0 0 0 0 0 0 0 0 0 0 1 0 0 0])
INFO - 04/10/26 21:11:19 - 2:04:44 - direct, distinguisher - Sum Rank: secret not predicted. (true secret = [ 1  1 -1  0  0  1  0  0  0  0  0  0 -1  1  1  0  0  0  0  0  0  0  1  0
                                       1  0  0 -1  0  0], predicted secret = [0 0 1 0 0 1 0 0 0 0 0 0 1 1 1 0 0 0 0 0 0 0 0 0 1 0 0 0 0 0], true support = [1 1 1 0 0 1 0 0 0 0 0 0 1 1 1 0 0 0 0 0 0 0 1 0 1 0 0 1 0 0], predicted support = [0 0 1 0 0 1 0 0 0 0 0 0 1 1 1 0 0 0 0 0 0 0 0 0 1 0 0 0 0 0])
INFO - 04/10/26 21:11:19 - 2:04:44 - direct, distinguisher - Max Rank: secret not predicted. (true secret = [ 1  1 -1  0  0  1  0  0  0  0  0  0 -1  1  1  0  0  0  0  0  0  0  1  0
                                       1  0  0 -1  0  0], predicted secret = [0 0 1 0 0 0 0 0 1 0 0 0 1 1 1 0 0 0 0 0 0 0 0 0 0 0 1 0 0 0], true support = [1 1 1 0 0 1 0 0 0 0 0 0 1 1 1 0 0 0 0 0 0 0 1 0 1 0 0 1 0 0], predicted support = [0 0 1 0 0 0 0 0 1 0 0 0 1 1 1 0 0 0 0 0 0 0 0 0 0 0 1 0 0 0])
INFO - 04/10/26 21:11:19 - 2:04:44 - Hybrid: ca, distinguisher
INFO - 04/10/26 21:11:19 - 2:04:44 - ca, distinguisher - Sum Normalized: secret not predicted. (true secret = [ 1  1 -1  0  0  1  0  0  0  0  0  0 -1  1  1  0  0  0  0  0  0  0  1  0
                                       1  0  0 -1  0  0], predicted secret = [1 0 1 0 0 0 0 0 0 0 0 0 1 1 0 0 0 0 0 0 0 0 1 0 1 0 0 0 0 0], true support = [1 1 1 0 0 1 0 0 0 0 0 0 1 1 1 0 0 0 0 0 0 0 1 0 1 0 0 1 0 0], predicted support = [1 0 1 0 0 0 0 0 0 0 0 0 1 1 0 0 0 0 0 0 0 0 1 0 1 0 0 0 0 0])
INFO - 04/10/26 21:11:19 - 2:04:44 - ca, distinguisher - Max Normalized: secret not predicted. (true secret = [ 1  1 -1  0  0  1  0  0  0  0  0  0 -1  1  1  0  0  0  0  0  0  0  1  0
                                       1  0  0 -1  0  0], predicted secret = [1 0 1 0 0 0 0 0 0 0 0 0 1 1 0 0 0 0 0 0 0 0 1 0 1 0 0 0 0 0], true support = [1 1 1 0 0 1 0 0 0 0 0 0 1 1 1 0 0 0 0 0 0 0 1 0 1 0 0 1 0 0], predicted support = [1 0 1 0 0 0 0 0 0 0 0 0 1 1 0 0 0 0 0 0 0 0 1 0 1 0 0 0 0 0])
INFO - 04/10/26 21:11:19 - 2:04:44 - ca, distinguisher - Sum Rank: secret not predicted. (true secret = [ 1  1 -1  0  0  1  0  0  0  0  0  0 -1  1  1  0  0  0  0  0  0  0  1  0
                                       1  0  0 -1  0  0], predicted secret = [1 1 1 0 0 0 0 0 0 0 0 0 0 1 0 0 0 0 0 0 0 0 1 0 1 0 0 0 0 0], true support = [1 1 1 0 0 1 0 0 0 0 0 0 1 1 1 0 0 0 0 0 0 0 1 0 1 0 0 1 0 0], predicted support = [1 1 1 0 0 0 0 0 0 0 0 0 0 1 0 0 0 0 0 0 0 0 1 0 1 0 0 0 0 0])
INFO - 04/10/26 21:11:19 - 2:04:44 - ca, distinguisher - Max Rank: secret not predicted. (true secret = [ 1  1 -1  0  0  1  0  0  0  0  0  0 -1  1  1  0  0  0  0  0  0  0  1  0
                                       1  0  0 -1  0  0], predicted secret = [1 0 1 0 0 0 0 0 0 0 0 0 1 1 0 0 0 0 0 0 0 0 1 0 1 0 0 0 0 0], true support = [1 1 1 0 0 1 0 0 0 0 0 0 1 1 1 0 0 0 0 0 0 0 1 0 1 0 0 1 0 0], predicted support = [1 0 1 0 0 0 0 0 0 0 0 0 1 1 0 0 0 0 0 0 0 0 1 0 1 0 0 0 0 0])
INFO - 04/10/26 21:11:19 - 2:04:44 - Hybrid: direct, ca, distinguisher
INFO - 04/10/26 21:11:19 - 2:04:44 - direct, ca, distinguisher - Sum Normalized: secret not predicted. (true secret = [ 1  1 -1  0  0  1  0  0  0  0  0  0 -1  1  1  0  0  0  0  0  0  0  1  0
                                       1  0  0 -1  0  0], predicted secret = [1 0 0 0 0 1 0 0 0 0 0 0 0 1 1 0 0 0 0 0 0 0 1 0 1 0 0 0 0 0], true support = [1 1 1 0 0 1 0 0 0 0 0 0 1 1 1 0 0 0 0 0 0 0 1 0 1 0 0 1 0 0], predicted support = [1 0 0 0 0 1 0 0 0 0 0 0 0 1 1 0 0 0 0 0 0 0 1 0 1 0 0 0 0 0])
INFO - 04/10/26 21:11:19 - 2:04:44 - direct, ca, distinguisher - Max Normalized: secret not predicted. (true secret = [ 1  1 -1  0  0  1  0  0  0  0  0  0 -1  1  1  0  0  0  0  0  0  0  1  0
                                       1  0  0 -1  0  0], predicted secret = [1 0 1 0 0 0 0 0 0 0 0 0 0 1 1 0 0 0 0 0 0 0 0 0 1 0 1 0 0 0], true support = [1 1 1 0 0 1 0 0 0 0 0 0 1 1 1 0 0 0 0 0 0 0 1 0 1 0 0 1 0 0], predicted support = [1 0 1 0 0 0 0 0 0 0 0 0 0 1 1 0 0 0 0 0 0 0 0 0 1 0 1 0 0 0])
INFO - 04/10/26 21:11:19 - 2:04:44 - direct, ca, distinguisher - Sum Rank: secret not predicted. (true secret = [ 1  1 -1  0  0  1  0  0  0  0  0  0 -1  1  1  0  0  0  0  0  0  0  1  0
                                       1  0  0 -1  0  0], predicted secret = [0 0 1 0 0 1 0 0 0 0 0 0 1 1 0 0 0 0 0 0 0 0 1 0 1 0 0 0 0 0], true support = [1 1 1 0 0 1 0 0 0 0 0 0 1 1 1 0 0 0 0 0 0 0 1 0 1 0 0 1 0 0], predicted support = [0 0 1 0 0 1 0 0 0 0 0 0 1 1 0 0 0 0 0 0 0 0 1 0 1 0 0 0 0 0])
INFO - 04/10/26 21:11:19 - 2:04:44 - direct, ca, distinguisher - Max Rank: secret not predicted. (true secret = [ 1  1 -1  0  0  1  0  0  0  0  0  0 -1  1  1  0  0  0  0  0  0  0  1  0
                                       1  0  0 -1  0  0], predicted secret = [1 0 1 0 0 0 0 0 0 0 0 0 0 1 1 0 0 0 0 0 0 0 0 0 1 0 1 0 0 0], true support = [1 1 1 0 0 1 0 0 0 0 0 0 1 1 1 0 0 0 0 0 0 0 1 0 1 0 0 1 0 0], predicted support = [1 0 1 0 0 0 0 0 0 0 0 0 0 1 1 0 0 0 0 0 0 0 0 0 1 0 1 0 0 0])
INFO - 04/10/26 21:11:19 - 2:04:44 - Epoch 39 metrics | train_loss: 0.446083 | train_acc1: 73.431002 | train_acc2: 95.773852 | valid_xe_loss: 2.791065 | valid_acc1: 24.604430 | valid_acc2: 28.817247
INFO - 04/10/26 21:11:19 - 2:04:44 - __log__:{"train_loss": 0.4460832600363233, "train_acc1": 73.43100207933462, "train_acc2": 95.77385236724248, "epoch": 39, "valid_xe_loss": 2.7910645038266724, "valid_acc1": 24.604430379746834, "valid_acc2": 28.817246835443036}
INFO - 04/10/26 21:11:19 - 2:04:44 - Saving checkpoint to /home/yu_mcc/PQC_salsa/runs/n30_q127_h3_1m/train_gpu_proposed_ternary_h10_secret0_init0_paperlike/checkpoint.pth ...
WARNING - 04/10/26 21:11:19 - 2:04:44 - Saving encoder parameters ...
WARNING - 04/10/26 21:11:19 - 2:04:44 - Saving decoder parameters ...
WARNING - 04/10/26 21:11:19 - 2:04:44 - Saving optimizer ...
INFO - 04/10/26 21:11:19 - 2:04:44 - ============ Starting epoch 40 ... ============
INFO - 04/10/26 21:11:22 - 2:04:47 -   62550 -  118.48 equations/s -  7582.81 words/s - MEM: 1.36 GB - LOSS:  0.4360 || ACC1: 72.6042 || ACC2: 96.0938 - LR: 1.0000e-05
INFO - 04/10/26 21:11:27 - 2:04:52 -   62600 - 1369.41 equations/s - 87642.01 words/s - MEM: 1.36 GB - LOSS:  0.4302 || ACC1: 73.4531 || ACC2: 96.4375 - LR: 1.0000e-05
INFO - 04/10/26 21:11:31 - 2:04:56 -   62650 - 1377.68 equations/s - 88171.44 words/s - MEM: 1.36 GB - LOSS:  0.4343 || ACC1: 75.6719 || ACC2: 95.9688 - LR: 1.0000e-05
INFO - 04/10/26 21:11:39 - 2:05:04 -   62700 -  794.53 equations/s - 50850.06 words/s - MEM: 1.36 GB - LOSS:  0.4339 || ACC1: 74.1719 || ACC2: 96.0938 - LR: 1.0000e-05
INFO - 04/10/26 21:11:44 - 2:05:09 -   62750 - 1353.62 equations/s - 86631.91 words/s - MEM: 1.36 GB - LOSS:  0.4255 || ACC1: 74.9531 || ACC2: 96.2031 - LR: 1.0000e-05
INFO - 04/10/26 21:11:49 - 2:05:14 -   62800 - 1359.19 equations/s - 86988.45 words/s - MEM: 1.36 GB - LOSS:  0.4367 || ACC1: 73.9375 || ACC2: 96.0469 - LR: 1.0000e-05
INFO - 04/10/26 21:11:53 - 2:05:18 -   62850 - 1425.91 equations/s - 91257.99 words/s - MEM: 1.36 GB - LOSS:  0.4332 || ACC1: 73.8906 || ACC2: 95.8594 - LR: 1.0000e-05
INFO - 04/10/26 21:11:58 - 2:05:23 -   62900 - 1426.25 equations/s - 91279.88 words/s - MEM: 1.36 GB - LOSS:  0.4230 || ACC1: 75.0469 || ACC2: 96.1719 - LR: 1.0000e-05
INFO - 04/10/26 21:12:02 - 2:05:27 -   62950 - 1405.49 equations/s - 89951.10 words/s - MEM: 1.36 GB - LOSS:  0.4239 || ACC1: 74.8438 || ACC2: 96.4688 - LR: 1.0000e-05
INFO - 04/10/26 21:12:07 - 2:05:32 -   63000 - 1407.19 equations/s - 90060.09 words/s - MEM: 1.36 GB - LOSS:  0.4300 || ACC1: 74.6406 || ACC2: 95.6562 - LR: 1.0000e-05
INFO - 04/10/26 21:12:15 - 2:05:40 -   63050 -  776.37 equations/s - 49687.58 words/s - MEM: 1.36 GB - LOSS:  0.4225 || ACC1: 75.1562 || ACC2: 96.0625 - LR: 1.0000e-05
INFO - 04/10/26 21:12:20 - 2:05:45 -   63100 - 1369.32 equations/s - 87636.39 words/s - MEM: 1.36 GB - LOSS:  0.4232 || ACC1: 74.8438 || ACC2: 96.0312 - LR: 1.0000e-05
INFO - 04/10/26 21:12:24 - 2:05:49 -   63150 - 1401.16 equations/s - 89674.48 words/s - MEM: 1.36 GB - LOSS:  0.4254 || ACC1: 75.1875 || ACC2: 96.2656 - LR: 1.0000e-05
INFO - 04/10/26 21:12:29 - 2:05:54 -   63200 - 1400.02 equations/s - 89601.38 words/s - MEM: 1.36 GB - LOSS:  0.4231 || ACC1: 74.2969 || ACC2: 96.3594 - LR: 1.0000e-05
INFO - 04/10/26 21:12:33 - 2:05:58 -   63250 - 1413.09 equations/s - 90437.63 words/s - MEM: 1.36 GB - LOSS:  0.4179 || ACC1: 75.6562 || ACC2: 96.7344 - LR: 1.0000e-05
INFO - 04/10/26 21:12:38 - 2:06:03 -   63300 - 1387.68 equations/s - 88811.81 words/s - MEM: 1.36 GB - LOSS:  0.4173 || ACC1: 74.8906 || ACC2: 96.5156 - LR: 1.0000e-05
INFO - 04/10/26 21:12:43 - 2:06:08 -   63350 - 1360.49 equations/s - 87071.26 words/s - MEM: 1.36 GB - LOSS:  0.4217 || ACC1: 75.0156 || ACC2: 96.2969 - LR: 1.0000e-05
INFO - 04/10/26 21:12:51 - 2:06:16 -   63400 -  795.09 equations/s - 50885.67 words/s - MEM: 1.36 GB - LOSS:  0.4306 || ACC1: 74.1719 || ACC2: 96.0312 - LR: 1.0000e-05
INFO - 04/10/26 21:12:55 - 2:06:20 -   63450 - 1415.92 equations/s - 90618.91 words/s - MEM: 1.36 GB - LOSS:  0.4256 || ACC1: 75.1562 || ACC2: 96.6094 - LR: 1.0000e-05
INFO - 04/10/26 21:13:00 - 2:06:25 -   63500 - 1378.96 equations/s - 88253.53 words/s - MEM: 1.36 GB - LOSS:  0.4225 || ACC1: 75.5469 || ACC2: 95.9219 - LR: 1.0000e-05
INFO - 04/10/26 21:13:05 - 2:06:30 -   63550 - 1356.47 equations/s - 86813.79 words/s - MEM: 1.36 GB - LOSS:  0.4148 || ACC1: 74.8125 || ACC2: 96.5312 - LR: 1.0000e-05
INFO - 04/10/26 21:13:09 - 2:06:34 -   63600 - 1356.07 equations/s - 86788.22 words/s - MEM: 1.36 GB - LOSS:  0.4147 || ACC1: 75.2500 || ACC2: 96.4531 - LR: 1.0000e-05
INFO - 04/10/26 21:13:14 - 2:06:39 -   63650 - 1419.09 equations/s - 90821.86 words/s - MEM: 1.36 GB - LOSS:  0.4081 || ACC1: 76.2500 || ACC2: 96.3906 - LR: 1.0000e-05
INFO - 04/10/26 21:13:19 - 2:06:44 -   63700 - 1349.21 equations/s - 86349.37 words/s - MEM: 1.36 GB - LOSS:  0.4147 || ACC1: 76.0781 || ACC2: 96.5312 - LR: 1.0000e-05
INFO - 04/10/26 21:13:27 - 2:06:52 -   63750 -  784.94 equations/s - 50236.41 words/s - MEM: 1.36 GB - LOSS:  0.4076 || ACC1: 75.7188 || ACC2: 96.5625 - LR: 1.0000e-05
INFO - 04/10/26 21:13:31 - 2:06:56 -   63800 - 1391.53 equations/s - 89057.73 words/s - MEM: 1.36 GB - LOSS:  0.4128 || ACC1: 75.5625 || ACC2: 96.9688 - LR: 1.0000e-05
INFO - 04/10/26 21:13:36 - 2:07:01 -   63850 - 1336.31 equations/s - 85523.76 words/s - MEM: 1.36 GB - LOSS:  0.4083 || ACC1: 75.7188 || ACC2: 96.2656 - LR: 1.0000e-05
INFO - 04/10/26 21:13:41 - 2:07:06 -   63900 - 1336.32 equations/s - 85524.52 words/s - MEM: 1.36 GB - LOSS:  0.4232 || ACC1: 74.4531 || ACC2: 96.5312 - LR: 1.0000e-05
INFO - 04/10/26 21:13:45 - 2:07:11 -   63950 - 1389.48 equations/s - 88926.70 words/s - MEM: 1.36 GB - LOSS:  0.4071 || ACC1: 75.3125 || ACC2: 96.4062 - LR: 1.0000e-05
INFO - 04/10/26 21:13:50 - 2:07:16 -   64000 - 1305.41 equations/s - 83545.99 words/s - MEM: 1.36 GB - LOSS:  0.4023 || ACC1: 77.0781 || ACC2: 96.8438 - LR: 1.0000e-05
INFO - 04/10/26 21:13:55 - 2:07:20 -   64050 - 1550.73 equations/s - 99246.71 words/s - MEM: 1.36 GB - LOSS:  0.4070 || ACC1: 76.3281 || ACC2: 96.3438 - LR: 1.0000e-05
INFO - 04/10/26 21:14:01 - 2:07:26 -   64083 -  688.31 equations/s - 44051.88 words/s - MEM: 1.36 GB - LOSS:  0.4017 || ACC1: 77.1070 || ACC2: 96.4725 - LR: 1.0000e-05
INFO - 04/10/26 21:14:01 - 2:07:26 - ============ End of epoch 40 ============
INFO - 04/10/26 21:14:01 - 2:07:26 - Starting Distinguisher Method
