INFO - 04/10/26 19:11:01 - 0:00:00 - ============ Initialized logger ============
INFO - 04/10/26 19:11:01 - 0:00:00 - N: 30
                                     Q: 127
                                     accumulate_gradients: 1
                                     act_ponder_coupling: 0.05
                                     act_threshold: 0.01
                                     add_unred_perc: 0
                                     amp: 2
                                     attention_dropout: 0.0
                                     balanced_base: False
                                     batch_load: False
                                     batch_size: 128
                                     beam_early_stopping: True
                                     beam_eval: True
                                     beam_eval_train: 0
                                     beam_length_penalty: 1
                                     beam_size: 1
                                     clip_grad_norm: 5
                                     command: python train.py --cpu false --reload_data '/home/yu_mcc/PQC_salsa/runs/n30_q127_h3_1m/ab_ternary_h10_s10' --secret_seed 0 --env_base_seed 1000 --hamming 10 --input_int_base 16 --share_token 1 --dump_path '/home/yu_mcc/PQC_salsa/runs' --exp_name n30_q127_h3_1m --exp_id train_gpu_ternary_h10_secret0_init0_epoch200000 --batch_size 128 --epoch_size 200000 --max_epoch 10000 --eval_size 10000 --distinguisher_size 128 --enc_emb_dim 1024 --dec_emb_dim 512 --n_enc_layers 1 --n_dec_layers 2 --n_enc_heads 4 --n_dec_heads 4 --n_cross_heads 4 --enc_loops 1 --dec_loops 8 --dropout 0 --attention_dropout 0 --optimizer 'adam_warmup,lr=0.00001,warmup_updates=8000,warmup_init_lr=0.00000001,weight_decay=0.99' --num_workers 1 --beam_size 1 --max_output_len 10 --exp_id "train_gpu_ternary_h10_secret0_init0_epoch200000"
                                     correctQ: False
                                     cpu: False
                                     data_cols: None
                                     debug: False
                                     debug_slurm: False
                                     dec_act: False
                                     dec_emb_dim: 512
                                     dec_gated: False
                                     dec_loop_idx: 0
                                     dec_loops: 8
                                     dense_cols: None
                                     dim_red: 
                                     distinguisher_size: 128
                                     dropout: 0.0
                                     dump_path: /home/yu_mcc/PQC_salsa/runs/n30_q127_h3_1m/train_gpu_ternary_h10_secret0_init0_epoch200000
                                     enc_act: False
                                     enc_emb_dim: 1024
                                     enc_gated: False
                                     enc_loop_idx: -1
                                     enc_loops: 1
                                     env_base_seed: 1000
                                     epoch_size: 200000
                                     eval_data: 
                                     eval_from_exp: 
                                     eval_only: False
                                     eval_size: 10000
                                     eval_verbose: 0
                                     eval_verbose_print: False
                                     exit_on_secret_match: True
                                     exp_id: train_gpu_ternary_h10_secret0_init0_epoch200000
                                     exp_name: n30_q127_h3_1m
                                     fp16: True
                                     freeze_embeddings: False
                                     gated: True
                                     gelu_activation: False
                                     global_rank: 0
                                     hamming: 10
                                     input_int_base: 16
                                     is_master: True
                                     is_slurm_job: False
                                     local_rank: 0
                                     master_port: -1
                                     max_epoch: 10000
                                     max_output_len: 10
                                     multi_gpu: False
                                     multi_node: False
                                     n_cross_heads: 4
                                     n_dec_heads: 4
                                     n_dec_hidden_layers: 1
                                     n_dec_layers: 2
                                     n_enc_heads: 4
                                     n_enc_hidden_layers: 1
                                     n_enc_layers: 1
                                     n_gpu_per_node: 1
                                     n_nodes: 1
                                     node_id: 0
                                     norm_attention: False
                                     num_reuse_samples: 10000
                                     num_workers: 1
                                     nvidia_apex: False
                                     optimizer: adam_warmup,lr=0.00001,warmup_updates=8000,warmup_init_lr=0.00000001,weight_decay=0.99
                                     output_int_base: 16
                                     reload_checkpoint: 
                                     reload_data: /home/yu_mcc/PQC_salsa/runs/n30_q127_h3_1m/ab_ternary_h10_s10
                                     reload_model: 
                                     reload_size: 10000000
                                     reuse: False
                                     scalar_gate: False
                                     secret: [ 0 -1 -1  0  0  0  0  1  0  0 -1  1 -1  0  0  0  0  1  0  0  0  0  1  0
                                       0  0 -1  0  1  0]
                                     secret_col: 0
                                     secret_seed: 0
                                     secret_type: ternary
                                     share_inout_emb: True
                                     share_token: 1
                                     shuffle: True
                                     sigma: 3.0
                                     sinusoidal_embeddings: False
                                     stopping_criterion: 
                                     test_path: /home/yu_mcc/PQC_salsa/runs/n30_q127_h3_1m/ab_ternary_h10_s10/test.prefix
                                     times_reused: 10
                                     train_path: /home/yu_mcc/PQC_salsa/runs/n30_q127_h3_1m/ab_ternary_h10_s10/train.prefix
                                     transformermode: old
                                     validation_metrics: 
                                     weighted_loss: False
                                     windows: False
                                     world_size: 1
                                     xav_init: False
INFO - 04/10/26 19:11:01 - 0:00:00 - The experiment will be stored in /home/yu_mcc/PQC_salsa/runs/n30_q127_h3_1m/train_gpu_ternary_h10_secret0_init0_epoch200000
                                     
INFO - 04/10/26 19:11:01 - 0:00:00 - Running command: python train.py --cpu false --reload_data '/home/yu_mcc/PQC_salsa/runs/n30_q127_h3_1m/ab_ternary_h10_s10' --secret_seed 0 --env_base_seed 1000 --hamming 10 --input_int_base 16 --share_token 1 --dump_path '/home/yu_mcc/PQC_salsa/runs' --exp_name n30_q127_h3_1m --exp_id train_gpu_ternary_h10_secret0_init0_epoch200000 --batch_size 128 --epoch_size 200000 --max_epoch 10000 --eval_size 10000 --distinguisher_size 128 --enc_emb_dim 1024 --dec_emb_dim 512 --n_enc_layers 1 --n_dec_layers 2 --n_enc_heads 4 --n_dec_heads 4 --n_cross_heads 4 --enc_loops 1 --dec_loops 8 --dropout 0 --attention_dropout 0 --optimizer 'adam_warmup,lr=0.00001,warmup_updates=8000,warmup_init_lr=0.00000001,weight_decay=0.99' --num_workers 1 --beam_size 1 --max_output_len 10

INFO - 04/10/26 19:11:01 - 0:00:00 - vocabulary: 20 words
INFO - 04/10/26 19:11:01 - 0:00:00 - words: {'<eos>': 0, '<pad>': 1, '<mask>': 2, '+': 3, '0': 4, '1': 5, '10': 6, '11': 7, '12': 8, '13': 9, '14': 10, '15': 11, '2': 12, '3': 13, '4': 14, '5': 15, '6': 16, '7': 17, '8': 18, '9': 19}
DEBUG - 04/10/26 19:11:01 - 0:00:00 - TransformerModel(
                                        (position_embeddings): Embedding(4096, 1024)
                                        (embeddings): Embedding(20, 1024, padding_idx=1)
                                        (layer_norm_emb): LayerNorm((1024,), eps=1e-12, elementwise_affine=True)
                                        (layers): ModuleList(
                                          (0): TransformerLayer(
                                            (self_attention): MultiHeadAttention(
                                              (q_lin): Linear(in_features=1024, out_features=1024, bias=True)
                                              (k_lin): Linear(in_features=1024, out_features=1024, bias=True)
                                              (v_lin): Linear(in_features=1024, out_features=1024, bias=True)
                                              (out_lin): Linear(in_features=1024, out_features=1024, bias=True)
                                            )
                                            (layer_norm1): LayerNorm((1024,), eps=1e-12, elementwise_affine=True)
                                            (ffn): TransformerFFN(
                                              (midlin): ModuleList()
                                              (lin1): Linear(in_features=1024, out_features=4096, bias=True)
                                              (lin2): Linear(in_features=4096, out_features=1024, bias=True)
                                            )
                                            (layer_norm2): LayerNorm((1024,), eps=1e-12, elementwise_affine=True)
                                          )
                                        )
                                      ): TransformerModel(
                                        (position_embeddings): Embedding(4096, 1024)
                                        (embeddings): Embedding(20, 1024, padding_idx=1)
                                        (layer_norm_emb): LayerNorm((1024,), eps=1e-12, elementwise_affine=True)
                                        (layers): ModuleList(
                                          (0): TransformerLayer(
                                            (self_attention): MultiHeadAttention(
                                              (q_lin): Linear(in_features=1024, out_features=1024, bias=True)
                                              (k_lin): Linear(in_features=1024, out_features=1024, bias=True)
                                              (v_lin): Linear(in_features=1024, out_features=1024, bias=True)
                                              (out_lin): Linear(in_features=1024, out_features=1024, bias=True)
                                            )
                                            (layer_norm1): LayerNorm((1024,), eps=1e-12, elementwise_affine=True)
                                            (ffn): TransformerFFN(
                                              (midlin): ModuleList()
                                              (lin1): Linear(in_features=1024, out_features=4096, bias=True)
                                              (lin2): Linear(in_features=4096, out_features=1024, bias=True)
                                            )
                                            (layer_norm2): LayerNorm((1024,), eps=1e-12, elementwise_affine=True)
                                          )
                                        )
                                      )
DEBUG - 04/10/26 19:11:01 - 0:00:00 - TransformerModel(
                                        (position_embeddings): Embedding(4096, 512)
                                        (embeddings): Embedding(20, 512, padding_idx=1)
                                        (layer_norm_emb): LayerNorm((512,), eps=1e-12, elementwise_affine=True)
                                        (layers): ModuleList(
                                          (0): TransformerLayer(
                                            (self_attention): MultiHeadAttention(
                                              (q_lin): Linear(in_features=512, out_features=512, bias=True)
                                              (k_lin): Linear(in_features=512, out_features=512, bias=True)
                                              (v_lin): Linear(in_features=512, out_features=512, bias=True)
                                              (out_lin): Linear(in_features=512, out_features=512, bias=True)
                                            )
                                            (layer_norm1): LayerNorm((512,), eps=1e-12, elementwise_affine=True)
                                            (layer_norm15): LayerNorm((512,), eps=1e-12, elementwise_affine=True)
                                            (cross_attention): MultiHeadAttention(
                                              (q_lin): Linear(in_features=512, out_features=512, bias=True)
                                              (k_lin): Linear(in_features=1024, out_features=512, bias=True)
                                              (v_lin): Linear(in_features=1024, out_features=512, bias=True)
                                              (out_lin): Linear(in_features=512, out_features=512, bias=True)
                                            )
                                            (ffn): TransformerFFN(
                                              (midlin): ModuleList()
                                              (lin1): Linear(in_features=512, out_features=2048, bias=True)
                                              (lin2): Linear(in_features=2048, out_features=512, bias=True)
                                            )
                                            (layer_norm2): LayerNorm((512,), eps=1e-12, elementwise_affine=True)
                                            (gate): Gate(
                                              (gate1): Linear(in_features=512, out_features=2048, bias=True)
                                              (gate2): Linear(in_features=2048, out_features=512, bias=True)
                                            )
                                          )
                                          (1): TransformerLayer(
                                            (self_attention): MultiHeadAttention(
                                              (q_lin): Linear(in_features=512, out_features=512, bias=True)
                                              (k_lin): Linear(in_features=512, out_features=512, bias=True)
                                              (v_lin): Linear(in_features=512, out_features=512, bias=True)
                                              (out_lin): Linear(in_features=512, out_features=512, bias=True)
                                            )
                                            (layer_norm1): LayerNorm((512,), eps=1e-12, elementwise_affine=True)
                                            (layer_norm15): LayerNorm((512,), eps=1e-12, elementwise_affine=True)
                                            (cross_attention): MultiHeadAttention(
                                              (q_lin): Linear(in_features=512, out_features=512, bias=True)
                                              (k_lin): Linear(in_features=1024, out_features=512, bias=True)
                                              (v_lin): Linear(in_features=1024, out_features=512, bias=True)
                                              (out_lin): Linear(in_features=512, out_features=512, bias=True)
                                            )
                                            (ffn): TransformerFFN(
                                              (midlin): ModuleList()
                                              (lin1): Linear(in_features=512, out_features=2048, bias=True)
                                              (lin2): Linear(in_features=2048, out_features=512, bias=True)
                                            )
                                            (layer_norm2): LayerNorm((512,), eps=1e-12, elementwise_affine=True)
                                          )
                                        )
                                        (proj): Linear(in_features=512, out_features=20, bias=True)
                                      ): TransformerModel(
                                        (position_embeddings): Embedding(4096, 512)
                                        (embeddings): Embedding(20, 512, padding_idx=1)
                                        (layer_norm_emb): LayerNorm((512,), eps=1e-12, elementwise_affine=True)
                                        (layers): ModuleList(
                                          (0): TransformerLayer(
                                            (self_attention): MultiHeadAttention(
                                              (q_lin): Linear(in_features=512, out_features=512, bias=True)
                                              (k_lin): Linear(in_features=512, out_features=512, bias=True)
                                              (v_lin): Linear(in_features=512, out_features=512, bias=True)
                                              (out_lin): Linear(in_features=512, out_features=512, bias=True)
                                            )
                                            (layer_norm1): LayerNorm((512,), eps=1e-12, elementwise_affine=True)
                                            (layer_norm15): LayerNorm((512,), eps=1e-12, elementwise_affine=True)
                                            (cross_attention): MultiHeadAttention(
                                              (q_lin): Linear(in_features=512, out_features=512, bias=True)
                                              (k_lin): Linear(in_features=1024, out_features=512, bias=True)
                                              (v_lin): Linear(in_features=1024, out_features=512, bias=True)
                                              (out_lin): Linear(in_features=512, out_features=512, bias=True)
                                            )
                                            (ffn): TransformerFFN(
                                              (midlin): ModuleList()
                                              (lin1): Linear(in_features=512, out_features=2048, bias=True)
                                              (lin2): Linear(in_features=2048, out_features=512, bias=True)
                                            )
                                            (layer_norm2): LayerNorm((512,), eps=1e-12, elementwise_affine=True)
                                            (gate): Gate(
                                              (gate1): Linear(in_features=512, out_features=2048, bias=True)
                                              (gate2): Linear(in_features=2048, out_features=512, bias=True)
                                            )
                                          )
                                          (1): TransformerLayer(
                                            (self_attention): MultiHeadAttention(
                                              (q_lin): Linear(in_features=512, out_features=512, bias=True)
                                              (k_lin): Linear(in_features=512, out_features=512, bias=True)
                                              (v_lin): Linear(in_features=512, out_features=512, bias=True)
                                              (out_lin): Linear(in_features=512, out_features=512, bias=True)
                                            )
                                            (layer_norm1): LayerNorm((512,), eps=1e-12, elementwise_affine=True)
                                            (layer_norm15): LayerNorm((512,), eps=1e-12, elementwise_affine=True)
                                            (cross_attention): MultiHeadAttention(
                                              (q_lin): Linear(in_features=512, out_features=512, bias=True)
                                              (k_lin): Linear(in_features=1024, out_features=512, bias=True)
                                              (v_lin): Linear(in_features=1024, out_features=512, bias=True)
                                              (out_lin): Linear(in_features=512, out_features=512, bias=True)
                                            )
                                            (ffn): TransformerFFN(
                                              (midlin): ModuleList()
                                              (lin1): Linear(in_features=512, out_features=2048, bias=True)
                                              (lin2): Linear(in_features=2048, out_features=512, bias=True)
                                            )
                                            (layer_norm2): LayerNorm((512,), eps=1e-12, elementwise_affine=True)
                                          )
                                        )
                                        (proj): Linear(in_features=512, out_features=20, bias=True)
                                      )
INFO - 04/10/26 19:11:01 - 0:00:00 - Number of parameters (encoder): 16813056
INFO - 04/10/26 19:11:01 - 0:00:00 - Number of parameters (decoder): 13664788
INFO - 04/10/26 19:11:02 - 0:00:00 - Loading data from /home/yu_mcc/PQC_salsa/runs/n30_q127_h3_1m/ab_ternary_h10_s10/train.prefix ... seekpos 0, basepos 0
INFO - 04/10/26 19:11:05 - 0:00:04 - Loaded 470000 equations from the disk. seekpos 0, nextpos 470000
INFO - 04/10/26 19:11:05 - 0:00:04 - Creating train dataloader...
INFO - 04/10/26 19:11:05 - 0:00:04 - Loading data from /home/yu_mcc/PQC_salsa/runs/n30_q127_h3_1m/ab_ternary_h10_s10/test.prefix ... seekpos 0, basepos 0
INFO - 04/10/26 19:11:05 - 0:00:04 - Loaded 10000 equations from the disk. seekpos 1291885, nextpos 10000
INFO - 04/10/26 19:11:05 - 0:00:04 - Creating test dataloader...
INFO - 04/10/26 19:11:05 - 0:00:04 - Found 81 parameters in model.
INFO - 04/10/26 19:11:06 - 0:00:05 - Optimizer: <class 'src.train.optim.AdamWithWarmup'>
INFO - 04/10/26 19:11:06 - 0:00:05 - ============ Starting epoch 0 ... ============
INFO - 04/10/26 19:11:06 - 0:00:05 - Initialized random generator for worker 0, with seed [0, 0, 1000, 1775815866] (base seed=1000).
INFO - 04/10/26 19:11:12 - 0:00:10 -      50 - 1171.63 equations/s - 74984.27 words/s - MEM: 1.34 GB - LOSS:  7.2697 || ACC1:  0.0000 || ACC2:  0.0000 - LR: 7.2438e-08
INFO - 04/10/26 19:11:16 - 0:00:15 -     100 - 1312.39 equations/s - 83992.74 words/s - MEM: 1.34 GB - LOSS:  7.0175 || ACC1:  0.0000 || ACC2:  0.0000 - LR: 1.3488e-07
INFO - 04/10/26 19:11:21 - 0:00:20 -     150 - 1379.78 equations/s - 88306.17 words/s - MEM: 1.34 GB - LOSS:  6.6344 || ACC1:  0.0000 || ACC2:  0.0000 - LR: 1.9731e-07
INFO - 04/10/26 19:11:26 - 0:00:25 -     200 - 1323.84 equations/s - 84725.93 words/s - MEM: 1.34 GB - LOSS:  6.0580 || ACC1:  0.0000 || ACC2:  0.0000 - LR: 2.5975e-07
INFO - 04/10/26 19:11:31 - 0:00:29 -     250 - 1357.75 equations/s - 86895.94 words/s - MEM: 1.34 GB - LOSS:  5.3207 || ACC1:  0.0000 || ACC2:  0.0000 - LR: 3.2219e-07
INFO - 04/10/26 19:11:39 - 0:00:37 -     300 -  802.93 equations/s - 51387.53 words/s - MEM: 1.34 GB - LOSS:  4.5305 || ACC1:  0.0000 || ACC2:  0.0000 - LR: 3.8463e-07
INFO - 04/10/26 19:11:43 - 0:00:42 -     350 - 1357.18 equations/s - 86859.38 words/s - MEM: 1.34 GB - LOSS:  3.7531 || ACC1:  0.0000 || ACC2:  0.0000 - LR: 4.4706e-07
INFO - 04/10/26 19:11:48 - 0:00:47 -     400 - 1354.48 equations/s - 86686.53 words/s - MEM: 1.34 GB - LOSS:  3.1001 || ACC1:  0.0000 || ACC2:  0.1094 - LR: 5.0950e-07
INFO - 04/10/26 19:11:53 - 0:00:51 -     450 - 1365.81 equations/s - 87411.82 words/s - MEM: 1.34 GB - LOSS:  2.6035 || ACC1:  0.0000 || ACC2:  2.8281 - LR: 5.7194e-07
INFO - 04/10/26 19:11:57 - 0:00:56 -     500 - 1408.40 equations/s - 90137.81 words/s - MEM: 1.34 GB - LOSS:  2.2767 || ACC1:  0.0000 || ACC2:  6.0781 - LR: 6.3438e-07
INFO - 04/10/26 19:12:02 - 0:01:01 -     550 - 1353.29 equations/s - 86610.71 words/s - MEM: 1.34 GB - LOSS:  2.0730 || ACC1:  0.2031 || ACC2:  6.6406 - LR: 6.9681e-07
INFO - 04/10/26 19:12:07 - 0:01:05 -     600 - 1391.66 equations/s - 89066.11 words/s - MEM: 1.34 GB - LOSS:  1.9448 || ACC1: 11.2812 || ACC2: 16.6406 - LR: 7.5925e-07
INFO - 04/10/26 19:12:15 - 0:01:13 -     650 -  787.76 equations/s - 50416.48 words/s - MEM: 1.34 GB - LOSS:  1.8523 || ACC1: 13.1094 || ACC2: 18.7344 - LR: 8.2169e-07
INFO - 04/10/26 19:12:19 - 0:01:18 -     700 - 1384.12 equations/s - 88583.66 words/s - MEM: 1.34 GB - LOSS:  1.7915 || ACC1: 14.4531 || ACC2: 20.0469 - LR: 8.8413e-07
INFO - 04/10/26 19:12:24 - 0:01:23 -     750 - 1416.32 equations/s - 90644.51 words/s - MEM: 1.34 GB - LOSS:  1.7501 || ACC1: 14.5781 || ACC2: 20.1719 - LR: 9.4656e-07
INFO - 04/10/26 19:12:28 - 0:01:27 -     800 - 1411.77 equations/s - 90353.43 words/s - MEM: 1.34 GB - LOSS:  1.7222 || ACC1: 13.8281 || ACC2: 19.0156 - LR: 1.0090e-06
INFO - 04/10/26 19:12:33 - 0:01:32 -     850 - 1364.78 equations/s - 87345.72 words/s - MEM: 1.34 GB - LOSS:  1.6981 || ACC1: 15.1250 || ACC2: 20.2188 - LR: 1.0714e-06
INFO - 04/10/26 19:12:38 - 0:01:36 -     900 - 1367.42 equations/s - 87514.90 words/s - MEM: 1.34 GB - LOSS:  1.6837 || ACC1: 14.0938 || ACC2: 19.1875 - LR: 1.1339e-06
INFO - 04/10/26 19:12:42 - 0:01:41 -     950 - 1408.06 equations/s - 90115.61 words/s - MEM: 1.34 GB - LOSS:  1.6698 || ACC1: 15.0000 || ACC2: 20.3594 - LR: 1.1963e-06
INFO - 04/10/26 19:12:51 - 0:01:49 -    1000 -  769.64 equations/s - 49257.14 words/s - MEM: 1.34 GB - LOSS:  1.6603 || ACC1: 13.4688 || ACC2: 18.7812 - LR: 1.2588e-06
INFO - 04/10/26 19:12:55 - 0:01:54 -    1050 - 1343.40 equations/s - 85977.68 words/s - MEM: 1.34 GB - LOSS:  1.6569 || ACC1: 14.4062 || ACC2: 19.3438 - LR: 1.3212e-06
INFO - 04/10/26 19:13:00 - 0:01:59 -    1100 - 1404.30 equations/s - 89875.24 words/s - MEM: 1.34 GB - LOSS:  1.6475 || ACC1: 14.3594 || ACC2: 19.4062 - LR: 1.3836e-06
INFO - 04/10/26 19:13:05 - 0:02:03 -    1150 - 1377.56 equations/s - 88163.79 words/s - MEM: 1.34 GB - LOSS:  1.6417 || ACC1: 13.1406 || ACC2: 18.6250 - LR: 1.4461e-06
INFO - 04/10/26 19:13:09 - 0:02:08 -    1200 - 1300.35 equations/s - 83222.41 words/s - MEM: 1.34 GB - LOSS:  1.6376 || ACC1: 14.5156 || ACC2: 20.1250 - LR: 1.5085e-06
INFO - 04/10/26 19:13:14 - 0:02:13 -    1250 - 1328.42 equations/s - 85018.64 words/s - MEM: 1.34 GB - LOSS:  1.6374 || ACC1: 14.2031 || ACC2: 19.0156 - LR: 1.5709e-06
INFO - 04/10/26 19:13:22 - 0:02:21 -    1300 -  787.44 equations/s - 50396.41 words/s - MEM: 1.34 GB - LOSS:  1.6318 || ACC1: 14.3125 || ACC2: 20.0000 - LR: 1.6334e-06
INFO - 04/10/26 19:13:27 - 0:02:26 -    1350 - 1350.81 equations/s - 86451.76 words/s - MEM: 1.34 GB - LOSS:  1.6302 || ACC1: 13.7812 || ACC2: 19.2188 - LR: 1.6958e-06
INFO - 04/10/26 19:13:32 - 0:02:31 -    1400 - 1388.34 equations/s - 88853.80 words/s - MEM: 1.34 GB - LOSS:  1.6303 || ACC1: 14.6406 || ACC2: 19.4531 - LR: 1.7583e-06
INFO - 04/10/26 19:13:37 - 0:02:35 -    1450 - 1352.89 equations/s - 86585.20 words/s - MEM: 1.34 GB - LOSS:  1.6277 || ACC1: 14.4219 || ACC2: 19.7500 - LR: 1.8207e-06
INFO - 04/10/26 19:13:41 - 0:02:40 -    1500 - 1492.78 equations/s - 95537.68 words/s - MEM: 1.34 GB - LOSS:  1.6242 || ACC1: 14.1875 || ACC2: 19.8281 - LR: 1.8831e-06
INFO - 04/10/26 19:13:45 - 0:02:44 -    1550 - 1509.41 equations/s - 96602.31 words/s - MEM: 1.34 GB - LOSS:  1.6260 || ACC1: 14.1875 || ACC2: 19.6562 - LR: 1.9456e-06
INFO - 04/10/26 19:13:46 - 0:02:45 -    1563 - 1375.70 equations/s - 88044.69 words/s - MEM: 1.34 GB - LOSS:  1.6262 || ACC1: 14.4832 || ACC2: 20.0721 - LR: 1.9618e-06
INFO - 04/10/26 19:13:46 - 0:02:45 - ============ End of epoch 0 ============
INFO - 04/10/26 19:13:46 - 0:02:45 - Starting Distinguisher Method
INFO - 04/10/26 19:14:05 - 0:03:04 - Distinguishing 0s using the emd. 
INFO - 04/10/26 19:14:05 - 0:03:04 - Distinguishing +/-1s using the emd. 
INFO - 04/10/26 19:14:05 - 0:03:04 - Real secret: -1: {np.int64(1), np.int64(2), np.int64(10), np.int64(12), np.int64(26)}, 1: {np.int64(7), np.int64(11), np.int64(17), np.int64(22), np.int64(28)}
INFO - 04/10/26 19:14:05 - 0:03:04 - Nonzero bits not identified. Guess: [20 21 22 23 24 25 26 27 28 29]
INFO - 04/10/26 19:14:05 - 0:03:04 - Distinguishing +/-1s using the mean. 
INFO - 04/10/26 19:14:05 - 0:03:04 - Real secret: -1: {np.int64(1), np.int64(2), np.int64(10), np.int64(12), np.int64(26)}, 1: {np.int64(7), np.int64(11), np.int64(17), np.int64(22), np.int64(28)}
INFO - 04/10/26 19:14:05 - 0:03:04 - Nonzero bits not identified. Guess: [20 21 22 23 24 25 26 27 28 29]
INFO - 04/10/26 19:14:05 - 0:03:04 - Distinguishing 0s using the mean. 
INFO - 04/10/26 19:14:05 - 0:03:04 - Distinguishing +/-1s using the emd. 
INFO - 04/10/26 19:14:05 - 0:03:04 - Real secret: -1: {np.int64(1), np.int64(2), np.int64(10), np.int64(12), np.int64(26)}, 1: {np.int64(7), np.int64(11), np.int64(17), np.int64(22), np.int64(28)}
INFO - 04/10/26 19:14:05 - 0:03:04 - Nonzero bits not identified. Guess: [20 21 22 23 24 25 26 27 28 29]
INFO - 04/10/26 19:14:05 - 0:03:04 - Distinguishing +/-1s using the mean. 
INFO - 04/10/26 19:14:05 - 0:03:04 - Real secret: -1: {np.int64(1), np.int64(2), np.int64(10), np.int64(12), np.int64(26)}, 1: {np.int64(7), np.int64(11), np.int64(17), np.int64(22), np.int64(28)}
INFO - 04/10/26 19:14:05 - 0:03:04 - Nonzero bits not identified. Guess: [20 21 22 23 24 25 26 27 28 29]
INFO - 04/10/26 19:14:05 - 0:03:04 - Starting Direct Method
INFO - 04/10/26 19:14:05 - 0:03:04 - Direct:  K=85
INFO - 04/10/26 19:14:05 - 0:03:04 - Direct:  K=55
INFO - 04/10/26 19:14:05 - 0:03:04 - Direct:  K=58
INFO - 04/10/26 19:14:06 - 0:03:04 - Direct:  K=47
INFO - 04/10/26 19:14:06 - 0:03:04 - Direct:  K=31
INFO - 04/10/26 19:14:06 - 0:03:05 - Direct:  K=83
INFO - 04/10/26 19:14:06 - 0:03:05 - Direct:  K=56
INFO - 04/10/26 19:14:06 - 0:03:05 - Direct:  K=76
INFO - 04/10/26 19:14:06 - 0:03:05 - Direct:  K=31
INFO - 04/10/26 19:14:06 - 0:03:05 - Direct:  K=34
INFO - 04/10/26 19:14:07 - 0:03:05 - Direct:  K=34
INFO - 04/10/26 19:14:07 - 0:03:06 - Direct:  K=46
INFO - 04/10/26 19:14:07 - 0:03:06 - Direct:  K=82
INFO - 04/10/26 19:14:07 - 0:03:06 - Direct:  K=77
INFO - 04/10/26 19:14:07 - 0:03:06 - Direct:  K=40
INFO - 04/10/26 19:14:07 - 0:03:06 - Direct: secret not predicted. (true secret = [ 0 -1 -1  0  0  0  0  1  0  0 -1  1 -1  0  0  0  0  1  0  0  0  0  1  0
                                       0  0 -1  0  1  0], predicted secret = [1 1 1 1 1 1 0 0 0 0 0 0 0 0 0 0 0 0 0 0 0 0 0 0 0 0 0 0 0 0], true support = [0 1 1 0 0 0 0 1 0 0 1 1 1 0 0 0 0 1 0 0 0 0 1 0 0 0 1 0 1 0], predicted support = [1 1 1 1 1 1 0 0 0 0 0 0 0 0 0 0 0 0 0 0 0 0 0 0 0 0 0 0 0 0])
INFO - 04/10/26 19:14:16 - 0:03:15 - CA: secret not predicted. (true secret = [ 0 -1 -1  0  0  0  0  1  0  0 -1  1 -1  0  0  0  0  1  0  0  0  0  1  0
                                       0  0 -1  0  1  0], predicted secret = [1 1 1 1 0 0 0 0 0 0 0 0 0 0 0 0 0 1 0 0 0 0 0 0 0 0 0 0 1 0], true support = [0 1 1 0 0 0 0 1 0 0 1 1 1 0 0 0 0 1 0 0 0 0 1 0 0 0 1 0 1 0], predicted support = [1 1 1 1 0 0 0 0 0 0 0 0 0 0 0 0 0 1 0 0 0 0 0 0 0 0 0 0 1 0])
INFO - 04/10/26 19:14:16 - 0:03:15 - CA: secret not predicted. (true secret = [ 0 -1 -1  0  0  0  0  1  0  0 -1  1 -1  0  0  0  0  1  0  0  0  0  1  0
                                       0  0 -1  0  1  0], predicted secret = [1 0 1 0 0 0 0 1 0 0 0 0 1 0 0 0 1 0 0 0 0 0 0 1 0 0 0 0 0 0], true support = [0 1 1 0 0 0 0 1 0 0 1 1 1 0 0 0 0 1 0 0 0 0 1 0 0 0 1 0 1 0], predicted support = [1 0 1 0 0 0 0 1 0 0 0 0 1 0 0 0 1 0 0 0 0 0 0 1 0 0 0 0 0 0])
INFO - 04/10/26 19:14:16 - 0:03:15 - Hybrid: direct, ca
INFO - 04/10/26 19:14:16 - 0:03:15 - direct, ca - Sum Normalized: secret not predicted. (true secret = [ 0 -1 -1  0  0  0  0  1  0  0 -1  1 -1  0  0  0  0  1  0  0  0  0  1  0
                                       0  0 -1  0  1  0], predicted secret = [0 0 1 0 0 0 0 1 0 0 0 0 1 0 0 0 1 0 0 0 0 0 0 1 0 0 0 0 1 0], true support = [0 1 1 0 0 0 0 1 0 0 1 1 1 0 0 0 0 1 0 0 0 0 1 0 0 0 1 0 1 0], predicted support = [0 0 1 0 0 0 0 1 0 0 0 0 1 0 0 0 1 0 0 0 0 0 0 1 0 0 0 0 1 0])
INFO - 04/10/26 19:14:16 - 0:03:15 - direct, ca - Max Normalized: secret not predicted. (true secret = [ 0 -1 -1  0  0  0  0  1  0  0 -1  1 -1  0  0  0  0  1  0  0  0  0  1  0
                                       0  0 -1  0  1  0], predicted secret = [1 1 1 1 1 1 0 0 0 0 0 0 0 0 0 0 0 0 0 0 0 0 0 0 0 0 0 0 0 0], true support = [0 1 1 0 0 0 0 1 0 0 1 1 1 0 0 0 0 1 0 0 0 0 1 0 0 0 1 0 1 0], predicted support = [1 1 1 1 1 1 0 0 0 0 0 0 0 0 0 0 0 0 0 0 0 0 0 0 0 0 0 0 0 0])
INFO - 04/10/26 19:14:16 - 0:03:15 - direct, ca - Sum Rank: secret not predicted. (true secret = [ 0 -1 -1  0  0  0  0  1  0  0 -1  1 -1  0  0  0  0  1  0  0  0  0  1  0
                                       0  0 -1  0  1  0], predicted secret = [0 0 1 0 0 0 0 1 0 0 0 0 1 0 0 0 1 0 0 0 0 0 0 1 0 0 0 0 1 0], true support = [0 1 1 0 0 0 0 1 0 0 1 1 1 0 0 0 0 1 0 0 0 0 1 0 0 0 1 0 1 0], predicted support = [0 0 1 0 0 0 0 1 0 0 0 0 1 0 0 0 1 0 0 0 0 0 0 1 0 0 0 0 1 0])
INFO - 04/10/26 19:14:16 - 0:03:15 - direct, ca - Max Rank: secret not predicted. (true secret = [ 0 -1 -1  0  0  0  0  1  0  0 -1  1 -1  0  0  0  0  1  0  0  0  0  1  0
                                       0  0 -1  0  1  0], predicted secret = [0 0 1 0 0 0 0 1 0 0 0 0 1 0 0 0 1 0 0 0 0 0 0 1 0 0 0 0 1 0], true support = [0 1 1 0 0 0 0 1 0 0 1 1 1 0 0 0 0 1 0 0 0 0 1 0 0 0 1 0 1 0], predicted support = [0 0 1 0 0 0 0 1 0 0 0 0 1 0 0 0 1 0 0 0 0 0 0 1 0 0 0 0 1 0])
INFO - 04/10/26 19:14:16 - 0:03:15 - Hybrid: direct, distinguisher
INFO - 04/10/26 19:14:16 - 0:03:15 - Hybrid: ca, distinguisher
INFO - 04/10/26 19:14:16 - 0:03:15 - Hybrid: direct, ca, distinguisher
INFO - 04/10/26 19:14:16 - 0:03:15 - Epoch 0 metrics | train_loss: 2.713500 | train_acc1: 9.119082 | train_acc2: 13.066319 | valid_xe_loss: 1.625042 | valid_acc1: 11.481408 | valid_acc2: 17.227057
INFO - 04/10/26 19:14:16 - 0:03:15 - __log__:{"train_loss": 2.7134999376951083, "train_acc1": 9.119081893793986, "train_acc2": 13.066318777991043, "epoch": 0, "valid_xe_loss": 1.625042216687263, "valid_acc1": 11.481408227848101, "valid_acc2": 17.227056962025316}
INFO - 04/10/26 19:14:16 - 0:03:15 - Saving checkpoint to /home/yu_mcc/PQC_salsa/runs/n30_q127_h3_1m/train_gpu_ternary_h10_secret0_init0_epoch200000/checkpoint.pth ...
WARNING - 04/10/26 19:14:16 - 0:03:15 - Saving encoder parameters ...
WARNING - 04/10/26 19:14:16 - 0:03:15 - Saving decoder parameters ...
WARNING - 04/10/26 19:14:16 - 0:03:15 - Saving optimizer ...
INFO - 04/10/26 19:14:16 - 0:03:15 - ============ Starting epoch 1 ... ============
INFO - 04/10/26 19:14:20 - 0:03:19 -    1600 -  140.92 equations/s -  9018.58 words/s - MEM: 1.36 GB - LOSS:  1.6244 || ACC1: 14.1681 || ACC2: 19.4257 - LR: 2.0080e-06
INFO - 04/10/26 19:14:25 - 0:03:23 -    1650 - 1330.51 equations/s - 85152.50 words/s - MEM: 1.36 GB - LOSS:  1.6239 || ACC1: 14.3594 || ACC2: 19.7344 - LR: 2.0704e-06
INFO - 04/10/26 19:14:29 - 0:03:28 -    1700 - 1325.03 equations/s - 84802.22 words/s - MEM: 1.36 GB - LOSS:  1.6224 || ACC1: 14.0312 || ACC2: 19.3125 - LR: 2.1329e-06
INFO - 04/10/26 19:14:38 - 0:03:36 -    1750 -  788.77 equations/s - 50481.45 words/s - MEM: 1.36 GB - LOSS:  1.6212 || ACC1: 13.9062 || ACC2: 19.3125 - LR: 2.1953e-06
INFO - 04/10/26 19:14:42 - 0:03:41 -    1800 - 1376.01 equations/s - 88064.82 words/s - MEM: 1.36 GB - LOSS:  1.6204 || ACC1: 14.2656 || ACC2: 19.3438 - LR: 2.2578e-06
INFO - 04/10/26 19:14:47 - 0:03:46 -    1850 - 1339.56 equations/s - 85731.79 words/s - MEM: 1.36 GB - LOSS:  1.6202 || ACC1: 14.2969 || ACC2: 19.4531 - LR: 2.3202e-06
INFO - 04/10/26 19:14:52 - 0:03:51 -    1900 - 1295.31 equations/s - 82899.54 words/s - MEM: 1.36 GB - LOSS:  1.6209 || ACC1: 14.6719 || ACC2: 20.1562 - LR: 2.3826e-06
INFO - 04/10/26 19:14:57 - 0:03:55 -    1950 - 1363.49 equations/s - 87263.17 words/s - MEM: 1.36 GB - LOSS:  1.6198 || ACC1: 14.7812 || ACC2: 20.1875 - LR: 2.4451e-06
INFO - 04/10/26 19:15:01 - 0:04:00 -    2000 - 1390.21 equations/s - 88973.16 words/s - MEM: 1.36 GB - LOSS:  1.6198 || ACC1: 14.9844 || ACC2: 20.8281 - LR: 2.5075e-06
INFO - 04/10/26 19:15:10 - 0:04:08 -    2050 -  756.24 equations/s - 48399.44 words/s - MEM: 1.36 GB - LOSS:  1.6182 || ACC1: 15.0312 || ACC2: 20.5156 - LR: 2.5699e-06
INFO - 04/10/26 19:15:14 - 0:04:13 -    2100 - 1369.80 equations/s - 87667.18 words/s - MEM: 1.36 GB - LOSS:  1.6188 || ACC1: 14.2031 || ACC2: 19.4219 - LR: 2.6324e-06
INFO - 04/10/26 19:15:19 - 0:04:18 -    2150 - 1339.47 equations/s - 85726.29 words/s - MEM: 1.36 GB - LOSS:  1.6188 || ACC1: 14.6250 || ACC2: 20.0469 - LR: 2.6948e-06
INFO - 04/10/26 19:15:24 - 0:04:22 -    2200 - 1409.81 equations/s - 90227.61 words/s - MEM: 1.36 GB - LOSS:  1.6176 || ACC1: 14.7500 || ACC2: 20.4844 - LR: 2.7573e-06
INFO - 04/10/26 19:15:28 - 0:04:27 -    2250 - 1382.47 equations/s - 88478.27 words/s - MEM: 1.36 GB - LOSS:  1.6181 || ACC1: 13.8438 || ACC2: 19.2969 - LR: 2.8197e-06
INFO - 04/10/26 19:15:33 - 0:04:32 -    2300 - 1422.78 equations/s - 91058.20 words/s - MEM: 1.36 GB - LOSS:  1.6178 || ACC1: 14.5938 || ACC2: 19.9375 - LR: 2.8821e-06
INFO - 04/10/26 19:15:38 - 0:04:36 -    2350 - 1359.22 equations/s - 86989.83 words/s - MEM: 1.36 GB - LOSS:  1.6182 || ACC1: 14.2188 || ACC2: 20.1250 - LR: 2.9446e-06
INFO - 04/10/26 19:15:46 - 0:04:45 -    2400 -  761.29 equations/s - 48722.88 words/s - MEM: 1.36 GB - LOSS:  1.6178 || ACC1: 14.5469 || ACC2: 19.6875 - LR: 3.0070e-06
INFO - 04/10/26 19:15:50 - 0:04:49 -    2450 - 1422.58 equations/s - 91045.28 words/s - MEM: 1.36 GB - LOSS:  1.6177 || ACC1: 14.8281 || ACC2: 20.6094 - LR: 3.0694e-06
INFO - 04/10/26 19:15:55 - 0:04:54 -    2500 - 1421.96 equations/s - 91005.37 words/s - MEM: 1.36 GB - LOSS:  1.6165 || ACC1: 13.8594 || ACC2: 19.1719 - LR: 3.1319e-06
INFO - 04/10/26 19:15:59 - 0:04:58 -    2550 - 1413.25 equations/s - 90448.13 words/s - MEM: 1.36 GB - LOSS:  1.6179 || ACC1: 15.1250 || ACC2: 20.2188 - LR: 3.1943e-06
INFO - 04/10/26 19:16:04 - 0:05:03 -    2600 - 1411.71 equations/s - 90349.25 words/s - MEM: 1.36 GB - LOSS:  1.6153 || ACC1: 15.1562 || ACC2: 20.9375 - LR: 3.2568e-06
INFO - 04/10/26 19:16:09 - 0:05:07 -    2650 - 1410.71 equations/s - 90285.38 words/s - MEM: 1.36 GB - LOSS:  1.6156 || ACC1: 14.9219 || ACC2: 20.3750 - LR: 3.3192e-06
INFO - 04/10/26 19:16:13 - 0:05:12 -    2700 - 1320.76 equations/s - 84528.35 words/s - MEM: 1.36 GB - LOSS:  1.6164 || ACC1: 14.5312 || ACC2: 20.3750 - LR: 3.3816e-06
INFO - 04/10/26 19:16:22 - 0:05:20 -    2750 -  773.95 equations/s - 49532.77 words/s - MEM: 1.36 GB - LOSS:  1.6163 || ACC1: 15.5000 || ACC2: 21.0156 - LR: 3.4441e-06
INFO - 04/10/26 19:16:26 - 0:05:25 -    2800 - 1390.37 equations/s - 88983.47 words/s - MEM: 1.36 GB - LOSS:  1.6160 || ACC1: 14.8594 || ACC2: 20.6719 - LR: 3.5065e-06
INFO - 04/10/26 19:16:31 - 0:05:30 -    2850 - 1409.75 equations/s - 90224.30 words/s - MEM: 1.36 GB - LOSS:  1.6167 || ACC1: 15.1875 || ACC2: 20.7188 - LR: 3.5689e-06
INFO - 04/10/26 19:16:35 - 0:05:34 -    2900 - 1372.01 equations/s - 87808.71 words/s - MEM: 1.36 GB - LOSS:  1.6149 || ACC1: 15.2969 || ACC2: 21.5312 - LR: 3.6314e-06
INFO - 04/10/26 19:16:40 - 0:05:39 -    2950 - 1348.42 equations/s - 86299.12 words/s - MEM: 1.36 GB - LOSS:  1.6145 || ACC1: 14.7656 || ACC2: 20.9531 - LR: 3.6938e-06
INFO - 04/10/26 19:16:44 - 0:05:43 -    3000 - 1520.45 equations/s - 97309.02 words/s - MEM: 1.36 GB - LOSS:  1.6144 || ACC1: 14.6406 || ACC2: 20.5781 - LR: 3.7563e-06
INFO - 04/10/26 19:16:49 - 0:05:48 -    3050 - 1444.25 equations/s - 92431.71 words/s - MEM: 1.36 GB - LOSS:  1.6141 || ACC1: 14.3906 || ACC2: 20.7344 - LR: 3.8187e-06
INFO - 04/10/26 19:16:53 - 0:05:52 -    3100 - 1496.29 equations/s - 95762.29 words/s - MEM: 1.36 GB - LOSS:  1.6127 || ACC1: 15.0000 || ACC2: 21.7344 - LR: 3.8811e-06
INFO - 04/10/26 19:16:59 - 0:05:58 -    3126 -  582.82 equations/s - 37300.31 words/s - MEM: 1.36 GB - LOSS:  1.6145 || ACC1: 15.7452 || ACC2: 22.1154 - LR: 3.9136e-06
INFO - 04/10/26 19:16:59 - 0:05:58 - ============ End of epoch 1 ============
INFO - 04/10/26 19:16:59 - 0:05:58 - Starting Distinguisher Method
INFO - 04/10/26 19:17:10 - 0:06:09 - Distinguishing 0s using the emd. 
INFO - 04/10/26 19:17:10 - 0:06:09 - Distinguishing +/-1s using the emd. 
INFO - 04/10/26 19:17:10 - 0:06:09 - Real secret: -1: {np.int64(1), np.int64(2), np.int64(10), np.int64(12), np.int64(26)}, 1: {np.int64(7), np.int64(11), np.int64(17), np.int64(22), np.int64(28)}
INFO - 04/10/26 19:17:10 - 0:06:09 - Nonzero bits not identified. Guess: [ 8  0 22 26 27 10 12  2 28  5]
INFO - 04/10/26 19:17:10 - 0:06:09 - Distinguishing +/-1s using the mean. 
INFO - 04/10/26 19:17:10 - 0:06:09 - Real secret: -1: {np.int64(1), np.int64(2), np.int64(10), np.int64(12), np.int64(26)}, 1: {np.int64(7), np.int64(11), np.int64(17), np.int64(22), np.int64(28)}
INFO - 04/10/26 19:17:10 - 0:06:09 - Nonzero bits not identified. Guess: [ 8  0 22 26 27 10 12  2 28  5]
INFO - 04/10/26 19:17:10 - 0:06:09 - Distinguishing 0s using the mean. 
INFO - 04/10/26 19:17:10 - 0:06:09 - Distinguishing +/-1s using the emd. 
INFO - 04/10/26 19:17:10 - 0:06:09 - Real secret: -1: {np.int64(1), np.int64(2), np.int64(10), np.int64(12), np.int64(26)}, 1: {np.int64(7), np.int64(11), np.int64(17), np.int64(22), np.int64(28)}
INFO - 04/10/26 19:17:10 - 0:06:09 - Nonzero bits not identified. Guess: [11 10 13 27  2 22  0 28 12  5]
INFO - 04/10/26 19:17:10 - 0:06:09 - Distinguishing +/-1s using the mean. 
INFO - 04/10/26 19:17:10 - 0:06:09 - Real secret: -1: {np.int64(1), np.int64(2), np.int64(10), np.int64(12), np.int64(26)}, 1: {np.int64(7), np.int64(11), np.int64(17), np.int64(22), np.int64(28)}
INFO - 04/10/26 19:17:10 - 0:06:09 - Nonzero bits not identified. Guess: [11 10 13 27  2 22  0 28 12  5]
INFO - 04/10/26 19:17:10 - 0:06:09 - Starting Direct Method
INFO - 04/10/26 19:17:10 - 0:06:09 - Direct:  K=61
INFO - 04/10/26 19:17:10 - 0:06:09 - Direct:  K=93
INFO - 04/10/26 19:17:10 - 0:06:09 - Direct:  K=77
INFO - 04/10/26 19:17:10 - 0:06:09 - Direct:  K=51
INFO - 04/10/26 19:17:10 - 0:06:09 - Direct:  K=90
INFO - 04/10/26 19:17:10 - 0:06:09 - Direct:  K=64
INFO - 04/10/26 19:17:11 - 0:06:09 - Direct:  K=43
INFO - 04/10/26 19:17:11 - 0:06:09 - Direct:  K=94
INFO - 04/10/26 19:17:11 - 0:06:09 - Direct:  K=68
INFO - 04/10/26 19:17:11 - 0:06:09 - Direct:  K=39
INFO - 04/10/26 19:17:11 - 0:06:10 - Direct:  K=72
INFO - 04/10/26 19:17:11 - 0:06:10 - Direct:  K=85
INFO - 04/10/26 19:17:11 - 0:06:10 - Direct:  K=40
INFO - 04/10/26 19:17:11 - 0:06:10 - Direct:  K=38
INFO - 04/10/26 19:17:11 - 0:06:10 - Direct:  K=36
INFO - 04/10/26 19:17:11 - 0:06:10 - Direct: secret not predicted. (true secret = [ 0 -1 -1  0  0  0  0  1  0  0 -1  1 -1  0  0  0  0  1  0  0  0  0  1  0
                                       0  0 -1  0  1  0], predicted secret = [1 1 1 1 1 1 0 0 0 0 0 0 0 0 0 0 0 0 0 0 0 0 0 0 0 0 0 0 0 0], true support = [0 1 1 0 0 0 0 1 0 0 1 1 1 0 0 0 0 1 0 0 0 0 1 0 0 0 1 0 1 0], predicted support = [1 1 1 1 1 1 0 0 0 0 0 0 0 0 0 0 0 0 0 0 0 0 0 0 0 0 0 0 0 0])
INFO - 04/10/26 19:17:20 - 0:06:19 - CA: secret not predicted. (true secret = [ 0 -1 -1  0  0  0  0  1  0  0 -1  1 -1  0  0  0  0  1  0  0  0  0  1  0
                                       0  0 -1  0  1  0], predicted secret = [1 1 1 1 0 0 0 0 0 0 0 0 1 0 0 0 0 1 0 0 0 0 0 0 0 0 0 0 0 0], true support = [0 1 1 0 0 0 0 1 0 0 1 1 1 0 0 0 0 1 0 0 0 0 1 0 0 0 1 0 1 0], predicted support = [1 1 1 1 0 0 0 0 0 0 0 0 1 0 0 0 0 1 0 0 0 0 0 0 0 0 0 0 0 0])
INFO - 04/10/26 19:17:20 - 0:06:19 - CA: secret not predicted. (true secret = [ 0 -1 -1  0  0  0  0  1  0  0 -1  1 -1  0  0  0  0  1  0  0  0  0  1  0
                                       0  0 -1  0  1  0], predicted secret = [0 0 0 0 0 0 0 0 0 0 0 1 1 0 0 0 1 1 0 0 0 0 1 0 0 0 1 0 0 0], true support = [0 1 1 0 0 0 0 1 0 0 1 1 1 0 0 0 0 1 0 0 0 0 1 0 0 0 1 0 1 0], predicted support = [0 0 0 0 0 0 0 0 0 0 0 1 1 0 0 0 1 1 0 0 0 0 1 0 0 0 1 0 0 0])
INFO - 04/10/26 19:17:20 - 0:06:19 - Hybrid: direct, ca
INFO - 04/10/26 19:17:20 - 0:06:19 - direct, ca - Sum Normalized: secret not predicted. (true secret = [ 0 -1 -1  0  0  0  0  1  0  0 -1  1 -1  0  0  0  0  1  0  0  0  0  1  0
                                       0  0 -1  0  1  0], predicted secret = [0 0 0 0 0 0 0 0 0 0 0 1 1 0 0 0 1 1 0 0 0 0 1 0 0 0 1 0 0 0], true support = [0 1 1 0 0 0 0 1 0 0 1 1 1 0 0 0 0 1 0 0 0 0 1 0 0 0 1 0 1 0], predicted support = [0 0 0 0 0 0 0 0 0 0 0 1 1 0 0 0 1 1 0 0 0 0 1 0 0 0 1 0 0 0])
INFO - 04/10/26 19:17:20 - 0:06:19 - direct, ca - Max Normalized: secret not predicted. (true secret = [ 0 -1 -1  0  0  0  0  1  0  0 -1  1 -1  0  0  0  0  1  0  0  0  0  1  0
                                       0  0 -1  0  1  0], predicted secret = [1 1 1 1 1 1 0 0 0 0 0 0 0 0 0 0 0 0 0 0 0 0 0 0 0 0 0 0 0 0], true support = [0 1 1 0 0 0 0 1 0 0 1 1 1 0 0 0 0 1 0 0 0 0 1 0 0 0 1 0 1 0], predicted support = [1 1 1 1 1 1 0 0 0 0 0 0 0 0 0 0 0 0 0 0 0 0 0 0 0 0 0 0 0 0])
INFO - 04/10/26 19:17:20 - 0:06:19 - direct, ca - Sum Rank: secret not predicted. (true secret = [ 0 -1 -1  0  0  0  0  1  0  0 -1  1 -1  0  0  0  0  1  0  0  0  0  1  0
                                       0  0 -1  0  1  0], predicted secret = [0 0 0 0 0 0 0 0 0 0 0 1 1 0 0 0 1 1 0 0 0 0 1 0 0 0 1 0 0 0], true support = [0 1 1 0 0 0 0 1 0 0 1 1 1 0 0 0 0 1 0 0 0 0 1 0 0 0 1 0 1 0], predicted support = [0 0 0 0 0 0 0 0 0 0 0 1 1 0 0 0 1 1 0 0 0 0 1 0 0 0 1 0 0 0])
INFO - 04/10/26 19:17:20 - 0:06:19 - direct, ca - Max Rank: secret not predicted. (true secret = [ 0 -1 -1  0  0  0  0  1  0  0 -1  1 -1  0  0  0  0  1  0  0  0  0  1  0
                                       0  0 -1  0  1  0], predicted secret = [0 0 0 0 0 0 0 0 0 0 0 1 1 0 0 0 1 1 0 0 0 0 1 0 0 0 1 0 0 0], true support = [0 1 1 0 0 0 0 1 0 0 1 1 1 0 0 0 0 1 0 0 0 0 1 0 0 0 1 0 1 0], predicted support = [0 0 0 0 0 0 0 0 0 0 0 1 1 0 0 0 1 1 0 0 0 0 1 0 0 0 1 0 0 0])
INFO - 04/10/26 19:17:20 - 0:06:19 - Hybrid: direct, distinguisher
INFO - 04/10/26 19:17:20 - 0:06:19 - direct, distinguisher - Sum Normalized: secret not predicted. (true secret = [ 0 -1 -1  0  0  0  0  1  0  0 -1  1 -1  0  0  0  0  1  0  0  0  0  1  0
                                       0  0 -1  0  1  0], predicted secret = [1 0 1 0 0 1 0 0 0 0 0 0 1 0 0 0 0 0 0 0 0 0 1 0 0 0 0 0 1 0], true support = [0 1 1 0 0 0 0 1 0 0 1 1 1 0 0 0 0 1 0 0 0 0 1 0 0 0 1 0 1 0], predicted support = [1 0 1 0 0 1 0 0 0 0 0 0 1 0 0 0 0 0 0 0 0 0 1 0 0 0 0 0 1 0])
INFO - 04/10/26 19:17:20 - 0:06:19 - direct, distinguisher - Max Normalized: secret not predicted. (true secret = [ 0 -1 -1  0  0  0  0  1  0  0 -1  1 -1  0  0  0  0  1  0  0  0  0  1  0
                                       0  0 -1  0  1  0], predicted secret = [1 1 1 1 1 1 0 0 0 0 0 0 0 0 0 0 0 0 0 0 0 0 0 0 0 0 0 0 0 0], true support = [0 1 1 0 0 0 0 1 0 0 1 1 1 0 0 0 0 1 0 0 0 0 1 0 0 0 1 0 1 0], predicted support = [1 1 1 1 1 1 0 0 0 0 0 0 0 0 0 0 0 0 0 0 0 0 0 0 0 0 0 0 0 0])
INFO - 04/10/26 19:17:20 - 0:06:19 - direct, distinguisher - Sum Rank: secret not predicted. (true secret = [ 0 -1 -1  0  0  0  0  1  0  0 -1  1 -1  0  0  0  0  1  0  0  0  0  1  0
                                       0  0 -1  0  1  0], predicted secret = [1 0 1 0 0 1 0 0 0 0 0 0 1 0 0 0 0 0 0 0 0 0 1 0 0 0 0 0 1 0], true support = [0 1 1 0 0 0 0 1 0 0 1 1 1 0 0 0 0 1 0 0 0 0 1 0 0 0 1 0 1 0], predicted support = [1 0 1 0 0 1 0 0 0 0 0 0 1 0 0 0 0 0 0 0 0 0 1 0 0 0 0 0 1 0])
INFO - 04/10/26 19:17:20 - 0:06:19 - direct, distinguisher - Max Rank: secret not predicted. (true secret = [ 0 -1 -1  0  0  0  0  1  0  0 -1  1 -1  0  0  0  0  1  0  0  0  0  1  0
                                       0  0 -1  0  1  0], predicted secret = [1 0 1 0 0 1 0 0 0 0 0 0 1 0 0 0 0 0 0 0 0 0 1 0 0 0 0 0 1 0], true support = [0 1 1 0 0 0 0 1 0 0 1 1 1 0 0 0 0 1 0 0 0 0 1 0 0 0 1 0 1 0], predicted support = [1 0 1 0 0 1 0 0 0 0 0 0 1 0 0 0 0 0 0 0 0 0 1 0 0 0 0 0 1 0])
INFO - 04/10/26 19:17:20 - 0:06:19 - Hybrid: ca, distinguisher
INFO - 04/10/26 19:17:20 - 0:06:19 - ca, distinguisher - Sum Normalized: secret not predicted. (true secret = [ 0 -1 -1  0  0  0  0  1  0  0 -1  1 -1  0  0  0  0  1  0  0  0  0  1  0
                                       0  0 -1  0  1  0], predicted secret = [0 0 0 0 0 1 0 0 0 0 0 1 1 0 0 0 1 1 0 0 0 0 1 0 0 0 0 0 0 0], true support = [0 1 1 0 0 0 0 1 0 0 1 1 1 0 0 0 0 1 0 0 0 0 1 0 0 0 1 0 1 0], predicted support = [0 0 0 0 0 1 0 0 0 0 0 1 1 0 0 0 1 1 0 0 0 0 1 0 0 0 0 0 0 0])
INFO - 04/10/26 19:17:20 - 0:06:19 - ca, distinguisher - Max Normalized: secret not predicted. (true secret = [ 0 -1 -1  0  0  0  0  1  0  0 -1  1 -1  0  0  0  0  1  0  0  0  0  1  0
                                       0  0 -1  0  1  0], predicted secret = [1 0 0 0 0 1 0 0 0 0 0 0 1 0 0 0 0 1 0 0 0 0 1 0 0 0 0 0 1 0], true support = [0 1 1 0 0 0 0 1 0 0 1 1 1 0 0 0 0 1 0 0 0 0 1 0 0 0 1 0 1 0], predicted support = [1 0 0 0 0 1 0 0 0 0 0 0 1 0 0 0 0 1 0 0 0 0 1 0 0 0 0 0 1 0])
INFO - 04/10/26 19:17:20 - 0:06:19 - ca, distinguisher - Sum Rank: secret not predicted. (true secret = [ 0 -1 -1  0  0  0  0  1  0  0 -1  1 -1  0  0  0  0  1  0  0  0  0  1  0
                                       0  0 -1  0  1  0], predicted secret = [0 0 1 0 0 0 0 0 0 0 1 1 1 0 0 0 0 1 0 0 0 0 1 0 0 0 0 0 0 0], true support = [0 1 1 0 0 0 0 1 0 0 1 1 1 0 0 0 0 1 0 0 0 0 1 0 0 0 1 0 1 0], predicted support = [0 0 1 0 0 0 0 0 0 0 1 1 1 0 0 0 0 1 0 0 0 0 1 0 0 0 0 0 0 0])
INFO - 04/10/26 19:17:20 - 0:06:19 - ca, distinguisher - Max Rank: secret not predicted. (true secret = [ 0 -1 -1  0  0  0  0  1  0  0 -1  1 -1  0  0  0  0  1  0  0  0  0  1  0
                                       0  0 -1  0  1  0], predicted secret = [0 0 0 0 0 1 0 0 0 0 0 1 1 0 0 0 1 1 0 0 0 0 1 0 0 0 0 0 0 0], true support = [0 1 1 0 0 0 0 1 0 0 1 1 1 0 0 0 0 1 0 0 0 0 1 0 0 0 1 0 1 0], predicted support = [0 0 0 0 0 1 0 0 0 0 0 1 1 0 0 0 1 1 0 0 0 0 1 0 0 0 0 0 0 0])
INFO - 04/10/26 19:17:20 - 0:06:19 - Hybrid: direct, ca, distinguisher
INFO - 04/10/26 19:17:20 - 0:06:19 - direct, ca, distinguisher - Sum Normalized: secret not predicted. (true secret = [ 0 -1 -1  0  0  0  0  1  0  0 -1  1 -1  0  0  0  0  1  0  0  0  0  1  0
                                       0  0 -1  0  1  0], predicted secret = [0 0 0 0 0 1 0 0 0 0 0 1 1 0 0 0 1 1 0 0 0 0 1 0 0 0 0 0 0 0], true support = [0 1 1 0 0 0 0 1 0 0 1 1 1 0 0 0 0 1 0 0 0 0 1 0 0 0 1 0 1 0], predicted support = [0 0 0 0 0 1 0 0 0 0 0 1 1 0 0 0 1 1 0 0 0 0 1 0 0 0 0 0 0 0])
INFO - 04/10/26 19:17:20 - 0:06:19 - direct, ca, distinguisher - Max Normalized: secret not predicted. (true secret = [ 0 -1 -1  0  0  0  0  1  0  0 -1  1 -1  0  0  0  0  1  0  0  0  0  1  0
                                       0  0 -1  0  1  0], predicted secret = [1 1 1 1 1 1 0 0 0 0 0 0 0 0 0 0 0 0 0 0 0 0 0 0 0 0 0 0 0 0], true support = [0 1 1 0 0 0 0 1 0 0 1 1 1 0 0 0 0 1 0 0 0 0 1 0 0 0 1 0 1 0], predicted support = [1 1 1 1 1 1 0 0 0 0 0 0 0 0 0 0 0 0 0 0 0 0 0 0 0 0 0 0 0 0])
INFO - 04/10/26 19:17:20 - 0:06:19 - direct, ca, distinguisher - Sum Rank: secret not predicted. (true secret = [ 0 -1 -1  0  0  0  0  1  0  0 -1  1 -1  0  0  0  0  1  0  0  0  0  1  0
                                       0  0 -1  0  1  0], predicted secret = [0 0 1 0 0 0 0 0 0 0 1 1 1 0 0 0 0 1 0 0 0 0 1 0 0 0 0 0 0 0], true support = [0 1 1 0 0 0 0 1 0 0 1 1 1 0 0 0 0 1 0 0 0 0 1 0 0 0 1 0 1 0], predicted support = [0 0 1 0 0 0 0 0 0 0 1 1 1 0 0 0 0 1 0 0 0 0 1 0 0 0 0 0 0 0])
INFO - 04/10/26 19:17:20 - 0:06:19 - direct, ca, distinguisher - Max Rank: secret not predicted. (true secret = [ 0 -1 -1  0  0  0  0  1  0  0 -1  1 -1  0  0  0  0  1  0  0  0  0  1  0
                                       0  0 -1  0  1  0], predicted secret = [0 0 0 0 0 1 0 0 0 0 0 1 1 0 0 0 1 1 0 0 0 0 1 0 0 0 0 0 0 0], true support = [0 1 1 0 0 0 0 1 0 0 1 1 1 0 0 0 0 1 0 0 0 0 1 0 0 0 1 0 1 0], predicted support = [0 0 0 0 0 1 0 0 0 0 0 1 1 0 0 0 1 1 0 0 0 0 1 0 0 0 0 0 0 0])
INFO - 04/10/26 19:17:20 - 0:06:19 - Epoch 1 metrics | train_loss: 1.617875 | train_acc1: 14.646313 | train_acc2: 20.260517 | valid_xe_loss: 1.619569 | valid_acc1: 14.517405 | valid_acc2: 20.005934
INFO - 04/10/26 19:17:20 - 0:06:19 - __log__:{"train_loss": 1.6178748429927472, "train_acc1": 14.646313179782469, "train_acc2": 20.260516634676904, "epoch": 1, "valid_xe_loss": 1.6195691310906712, "valid_acc1": 14.51740506329114, "valid_acc2": 20.005933544303797}
INFO - 04/10/26 19:17:20 - 0:06:19 - Saving checkpoint to /home/yu_mcc/PQC_salsa/runs/n30_q127_h3_1m/train_gpu_ternary_h10_secret0_init0_epoch200000/checkpoint.pth ...
WARNING - 04/10/26 19:17:20 - 0:06:19 - Saving encoder parameters ...
WARNING - 04/10/26 19:17:20 - 0:06:19 - Saving decoder parameters ...
WARNING - 04/10/26 19:17:20 - 0:06:19 - Saving optimizer ...
INFO - 04/10/26 19:17:20 - 0:06:19 - ============ Starting epoch 2 ... ============
INFO - 04/10/26 19:17:22 - 0:06:21 -    3150 -  130.21 equations/s -  8333.67 words/s - MEM: 1.36 GB - LOSS:  1.6152 || ACC1: 15.0716 || ACC2: 20.5078 - LR: 3.9436e-06
INFO - 04/10/26 19:17:27 - 0:06:26 -    3200 - 1435.53 equations/s - 91873.80 words/s - MEM: 1.36 GB - LOSS:  1.6128 || ACC1: 15.5000 || ACC2: 21.6094 - LR: 4.0060e-06
INFO - 04/10/26 19:17:35 - 0:06:34 -    3250 -  789.86 equations/s - 50551.18 words/s - MEM: 1.36 GB - LOSS:  1.6120 || ACC1: 15.5625 || ACC2: 21.2500 - LR: 4.0684e-06
INFO - 04/10/26 19:17:40 - 0:06:38 -    3300 - 1373.37 equations/s - 87895.73 words/s - MEM: 1.36 GB - LOSS:  1.6119 || ACC1: 16.0000 || ACC2: 22.2031 - LR: 4.1309e-06
INFO - 04/10/26 19:17:44 - 0:06:43 -    3350 - 1372.37 equations/s - 87831.53 words/s - MEM: 1.36 GB - LOSS:  1.6106 || ACC1: 16.3750 || ACC2: 22.2969 - LR: 4.1933e-06
INFO - 04/10/26 19:17:49 - 0:06:48 -    3400 - 1334.12 equations/s - 85383.48 words/s - MEM: 1.36 GB - LOSS:  1.6123 || ACC1: 15.7344 || ACC2: 22.1250 - LR: 4.2557e-06
INFO - 04/10/26 19:17:54 - 0:06:52 -    3450 - 1405.93 equations/s - 89979.78 words/s - MEM: 1.36 GB - LOSS:  1.6141 || ACC1: 15.9844 || ACC2: 21.7812 - LR: 4.3182e-06
INFO - 04/10/26 19:17:58 - 0:06:57 -    3500 - 1417.51 equations/s - 90720.81 words/s - MEM: 1.36 GB - LOSS:  1.6091 || ACC1: 17.0000 || ACC2: 23.2188 - LR: 4.3806e-06
INFO - 04/10/26 19:18:03 - 0:07:01 -    3550 - 1464.08 equations/s - 93700.99 words/s - MEM: 1.36 GB - LOSS:  1.6110 || ACC1: 17.0469 || ACC2: 23.1719 - LR: 4.4431e-06
INFO - 04/10/26 19:18:11 - 0:07:10 -    3600 -  771.53 equations/s - 49377.68 words/s - MEM: 1.36 GB - LOSS:  1.6104 || ACC1: 16.8125 || ACC2: 22.7656 - LR: 4.5055e-06
INFO - 04/10/26 19:18:15 - 0:07:14 -    3650 - 1397.39 equations/s - 89432.93 words/s - MEM: 1.36 GB - LOSS:  1.6085 || ACC1: 17.2031 || ACC2: 22.8906 - LR: 4.5679e-06
INFO - 04/10/26 19:18:20 - 0:07:19 -    3700 - 1399.06 equations/s - 89539.67 words/s - MEM: 1.36 GB - LOSS:  1.6098 || ACC1: 16.9219 || ACC2: 22.7500 - LR: 4.6304e-06
INFO - 04/10/26 19:18:25 - 0:07:24 -    3750 - 1341.27 equations/s - 85841.47 words/s - MEM: 1.36 GB - LOSS:  1.6078 || ACC1: 17.8594 || ACC2: 23.7188 - LR: 4.6928e-06
INFO - 04/10/26 19:18:29 - 0:07:28 -    3800 - 1365.32 equations/s - 87380.71 words/s - MEM: 1.36 GB - LOSS:  1.6071 || ACC1: 17.2812 || ACC2: 22.8750 - LR: 4.7552e-06
INFO - 04/10/26 19:18:34 - 0:07:33 -    3850 - 1395.19 equations/s - 89292.04 words/s - MEM: 1.36 GB - LOSS:  1.6079 || ACC1: 17.5625 || ACC2: 23.5625 - LR: 4.8177e-06
INFO - 04/10/26 19:18:39 - 0:07:37 -    3900 - 1405.10 equations/s - 89926.53 words/s - MEM: 1.36 GB - LOSS:  1.6076 || ACC1: 17.5625 || ACC2: 23.0469 - LR: 4.8801e-06
INFO - 04/10/26 19:18:47 - 0:07:45 -    3950 -  795.86 equations/s - 50935.09 words/s - MEM: 1.36 GB - LOSS:  1.6072 || ACC1: 17.0469 || ACC2: 23.3281 - LR: 4.9426e-06
INFO - 04/10/26 19:18:51 - 0:07:50 -    4000 - 1422.25 equations/s - 91024.05 words/s - MEM: 1.36 GB - LOSS:  1.6083 || ACC1: 18.1250 || ACC2: 23.6094 - LR: 5.0050e-06
INFO - 04/10/26 19:18:56 - 0:07:54 -    4050 - 1427.34 equations/s - 91350.00 words/s - MEM: 1.36 GB - LOSS:  1.6063 || ACC1: 18.2188 || ACC2: 24.1875 - LR: 5.0674e-06
INFO - 04/10/26 19:19:00 - 0:07:59 -    4100 - 1338.08 equations/s - 85637.43 words/s - MEM: 1.36 GB - LOSS:  1.6054 || ACC1: 18.1406 || ACC2: 24.2812 - LR: 5.1299e-06
INFO - 04/10/26 19:19:05 - 0:08:04 -    4150 - 1352.18 equations/s - 86539.23 words/s - MEM: 1.36 GB - LOSS:  1.6072 || ACC1: 17.7500 || ACC2: 23.8906 - LR: 5.1923e-06
INFO - 04/10/26 19:19:10 - 0:08:09 -    4200 - 1390.65 equations/s - 89001.76 words/s - MEM: 1.36 GB - LOSS:  1.6083 || ACC1: 18.4062 || ACC2: 24.1719 - LR: 5.2547e-06
INFO - 04/10/26 19:19:14 - 0:08:13 -    4250 - 1426.78 equations/s - 91314.00 words/s - MEM: 1.36 GB - LOSS:  1.6045 || ACC1: 18.2656 || ACC2: 23.8438 - LR: 5.3172e-06
INFO - 04/10/26 19:19:22 - 0:08:21 -    4300 -  785.81 equations/s - 50291.62 words/s - MEM: 1.36 GB - LOSS:  1.6064 || ACC1: 17.4844 || ACC2: 23.0312 - LR: 5.3796e-06
INFO - 04/10/26 19:19:27 - 0:08:26 -    4350 - 1325.09 equations/s - 84805.50 words/s - MEM: 1.36 GB - LOSS:  1.6071 || ACC1: 17.1406 || ACC2: 23.0781 - LR: 5.4421e-06
INFO - 04/10/26 19:19:32 - 0:08:31 -    4400 - 1302.25 equations/s - 83344.20 words/s - MEM: 1.36 GB - LOSS:  1.6049 || ACC1: 17.5781 || ACC2: 23.4531 - LR: 5.5045e-06
INFO - 04/10/26 19:19:37 - 0:08:35 -    4450 - 1391.00 equations/s - 89024.14 words/s - MEM: 1.36 GB - LOSS:  1.6033 || ACC1: 18.4531 || ACC2: 23.5469 - LR: 5.5669e-06
INFO - 04/10/26 19:19:42 - 0:08:40 -    4500 - 1334.97 equations/s - 85437.90 words/s - MEM: 1.36 GB - LOSS:  1.6033 || ACC1: 18.7969 || ACC2: 24.8906 - LR: 5.6294e-06
INFO - 04/10/26 19:19:46 - 0:08:45 -    4550 - 1320.04 equations/s - 84482.41 words/s - MEM: 1.36 GB - LOSS:  1.6031 || ACC1: 18.9531 || ACC2: 24.3906 - LR: 5.6918e-06
INFO - 04/10/26 19:19:51 - 0:08:50 -    4600 - 1358.64 equations/s - 86952.76 words/s - MEM: 1.36 GB - LOSS:  1.6029 || ACC1: 19.5000 || ACC2: 24.7969 - LR: 5.7543e-06
INFO - 04/10/26 19:19:59 - 0:08:58 -    4650 -  795.44 equations/s - 50907.99 words/s - MEM: 1.36 GB - LOSS:  1.6006 || ACC1: 19.3281 || ACC2: 24.7656 - LR: 5.8167e-06
INFO - 04/10/26 19:20:03 - 0:09:02 -    4689 - 1342.42 equations/s - 85915.04 words/s - MEM: 1.36 GB - LOSS:  1.6003 || ACC1: 19.5112 || ACC2: 25.6210 - LR: 5.8654e-06
INFO - 04/10/26 19:20:03 - 0:09:02 - ============ End of epoch 2 ============
INFO - 04/10/26 19:20:03 - 0:09:02 - Starting Distinguisher Method
INFO - 04/10/26 19:20:18 - 0:09:16 - Distinguishing 0s using the emd. 
INFO - 04/10/26 19:20:18 - 0:09:16 - Distinguishing +/-1s using the emd. 
INFO - 04/10/26 19:20:18 - 0:09:16 - Real secret: -1: {np.int64(1), np.int64(2), np.int64(10), np.int64(12), np.int64(26)}, 1: {np.int64(7), np.int64(11), np.int64(17), np.int64(22), np.int64(28)}
INFO - 04/10/26 19:20:18 - 0:09:16 - Nonzero bits not identified. Guess: [ 5  7 17 26 29  3 12 11 28 10]
INFO - 04/10/26 19:20:18 - 0:09:16 - Distinguishing +/-1s using the mean. 
INFO - 04/10/26 19:20:18 - 0:09:16 - Real secret: -1: {np.int64(1), np.int64(2), np.int64(10), np.int64(12), np.int64(26)}, 1: {np.int64(7), np.int64(11), np.int64(17), np.int64(22), np.int64(28)}
INFO - 04/10/26 19:20:18 - 0:09:16 - Nonzero bits not identified. Guess: [ 5  7 17 26 29  3 12 11 28 10]
INFO - 04/10/26 19:20:18 - 0:09:16 - Distinguishing 0s using the mean. 
INFO - 04/10/26 19:20:18 - 0:09:16 - Distinguishing +/-1s using the emd. 
INFO - 04/10/26 19:20:18 - 0:09:16 - Real secret: -1: {np.int64(1), np.int64(2), np.int64(10), np.int64(12), np.int64(26)}, 1: {np.int64(7), np.int64(11), np.int64(17), np.int64(22), np.int64(28)}
INFO - 04/10/26 19:20:18 - 0:09:16 - Distinguishing +/-1s using the mean. 
INFO - 04/10/26 19:20:18 - 0:09:16 - Real secret: -1: {np.int64(1), np.int64(2), np.int64(10), np.int64(12), np.int64(26)}, 1: {np.int64(7), np.int64(11), np.int64(17), np.int64(22), np.int64(28)}
INFO - 04/10/26 19:20:18 - 0:09:16 - Starting Direct Method
INFO - 04/10/26 19:20:18 - 0:09:16 - Direct:  K=64
INFO - 04/10/26 19:20:18 - 0:09:17 - Direct:  K=74
INFO - 04/10/26 19:20:18 - 0:09:17 - Direct:  K=79
INFO - 04/10/26 19:20:18 - 0:09:17 - Direct:  K=71
INFO - 04/10/26 19:20:18 - 0:09:17 - Direct:  K=66
INFO - 04/10/26 19:20:18 - 0:09:17 - Direct:  K=46
INFO - 04/10/26 19:20:18 - 0:09:17 - Direct:  K=73
INFO - 04/10/26 19:20:19 - 0:09:17 - Direct:  K=69
INFO - 04/10/26 19:20:19 - 0:09:17 - Direct:  K=64
INFO - 04/10/26 19:20:19 - 0:09:17 - Direct:  K=35
INFO - 04/10/26 19:20:19 - 0:09:17 - Direct:  K=50
INFO - 04/10/26 19:20:19 - 0:09:18 - Direct:  K=47
INFO - 04/10/26 19:20:19 - 0:09:18 - Direct:  K=80
INFO - 04/10/26 19:20:19 - 0:09:18 - Direct:  K=81
INFO - 04/10/26 19:20:19 - 0:09:18 - Direct:  K=37
INFO - 04/10/26 19:20:19 - 0:09:18 - Direct: secret not predicted. (true secret = [ 0 -1 -1  0  0  0  0  1  0  0 -1  1 -1  0  0  0  0  1  0  0  0  0  1  0
                                       0  0 -1  0  1  0], predicted secret = [1 1 1 1 1 0 0 0 0 0 0 0 0 0 0 0 0 0 1 0 0 0 0 0 0 0 0 0 0 0], true support = [0 1 1 0 0 0 0 1 0 0 1 1 1 0 0 0 0 1 0 0 0 0 1 0 0 0 1 0 1 0], predicted support = [1 1 1 1 1 0 0 0 0 0 0 0 0 0 0 0 0 0 1 0 0 0 0 0 0 0 0 0 0 0])
INFO - 04/10/26 19:20:28 - 0:09:27 - CA: secret not predicted. (true secret = [ 0 -1 -1  0  0  0  0  1  0  0 -1  1 -1  0  0  0  0  1  0  0  0  0  1  0
                                       0  0 -1  0  1  0], predicted secret = [0 1 1 0 0 0 0 0 0 0 1 0 1 0 0 0 0 1 0 0 0 0 0 0 0 0 1 0 0 0], true support = [0 1 1 0 0 0 0 1 0 0 1 1 1 0 0 0 0 1 0 0 0 0 1 0 0 0 1 0 1 0], predicted support = [0 1 1 0 0 0 0 0 0 0 1 0 1 0 0 0 0 1 0 0 0 0 0 0 0 0 1 0 0 0])
INFO - 04/10/26 19:20:28 - 0:09:27 - CA: secret not predicted. (true secret = [ 0 -1 -1  0  0  0  0  1  0  0 -1  1 -1  0  0  0  0  1  0  0  0  0  1  0
                                       0  0 -1  0  1  0], predicted secret = [0 0 0 0 0 0 0 1 0 0 0 1 0 0 0 0 0 1 0 0 0 0 1 0 0 0 1 0 1 0], true support = [0 1 1 0 0 0 0 1 0 0 1 1 1 0 0 0 0 1 0 0 0 0 1 0 0 0 1 0 1 0], predicted support = [0 0 0 0 0 0 0 1 0 0 0 1 0 0 0 0 0 1 0 0 0 0 1 0 0 0 1 0 1 0])
INFO - 04/10/26 19:20:28 - 0:09:27 - Hybrid: direct, ca
INFO - 04/10/26 19:20:28 - 0:09:27 - direct, ca - Sum Normalized: secret not predicted. (true secret = [ 0 -1 -1  0  0  0  0  1  0  0 -1  1 -1  0  0  0  0  1  0  0  0  0  1  0
                                       0  0 -1  0  1  0], predicted secret = [0 0 0 0 0 0 0 0 0 0 1 0 1 0 0 0 0 1 1 0 0 0 1 0 0 0 1 0 0 0], true support = [0 1 1 0 0 0 0 1 0 0 1 1 1 0 0 0 0 1 0 0 0 0 1 0 0 0 1 0 1 0], predicted support = [0 0 0 0 0 0 0 0 0 0 1 0 1 0 0 0 0 1 1 0 0 0 1 0 0 0 1 0 0 0])
INFO - 04/10/26 19:20:28 - 0:09:27 - direct, ca - Max Normalized: secret not predicted. (true secret = [ 0 -1 -1  0  0  0  0  1  0  0 -1  1 -1  0  0  0  0  1  0  0  0  0  1  0
                                       0  0 -1  0  1  0], predicted secret = [0 0 0 0 0 0 0 0 0 0 1 0 1 0 0 0 0 1 1 0 0 0 1 0 0 0 1 0 0 0], true support = [0 1 1 0 0 0 0 1 0 0 1 1 1 0 0 0 0 1 0 0 0 0 1 0 0 0 1 0 1 0], predicted support = [0 0 0 0 0 0 0 0 0 0 1 0 1 0 0 0 0 1 1 0 0 0 1 0 0 0 1 0 0 0])
INFO - 04/10/26 19:20:28 - 0:09:27 - direct, ca - Sum Rank: secret not predicted. (true secret = [ 0 -1 -1  0  0  0  0  1  0  0 -1  1 -1  0  0  0  0  1  0  0  0  0  1  0
                                       0  0 -1  0  1  0], predicted secret = [0 0 0 0 0 0 0 0 0 0 1 0 1 0 0 0 0 1 1 0 0 0 1 0 0 0 1 0 0 0], true support = [0 1 1 0 0 0 0 1 0 0 1 1 1 0 0 0 0 1 0 0 0 0 1 0 0 0 1 0 1 0], predicted support = [0 0 0 0 0 0 0 0 0 0 1 0 1 0 0 0 0 1 1 0 0 0 1 0 0 0 1 0 0 0])
INFO - 04/10/26 19:20:28 - 0:09:27 - direct, ca - Max Rank: secret not predicted. (true secret = [ 0 -1 -1  0  0  0  0  1  0  0 -1  1 -1  0  0  0  0  1  0  0  0  0  1  0
                                       0  0 -1  0  1  0], predicted secret = [0 0 0 0 0 0 0 0 0 0 1 0 1 0 0 0 0 1 1 0 0 0 1 0 0 0 1 0 0 0], true support = [0 1 1 0 0 0 0 1 0 0 1 1 1 0 0 0 0 1 0 0 0 0 1 0 0 0 1 0 1 0], predicted support = [0 0 0 0 0 0 0 0 0 0 1 0 1 0 0 0 0 1 1 0 0 0 1 0 0 0 1 0 0 0])
INFO - 04/10/26 19:20:28 - 0:09:27 - Hybrid: direct, distinguisher
INFO - 04/10/26 19:20:28 - 0:09:27 - direct, distinguisher - Sum Normalized: secret not predicted. (true secret = [ 0 -1 -1  0  0  0  0  1  0  0 -1  1 -1  0  0  0  0  1  0  0  0  0  1  0
                                       0  0 -1  0  1  0], predicted secret = [0 0 1 0 0 0 0 0 0 0 1 0 1 0 0 0 0 1 0 0 0 0 0 0 0 0 1 0 1 0], true support = [0 1 1 0 0 0 0 1 0 0 1 1 1 0 0 0 0 1 0 0 0 0 1 0 0 0 1 0 1 0], predicted support = [0 0 1 0 0 0 0 0 0 0 1 0 1 0 0 0 0 1 0 0 0 0 0 0 0 0 1 0 1 0])
INFO - 04/10/26 19:20:28 - 0:09:27 - direct, distinguisher - Max Normalized: secret not predicted. (true secret = [ 0 -1 -1  0  0  0  0  1  0  0 -1  1 -1  0  0  0  0  1  0  0  0  0  1  0
                                       0  0 -1  0  1  0], predicted secret = [0 0 1 0 0 0 0 0 0 0 1 0 0 0 0 0 0 1 1 0 0 0 0 0 0 0 1 0 1 0], true support = [0 1 1 0 0 0 0 1 0 0 1 1 1 0 0 0 0 1 0 0 0 0 1 0 0 0 1 0 1 0], predicted support = [0 0 1 0 0 0 0 0 0 0 1 0 0 0 0 0 0 1 1 0 0 0 0 0 0 0 1 0 1 0])
INFO - 04/10/26 19:20:28 - 0:09:27 - direct, distinguisher - Sum Rank: secret not predicted. (true secret = [ 0 -1 -1  0  0  0  0  1  0  0 -1  1 -1  0  0  0  0  1  0  0  0  0  1  0
                                       0  0 -1  0  1  0], predicted secret = [0 0 1 0 0 0 0 0 0 0 1 0 0 0 0 0 0 1 1 0 0 0 0 0 0 0 1 0 1 0], true support = [0 1 1 0 0 0 0 1 0 0 1 1 1 0 0 0 0 1 0 0 0 0 1 0 0 0 1 0 1 0], predicted support = [0 0 1 0 0 0 0 0 0 0 1 0 0 0 0 0 0 1 1 0 0 0 0 0 0 0 1 0 1 0])
INFO - 04/10/26 19:20:28 - 0:09:27 - direct, distinguisher - Max Rank: secret not predicted. (true secret = [ 0 -1 -1  0  0  0  0  1  0  0 -1  1 -1  0  0  0  0  1  0  0  0  0  1  0
                                       0  0 -1  0  1  0], predicted secret = [0 0 1 0 0 0 0 0 0 0 1 0 0 0 0 0 0 1 1 0 0 0 0 0 0 0 1 0 1 0], true support = [0 1 1 0 0 0 0 1 0 0 1 1 1 0 0 0 0 1 0 0 0 0 1 0 0 0 1 0 1 0], predicted support = [0 0 1 0 0 0 0 0 0 0 1 0 0 0 0 0 0 1 1 0 0 0 0 0 0 0 1 0 1 0])
INFO - 04/10/26 19:20:28 - 0:09:27 - Hybrid: ca, distinguisher
INFO - 04/10/26 19:20:28 - 0:09:27 - ca, distinguisher - Sum Normalized: secret not predicted. (true secret = [ 0 -1 -1  0  0  0  0  1  0  0 -1  1 -1  0  0  0  0  1  0  0  0  0  1  0
                                       0  0 -1  0  1  0], predicted secret = [0 0 1 0 0 0 0 0 0 0 1 0 1 0 0 0 0 1 0 0 0 0 1 0 0 0 1 0 0 0], true support = [0 1 1 0 0 0 0 1 0 0 1 1 1 0 0 0 0 1 0 0 0 0 1 0 0 0 1 0 1 0], predicted support = [0 0 1 0 0 0 0 0 0 0 1 0 1 0 0 0 0 1 0 0 0 0 1 0 0 0 1 0 0 0])
INFO - 04/10/26 19:20:28 - 0:09:27 - ca, distinguisher - Max Normalized: secret not predicted. (true secret = [ 0 -1 -1  0  0  0  0  1  0  0 -1  1 -1  0  0  0  0  1  0  0  0  0  1  0
                                       0  0 -1  0  1  0], predicted secret = [0 0 1 0 0 0 0 0 0 0 1 0 1 0 0 0 0 1 0 0 0 0 0 0 0 0 1 0 1 0], true support = [0 1 1 0 0 0 0 1 0 0 1 1 1 0 0 0 0 1 0 0 0 0 1 0 0 0 1 0 1 0], predicted support = [0 0 1 0 0 0 0 0 0 0 1 0 1 0 0 0 0 1 0 0 0 0 0 0 0 0 1 0 1 0])
INFO - 04/10/26 19:20:28 - 0:09:27 - ca, distinguisher - Sum Rank: secret not predicted. (true secret = [ 0 -1 -1  0  0  0  0  1  0  0 -1  1 -1  0  0  0  0  1  0  0  0  0  1  0
                                       0  0 -1  0  1  0], predicted secret = [0 0 1 0 0 0 0 0 0 0 1 0 1 0 0 0 0 1 0 0 0 0 1 0 0 0 1 0 0 0], true support = [0 1 1 0 0 0 0 1 0 0 1 1 1 0 0 0 0 1 0 0 0 0 1 0 0 0 1 0 1 0], predicted support = [0 0 1 0 0 0 0 0 0 0 1 0 1 0 0 0 0 1 0 0 0 0 1 0 0 0 1 0 0 0])
INFO - 04/10/26 19:20:28 - 0:09:27 - ca, distinguisher - Max Rank: secret not predicted. (true secret = [ 0 -1 -1  0  0  0  0  1  0  0 -1  1 -1  0  0  0  0  1  0  0  0  0  1  0
                                       0  0 -1  0  1  0], predicted secret = [0 0 1 0 0 0 0 0 0 0 1 0 1 0 0 0 0 1 0 0 0 0 1 0 0 0 1 0 0 0], true support = [0 1 1 0 0 0 0 1 0 0 1 1 1 0 0 0 0 1 0 0 0 0 1 0 0 0 1 0 1 0], predicted support = [0 0 1 0 0 0 0 0 0 0 1 0 1 0 0 0 0 1 0 0 0 0 1 0 0 0 1 0 0 0])
INFO - 04/10/26 19:20:28 - 0:09:27 - Hybrid: direct, ca, distinguisher
INFO - 04/10/26 19:20:28 - 0:09:27 - direct, ca, distinguisher - Sum Normalized: secret not predicted. (true secret = [ 0 -1 -1  0  0  0  0  1  0  0 -1  1 -1  0  0  0  0  1  0  0  0  0  1  0
                                       0  0 -1  0  1  0], predicted secret = [0 0 1 0 0 0 0 0 0 0 1 0 1 0 0 0 0 1 0 0 0 0 1 0 0 0 1 0 0 0], true support = [0 1 1 0 0 0 0 1 0 0 1 1 1 0 0 0 0 1 0 0 0 0 1 0 0 0 1 0 1 0], predicted support = [0 0 1 0 0 0 0 0 0 0 1 0 1 0 0 0 0 1 0 0 0 0 1 0 0 0 1 0 0 0])
INFO - 04/10/26 19:20:28 - 0:09:27 - direct, ca, distinguisher - Max Normalized: secret not predicted. (true secret = [ 0 -1 -1  0  0  0  0  1  0  0 -1  1 -1  0  0  0  0  1  0  0  0  0  1  0
                                       0  0 -1  0  1  0], predicted secret = [0 0 1 0 0 0 0 0 0 0 1 0 1 0 0 0 0 1 1 0 0 0 0 0 0 0 1 0 0 0], true support = [0 1 1 0 0 0 0 1 0 0 1 1 1 0 0 0 0 1 0 0 0 0 1 0 0 0 1 0 1 0], predicted support = [0 0 1 0 0 0 0 0 0 0 1 0 1 0 0 0 0 1 1 0 0 0 0 0 0 0 1 0 0 0])
INFO - 04/10/26 19:20:28 - 0:09:27 - direct, ca, distinguisher - Sum Rank: secret not predicted. (true secret = [ 0 -1 -1  0  0  0  0  1  0  0 -1  1 -1  0  0  0  0  1  0  0  0  0  1  0
                                       0  0 -1  0  1  0], predicted secret = [0 0 1 0 0 0 0 0 0 0 1 0 1 0 0 0 0 1 0 0 0 0 1 0 0 0 1 0 0 0], true support = [0 1 1 0 0 0 0 1 0 0 1 1 1 0 0 0 0 1 0 0 0 0 1 0 0 0 1 0 1 0], predicted support = [0 0 1 0 0 0 0 0 0 0 1 0 1 0 0 0 0 1 0 0 0 0 1 0 0 0 1 0 0 0])
INFO - 04/10/26 19:20:28 - 0:09:27 - direct, ca, distinguisher - Max Rank: secret not predicted. (true secret = [ 0 -1 -1  0  0  0  0  1  0  0 -1  1 -1  0  0  0  0  1  0  0  0  0  1  0
                                       0  0 -1  0  1  0], predicted secret = [0 0 1 0 0 0 0 0 0 0 1 0 1 0 0 0 0 1 1 0 0 0 0 0 0 0 1 0 0 0], true support = [0 1 1 0 0 0 0 1 0 0 1 1 1 0 0 0 0 1 0 0 0 0 1 0 0 0 1 0 1 0], predicted support = [0 0 1 0 0 0 0 0 0 0 1 0 1 0 0 0 0 1 1 0 0 0 0 0 0 0 1 0 0 0])
INFO - 04/10/26 19:20:28 - 0:09:27 - Epoch 2 metrics | train_loss: 1.607657 | train_acc1: 17.467910 | train_acc2: 23.300044 | valid_xe_loss: 1.616501 | valid_acc1: 17.138054 | valid_acc2: 22.280459
INFO - 04/10/26 19:20:28 - 0:09:27 - __log__:{"train_loss": 1.6076570508271093, "train_acc1": 17.46791026871401, "train_acc2": 23.300043985924503, "epoch": 2, "valid_xe_loss": 1.6165009284321266, "valid_acc1": 17.138053797468356, "valid_acc2": 22.280458860759495}
INFO - 04/10/26 19:20:28 - 0:09:27 - Saving checkpoint to /home/yu_mcc/PQC_salsa/runs/n30_q127_h3_1m/train_gpu_ternary_h10_secret0_init0_epoch200000/checkpoint.pth ...
WARNING - 04/10/26 19:20:28 - 0:09:27 - Saving encoder parameters ...
WARNING - 04/10/26 19:20:28 - 0:09:27 - Saving decoder parameters ...
WARNING - 04/10/26 19:20:28 - 0:09:27 - Saving optimizer ...
INFO - 04/10/26 19:20:32 - 0:09:31 - ============ Starting epoch 3 ... ============
INFO - 04/10/26 19:20:33 - 0:09:32 -    4700 -   46.79 equations/s -  2994.42 words/s - MEM: 1.36 GB - LOSS:  1.6099 || ACC1: 17.7557 || ACC2: 24.0767 - LR: 5.8791e-06
INFO - 04/10/26 19:20:38 - 0:09:36 -    4750 - 1350.17 equations/s - 86410.92 words/s - MEM: 1.36 GB - LOSS:  1.6015 || ACC1: 19.0625 || ACC2: 24.9062 - LR: 5.9416e-06
INFO - 04/10/26 19:20:42 - 0:09:41 -    4800 - 1382.61 equations/s - 88487.25 words/s - MEM: 1.36 GB - LOSS:  1.6008 || ACC1: 18.5312 || ACC2: 24.7812 - LR: 6.0040e-06
INFO - 04/10/26 19:20:47 - 0:09:46 -    4850 - 1378.86 equations/s - 88246.92 words/s - MEM: 1.36 GB - LOSS:  1.6033 || ACC1: 19.7031 || ACC2: 25.3906 - LR: 6.0664e-06
INFO - 04/10/26 19:20:52 - 0:09:50 -    4900 - 1367.94 equations/s - 87548.22 words/s - MEM: 1.36 GB - LOSS:  1.6007 || ACC1: 19.4688 || ACC2: 24.9062 - LR: 6.1289e-06
INFO - 04/10/26 19:20:57 - 0:09:55 -    4950 - 1287.02 equations/s - 82369.06 words/s - MEM: 1.36 GB - LOSS:  1.5972 || ACC1: 19.5156 || ACC2: 25.4688 - LR: 6.1913e-06
INFO - 04/10/26 19:21:02 - 0:10:00 -    5000 - 1298.57 equations/s - 83108.37 words/s - MEM: 1.36 GB - LOSS:  1.5959 || ACC1: 18.5000 || ACC2: 24.8750 - LR: 6.2538e-06
INFO - 04/10/26 19:21:10 - 0:10:08 -    5050 -  780.32 equations/s - 49940.28 words/s - MEM: 1.36 GB - LOSS:  1.5938 || ACC1: 20.2344 || ACC2: 25.8438 - LR: 6.3162e-06
INFO - 04/10/26 19:21:15 - 0:10:13 -    5100 - 1320.68 equations/s - 84523.39 words/s - MEM: 1.36 GB - LOSS:  1.5912 || ACC1: 19.9844 || ACC2: 25.1250 - LR: 6.3786e-06
INFO - 04/10/26 19:21:19 - 0:10:18 -    5150 - 1348.40 equations/s - 86297.68 words/s - MEM: 1.36 GB - LOSS:  1.5840 || ACC1: 21.3750 || ACC2: 27.0156 - LR: 6.4411e-06
INFO - 04/10/26 19:21:24 - 0:10:23 -    5200 - 1378.99 equations/s - 88255.22 words/s - MEM: 1.36 GB - LOSS:  1.5823 || ACC1: 21.7344 || ACC2: 27.1719 - LR: 6.5035e-06
INFO - 04/10/26 19:21:29 - 0:10:28 -    5250 - 1340.45 equations/s - 85788.57 words/s - MEM: 1.36 GB - LOSS:  1.5817 || ACC1: 19.7344 || ACC2: 26.0469 - LR: 6.5659e-06
INFO - 04/10/26 19:21:34 - 0:10:32 -    5300 - 1291.28 equations/s - 82641.78 words/s - MEM: 1.36 GB - LOSS:  1.5740 || ACC1: 21.6875 || ACC2: 28.0156 - LR: 6.6284e-06
INFO - 04/10/26 19:21:38 - 0:10:37 -    5350 - 1365.58 equations/s - 87396.93 words/s - MEM: 1.36 GB - LOSS:  1.5722 || ACC1: 22.2500 || ACC2: 27.9375 - LR: 6.6908e-06
INFO - 04/10/26 19:21:47 - 0:10:45 -    5400 -  769.75 equations/s - 49263.73 words/s - MEM: 1.36 GB - LOSS:  1.5704 || ACC1: 22.4219 || ACC2: 28.1094 - LR: 6.7533e-06
INFO - 04/10/26 19:21:52 - 0:10:50 -    5450 - 1333.53 equations/s - 85345.92 words/s - MEM: 1.36 GB - LOSS:  1.5662 || ACC1: 22.8438 || ACC2: 28.7344 - LR: 6.8157e-06
INFO - 04/10/26 19:21:56 - 0:10:55 -    5500 - 1329.07 equations/s - 85060.49 words/s - MEM: 1.36 GB - LOSS:  1.5665 || ACC1: 22.4219 || ACC2: 28.1719 - LR: 6.8781e-06
INFO - 04/10/26 19:22:01 - 0:11:00 -    5550 - 1371.08 equations/s - 87749.06 words/s - MEM: 1.36 GB - LOSS:  1.5588 || ACC1: 23.1562 || ACC2: 29.2969 - LR: 6.9406e-06
INFO - 04/10/26 19:22:06 - 0:11:04 -    5600 - 1355.02 equations/s - 86721.35 words/s - MEM: 1.36 GB - LOSS:  1.5636 || ACC1: 22.5000 || ACC2: 28.1250 - LR: 7.0030e-06
INFO - 04/10/26 19:22:11 - 0:11:09 -    5650 - 1322.26 equations/s - 84624.82 words/s - MEM: 1.36 GB - LOSS:  1.5582 || ACC1: 22.7812 || ACC2: 28.2969 - LR: 7.0654e-06
INFO - 04/10/26 19:22:15 - 0:11:14 -    5700 - 1340.33 equations/s - 85781.32 words/s - MEM: 1.36 GB - LOSS:  1.5553 || ACC1: 22.9375 || ACC2: 28.2969 - LR: 7.1279e-06
INFO - 04/10/26 19:22:24 - 0:11:22 -    5750 -  776.17 equations/s - 49674.63 words/s - MEM: 1.36 GB - LOSS:  1.5480 || ACC1: 24.5625 || ACC2: 30.2031 - LR: 7.1903e-06
INFO - 04/10/26 19:22:28 - 0:11:27 -    5800 - 1355.56 equations/s - 86755.98 words/s - MEM: 1.36 GB - LOSS:  1.5539 || ACC1: 23.8125 || ACC2: 29.1719 - LR: 7.2528e-06
INFO - 04/10/26 19:22:33 - 0:11:32 -    5850 - 1386.12 equations/s - 88711.44 words/s - MEM: 1.36 GB - LOSS:  1.5476 || ACC1: 23.9844 || ACC2: 29.4688 - LR: 7.3152e-06
INFO - 04/10/26 19:22:37 - 0:11:36 -    5900 - 1407.85 equations/s - 90102.52 words/s - MEM: 1.36 GB - LOSS:  1.5403 || ACC1: 25.2344 || ACC2: 30.6875 - LR: 7.3776e-06
INFO - 04/10/26 19:22:42 - 0:11:41 -    5950 - 1342.17 equations/s - 85898.78 words/s - MEM: 1.36 GB - LOSS:  1.5460 || ACC1: 23.2969 || ACC2: 29.3906 - LR: 7.4401e-06
INFO - 04/10/26 19:22:47 - 0:11:46 -    6000 - 1368.00 equations/s - 87552.11 words/s - MEM: 1.36 GB - LOSS:  1.5366 || ACC1: 25.9375 || ACC2: 31.0938 - LR: 7.5025e-06
INFO - 04/10/26 19:22:52 - 0:11:50 -    6050 - 1344.93 equations/s - 86075.42 words/s - MEM: 1.36 GB - LOSS:  1.5370 || ACC1: 25.1719 || ACC2: 30.7031 - LR: 7.5637e-06
INFO - 04/10/26 19:23:00 - 0:11:59 -    6100 -  769.90 equations/s - 49273.33 words/s - MEM: 1.36 GB - LOSS:  1.5324 || ACC1: 25.3438 || ACC2: 31.2031 - LR: 7.6261e-06
INFO - 04/10/26 19:23:05 - 0:12:04 -    6150 - 1287.33 equations/s - 82389.20 words/s - MEM: 1.36 GB - LOSS:  1.5245 || ACC1: 26.7031 || ACC2: 32.4844 - LR: 7.6886e-06
INFO - 04/10/26 19:23:10 - 0:12:08 -    6200 - 1389.38 equations/s - 88920.05 words/s - MEM: 1.36 GB - LOSS:  1.5269 || ACC1: 26.1562 || ACC2: 31.7969 - LR: 7.7510e-06
INFO - 04/10/26 19:23:14 - 0:12:13 -    6250 - 1521.02 equations/s - 97345.11 words/s - MEM: 1.36 GB - LOSS:  1.5276 || ACC1: 25.4844 || ACC2: 31.2344 - LR: 7.8134e-06
INFO - 04/10/26 19:23:14 - 0:12:13 -    6252 - 1513.79 equations/s - 96882.29 words/s - MEM: 1.36 GB - LOSS:  1.5086 || ACC1: 31.2500 || ACC2: 36.3281 - LR: 7.8159e-06
INFO - 04/10/26 19:23:14 - 0:12:13 - ============ End of epoch 3 ============
INFO - 04/10/26 19:23:14 - 0:12:13 - Starting Distinguisher Method
INFO - 04/10/26 19:23:32 - 0:12:30 - Distinguishing 0s using the emd. 
INFO - 04/10/26 19:23:32 - 0:12:30 - Distinguishing +/-1s using the emd. 
INFO - 04/10/26 19:23:32 - 0:12:30 - Real secret: -1: {np.int64(1), np.int64(2), np.int64(10), np.int64(12), np.int64(26)}, 1: {np.int64(7), np.int64(11), np.int64(17), np.int64(22), np.int64(28)}
INFO - 04/10/26 19:23:32 - 0:12:30 - Distinguishing +/-1s using the mean. 
INFO - 04/10/26 19:23:32 - 0:12:30 - Real secret: -1: {np.int64(1), np.int64(2), np.int64(10), np.int64(12), np.int64(26)}, 1: {np.int64(7), np.int64(11), np.int64(17), np.int64(22), np.int64(28)}
INFO - 04/10/26 19:23:32 - 0:12:30 - Distinguishing 0s using the mean. 
INFO - 04/10/26 19:23:32 - 0:12:30 - Distinguishing +/-1s using the emd. 
INFO - 04/10/26 19:23:32 - 0:12:30 - Real secret: -1: {np.int64(1), np.int64(2), np.int64(10), np.int64(12), np.int64(26)}, 1: {np.int64(7), np.int64(11), np.int64(17), np.int64(22), np.int64(28)}
INFO - 04/10/26 19:23:32 - 0:12:30 - Distinguishing +/-1s using the mean. 
INFO - 04/10/26 19:23:32 - 0:12:30 - Real secret: -1: {np.int64(1), np.int64(2), np.int64(10), np.int64(12), np.int64(26)}, 1: {np.int64(7), np.int64(11), np.int64(17), np.int64(22), np.int64(28)}
INFO - 04/10/26 19:23:32 - 0:12:30 - Starting Direct Method
INFO - 04/10/26 19:23:32 - 0:12:30 - Direct:  K=88
INFO - 04/10/26 19:23:32 - 0:12:31 - Direct:  K=83
INFO - 04/10/26 19:23:32 - 0:12:31 - Direct:  K=43
INFO - 04/10/26 19:23:32 - 0:12:31 - Direct:  K=50
INFO - 04/10/26 19:23:33 - 0:12:31 - Direct:  K=94
INFO - 04/10/26 19:23:33 - 0:12:32 - Direct:  K=90
INFO - 04/10/26 19:23:33 - 0:12:32 - Direct:  K=89
INFO - 04/10/26 19:23:33 - 0:12:32 - Direct:  K=68
INFO - 04/10/26 19:23:34 - 0:12:32 - Direct:  K=70
INFO - 04/10/26 19:23:34 - 0:12:33 - Direct:  K=76
INFO - 04/10/26 19:23:34 - 0:12:33 - Direct:  K=93
INFO - 04/10/26 19:23:34 - 0:12:33 - Direct:  K=62
INFO - 04/10/26 19:23:34 - 0:12:33 - Direct:  K=94
INFO - 04/10/26 19:23:35 - 0:12:33 - Direct:  K=54
INFO - 04/10/26 19:23:35 - 0:12:33 - Direct:  K=63
INFO - 04/10/26 19:23:35 - 0:12:34 - Direct: secret not predicted. (true secret = [ 0 -1 -1  0  0  0  0  1  0  0 -1  1 -1  0  0  0  0  1  0  0  0  0  1  0
                                       0  0 -1  0  1  0], predicted secret = [1 1 1 0 0 0 0 0 0 0 1 0 1 0 0 0 0 0 0 0 0 0 0 0 0 0 1 0 0 0], true support = [0 1 1 0 0 0 0 1 0 0 1 1 1 0 0 0 0 1 0 0 0 0 1 0 0 0 1 0 1 0], predicted support = [1 1 1 0 0 0 0 0 0 0 1 0 1 0 0 0 0 0 0 0 0 0 0 0 0 0 1 0 0 0])
INFO - 04/10/26 19:23:43 - 0:12:42 - CA: secret not predicted. (true secret = [ 0 -1 -1  0  0  0  0  1  0  0 -1  1 -1  0  0  0  0  1  0  0  0  0  1  0
                                       0  0 -1  0  1  0], predicted secret = [0 1 1 0 0 0 0 0 0 0 1 0 1 0 0 0 0 1 0 0 0 0 0 0 0 0 1 0 0 0], true support = [0 1 1 0 0 0 0 1 0 0 1 1 1 0 0 0 0 1 0 0 0 0 1 0 0 0 1 0 1 0], predicted support = [0 1 1 0 0 0 0 0 0 0 1 0 1 0 0 0 0 1 0 0 0 0 0 0 0 0 1 0 0 0])
INFO - 04/10/26 19:23:43 - 0:12:42 - CA: secret not predicted. (true secret = [ 0 -1 -1  0  0  0  0  1  0  0 -1  1 -1  0  0  0  0  1  0  0  0  0  1  0
                                       0  0 -1  0  1  0], predicted secret = [0 0 0 0 0 0 0 1 0 0 1 1 0 0 0 0 0 1 0 0 0 0 1 0 0 0 0 0 1 0], true support = [0 1 1 0 0 0 0 1 0 0 1 1 1 0 0 0 0 1 0 0 0 0 1 0 0 0 1 0 1 0], predicted support = [0 0 0 0 0 0 0 1 0 0 1 1 0 0 0 0 0 1 0 0 0 0 1 0 0 0 0 0 1 0])
INFO - 04/10/26 19:23:43 - 0:12:42 - Hybrid: direct, ca
INFO - 04/10/26 19:23:43 - 0:12:42 - direct, ca - Sum Normalized: secret not predicted. (true secret = [ 0 -1 -1  0  0  0  0  1  0  0 -1  1 -1  0  0  0  0  1  0  0  0  0  1  0
                                       0  0 -1  0  1  0], predicted secret = [0 1 0 0 0 0 0 0 0 0 1 0 1 0 0 0 0 1 0 0 0 0 1 0 0 0 1 0 0 0], true support = [0 1 1 0 0 0 0 1 0 0 1 1 1 0 0 0 0 1 0 0 0 0 1 0 0 0 1 0 1 0], predicted support = [0 1 0 0 0 0 0 0 0 0 1 0 1 0 0 0 0 1 0 0 0 0 1 0 0 0 1 0 0 0])
INFO - 04/10/26 19:23:43 - 0:12:42 - direct, ca - Max Normalized: secret not predicted. (true secret = [ 0 -1 -1  0  0  0  0  1  0  0 -1  1 -1  0  0  0  0  1  0  0  0  0  1  0
                                       0  0 -1  0  1  0], predicted secret = [0 1 0 0 0 0 0 0 0 0 1 0 1 0 0 0 0 1 0 0 0 0 1 0 0 0 1 0 0 0], true support = [0 1 1 0 0 0 0 1 0 0 1 1 1 0 0 0 0 1 0 0 0 0 1 0 0 0 1 0 1 0], predicted support = [0 1 0 0 0 0 0 0 0 0 1 0 1 0 0 0 0 1 0 0 0 0 1 0 0 0 1 0 0 0])
INFO - 04/10/26 19:23:43 - 0:12:42 - direct, ca - Sum Rank: secret not predicted. (true secret = [ 0 -1 -1  0  0  0  0  1  0  0 -1  1 -1  0  0  0  0  1  0  0  0  0  1  0
                                       0  0 -1  0  1  0], predicted secret = [0 1 1 0 0 0 0 0 0 0 1 0 1 0 0 0 0 1 0 0 0 0 0 0 0 0 1 0 0 0], true support = [0 1 1 0 0 0 0 1 0 0 1 1 1 0 0 0 0 1 0 0 0 0 1 0 0 0 1 0 1 0], predicted support = [0 1 1 0 0 0 0 0 0 0 1 0 1 0 0 0 0 1 0 0 0 0 0 0 0 0 1 0 0 0])
INFO - 04/10/26 19:23:43 - 0:12:42 - direct, ca - Max Rank: secret not predicted. (true secret = [ 0 -1 -1  0  0  0  0  1  0  0 -1  1 -1  0  0  0  0  1  0  0  0  0  1  0
                                       0  0 -1  0  1  0], predicted secret = [0 1 1 0 0 0 0 0 0 0 1 0 1 0 0 0 0 1 0 0 0 0 0 0 0 0 1 0 0 0], true support = [0 1 1 0 0 0 0 1 0 0 1 1 1 0 0 0 0 1 0 0 0 0 1 0 0 0 1 0 1 0], predicted support = [0 1 1 0 0 0 0 0 0 0 1 0 1 0 0 0 0 1 0 0 0 0 0 0 0 0 1 0 0 0])
INFO - 04/10/26 19:23:43 - 0:12:42 - Hybrid: direct, distinguisher
INFO - 04/10/26 19:23:43 - 0:12:42 - direct, distinguisher - Sum Normalized: secret not predicted. (true secret = [ 0 -1 -1  0  0  0  0  1  0  0 -1  1 -1  0  0  0  0  1  0  0  0  0  1  0
                                       0  0 -1  0  1  0], predicted secret = [0 1 1 0 0 0 0 0 0 0 1 1 0 0 0 0 0 0 0 0 0 0 1 0 0 0 1 0 0 0], true support = [0 1 1 0 0 0 0 1 0 0 1 1 1 0 0 0 0 1 0 0 0 0 1 0 0 0 1 0 1 0], predicted support = [0 1 1 0 0 0 0 0 0 0 1 1 0 0 0 0 0 0 0 0 0 0 1 0 0 0 1 0 0 0])
INFO - 04/10/26 19:23:43 - 0:12:42 - direct, distinguisher - Max Normalized: secret not predicted. (true secret = [ 0 -1 -1  0  0  0  0  1  0  0 -1  1 -1  0  0  0  0  1  0  0  0  0  1  0
                                       0  0 -1  0  1  0], predicted secret = [0 0 1 0 0 0 0 1 0 0 1 1 0 0 0 0 0 0 0 0 0 0 1 0 0 0 1 0 0 0], true support = [0 1 1 0 0 0 0 1 0 0 1 1 1 0 0 0 0 1 0 0 0 0 1 0 0 0 1 0 1 0], predicted support = [0 0 1 0 0 0 0 1 0 0 1 1 0 0 0 0 0 0 0 0 0 0 1 0 0 0 1 0 0 0])
INFO - 04/10/26 19:23:43 - 0:12:42 - direct, distinguisher - Sum Rank: secret not predicted. (true secret = [ 0 -1 -1  0  0  0  0  1  0  0 -1  1 -1  0  0  0  0  1  0  0  0  0  1  0
                                       0  0 -1  0  1  0], predicted secret = [0 1 1 0 0 0 0 0 0 0 1 0 1 0 0 0 0 0 0 0 0 0 1 0 0 0 1 0 0 0], true support = [0 1 1 0 0 0 0 1 0 0 1 1 1 0 0 0 0 1 0 0 0 0 1 0 0 0 1 0 1 0], predicted support = [0 1 1 0 0 0 0 0 0 0 1 0 1 0 0 0 0 0 0 0 0 0 1 0 0 0 1 0 0 0])
INFO - 04/10/26 19:23:43 - 0:12:42 - direct, distinguisher - Max Rank: secret not predicted. (true secret = [ 0 -1 -1  0  0  0  0  1  0  0 -1  1 -1  0  0  0  0  1  0  0  0  0  1  0
                                       0  0 -1  0  1  0], predicted secret = [0 1 0 0 0 0 0 1 0 0 1 1 0 0 0 0 0 0 0 0 0 0 1 0 0 0 1 0 0 0], true support = [0 1 1 0 0 0 0 1 0 0 1 1 1 0 0 0 0 1 0 0 0 0 1 0 0 0 1 0 1 0], predicted support = [0 1 0 0 0 0 0 1 0 0 1 1 0 0 0 0 0 0 0 0 0 0 1 0 0 0 1 0 0 0])
INFO - 04/10/26 19:23:43 - 0:12:42 - Hybrid: ca, distinguisher
INFO - 04/10/26 19:23:43 - 0:12:42 - ca, distinguisher - Sum Normalized: secret not predicted. (true secret = [ 0 -1 -1  0  0  0  0  1  0  0 -1  1 -1  0  0  0  0  1  0  0  0  0  1  0
                                       0  0 -1  0  1  0], predicted secret = [0 0 0 0 0 0 0 1 0 0 1 1 0 0 0 0 0 1 0 0 0 0 1 0 0 0 1 0 0 0], true support = [0 1 1 0 0 0 0 1 0 0 1 1 1 0 0 0 0 1 0 0 0 0 1 0 0 0 1 0 1 0], predicted support = [0 0 0 0 0 0 0 1 0 0 1 1 0 0 0 0 0 1 0 0 0 0 1 0 0 0 1 0 0 0])
INFO - 04/10/26 19:23:43 - 0:12:42 - ca, distinguisher - Max Normalized: secret not predicted. (true secret = [ 0 -1 -1  0  0  0  0  1  0  0 -1  1 -1  0  0  0  0  1  0  0  0  0  1  0
                                       0  0 -1  0  1  0], predicted secret = [0 0 1 0 0 0 0 1 0 0 1 1 0 0 0 0 0 1 0 0 0 0 1 0 0 0 0 0 0 0], true support = [0 1 1 0 0 0 0 1 0 0 1 1 1 0 0 0 0 1 0 0 0 0 1 0 0 0 1 0 1 0], predicted support = [0 0 1 0 0 0 0 1 0 0 1 1 0 0 0 0 0 1 0 0 0 0 1 0 0 0 0 0 0 0])
INFO - 04/10/26 19:23:43 - 0:12:42 - ca, distinguisher - Sum Rank: secret not predicted. (true secret = [ 0 -1 -1  0  0  0  0  1  0  0 -1  1 -1  0  0  0  0  1  0  0  0  0  1  0
                                       0  0 -1  0  1  0], predicted secret = [0 0 0 0 0 0 0 1 0 0 1 1 0 0 0 0 0 1 0 0 0 0 1 0 0 0 1 0 0 0], true support = [0 1 1 0 0 0 0 1 0 0 1 1 1 0 0 0 0 1 0 0 0 0 1 0 0 0 1 0 1 0], predicted support = [0 0 0 0 0 0 0 1 0 0 1 1 0 0 0 0 0 1 0 0 0 0 1 0 0 0 1 0 0 0])
INFO - 04/10/26 19:23:43 - 0:12:42 - ca, distinguisher - Max Rank: secret not predicted. (true secret = [ 0 -1 -1  0  0  0  0  1  0  0 -1  1 -1  0  0  0  0  1  0  0  0  0  1  0
                                       0  0 -1  0  1  0], predicted secret = [0 0 0 0 0 0 0 1 0 0 1 1 0 0 0 0 0 1 0 0 0 0 1 0 0 0 1 0 0 0], true support = [0 1 1 0 0 0 0 1 0 0 1 1 1 0 0 0 0 1 0 0 0 0 1 0 0 0 1 0 1 0], predicted support = [0 0 0 0 0 0 0 1 0 0 1 1 0 0 0 0 0 1 0 0 0 0 1 0 0 0 1 0 0 0])
INFO - 04/10/26 19:23:43 - 0:12:42 - Hybrid: direct, ca, distinguisher
INFO - 04/10/26 19:23:43 - 0:12:42 - direct, ca, distinguisher - Sum Normalized: secret not predicted. (true secret = [ 0 -1 -1  0  0  0  0  1  0  0 -1  1 -1  0  0  0  0  1  0  0  0  0  1  0
                                       0  0 -1  0  1  0], predicted secret = [0 1 0 0 0 0 0 0 0 0 1 1 0 0 0 0 0 1 0 0 0 0 1 0 0 0 1 0 0 0], true support = [0 1 1 0 0 0 0 1 0 0 1 1 1 0 0 0 0 1 0 0 0 0 1 0 0 0 1 0 1 0], predicted support = [0 1 0 0 0 0 0 0 0 0 1 1 0 0 0 0 0 1 0 0 0 0 1 0 0 0 1 0 0 0])
INFO - 04/10/26 19:23:43 - 0:12:42 - direct, ca, distinguisher - Max Normalized: secret not predicted. (true secret = [ 0 -1 -1  0  0  0  0  1  0  0 -1  1 -1  0  0  0  0  1  0  0  0  0  1  0
                                       0  0 -1  0  1  0], predicted secret = [0 0 1 0 0 0 0 1 0 0 0 1 0 0 0 0 0 1 0 0 0 0 1 0 0 0 1 0 0 0], true support = [0 1 1 0 0 0 0 1 0 0 1 1 1 0 0 0 0 1 0 0 0 0 1 0 0 0 1 0 1 0], predicted support = [0 0 1 0 0 0 0 1 0 0 0 1 0 0 0 0 0 1 0 0 0 0 1 0 0 0 1 0 0 0])
INFO - 04/10/26 19:23:43 - 0:12:42 - direct, ca, distinguisher - Sum Rank: secret not predicted. (true secret = [ 0 -1 -1  0  0  0  0  1  0  0 -1  1 -1  0  0  0  0  1  0  0  0  0  1  0
                                       0  0 -1  0  1  0], predicted secret = [0 1 1 0 0 0 0 0 0 0 1 0 1 0 0 0 0 0 0 0 0 0 1 0 0 0 1 0 0 0], true support = [0 1 1 0 0 0 0 1 0 0 1 1 1 0 0 0 0 1 0 0 0 0 1 0 0 0 1 0 1 0], predicted support = [0 1 1 0 0 0 0 0 0 0 1 0 1 0 0 0 0 0 0 0 0 0 1 0 0 0 1 0 0 0])
INFO - 04/10/26 19:23:43 - 0:12:42 - direct, ca, distinguisher - Max Rank: secret not predicted. (true secret = [ 0 -1 -1  0  0  0  0  1  0  0 -1  1 -1  0  0  0  0  1  0  0  0  0  1  0
                                       0  0 -1  0  1  0], predicted secret = [0 1 0 0 0 0 0 0 0 0 1 1 0 0 0 0 0 1 0 0 0 0 1 0 0 0 1 0 0 0], true support = [0 1 1 0 0 0 0 1 0 0 1 1 1 0 0 0 0 1 0 0 0 0 1 0 0 0 1 0 1 0], predicted support = [0 1 0 0 0 0 0 0 0 0 1 1 0 0 0 0 0 1 0 0 0 0 1 0 0 0 1 0 0 0])
INFO - 04/10/26 19:23:43 - 0:12:42 - Epoch 3 metrics | train_loss: 1.565988 | train_acc1: 22.446817 | train_acc2: 28.173484 | valid_xe_loss: 1.537377 | valid_acc1: 24.930775 | valid_acc2: 28.906250
INFO - 04/10/26 19:23:43 - 0:12:42 - __log__:{"train_loss": 1.5659883732377757, "train_acc1": 22.446817018554064, "train_acc2": 28.17348448496481, "epoch": 3, "valid_xe_loss": 1.5373773031596896, "valid_acc1": 24.930775316455698, "valid_acc2": 28.90625}
INFO - 04/10/26 19:23:43 - 0:12:42 - Saving checkpoint to /home/yu_mcc/PQC_salsa/runs/n30_q127_h3_1m/train_gpu_ternary_h10_secret0_init0_epoch200000/checkpoint.pth ...
WARNING - 04/10/26 19:23:43 - 0:12:42 - Saving encoder parameters ...
WARNING - 04/10/26 19:23:43 - 0:12:42 - Saving decoder parameters ...
WARNING - 04/10/26 19:23:43 - 0:12:42 - Saving optimizer ...
INFO - 04/10/26 19:23:44 - 0:12:42 - ============ Starting epoch 4 ... ============
INFO - 04/10/26 19:23:48 - 0:12:47 -    6300 -  179.93 equations/s - 11515.47 words/s - MEM: 1.36 GB - LOSS:  1.5197 || ACC1: 26.3997 || ACC2: 32.0964 - LR: 7.8759e-06
INFO - 04/10/26 19:23:53 - 0:12:52 -    6350 - 1361.57 equations/s - 87140.74 words/s - MEM: 1.36 GB - LOSS:  1.5227 || ACC1: 26.6250 || ACC2: 31.8281 - LR: 7.9383e-06
INFO - 04/10/26 19:23:58 - 0:12:56 -    6400 - 1347.75 equations/s - 86256.00 words/s - MEM: 1.36 GB - LOSS:  1.5211 || ACC1: 27.1250 || ACC2: 32.4688 - LR: 8.0008e-06
INFO - 04/10/26 19:24:02 - 0:13:01 -    6450 - 1335.51 equations/s - 85472.64 words/s - MEM: 1.36 GB - LOSS:  1.5108 || ACC1: 28.4688 || ACC2: 33.7656 - LR: 8.0632e-06
INFO - 04/10/26 19:24:11 - 0:13:09 -    6500 -  768.19 equations/s - 49163.94 words/s - MEM: 1.36 GB - LOSS:  1.5134 || ACC1: 27.1406 || ACC2: 32.6562 - LR: 8.1256e-06
INFO - 04/10/26 19:24:15 - 0:13:14 -    6550 - 1354.64 equations/s - 86696.94 words/s - MEM: 1.36 GB - LOSS:  1.5139 || ACC1: 27.1719 || ACC2: 32.3906 - LR: 8.1881e-06
INFO - 04/10/26 19:24:20 - 0:13:19 -    6600 - 1314.63 equations/s - 84136.16 words/s - MEM: 1.36 GB - LOSS:  1.5129 || ACC1: 27.4375 || ACC2: 32.6719 - LR: 8.2505e-06
INFO - 04/10/26 19:24:25 - 0:13:23 -    6650 - 1428.51 equations/s - 91424.89 words/s - MEM: 1.36 GB - LOSS:  1.5131 || ACC1: 27.8750 || ACC2: 33.0781 - LR: 8.3129e-06
INFO - 04/10/26 19:24:29 - 0:13:28 -    6700 - 1363.72 equations/s - 87278.17 words/s - MEM: 1.36 GB - LOSS:  1.5122 || ACC1: 27.9062 || ACC2: 32.9375 - LR: 8.3754e-06
INFO - 04/10/26 19:24:34 - 0:13:33 -    6750 - 1386.49 equations/s - 88735.64 words/s - MEM: 1.36 GB - LOSS:  1.5088 || ACC1: 27.9219 || ACC2: 32.9688 - LR: 8.4378e-06
INFO - 04/10/26 19:24:39 - 0:13:38 -    6800 - 1291.24 equations/s - 82639.13 words/s - MEM: 1.36 GB - LOSS:  1.5104 || ACC1: 26.7500 || ACC2: 32.0625 - LR: 8.5003e-06
INFO - 04/10/26 19:24:47 - 0:13:46 -    6850 -  758.03 equations/s - 48513.65 words/s - MEM: 1.36 GB - LOSS:  1.5104 || ACC1: 27.6875 || ACC2: 33.0156 - LR: 8.5627e-06
INFO - 04/10/26 19:24:52 - 0:13:51 -    6900 - 1353.09 equations/s - 86598.01 words/s - MEM: 1.36 GB - LOSS:  1.5111 || ACC1: 27.5000 || ACC2: 33.0000 - LR: 8.6251e-06
INFO - 04/10/26 19:24:57 - 0:13:56 -    6950 - 1311.48 equations/s - 83934.59 words/s - MEM: 1.36 GB - LOSS:  1.5065 || ACC1: 27.9688 || ACC2: 33.4375 - LR: 8.6876e-06
INFO - 04/10/26 19:25:02 - 0:14:01 -    7000 - 1353.43 equations/s - 86619.50 words/s - MEM: 1.36 GB - LOSS:  1.5032 || ACC1: 28.6406 || ACC2: 34.1719 - LR: 8.7500e-06
INFO - 04/10/26 19:25:07 - 0:14:05 -    7050 - 1328.33 equations/s - 85013.35 words/s - MEM: 1.36 GB - LOSS:  1.5035 || ACC1: 28.6719 || ACC2: 33.6719 - LR: 8.8124e-06
INFO - 04/10/26 19:25:11 - 0:14:10 -    7100 - 1341.69 equations/s - 85867.97 words/s - MEM: 1.36 GB - LOSS:  1.5059 || ACC1: 28.1406 || ACC2: 33.7188 - LR: 8.8749e-06
INFO - 04/10/26 19:25:20 - 0:14:18 -    7150 -  785.19 equations/s - 50252.17 words/s - MEM: 1.36 GB - LOSS:  1.5061 || ACC1: 28.7344 || ACC2: 33.9844 - LR: 8.9373e-06
INFO - 04/10/26 19:25:24 - 0:14:23 -    7200 - 1352.84 equations/s - 86581.68 words/s - MEM: 1.36 GB - LOSS:  1.5064 || ACC1: 28.4062 || ACC2: 34.3594 - LR: 8.9998e-06
INFO - 04/10/26 19:25:29 - 0:14:28 -    7250 - 1368.78 equations/s - 87602.06 words/s - MEM: 1.36 GB - LOSS:  1.4979 || ACC1: 28.7188 || ACC2: 33.8125 - LR: 9.0622e-06
INFO - 04/10/26 19:25:34 - 0:14:33 -    7300 - 1308.50 equations/s - 83744.27 words/s - MEM: 1.36 GB - LOSS:  1.5018 || ACC1: 28.5000 || ACC2: 34.2344 - LR: 9.1246e-06
INFO - 04/10/26 19:25:39 - 0:14:37 -    7350 - 1358.65 equations/s - 86953.32 words/s - MEM: 1.36 GB - LOSS:  1.4982 || ACC1: 29.5156 || ACC2: 34.7656 - LR: 9.1871e-06
INFO - 04/10/26 19:25:43 - 0:14:42 -    7400 - 1355.82 equations/s - 86772.52 words/s - MEM: 1.36 GB - LOSS:  1.4982 || ACC1: 29.9531 || ACC2: 34.9375 - LR: 9.2495e-06
INFO - 04/10/26 19:25:48 - 0:14:47 -    7450 - 1306.68 equations/s - 83627.76 words/s - MEM: 1.36 GB - LOSS:  1.5028 || ACC1: 28.5312 || ACC2: 34.0469 - LR: 9.3119e-06
INFO - 04/10/26 19:25:56 - 0:14:55 -    7500 -  771.39 equations/s - 49369.27 words/s - MEM: 1.36 GB - LOSS:  1.5049 || ACC1: 27.7500 || ACC2: 33.3281 - LR: 9.3744e-06
INFO - 04/10/26 19:26:01 - 0:15:00 -    7550 - 1352.42 equations/s - 86554.87 words/s - MEM: 1.36 GB - LOSS:  1.5017 || ACC1: 28.9062 || ACC2: 34.0938 - LR: 9.4368e-06
INFO - 04/10/26 19:26:06 - 0:15:05 -    7600 - 1382.18 equations/s - 88459.75 words/s - MEM: 1.36 GB - LOSS:  1.4980 || ACC1: 28.7812 || ACC2: 34.1250 - LR: 9.4993e-06
INFO - 04/10/26 19:26:10 - 0:15:09 -    7650 - 1382.25 equations/s - 88464.10 words/s - MEM: 1.36 GB - LOSS:  1.5001 || ACC1: 28.4844 || ACC2: 33.6250 - LR: 9.5617e-06
INFO - 04/10/26 19:26:15 - 0:15:14 -    7700 - 1424.55 equations/s - 91171.09 words/s - MEM: 1.36 GB - LOSS:  1.4989 || ACC1: 28.4531 || ACC2: 33.7031 - LR: 9.6241e-06
INFO - 04/10/26 19:26:20 - 0:15:18 -    7750 - 1341.92 equations/s - 85882.67 words/s - MEM: 1.36 GB - LOSS:  1.5050 || ACC1: 27.2812 || ACC2: 32.7344 - LR: 9.6866e-06
INFO - 04/10/26 19:26:24 - 0:15:23 -    7800 - 1563.35 equations/s - 100054.53 words/s - MEM: 1.36 GB - LOSS:  1.4974 || ACC1: 28.5781 || ACC2: 34.4219 - LR: 9.7490e-06
INFO - 04/10/26 19:26:25 - 0:15:24 -    7815 - 1290.25 equations/s - 82576.01 words/s - MEM: 1.36 GB - LOSS:  1.4987 || ACC1: 28.1250 || ACC2: 33.8021 - LR: 9.7677e-06
INFO - 04/10/26 19:26:25 - 0:15:24 - ============ End of epoch 4 ============
INFO - 04/10/26 19:26:25 - 0:15:24 - Starting Distinguisher Method
INFO - 04/10/26 19:26:41 - 0:15:40 - Distinguishing 0s using the emd. 
INFO - 04/10/26 19:26:41 - 0:15:40 - Distinguishing +/-1s using the emd. 
INFO - 04/10/26 19:26:41 - 0:15:40 - Real secret: -1: {np.int64(1), np.int64(2), np.int64(10), np.int64(12), np.int64(26)}, 1: {np.int64(7), np.int64(11), np.int64(17), np.int64(22), np.int64(28)}
INFO - 04/10/26 19:26:41 - 0:15:40 - Distinguishing +/-1s using the mean. 
INFO - 04/10/26 19:26:41 - 0:15:40 - Real secret: -1: {np.int64(1), np.int64(2), np.int64(10), np.int64(12), np.int64(26)}, 1: {np.int64(7), np.int64(11), np.int64(17), np.int64(22), np.int64(28)}
INFO - 04/10/26 19:26:41 - 0:15:40 - Distinguishing 0s using the mean. 
INFO - 04/10/26 19:26:41 - 0:15:40 - Distinguishing +/-1s using the emd. 
INFO - 04/10/26 19:26:41 - 0:15:40 - Real secret: -1: {np.int64(1), np.int64(2), np.int64(10), np.int64(12), np.int64(26)}, 1: {np.int64(7), np.int64(11), np.int64(17), np.int64(22), np.int64(28)}
INFO - 04/10/26 19:26:41 - 0:15:40 - Distinguishing +/-1s using the mean. 
INFO - 04/10/26 19:26:41 - 0:15:40 - Real secret: -1: {np.int64(1), np.int64(2), np.int64(10), np.int64(12), np.int64(26)}, 1: {np.int64(7), np.int64(11), np.int64(17), np.int64(22), np.int64(28)}
INFO - 04/10/26 19:26:41 - 0:15:40 - Starting Direct Method
INFO - 04/10/26 19:26:41 - 0:15:40 - Direct:  K=53
INFO - 04/10/26 19:26:42 - 0:15:40 - Direct:  K=75
INFO - 04/10/26 19:26:42 - 0:15:40 - Direct:  K=63
INFO - 04/10/26 19:26:42 - 0:15:40 - Direct:  K=91
INFO - 04/10/26 19:26:42 - 0:15:41 - Direct:  K=60
INFO - 04/10/26 19:26:42 - 0:15:41 - Direct:  K=74
INFO - 04/10/26 19:26:42 - 0:15:41 - Direct:  K=80
INFO - 04/10/26 19:26:42 - 0:15:41 - Direct:  K=70
INFO - 04/10/26 19:26:43 - 0:15:41 - Direct:  K=51
INFO - 04/10/26 19:26:43 - 0:15:41 - Direct:  K=44
INFO - 04/10/26 19:26:43 - 0:15:42 - Direct:  K=38
INFO - 04/10/26 19:26:43 - 0:15:42 - Direct:  K=82
INFO - 04/10/26 19:26:43 - 0:15:42 - Direct:  K=86
INFO - 04/10/26 19:26:43 - 0:15:42 - Direct:  K=41
INFO - 04/10/26 19:26:43 - 0:15:42 - Direct:  K=58
INFO - 04/10/26 19:26:43 - 0:15:42 - Direct: secret not predicted. (true secret = [ 0 -1 -1  0  0  0  0  1  0  0 -1  1 -1  0  0  0  0  1  0  0  0  0  1  0
                                       0  0 -1  0  1  0], predicted secret = [1 0 0 0 1 0 0 1 0 1 0 1 0 0 0 0 0 1 0 0 0 0 0 0 0 0 0 0 0 0], true support = [0 1 1 0 0 0 0 1 0 0 1 1 1 0 0 0 0 1 0 0 0 0 1 0 0 0 1 0 1 0], predicted support = [1 0 0 0 1 0 0 1 0 1 0 1 0 0 0 0 0 1 0 0 0 0 0 0 0 0 0 0 0 0])
INFO - 04/10/26 19:26:53 - 0:15:52 - CA: secret not predicted. (true secret = [ 0 -1 -1  0  0  0  0  1  0  0 -1  1 -1  0  0  0  0  1  0  0  0  0  1  0
                                       0  0 -1  0  1  0], predicted secret = [0 1 1 0 0 0 0 0 0 0 1 0 1 0 0 0 0 1 0 0 0 0 0 0 0 0 1 0 0 0], true support = [0 1 1 0 0 0 0 1 0 0 1 1 1 0 0 0 0 1 0 0 0 0 1 0 0 0 1 0 1 0], predicted support = [0 1 1 0 0 0 0 0 0 0 1 0 1 0 0 0 0 1 0 0 0 0 0 0 0 0 1 0 0 0])
INFO - 04/10/26 19:26:53 - 0:15:52 - CA: secret not predicted. (true secret = [ 0 -1 -1  0  0  0  0  1  0  0 -1  1 -1  0  0  0  0  1  0  0  0  0  1  0
                                       0  0 -1  0  1  0], predicted secret = [0 0 0 0 0 0 0 1 0 0 1 1 0 0 0 0 0 1 0 0 0 0 1 0 0 0 0 0 1 0], true support = [0 1 1 0 0 0 0 1 0 0 1 1 1 0 0 0 0 1 0 0 0 0 1 0 0 0 1 0 1 0], predicted support = [0 0 0 0 0 0 0 1 0 0 1 1 0 0 0 0 0 1 0 0 0 0 1 0 0 0 0 0 1 0])
INFO - 04/10/26 19:26:53 - 0:15:52 - Hybrid: direct, ca
INFO - 04/10/26 19:26:53 - 0:15:52 - direct, ca - Sum Normalized: secret not predicted. (true secret = [ 0 -1 -1  0  0  0  0  1  0  0 -1  1 -1  0  0  0  0  1  0  0  0  0  1  0
                                       0  0 -1  0  1  0], predicted secret = [0 0 0 0 1 0 0 1 0 0 1 1 0 0 0 0 0 1 0 0 0 0 1 0 0 0 0 0 0 0], true support = [0 1 1 0 0 0 0 1 0 0 1 1 1 0 0 0 0 1 0 0 0 0 1 0 0 0 1 0 1 0], predicted support = [0 0 0 0 1 0 0 1 0 0 1 1 0 0 0 0 0 1 0 0 0 0 1 0 0 0 0 0 0 0])
INFO - 04/10/26 19:26:53 - 0:15:52 - direct, ca - Max Normalized: secret not predicted. (true secret = [ 0 -1 -1  0  0  0  0  1  0  0 -1  1 -1  0  0  0  0  1  0  0  0  0  1  0
                                       0  0 -1  0  1  0], predicted secret = [0 1 0 0 1 0 0 1 0 0 1 0 0 0 0 0 0 1 0 0 0 0 0 0 0 0 1 0 0 0], true support = [0 1 1 0 0 0 0 1 0 0 1 1 1 0 0 0 0 1 0 0 0 0 1 0 0 0 1 0 1 0], predicted support = [0 1 0 0 1 0 0 1 0 0 1 0 0 0 0 0 0 1 0 0 0 0 0 0 0 0 1 0 0 0])
INFO - 04/10/26 19:26:53 - 0:15:52 - direct, ca - Sum Rank: secret not predicted. (true secret = [ 0 -1 -1  0  0  0  0  1  0  0 -1  1 -1  0  0  0  0  1  0  0  0  0  1  0
                                       0  0 -1  0  1  0], predicted secret = [0 1 0 0 0 0 0 1 0 0 1 1 0 0 0 0 0 1 0 0 0 0 1 0 0 0 0 0 0 0], true support = [0 1 1 0 0 0 0 1 0 0 1 1 1 0 0 0 0 1 0 0 0 0 1 0 0 0 1 0 1 0], predicted support = [0 1 0 0 0 0 0 1 0 0 1 1 0 0 0 0 0 1 0 0 0 0 1 0 0 0 0 0 0 0])
INFO - 04/10/26 19:26:53 - 0:15:52 - direct, ca - Max Rank: secret not predicted. (true secret = [ 0 -1 -1  0  0  0  0  1  0  0 -1  1 -1  0  0  0  0  1  0  0  0  0  1  0
                                       0  0 -1  0  1  0], predicted secret = [0 1 0 0 1 0 0 1 0 0 1 1 0 0 0 0 0 1 0 0 0 0 0 0 0 0 0 0 0 0], true support = [0 1 1 0 0 0 0 1 0 0 1 1 1 0 0 0 0 1 0 0 0 0 1 0 0 0 1 0 1 0], predicted support = [0 1 0 0 1 0 0 1 0 0 1 1 0 0 0 0 0 1 0 0 0 0 0 0 0 0 0 0 0 0])
INFO - 04/10/26 19:26:53 - 0:15:52 - Hybrid: direct, distinguisher
INFO - 04/10/26 19:26:53 - 0:15:52 - direct, distinguisher - Sum Normalized: secret not predicted. (true secret = [ 0 -1 -1  0  0  0  0  1  0  0 -1  1 -1  0  0  0  0  1  0  0  0  0  1  0
                                       0  0 -1  0  1  0], predicted secret = [0 1 0 0 1 0 0 1 0 0 0 1 0 0 0 0 0 1 0 0 0 0 1 0 0 0 0 0 0 0], true support = [0 1 1 0 0 0 0 1 0 0 1 1 1 0 0 0 0 1 0 0 0 0 1 0 0 0 1 0 1 0], predicted support = [0 1 0 0 1 0 0 1 0 0 0 1 0 0 0 0 0 1 0 0 0 0 1 0 0 0 0 0 0 0])
INFO - 04/10/26 19:26:53 - 0:15:52 - direct, distinguisher - Max Normalized: secret not predicted. (true secret = [ 0 -1 -1  0  0  0  0  1  0  0 -1  1 -1  0  0  0  0  1  0  0  0  0  1  0
                                       0  0 -1  0  1  0], predicted secret = [0 1 0 0 1 0 0 0 0 0 0 1 0 0 0 0 0 0 0 0 0 0 1 0 0 0 1 0 1 0], true support = [0 1 1 0 0 0 0 1 0 0 1 1 1 0 0 0 0 1 0 0 0 0 1 0 0 0 1 0 1 0], predicted support = [0 1 0 0 1 0 0 0 0 0 0 1 0 0 0 0 0 0 0 0 0 0 1 0 0 0 1 0 1 0])
INFO - 04/10/26 19:26:53 - 0:15:52 - direct, distinguisher - Sum Rank: secret not predicted. (true secret = [ 0 -1 -1  0  0  0  0  1  0  0 -1  1 -1  0  0  0  0  1  0  0  0  0  1  0
                                       0  0 -1  0  1  0], predicted secret = [0 1 0 0 1 0 0 1 0 1 0 1 0 0 0 0 0 0 0 0 0 0 1 0 0 0 0 0 0 0], true support = [0 1 1 0 0 0 0 1 0 0 1 1 1 0 0 0 0 1 0 0 0 0 1 0 0 0 1 0 1 0], predicted support = [0 1 0 0 1 0 0 1 0 1 0 1 0 0 0 0 0 0 0 0 0 0 1 0 0 0 0 0 0 0])
INFO - 04/10/26 19:26:53 - 0:15:52 - direct, distinguisher - Max Rank: secret not predicted. (true secret = [ 0 -1 -1  0  0  0  0  1  0  0 -1  1 -1  0  0  0  0  1  0  0  0  0  1  0
                                       0  0 -1  0  1  0], predicted secret = [0 1 0 0 1 0 0 1 0 1 0 1 0 0 0 0 0 0 0 0 0 0 1 0 0 0 0 0 0 0], true support = [0 1 1 0 0 0 0 1 0 0 1 1 1 0 0 0 0 1 0 0 0 0 1 0 0 0 1 0 1 0], predicted support = [0 1 0 0 1 0 0 1 0 1 0 1 0 0 0 0 0 0 0 0 0 0 1 0 0 0 0 0 0 0])
INFO - 04/10/26 19:26:53 - 0:15:52 - Hybrid: ca, distinguisher
INFO - 04/10/26 19:26:53 - 0:15:52 - ca, distinguisher - Sum Normalized: secret not predicted. (true secret = [ 0 -1 -1  0  0  0  0  1  0  0 -1  1 -1  0  0  0  0  1  0  0  0  0  1  0
                                       0  0 -1  0  1  0], predicted secret = [0 1 0 0 0 0 0 0 0 0 1 1 0 0 0 0 0 1 0 0 0 0 1 0 0 0 1 0 0 0], true support = [0 1 1 0 0 0 0 1 0 0 1 1 1 0 0 0 0 1 0 0 0 0 1 0 0 0 1 0 1 0], predicted support = [0 1 0 0 0 0 0 0 0 0 1 1 0 0 0 0 0 1 0 0 0 0 1 0 0 0 1 0 0 0])
INFO - 04/10/26 19:26:53 - 0:15:52 - ca, distinguisher - Max Normalized: secret not predicted. (true secret = [ 0 -1 -1  0  0  0  0  1  0  0 -1  1 -1  0  0  0  0  1  0  0  0  0  1  0
                                       0  0 -1  0  1  0], predicted secret = [0 1 0 0 0 0 0 0 0 0 0 1 0 0 0 0 0 1 0 0 0 0 1 0 0 0 1 0 1 0], true support = [0 1 1 0 0 0 0 1 0 0 1 1 1 0 0 0 0 1 0 0 0 0 1 0 0 0 1 0 1 0], predicted support = [0 1 0 0 0 0 0 0 0 0 0 1 0 0 0 0 0 1 0 0 0 0 1 0 0 0 1 0 1 0])
INFO - 04/10/26 19:26:53 - 0:15:52 - ca, distinguisher - Sum Rank: secret not predicted. (true secret = [ 0 -1 -1  0  0  0  0  1  0  0 -1  1 -1  0  0  0  0  1  0  0  0  0  1  0
                                       0  0 -1  0  1  0], predicted secret = [0 1 0 0 0 0 0 0 0 0 1 1 0 0 0 0 0 1 0 0 0 0 1 0 0 0 1 0 0 0], true support = [0 1 1 0 0 0 0 1 0 0 1 1 1 0 0 0 0 1 0 0 0 0 1 0 0 0 1 0 1 0], predicted support = [0 1 0 0 0 0 0 0 0 0 1 1 0 0 0 0 0 1 0 0 0 0 1 0 0 0 1 0 0 0])
INFO - 04/10/26 19:26:53 - 0:15:52 - ca, distinguisher - Max Rank: secret not predicted. (true secret = [ 0 -1 -1  0  0  0  0  1  0  0 -1  1 -1  0  0  0  0  1  0  0  0  0  1  0
                                       0  0 -1  0  1  0], predicted secret = [0 1 0 0 0 0 0 0 0 0 1 1 0 0 0 0 0 1 0 0 0 0 1 0 0 0 1 0 0 0], true support = [0 1 1 0 0 0 0 1 0 0 1 1 1 0 0 0 0 1 0 0 0 0 1 0 0 0 1 0 1 0], predicted support = [0 1 0 0 0 0 0 0 0 0 1 1 0 0 0 0 0 1 0 0 0 0 1 0 0 0 1 0 0 0])
INFO - 04/10/26 19:26:53 - 0:15:52 - Hybrid: direct, ca, distinguisher
INFO - 04/10/26 19:26:53 - 0:15:52 - direct, ca, distinguisher - Sum Normalized: secret not predicted. (true secret = [ 0 -1 -1  0  0  0  0  1  0  0 -1  1 -1  0  0  0  0  1  0  0  0  0  1  0
                                       0  0 -1  0  1  0], predicted secret = [0 1 0 0 0 0 0 1 0 0 1 1 0 0 0 0 0 1 0 0 0 0 1 0 0 0 0 0 0 0], true support = [0 1 1 0 0 0 0 1 0 0 1 1 1 0 0 0 0 1 0 0 0 0 1 0 0 0 1 0 1 0], predicted support = [0 1 0 0 0 0 0 1 0 0 1 1 0 0 0 0 0 1 0 0 0 0 1 0 0 0 0 0 0 0])
INFO - 04/10/26 19:26:53 - 0:15:52 - direct, ca, distinguisher - Max Normalized: secret not predicted. (true secret = [ 0 -1 -1  0  0  0  0  1  0  0 -1  1 -1  0  0  0  0  1  0  0  0  0  1  0
                                       0  0 -1  0  1  0], predicted secret = [0 1 0 0 1 0 0 0 0 0 0 1 0 0 0 0 0 1 0 0 0 0 1 0 0 0 0 0 1 0], true support = [0 1 1 0 0 0 0 1 0 0 1 1 1 0 0 0 0 1 0 0 0 0 1 0 0 0 1 0 1 0], predicted support = [0 1 0 0 1 0 0 0 0 0 0 1 0 0 0 0 0 1 0 0 0 0 1 0 0 0 0 0 1 0])
INFO - 04/10/26 19:26:53 - 0:15:52 - direct, ca, distinguisher - Sum Rank: secret not predicted. (true secret = [ 0 -1 -1  0  0  0  0  1  0  0 -1  1 -1  0  0  0  0  1  0  0  0  0  1  0
                                       0  0 -1  0  1  0], predicted secret = [0 1 0 0 0 0 0 1 0 0 0 1 0 0 0 0 0 1 0 0 0 0 1 0 0 0 1 0 0 0], true support = [0 1 1 0 0 0 0 1 0 0 1 1 1 0 0 0 0 1 0 0 0 0 1 0 0 0 1 0 1 0], predicted support = [0 1 0 0 0 0 0 1 0 0 0 1 0 0 0 0 0 1 0 0 0 0 1 0 0 0 1 0 0 0])
INFO - 04/10/26 19:26:53 - 0:15:52 - direct, ca, distinguisher - Max Rank: secret not predicted. (true secret = [ 0 -1 -1  0  0  0  0  1  0  0 -1  1 -1  0  0  0  0  1  0  0  0  0  1  0
                                       0  0 -1  0  1  0], predicted secret = [0 1 0 0 1 0 0 1 0 0 1 1 0 0 0 0 0 1 0 0 0 0 0 0 0 0 0 0 0 0], true support = [0 1 1 0 0 0 0 1 0 0 1 1 1 0 0 0 0 1 0 0 0 0 1 0 0 0 1 0 1 0], predicted support = [0 1 0 0 1 0 0 1 0 0 1 1 0 0 0 0 0 1 0 0 0 0 0 0 0 0 0 0 0 0])
INFO - 04/10/26 19:26:53 - 0:15:52 - Epoch 4 metrics | train_loss: 1.506911 | train_acc1: 28.068018 | train_acc2: 33.428303 | valid_xe_loss: 1.526805 | valid_acc1: 27.096519 | valid_acc2: 30.013845
INFO - 04/10/26 19:26:53 - 0:15:52 - __log__:{"train_loss": 1.50691112820643, "train_acc1": 28.068018234165066, "train_acc2": 33.42830294305822, "epoch": 4, "valid_xe_loss": 1.5268045316768597, "valid_acc1": 27.09651898734177, "valid_acc2": 30.01384493670886}
INFO - 04/10/26 19:26:53 - 0:15:52 - Saving checkpoint to /home/yu_mcc/PQC_salsa/runs/n30_q127_h3_1m/train_gpu_ternary_h10_secret0_init0_epoch200000/checkpoint.pth ...
WARNING - 04/10/26 19:26:53 - 0:15:52 - Saving encoder parameters ...
WARNING - 04/10/26 19:26:53 - 0:15:52 - Saving decoder parameters ...
WARNING - 04/10/26 19:26:53 - 0:15:52 - Saving optimizer ...
INFO - 04/10/26 19:26:53 - 0:15:52 - ============ Starting epoch 5 ... ============
INFO - 04/10/26 19:26:57 - 0:15:56 -    7850 -  141.90 equations/s -  9081.70 words/s - MEM: 1.36 GB - LOSS:  1.5012 || ACC1: 28.0804 || ACC2: 33.5491 - LR: 9.8114e-06
INFO - 04/10/26 19:27:02 - 0:16:00 -    7900 - 1311.50 equations/s - 83936.20 words/s - MEM: 1.36 GB - LOSS:  1.4968 || ACC1: 28.9688 || ACC2: 34.5469 - LR: 9.8739e-06
INFO - 04/10/26 19:27:10 - 0:16:09 -    7950 -  760.53 equations/s - 48674.08 words/s - MEM: 1.36 GB - LOSS:  1.4937 || ACC1: 29.0000 || ACC2: 34.4062 - LR: 9.9363e-06
INFO - 04/10/26 19:27:15 - 0:16:14 -    8000 - 1340.04 equations/s - 85762.74 words/s - MEM: 1.36 GB - LOSS:  1.4978 || ACC1: 29.5625 || ACC2: 34.7500 - LR: 9.9988e-06
INFO - 04/10/26 19:27:20 - 0:16:18 -    8050 - 1338.66 equations/s - 85674.12 words/s - MEM: 1.36 GB - LOSS:  1.4990 || ACC1: 29.3281 || ACC2: 34.7656 - LR: 1.0000e-05
INFO - 04/10/26 19:27:25 - 0:16:23 -    8100 - 1301.50 equations/s - 83295.80 words/s - MEM: 1.36 GB - LOSS:  1.4915 || ACC1: 29.0312 || ACC2: 34.7812 - LR: 1.0000e-05
INFO - 04/10/26 19:27:30 - 0:16:28 -    8150 - 1301.04 equations/s - 83266.41 words/s - MEM: 1.36 GB - LOSS:  1.4958 || ACC1: 27.7188 || ACC2: 33.4219 - LR: 1.0000e-05
INFO - 04/10/26 19:27:34 - 0:16:33 -    8200 - 1380.71 equations/s - 88365.38 words/s - MEM: 1.36 GB - LOSS:  1.5001 || ACC1: 29.3281 || ACC2: 35.1094 - LR: 1.0000e-05
INFO - 04/10/26 19:27:42 - 0:16:41 -    8250 -  771.36 equations/s - 49367.31 words/s - MEM: 1.36 GB - LOSS:  1.5007 || ACC1: 29.5625 || ACC2: 34.9375 - LR: 1.0000e-05
INFO - 04/10/26 19:27:47 - 0:16:46 -    8300 - 1320.10 equations/s - 84486.52 words/s - MEM: 1.36 GB - LOSS:  1.4950 || ACC1: 28.9219 || ACC2: 34.3125 - LR: 1.0000e-05
INFO - 04/10/26 19:27:52 - 0:16:51 -    8350 - 1351.51 equations/s - 86496.60 words/s - MEM: 1.36 GB - LOSS:  1.5039 || ACC1: 28.0625 || ACC2: 33.6719 - LR: 1.0000e-05
INFO - 04/10/26 19:27:57 - 0:16:56 -    8400 - 1359.21 equations/s - 86989.71 words/s - MEM: 1.36 GB - LOSS:  1.4981 || ACC1: 29.4062 || ACC2: 34.9375 - LR: 1.0000e-05
INFO - 04/10/26 19:28:02 - 0:17:00 -    8450 - 1337.97 equations/s - 85630.39 words/s - MEM: 1.36 GB - LOSS:  1.4975 || ACC1: 29.0781 || ACC2: 35.0312 - LR: 1.0000e-05
INFO - 04/10/26 19:28:06 - 0:17:05 -    8500 - 1337.97 equations/s - 85629.97 words/s - MEM: 1.36 GB - LOSS:  1.4996 || ACC1: 28.7188 || ACC2: 34.2656 - LR: 1.0000e-05
INFO - 04/10/26 19:28:11 - 0:17:10 -    8550 - 1370.92 equations/s - 87738.80 words/s - MEM: 1.36 GB - LOSS:  1.4917 || ACC1: 29.1250 || ACC2: 34.7656 - LR: 1.0000e-05
INFO - 04/10/26 19:28:19 - 0:17:18 -    8600 -  774.77 equations/s - 49585.40 words/s - MEM: 1.36 GB - LOSS:  1.5008 || ACC1: 28.0938 || ACC2: 33.6562 - LR: 1.0000e-05
INFO - 04/10/26 19:28:24 - 0:17:23 -    8650 - 1358.10 equations/s - 86918.34 words/s - MEM: 1.36 GB - LOSS:  1.4957 || ACC1: 28.2812 || ACC2: 34.0156 - LR: 1.0000e-05
INFO - 04/10/26 19:28:29 - 0:17:28 -    8700 - 1312.20 equations/s - 83981.01 words/s - MEM: 1.36 GB - LOSS:  1.4916 || ACC1: 29.5781 || ACC2: 35.0156 - LR: 1.0000e-05
INFO - 04/10/26 19:28:34 - 0:17:32 -    8750 - 1338.06 equations/s - 85635.60 words/s - MEM: 1.36 GB - LOSS:  1.4930 || ACC1: 29.0312 || ACC2: 34.4688 - LR: 1.0000e-05
INFO - 04/10/26 19:28:38 - 0:17:37 -    8800 - 1361.68 equations/s - 87147.68 words/s - MEM: 1.36 GB - LOSS:  1.4912 || ACC1: 28.6094 || ACC2: 34.5781 - LR: 1.0000e-05
INFO - 04/10/26 19:28:43 - 0:17:42 -    8850 - 1322.95 equations/s - 84669.04 words/s - MEM: 1.36 GB - LOSS:  1.4907 || ACC1: 29.7031 || ACC2: 34.9062 - LR: 1.0000e-05
INFO - 04/10/26 19:28:48 - 0:17:47 -    8900 - 1307.15 equations/s - 83657.84 words/s - MEM: 1.36 GB - LOSS:  1.4996 || ACC1: 28.5625 || ACC2: 34.5938 - LR: 1.0000e-05
INFO - 04/10/26 19:28:56 - 0:17:55 -    8950 -  759.07 equations/s - 48580.33 words/s - MEM: 1.36 GB - LOSS:  1.4909 || ACC1: 28.6250 || ACC2: 34.8281 - LR: 1.0000e-05
INFO - 04/10/26 19:29:01 - 0:18:00 -    9000 - 1355.28 equations/s - 86738.16 words/s - MEM: 1.36 GB - LOSS:  1.4978 || ACC1: 28.8750 || ACC2: 34.7188 - LR: 1.0000e-05
INFO - 04/10/26 19:29:06 - 0:18:05 -    9050 - 1362.72 equations/s - 87214.28 words/s - MEM: 1.36 GB - LOSS:  1.4846 || ACC1: 29.1719 || ACC2: 35.7500 - LR: 1.0000e-05
INFO - 04/10/26 19:29:11 - 0:18:09 -    9100 - 1378.29 equations/s - 88210.39 words/s - MEM: 1.36 GB - LOSS:  1.4976 || ACC1: 27.4062 || ACC2: 33.5156 - LR: 1.0000e-05
INFO - 04/10/26 19:29:15 - 0:18:14 -    9150 - 1317.40 equations/s - 84313.54 words/s - MEM: 1.36 GB - LOSS:  1.4917 || ACC1: 27.7656 || ACC2: 33.6250 - LR: 1.0000e-05
INFO - 04/10/26 19:29:20 - 0:18:19 -    9200 - 1269.73 equations/s - 81262.79 words/s - MEM: 1.36 GB - LOSS:  1.4905 || ACC1: 29.6406 || ACC2: 35.0625 - LR: 1.0000e-05
INFO - 04/10/26 19:29:25 - 0:18:24 -    9250 - 1324.93 equations/s - 84795.60 words/s - MEM: 1.36 GB - LOSS:  1.4824 || ACC1: 30.8906 || ACC2: 37.1250 - LR: 1.0000e-05
INFO - 04/10/26 19:29:34 - 0:18:32 -    9300 -  768.40 equations/s - 49177.89 words/s - MEM: 1.36 GB - LOSS:  1.4967 || ACC1: 29.4375 || ACC2: 35.4844 - LR: 1.0000e-05
INFO - 04/10/26 19:29:38 - 0:18:37 -    9350 - 1433.49 equations/s - 91743.21 words/s - MEM: 1.36 GB - LOSS:  1.4908 || ACC1: 29.4375 || ACC2: 35.7188 - LR: 1.0000e-05
INFO - 04/10/26 19:29:40 - 0:18:39 -    9378 - 1557.50 equations/s - 99680.05 words/s - MEM: 1.36 GB - LOSS:  1.4915 || ACC1: 28.0413 || ACC2: 34.0681 - LR: 1.0000e-05
INFO - 04/10/26 19:29:40 - 0:18:39 - ============ End of epoch 5 ============
INFO - 04/10/26 19:29:40 - 0:18:39 - Starting Distinguisher Method
INFO - 04/10/26 19:29:52 - 0:18:51 - Distinguishing 0s using the emd. 
INFO - 04/10/26 19:29:52 - 0:18:51 - Distinguishing +/-1s using the emd. 
INFO - 04/10/26 19:29:52 - 0:18:51 - Real secret: -1: {np.int64(1), np.int64(2), np.int64(10), np.int64(12), np.int64(26)}, 1: {np.int64(7), np.int64(11), np.int64(17), np.int64(22), np.int64(28)}
INFO - 04/10/26 19:29:52 - 0:18:51 - Distinguishing +/-1s using the mean. 
INFO - 04/10/26 19:29:52 - 0:18:51 - Real secret: -1: {np.int64(1), np.int64(2), np.int64(10), np.int64(12), np.int64(26)}, 1: {np.int64(7), np.int64(11), np.int64(17), np.int64(22), np.int64(28)}
INFO - 04/10/26 19:29:52 - 0:18:51 - Distinguishing 0s using the mean. 
INFO - 04/10/26 19:29:52 - 0:18:51 - Distinguishing +/-1s using the emd. 
INFO - 04/10/26 19:29:52 - 0:18:51 - Real secret: -1: {np.int64(1), np.int64(2), np.int64(10), np.int64(12), np.int64(26)}, 1: {np.int64(7), np.int64(11), np.int64(17), np.int64(22), np.int64(28)}
INFO - 04/10/26 19:29:52 - 0:18:51 - Distinguishing +/-1s using the mean. 
INFO - 04/10/26 19:29:52 - 0:18:51 - Real secret: -1: {np.int64(1), np.int64(2), np.int64(10), np.int64(12), np.int64(26)}, 1: {np.int64(7), np.int64(11), np.int64(17), np.int64(22), np.int64(28)}
INFO - 04/10/26 19:29:52 - 0:18:51 - Starting Direct Method
INFO - 04/10/26 19:29:52 - 0:18:51 - Direct:  K=55
INFO - 04/10/26 19:29:52 - 0:18:51 - Direct:  K=77
INFO - 04/10/26 19:29:52 - 0:18:51 - Direct:  K=40
INFO - 04/10/26 19:29:52 - 0:18:51 - Direct:  K=63
INFO - 04/10/26 19:29:53 - 0:18:51 - Direct:  K=62
INFO - 04/10/26 19:29:53 - 0:18:51 - Direct:  K=52
INFO - 04/10/26 19:29:53 - 0:18:51 - Direct:  K=65
INFO - 04/10/26 19:29:53 - 0:18:52 - Direct:  K=52
INFO - 04/10/26 19:29:53 - 0:18:52 - Direct:  K=82
INFO - 04/10/26 19:29:53 - 0:18:52 - Direct:  K=43
INFO - 04/10/26 19:29:53 - 0:18:52 - Direct:  K=68
INFO - 04/10/26 19:29:53 - 0:18:52 - Direct:  K=46
INFO - 04/10/26 19:29:53 - 0:18:52 - Direct:  K=51
INFO - 04/10/26 19:29:53 - 0:18:52 - Direct:  K=72
INFO - 04/10/26 19:29:54 - 0:18:52 - Direct:  K=88
INFO - 04/10/26 19:29:54 - 0:18:52 - Direct: secret not predicted. (true secret = [ 0 -1 -1  0  0  0  0  1  0  0 -1  1 -1  0  0  0  0  1  0  0  0  0  1  0
                                       0  0 -1  0  1  0], predicted secret = [1 0 1 0 1 0 0 0 0 0 0 0 0 0 0 0 0 1 0 0 0 0 1 0 0 0 0 0 1 0], true support = [0 1 1 0 0 0 0 1 0 0 1 1 1 0 0 0 0 1 0 0 0 0 1 0 0 0 1 0 1 0], predicted support = [1 0 1 0 1 0 0 0 0 0 0 0 0 0 0 0 0 1 0 0 0 0 1 0 0 0 0 0 1 0])
INFO - 04/10/26 19:30:07 - 0:19:06 - CA: secret not predicted. (true secret = [ 0 -1 -1  0  0  0  0  1  0  0 -1  1 -1  0  0  0  0  1  0  0  0  0  1  0
                                       0  0 -1  0  1  0], predicted secret = [0 1 1 0 0 0 0 0 0 0 1 0 1 0 0 0 0 1 0 0 0 0 0 0 0 0 1 0 0 0], true support = [0 1 1 0 0 0 0 1 0 0 1 1 1 0 0 0 0 1 0 0 0 0 1 0 0 0 1 0 1 0], predicted support = [0 1 1 0 0 0 0 0 0 0 1 0 1 0 0 0 0 1 0 0 0 0 0 0 0 0 1 0 0 0])
INFO - 04/10/26 19:30:07 - 0:19:06 - CA: secret not predicted. (true secret = [ 0 -1 -1  0  0  0  0  1  0  0 -1  1 -1  0  0  0  0  1  0  0  0  0  1  0
                                       0  0 -1  0  1  0], predicted secret = [0 0 0 0 0 0 0 1 0 0 1 0 0 0 0 0 1 1 0 0 0 0 1 0 0 0 0 0 1 0], true support = [0 1 1 0 0 0 0 1 0 0 1 1 1 0 0 0 0 1 0 0 0 0 1 0 0 0 1 0 1 0], predicted support = [0 0 0 0 0 0 0 1 0 0 1 0 0 0 0 0 1 1 0 0 0 0 1 0 0 0 0 0 1 0])
INFO - 04/10/26 19:30:07 - 0:19:06 - Hybrid: direct, ca
INFO - 04/10/26 19:30:07 - 0:19:06 - direct, ca - Sum Normalized: secret not predicted. (true secret = [ 0 -1 -1  0  0  0  0  1  0  0 -1  1 -1  0  0  0  0  1  0  0  0  0  1  0
                                       0  0 -1  0  1  0], predicted secret = [1 1 0 0 0 0 0 0 0 0 1 0 0 0 0 0 0 1 0 0 0 0 1 0 0 0 0 0 1 0], true support = [0 1 1 0 0 0 0 1 0 0 1 1 1 0 0 0 0 1 0 0 0 0 1 0 0 0 1 0 1 0], predicted support = [1 1 0 0 0 0 0 0 0 0 1 0 0 0 0 0 0 1 0 0 0 0 1 0 0 0 0 0 1 0])
INFO - 04/10/26 19:30:07 - 0:19:06 - direct, ca - Max Normalized: secret not predicted. (true secret = [ 0 -1 -1  0  0  0  0  1  0  0 -1  1 -1  0  0  0  0  1  0  0  0  0  1  0
                                       0  0 -1  0  1  0], predicted secret = [1 1 0 0 0 0 0 0 0 0 1 0 0 0 0 0 0 1 0 0 0 0 0 0 0 0 1 0 1 0], true support = [0 1 1 0 0 0 0 1 0 0 1 1 1 0 0 0 0 1 0 0 0 0 1 0 0 0 1 0 1 0], predicted support = [1 1 0 0 0 0 0 0 0 0 1 0 0 0 0 0 0 1 0 0 0 0 0 0 0 0 1 0 1 0])
INFO - 04/10/26 19:30:07 - 0:19:06 - direct, ca - Sum Rank: secret not predicted. (true secret = [ 0 -1 -1  0  0  0  0  1  0  0 -1  1 -1  0  0  0  0  1  0  0  0  0  1  0
                                       0  0 -1  0  1  0], predicted secret = [0 0 1 0 0 0 0 1 0 0 0 1 0 0 0 0 0 1 0 0 0 0 1 0 0 0 0 0 1 0], true support = [0 1 1 0 0 0 0 1 0 0 1 1 1 0 0 0 0 1 0 0 0 0 1 0 0 0 1 0 1 0], predicted support = [0 0 1 0 0 0 0 1 0 0 0 1 0 0 0 0 0 1 0 0 0 0 1 0 0 0 0 0 1 0])
INFO - 04/10/26 19:30:07 - 0:19:06 - direct, ca - Max Rank: secret not predicted. (true secret = [ 0 -1 -1  0  0  0  0  1  0  0 -1  1 -1  0  0  0  0  1  0  0  0  0  1  0
                                       0  0 -1  0  1  0], predicted secret = [1 1 0 0 1 0 0 0 0 0 1 0 0 0 0 0 0 1 0 0 0 0 1 0 0 0 0 0 0 0], true support = [0 1 1 0 0 0 0 1 0 0 1 1 1 0 0 0 0 1 0 0 0 0 1 0 0 0 1 0 1 0], predicted support = [1 1 0 0 1 0 0 0 0 0 1 0 0 0 0 0 0 1 0 0 0 0 1 0 0 0 0 0 0 0])
INFO - 04/10/26 19:30:07 - 0:19:06 - Hybrid: direct, distinguisher
INFO - 04/10/26 19:30:07 - 0:19:06 - direct, distinguisher - Sum Normalized: secret not predicted. (true secret = [ 0 -1 -1  0  0  0  0  1  0  0 -1  1 -1  0  0  0  0  1  0  0  0  0  1  0
                                       0  0 -1  0  1  0], predicted secret = [0 0 1 0 0 0 0 1 0 0 0 1 0 0 0 0 0 1 0 0 0 0 1 0 0 0 0 0 1 0], true support = [0 1 1 0 0 0 0 1 0 0 1 1 1 0 0 0 0 1 0 0 0 0 1 0 0 0 1 0 1 0], predicted support = [0 0 1 0 0 0 0 1 0 0 0 1 0 0 0 0 0 1 0 0 0 0 1 0 0 0 0 0 1 0])
INFO - 04/10/26 19:30:07 - 0:19:06 - direct, distinguisher - Max Normalized: secret not predicted. (true secret = [ 0 -1 -1  0  0  0  0  1  0  0 -1  1 -1  0  0  0  0  1  0  0  0  0  1  0
                                       0  0 -1  0  1  0], predicted secret = [1 1 0 0 0 0 0 0 0 0 1 1 0 0 0 0 0 0 0 0 0 0 1 0 0 0 0 0 1 0], true support = [0 1 1 0 0 0 0 1 0 0 1 1 1 0 0 0 0 1 0 0 0 0 1 0 0 0 1 0 1 0], predicted support = [1 1 0 0 0 0 0 0 0 0 1 1 0 0 0 0 0 0 0 0 0 0 1 0 0 0 0 0 1 0])
INFO - 04/10/26 19:30:07 - 0:19:06 - direct, distinguisher - Sum Rank: secret not predicted. (true secret = [ 0 -1 -1  0  0  0  0  1  0  0 -1  1 -1  0  0  0  0  1  0  0  0  0  1  0
                                       0  0 -1  0  1  0], predicted secret = [1 0 1 0 1 0 0 0 0 0 0 1 0 0 0 0 0 0 0 0 0 0 1 0 0 0 0 0 1 0], true support = [0 1 1 0 0 0 0 1 0 0 1 1 1 0 0 0 0 1 0 0 0 0 1 0 0 0 1 0 1 0], predicted support = [1 0 1 0 1 0 0 0 0 0 0 1 0 0 0 0 0 0 0 0 0 0 1 0 0 0 0 0 1 0])
INFO - 04/10/26 19:30:07 - 0:19:06 - direct, distinguisher - Max Rank: secret not predicted. (true secret = [ 0 -1 -1  0  0  0  0  1  0  0 -1  1 -1  0  0  0  0  1  0  0  0  0  1  0
                                       0  0 -1  0  1  0], predicted secret = [1 1 0 0 1 0 0 0 0 0 0 1 0 0 0 0 0 0 0 0 0 0 1 0 0 0 0 0 1 0], true support = [0 1 1 0 0 0 0 1 0 0 1 1 1 0 0 0 0 1 0 0 0 0 1 0 0 0 1 0 1 0], predicted support = [1 1 0 0 1 0 0 0 0 0 0 1 0 0 0 0 0 0 0 0 0 0 1 0 0 0 0 0 1 0])
INFO - 04/10/26 19:30:07 - 0:19:06 - Hybrid: ca, distinguisher
INFO - 04/10/26 19:30:07 - 0:19:06 - ca, distinguisher - Sum Normalized: secret not predicted. (true secret = [ 0 -1 -1  0  0  0  0  1  0  0 -1  1 -1  0  0  0  0  1  0  0  0  0  1  0
                                       0  0 -1  0  1  0], predicted secret = [0 1 0 0 0 0 0 0 0 0 1 0 0 0 0 0 0 1 0 0 0 0 1 0 0 0 1 0 1 0], true support = [0 1 1 0 0 0 0 1 0 0 1 1 1 0 0 0 0 1 0 0 0 0 1 0 0 0 1 0 1 0], predicted support = [0 1 0 0 0 0 0 0 0 0 1 0 0 0 0 0 0 1 0 0 0 0 1 0 0 0 1 0 1 0])
INFO - 04/10/26 19:30:07 - 0:19:06 - ca, distinguisher - Max Normalized: secret not predicted. (true secret = [ 0 -1 -1  0  0  0  0  1  0  0 -1  1 -1  0  0  0  0  1  0  0  0  0  1  0
                                       0  0 -1  0  1  0], predicted secret = [0 1 0 0 0 0 0 0 0 0 1 1 0 0 0 0 0 1 0 0 0 0 1 0 0 0 0 0 1 0], true support = [0 1 1 0 0 0 0 1 0 0 1 1 1 0 0 0 0 1 0 0 0 0 1 0 0 0 1 0 1 0], predicted support = [0 1 0 0 0 0 0 0 0 0 1 1 0 0 0 0 0 1 0 0 0 0 1 0 0 0 0 0 1 0])
INFO - 04/10/26 19:30:07 - 0:19:06 - ca, distinguisher - Sum Rank: secret not predicted. (true secret = [ 0 -1 -1  0  0  0  0  1  0  0 -1  1 -1  0  0  0  0  1  0  0  0  0  1  0
                                       0  0 -1  0  1  0], predicted secret = [0 1 0 0 0 0 0 0 0 0 1 1 0 0 0 0 0 1 0 0 0 0 1 0 0 0 0 0 1 0], true support = [0 1 1 0 0 0 0 1 0 0 1 1 1 0 0 0 0 1 0 0 0 0 1 0 0 0 1 0 1 0], predicted support = [0 1 0 0 0 0 0 0 0 0 1 1 0 0 0 0 0 1 0 0 0 0 1 0 0 0 0 0 1 0])
INFO - 04/10/26 19:30:07 - 0:19:06 - ca, distinguisher - Max Rank: secret not predicted. (true secret = [ 0 -1 -1  0  0  0  0  1  0  0 -1  1 -1  0  0  0  0  1  0  0  0  0  1  0
                                       0  0 -1  0  1  0], predicted secret = [0 1 0 0 0 0 0 0 0 0 1 1 0 0 0 0 0 1 0 0 0 0 0 0 0 0 1 0 1 0], true support = [0 1 1 0 0 0 0 1 0 0 1 1 1 0 0 0 0 1 0 0 0 0 1 0 0 0 1 0 1 0], predicted support = [0 1 0 0 0 0 0 0 0 0 1 1 0 0 0 0 0 1 0 0 0 0 0 0 0 0 1 0 1 0])
INFO - 04/10/26 19:30:07 - 0:19:06 - Hybrid: direct, ca, distinguisher
INFO - 04/10/26 19:30:07 - 0:19:06 - direct, ca, distinguisher - Sum Normalized: secret not predicted. (true secret = [ 0 -1 -1  0  0  0  0  1  0  0 -1  1 -1  0  0  0  0  1  0  0  0  0  1  0
                                       0  0 -1  0  1  0], predicted secret = [0 1 0 0 0 0 0 0 0 0 1 1 0 0 0 0 0 1 0 0 0 0 1 0 0 0 0 0 1 0], true support = [0 1 1 0 0 0 0 1 0 0 1 1 1 0 0 0 0 1 0 0 0 0 1 0 0 0 1 0 1 0], predicted support = [0 1 0 0 0 0 0 0 0 0 1 1 0 0 0 0 0 1 0 0 0 0 1 0 0 0 0 0 1 0])
INFO - 04/10/26 19:30:07 - 0:19:06 - direct, ca, distinguisher - Max Normalized: secret not predicted. (true secret = [ 0 -1 -1  0  0  0  0  1  0  0 -1  1 -1  0  0  0  0  1  0  0  0  0  1  0
                                       0  0 -1  0  1  0], predicted secret = [1 1 0 0 0 0 0 0 0 0 1 1 0 0 0 0 0 1 0 0 0 0 0 0 0 0 0 0 1 0], true support = [0 1 1 0 0 0 0 1 0 0 1 1 1 0 0 0 0 1 0 0 0 0 1 0 0 0 1 0 1 0], predicted support = [1 1 0 0 0 0 0 0 0 0 1 1 0 0 0 0 0 1 0 0 0 0 0 0 0 0 0 0 1 0])
INFO - 04/10/26 19:30:07 - 0:19:06 - direct, ca, distinguisher - Sum Rank: secret not predicted. (true secret = [ 0 -1 -1  0  0  0  0  1  0  0 -1  1 -1  0  0  0  0  1  0  0  0  0  1  0
                                       0  0 -1  0  1  0], predicted secret = [0 0 1 0 0 0 0 0 0 0 1 1 0 0 0 0 0 1 0 0 0 0 1 0 0 0 0 0 1 0], true support = [0 1 1 0 0 0 0 1 0 0 1 1 1 0 0 0 0 1 0 0 0 0 1 0 0 0 1 0 1 0], predicted support = [0 0 1 0 0 0 0 0 0 0 1 1 0 0 0 0 0 1 0 0 0 0 1 0 0 0 0 0 1 0])
INFO - 04/10/26 19:30:07 - 0:19:06 - direct, ca, distinguisher - Max Rank: secret not predicted. (true secret = [ 0 -1 -1  0  0  0  0  1  0  0 -1  1 -1  0  0  0  0  1  0  0  0  0  1  0
                                       0  0 -1  0  1  0], predicted secret = [1 0 0 0 1 0 0 0 0 0 1 1 0 0 0 0 0 1 0 0 0 0 0 0 0 0 0 0 1 0], true support = [0 1 1 0 0 0 0 1 0 0 1 1 1 0 0 0 0 1 0 0 0 0 1 0 0 0 1 0 1 0], predicted support = [1 0 0 0 1 0 0 0 0 0 1 1 0 0 0 0 0 1 0 0 0 0 0 0 0 0 0 0 1 0])
INFO - 04/10/26 19:30:07 - 0:19:06 - Epoch 5 metrics | train_loss: 1.494969 | train_acc1: 28.927743 | train_acc2: 34.655410 | valid_xe_loss: 1.506530 | valid_acc1: 26.602057 | valid_acc2: 31.793908
INFO - 04/10/26 19:30:07 - 0:19:06 - __log__:{"train_loss": 1.4949688940420414, "train_acc1": 28.927743122200894, "train_acc2": 34.655410268714014, "epoch": 5, "valid_xe_loss": 1.5065300796605363, "valid_acc1": 26.602056962025316, "valid_acc2": 31.7939082278481}
INFO - 04/10/26 19:30:07 - 0:19:06 - Saving checkpoint to /home/yu_mcc/PQC_salsa/runs/n30_q127_h3_1m/train_gpu_ternary_h10_secret0_init0_epoch200000/checkpoint.pth ...
WARNING - 04/10/26 19:30:07 - 0:19:06 - Saving encoder parameters ...
WARNING - 04/10/26 19:30:07 - 0:19:06 - Saving decoder parameters ...
WARNING - 04/10/26 19:30:07 - 0:19:06 - Saving optimizer ...
INFO - 04/10/26 19:30:07 - 0:19:06 - ============ Starting epoch 6 ... ============
INFO - 04/10/26 19:30:09 - 0:19:08 -    9400 -   97.35 equations/s -  6230.70 words/s - MEM: 1.36 GB - LOSS:  1.4815 || ACC1: 30.3622 || ACC2: 36.8253 - LR: 1.0000e-05
INFO - 04/10/26 19:30:14 - 0:19:13 -    9450 - 1384.56 equations/s - 88612.00 words/s - MEM: 1.36 GB - LOSS:  1.4874 || ACC1: 29.3281 || ACC2: 35.3438 - LR: 1.0000e-05
INFO - 04/10/26 19:30:19 - 0:19:18 -    9500 - 1316.07 equations/s - 84228.37 words/s - MEM: 1.36 GB - LOSS:  1.4866 || ACC1: 30.1406 || ACC2: 36.0625 - LR: 1.0000e-05
INFO - 04/10/26 19:30:24 - 0:19:22 -    9550 - 1340.67 equations/s - 85802.94 words/s - MEM: 1.36 GB - LOSS:  1.4862 || ACC1: 30.7031 || ACC2: 36.1875 - LR: 1.0000e-05
INFO - 04/10/26 19:30:28 - 0:19:27 -    9600 - 1373.29 equations/s - 87890.32 words/s - MEM: 1.36 GB - LOSS:  1.4867 || ACC1: 29.9531 || ACC2: 36.1406 - LR: 1.0000e-05
INFO - 04/10/26 19:30:33 - 0:19:32 -    9650 - 1310.83 equations/s - 83893.37 words/s - MEM: 1.36 GB - LOSS:  1.4962 || ACC1: 29.7656 || ACC2: 36.0469 - LR: 1.0000e-05
INFO - 04/10/26 19:30:42 - 0:19:40 -    9700 -  751.97 equations/s - 48126.16 words/s - MEM: 1.36 GB - LOSS:  1.4867 || ACC1: 29.1094 || ACC2: 35.3906 - LR: 1.0000e-05
INFO - 04/10/26 19:30:46 - 0:19:45 -    9750 - 1336.97 equations/s - 85566.17 words/s - MEM: 1.36 GB - LOSS:  1.4871 || ACC1: 29.3906 || ACC2: 35.4688 - LR: 1.0000e-05
INFO - 04/10/26 19:30:51 - 0:19:50 -    9800 - 1377.72 equations/s - 88173.80 words/s - MEM: 1.36 GB - LOSS:  1.4847 || ACC1: 29.0781 || ACC2: 35.3594 - LR: 1.0000e-05
INFO - 04/10/26 19:30:56 - 0:19:55 -    9850 - 1349.75 equations/s - 86383.79 words/s - MEM: 1.36 GB - LOSS:  1.4862 || ACC1: 30.0312 || ACC2: 36.2344 - LR: 1.0000e-05
INFO - 04/10/26 19:31:01 - 0:19:59 -    9900 - 1343.48 equations/s - 85982.85 words/s - MEM: 1.36 GB - LOSS:  1.4899 || ACC1: 29.7188 || ACC2: 36.0000 - LR: 1.0000e-05
INFO - 04/10/26 19:31:05 - 0:20:04 -    9950 - 1329.00 equations/s - 85056.03 words/s - MEM: 1.36 GB - LOSS:  1.4846 || ACC1: 28.7344 || ACC2: 35.1719 - LR: 1.0000e-05
INFO - 04/10/26 19:31:10 - 0:20:09 -   10000 - 1331.17 equations/s - 85194.56 words/s - MEM: 1.36 GB - LOSS:  1.4892 || ACC1: 29.0000 || ACC2: 35.5938 - LR: 1.0000e-05
INFO - 04/10/26 19:31:19 - 0:20:18 -   10050 -  735.32 equations/s - 47060.32 words/s - MEM: 1.36 GB - LOSS:  1.4828 || ACC1: 30.9062 || ACC2: 37.3906 - LR: 1.0000e-05
INFO - 04/10/26 19:31:24 - 0:20:22 -   10100 - 1342.08 equations/s - 85893.08 words/s - MEM: 1.36 GB - LOSS:  1.4800 || ACC1: 30.4062 || ACC2: 36.7500 - LR: 1.0000e-05
INFO - 04/10/26 19:31:29 - 0:20:27 -   10150 - 1289.04 equations/s - 82498.88 words/s - MEM: 1.36 GB - LOSS:  1.4831 || ACC1: 29.7344 || ACC2: 35.8750 - LR: 1.0000e-05
INFO - 04/10/26 19:31:33 - 0:20:32 -   10200 - 1356.08 equations/s - 86788.84 words/s - MEM: 1.36 GB - LOSS:  1.4926 || ACC1: 28.8438 || ACC2: 35.5156 - LR: 1.0000e-05
INFO - 04/10/26 19:31:38 - 0:20:37 -   10250 - 1309.54 equations/s - 83810.48 words/s - MEM: 1.36 GB - LOSS:  1.4869 || ACC1: 29.5156 || ACC2: 36.4688 - LR: 1.0000e-05
INFO - 04/10/26 19:31:43 - 0:20:42 -   10300 - 1375.26 equations/s - 88016.53 words/s - MEM: 1.36 GB - LOSS:  1.4869 || ACC1: 29.9219 || ACC2: 35.9375 - LR: 1.0000e-05
INFO - 04/10/26 19:31:48 - 0:20:46 -   10350 - 1320.68 equations/s - 84523.81 words/s - MEM: 1.36 GB - LOSS:  1.4802 || ACC1: 29.7969 || ACC2: 35.6719 - LR: 1.0000e-05
INFO - 04/10/26 19:31:56 - 0:20:55 -   10400 -  769.92 equations/s - 49274.64 words/s - MEM: 1.36 GB - LOSS:  1.4844 || ACC1: 29.8438 || ACC2: 36.1719 - LR: 1.0000e-05
INFO - 04/10/26 19:32:01 - 0:21:00 -   10450 - 1329.61 equations/s - 85094.91 words/s - MEM: 1.36 GB - LOSS:  1.4900 || ACC1: 29.1406 || ACC2: 35.5156 - LR: 1.0000e-05
INFO - 04/10/26 19:32:05 - 0:21:04 -   10500 - 1404.34 equations/s - 89877.69 words/s - MEM: 1.36 GB - LOSS:  1.4858 || ACC1: 29.8125 || ACC2: 36.7500 - LR: 1.0000e-05
INFO - 04/10/26 19:32:10 - 0:21:09 -   10550 - 1361.73 equations/s - 87150.53 words/s - MEM: 1.36 GB - LOSS:  1.4869 || ACC1: 28.6719 || ACC2: 34.9219 - LR: 1.0000e-05
INFO - 04/10/26 19:32:15 - 0:21:14 -   10600 - 1326.64 equations/s - 84904.74 words/s - MEM: 1.36 GB - LOSS:  1.4894 || ACC1: 28.4531 || ACC2: 34.6719 - LR: 1.0000e-05
INFO - 04/10/26 19:32:20 - 0:21:19 -   10650 - 1323.40 equations/s - 84697.63 words/s - MEM: 1.36 GB - LOSS:  1.4887 || ACC1: 29.2344 || ACC2: 35.5000 - LR: 1.0000e-05
INFO - 04/10/26 19:32:25 - 0:21:23 -   10700 - 1330.68 equations/s - 85163.26 words/s - MEM: 1.36 GB - LOSS:  1.4861 || ACC1: 29.1562 || ACC2: 35.7031 - LR: 1.0000e-05
INFO - 04/10/26 19:32:33 - 0:21:32 -   10750 -  757.02 equations/s - 48449.08 words/s - MEM: 1.36 GB - LOSS:  1.4833 || ACC1: 28.7656 || ACC2: 34.9375 - LR: 1.0000e-05
INFO - 04/10/26 19:32:38 - 0:21:37 -   10800 - 1325.31 equations/s - 84820.09 words/s - MEM: 1.36 GB - LOSS:  1.4822 || ACC1: 29.8281 || ACC2: 36.1719 - LR: 1.0000e-05
INFO - 04/10/26 19:32:43 - 0:21:41 -   10850 - 1365.96 equations/s - 87421.36 words/s - MEM: 1.36 GB - LOSS:  1.4873 || ACC1: 29.3906 || ACC2: 35.7500 - LR: 1.0000e-05
INFO - 04/10/26 19:32:47 - 0:21:46 -   10900 - 1349.29 equations/s - 86354.82 words/s - MEM: 1.36 GB - LOSS:  1.4800 || ACC1: 29.4688 || ACC2: 35.8438 - LR: 1.0000e-05
INFO - 04/10/26 19:32:51 - 0:21:50 -   10941 - 1299.92 equations/s - 83194.89 words/s - MEM: 1.36 GB - LOSS:  1.4737 || ACC1: 30.3735 || ACC2: 36.8331 - LR: 1.0000e-05
INFO - 04/10/26 19:32:51 - 0:21:50 - ============ End of epoch 6 ============
INFO - 04/10/26 19:32:51 - 0:21:50 - Starting Distinguisher Method
INFO - 04/10/26 19:33:07 - 0:22:06 - Distinguishing 0s using the emd. 
INFO - 04/10/26 19:33:07 - 0:22:06 - Distinguishing +/-1s using the emd. 
INFO - 04/10/26 19:33:07 - 0:22:06 - Real secret: -1: {np.int64(1), np.int64(2), np.int64(10), np.int64(12), np.int64(26)}, 1: {np.int64(7), np.int64(11), np.int64(17), np.int64(22), np.int64(28)}
INFO - 04/10/26 19:33:07 - 0:22:06 - Distinguishing +/-1s using the mean. 
INFO - 04/10/26 19:33:07 - 0:22:06 - Real secret: -1: {np.int64(1), np.int64(2), np.int64(10), np.int64(12), np.int64(26)}, 1: {np.int64(7), np.int64(11), np.int64(17), np.int64(22), np.int64(28)}
INFO - 04/10/26 19:33:07 - 0:22:06 - Distinguishing 0s using the mean. 
INFO - 04/10/26 19:33:07 - 0:22:06 - Distinguishing +/-1s using the emd. 
INFO - 04/10/26 19:33:07 - 0:22:06 - Real secret: -1: {np.int64(1), np.int64(2), np.int64(10), np.int64(12), np.int64(26)}, 1: {np.int64(7), np.int64(11), np.int64(17), np.int64(22), np.int64(28)}
INFO - 04/10/26 19:33:07 - 0:22:06 - Distinguishing +/-1s using the mean. 
INFO - 04/10/26 19:33:07 - 0:22:06 - Real secret: -1: {np.int64(1), np.int64(2), np.int64(10), np.int64(12), np.int64(26)}, 1: {np.int64(7), np.int64(11), np.int64(17), np.int64(22), np.int64(28)}
INFO - 04/10/26 19:33:07 - 0:22:06 - Starting Direct Method
INFO - 04/10/26 19:33:07 - 0:22:06 - Direct:  K=90
INFO - 04/10/26 19:33:07 - 0:22:06 - Direct:  K=67
INFO - 04/10/26 19:33:07 - 0:22:06 - Direct:  K=50
INFO - 04/10/26 19:33:08 - 0:22:06 - Direct:  K=50
INFO - 04/10/26 19:33:08 - 0:22:07 - Direct:  K=78
INFO - 04/10/26 19:33:08 - 0:22:07 - Direct:  K=88
INFO - 04/10/26 19:33:08 - 0:22:07 - Direct:  K=43
INFO - 04/10/26 19:33:08 - 0:22:07 - Direct:  K=76
INFO - 04/10/26 19:33:09 - 0:22:07 - Direct:  K=55
INFO - 04/10/26 19:33:09 - 0:22:08 - Direct:  K=90
INFO - 04/10/26 19:33:09 - 0:22:08 - Direct:  K=93
INFO - 04/10/26 19:33:09 - 0:22:08 - Direct:  K=77
INFO - 04/10/26 19:33:09 - 0:22:08 - Direct:  K=73
INFO - 04/10/26 19:33:10 - 0:22:08 - Direct:  K=54
INFO - 04/10/26 19:33:10 - 0:22:09 - Direct:  K=81
INFO - 04/10/26 19:33:10 - 0:22:09 - Direct: secret not predicted. (true secret = [ 0 -1 -1  0  0  0  0  1  0  0 -1  1 -1  0  0  0  0  1  0  0  0  0  1  0
                                       0  0 -1  0  1  0], predicted secret = [0 0 0 0 0 1 0 0 0 0 0 0 0 0 1 0 1 0 1 1 0 0 0 1 0 0 0 0 0 0], true support = [0 1 1 0 0 0 0 1 0 0 1 1 1 0 0 0 0 1 0 0 0 0 1 0 0 0 1 0 1 0], predicted support = [0 0 0 0 0 1 0 0 0 0 0 0 0 0 1 0 1 0 1 1 0 0 0 1 0 0 0 0 0 0])
INFO - 04/10/26 19:33:19 - 0:22:18 - CA: secret not predicted. (true secret = [ 0 -1 -1  0  0  0  0  1  0  0 -1  1 -1  0  0  0  0  1  0  0  0  0  1  0
                                       0  0 -1  0  1  0], predicted secret = [0 1 1 0 0 0 0 0 0 0 1 0 1 0 0 0 0 1 0 0 0 0 0 0 0 0 1 0 0 0], true support = [0 1 1 0 0 0 0 1 0 0 1 1 1 0 0 0 0 1 0 0 0 0 1 0 0 0 1 0 1 0], predicted support = [0 1 1 0 0 0 0 0 0 0 1 0 1 0 0 0 0 1 0 0 0 0 0 0 0 0 1 0 0 0])
INFO - 04/10/26 19:33:19 - 0:22:18 - CA: secret not predicted. (true secret = [ 0 -1 -1  0  0  0  0  1  0  0 -1  1 -1  0  0  0  0  1  0  0  0  0  1  0
                                       0  0 -1  0  1  0], predicted secret = [0 0 0 0 0 0 0 1 0 0 1 1 0 0 0 0 0 1 0 0 0 0 1 0 0 0 0 0 1 0], true support = [0 1 1 0 0 0 0 1 0 0 1 1 1 0 0 0 0 1 0 0 0 0 1 0 0 0 1 0 1 0], predicted support = [0 0 0 0 0 0 0 1 0 0 1 1 0 0 0 0 0 1 0 0 0 0 1 0 0 0 0 0 1 0])
INFO - 04/10/26 19:33:19 - 0:22:18 - Hybrid: direct, ca
INFO - 04/10/26 19:33:19 - 0:22:18 - direct, ca - Sum Normalized: secret not predicted. (true secret = [ 0 -1 -1  0  0  0  0  1  0  0 -1  1 -1  0  0  0  0  1  0  0  0  0  1  0
                                       0  0 -1  0  1  0], predicted secret = [0 1 0 0 0 0 0 0 0 0 1 0 0 0 0 0 1 1 0 0 0 0 0 1 0 0 0 0 1 0], true support = [0 1 1 0 0 0 0 1 0 0 1 1 1 0 0 0 0 1 0 0 0 0 1 0 0 0 1 0 1 0], predicted support = [0 1 0 0 0 0 0 0 0 0 1 0 0 0 0 0 1 1 0 0 0 0 0 1 0 0 0 0 1 0])
INFO - 04/10/26 19:33:19 - 0:22:18 - direct, ca - Max Normalized: secret not predicted. (true secret = [ 0 -1 -1  0  0  0  0  1  0  0 -1  1 -1  0  0  0  0  1  0  0  0  0  1  0
                                       0  0 -1  0  1  0], predicted secret = [0 1 0 0 0 0 0 0 0 0 1 0 0 0 0 0 1 1 0 0 0 0 0 1 0 0 1 0 0 0], true support = [0 1 1 0 0 0 0 1 0 0 1 1 1 0 0 0 0 1 0 0 0 0 1 0 0 0 1 0 1 0], predicted support = [0 1 0 0 0 0 0 0 0 0 1 0 0 0 0 0 1 1 0 0 0 0 0 1 0 0 1 0 0 0])
INFO - 04/10/26 19:33:19 - 0:22:18 - direct, ca - Sum Rank: secret not predicted. (true secret = [ 0 -1 -1  0  0  0  0  1  0  0 -1  1 -1  0  0  0  0  1  0  0  0  0  1  0
                                       0  0 -1  0  1  0], predicted secret = [1 0 0 0 0 0 0 0 0 0 0 0 0 0 0 0 1 1 0 1 0 0 0 1 0 0 0 1 0 0], true support = [0 1 1 0 0 0 0 1 0 0 1 1 1 0 0 0 0 1 0 0 0 0 1 0 0 0 1 0 1 0], predicted support = [1 0 0 0 0 0 0 0 0 0 0 0 0 0 0 0 1 1 0 1 0 0 0 1 0 0 0 1 0 0])
INFO - 04/10/26 19:33:19 - 0:22:18 - direct, ca - Max Rank: secret not predicted. (true secret = [ 0 -1 -1  0  0  0  0  1  0  0 -1  1 -1  0  0  0  0  1  0  0  0  0  1  0
                                       0  0 -1  0  1  0], predicted secret = [0 1 0 0 0 0 0 0 0 0 1 0 0 0 0 0 1 1 0 0 0 0 0 1 0 0 1 0 0 0], true support = [0 1 1 0 0 0 0 1 0 0 1 1 1 0 0 0 0 1 0 0 0 0 1 0 0 0 1 0 1 0], predicted support = [0 1 0 0 0 0 0 0 0 0 1 0 0 0 0 0 1 1 0 0 0 0 0 1 0 0 1 0 0 0])
INFO - 04/10/26 19:33:19 - 0:22:18 - Hybrid: direct, distinguisher
INFO - 04/10/26 19:33:19 - 0:22:18 - direct, distinguisher - Sum Normalized: secret not predicted. (true secret = [ 0 -1 -1  0  0  0  0  1  0  0 -1  1 -1  0  0  0  0  1  0  0  0  0  1  0
                                       0  0 -1  0  1  0], predicted secret = [0 0 1 0 0 0 0 0 0 0 1 1 0 0 0 0 0 1 0 0 0 0 1 0 0 0 0 0 1 0], true support = [0 1 1 0 0 0 0 1 0 0 1 1 1 0 0 0 0 1 0 0 0 0 1 0 0 0 1 0 1 0], predicted support = [0 0 1 0 0 0 0 0 0 0 1 1 0 0 0 0 0 1 0 0 0 0 1 0 0 0 0 0 1 0])
INFO - 04/10/26 19:33:19 - 0:22:18 - direct, distinguisher - Max Normalized: secret not predicted. (true secret = [ 0 -1 -1  0  0  0  0  1  0  0 -1  1 -1  0  0  0  0  1  0  0  0  0  1  0
                                       0  0 -1  0  1  0], predicted secret = [0 0 1 0 0 0 0 0 0 0 1 1 0 0 0 0 1 0 0 0 0 0 0 1 0 0 0 0 1 0], true support = [0 1 1 0 0 0 0 1 0 0 1 1 1 0 0 0 0 1 0 0 0 0 1 0 0 0 1 0 1 0], predicted support = [0 0 1 0 0 0 0 0 0 0 1 1 0 0 0 0 1 0 0 0 0 0 0 1 0 0 0 0 1 0])
INFO - 04/10/26 19:33:19 - 0:22:18 - direct, distinguisher - Sum Rank: secret not predicted. (true secret = [ 0 -1 -1  0  0  0  0  1  0  0 -1  1 -1  0  0  0  0  1  0  0  0  0  1  0
                                       0  0 -1  0  1  0], predicted secret = [1 0 0 0 0 0 0 0 0 1 0 0 0 0 0 0 1 0 0 0 0 0 0 1 0 0 0 0 1 1], true support = [0 1 1 0 0 0 0 1 0 0 1 1 1 0 0 0 0 1 0 0 0 0 1 0 0 0 1 0 1 0], predicted support = [1 0 0 0 0 0 0 0 0 1 0 0 0 0 0 0 1 0 0 0 0 0 0 1 0 0 0 0 1 1])
INFO - 04/10/26 19:33:19 - 0:22:18 - direct, distinguisher - Max Rank: secret not predicted. (true secret = [ 0 -1 -1  0  0  0  0  1  0  0 -1  1 -1  0  0  0  0  1  0  0  0  0  1  0
                                       0  0 -1  0  1  0], predicted secret = [0 0 1 0 0 0 0 0 0 0 1 1 0 0 0 0 1 0 0 0 0 0 0 1 0 0 0 0 1 0], true support = [0 1 1 0 0 0 0 1 0 0 1 1 1 0 0 0 0 1 0 0 0 0 1 0 0 0 1 0 1 0], predicted support = [0 0 1 0 0 0 0 0 0 0 1 1 0 0 0 0 1 0 0 0 0 0 0 1 0 0 0 0 1 0])
INFO - 04/10/26 19:33:19 - 0:22:18 - Hybrid: ca, distinguisher
INFO - 04/10/26 19:33:19 - 0:22:18 - ca, distinguisher - Sum Normalized: secret not predicted. (true secret = [ 0 -1 -1  0  0  0  0  1  0  0 -1  1 -1  0  0  0  0  1  0  0  0  0  1  0
                                       0  0 -1  0  1  0], predicted secret = [0 1 0 0 0 0 0 0 0 0 1 0 0 0 0 0 0 1 0 0 0 0 1 0 0 0 1 0 1 0], true support = [0 1 1 0 0 0 0 1 0 0 1 1 1 0 0 0 0 1 0 0 0 0 1 0 0 0 1 0 1 0], predicted support = [0 1 0 0 0 0 0 0 0 0 1 0 0 0 0 0 0 1 0 0 0 0 1 0 0 0 1 0 1 0])
INFO - 04/10/26 19:33:19 - 0:22:18 - ca, distinguisher - Max Normalized: secret not predicted. (true secret = [ 0 -1 -1  0  0  0  0  1  0  0 -1  1 -1  0  0  0  0  1  0  0  0  0  1  0
                                       0  0 -1  0  1  0], predicted secret = [0 1 1 0 0 0 0 0 0 0 1 1 0 0 0 0 0 1 0 0 0 0 0 0 0 0 0 0 1 0], true support = [0 1 1 0 0 0 0 1 0 0 1 1 1 0 0 0 0 1 0 0 0 0 1 0 0 0 1 0 1 0], predicted support = [0 1 1 0 0 0 0 0 0 0 1 1 0 0 0 0 0 1 0 0 0 0 0 0 0 0 0 0 1 0])
INFO - 04/10/26 19:33:19 - 0:22:18 - ca, distinguisher - Sum Rank: secret not predicted. (true secret = [ 0 -1 -1  0  0  0  0  1  0  0 -1  1 -1  0  0  0  0  1  0  0  0  0  1  0
                                       0  0 -1  0  1  0], predicted secret = [0 1 1 0 0 0 0 0 0 0 1 1 0 0 0 0 0 1 0 0 0 0 0 0 0 0 0 0 1 0], true support = [0 1 1 0 0 0 0 1 0 0 1 1 1 0 0 0 0 1 0 0 0 0 1 0 0 0 1 0 1 0], predicted support = [0 1 1 0 0 0 0 0 0 0 1 1 0 0 0 0 0 1 0 0 0 0 0 0 0 0 0 0 1 0])
INFO - 04/10/26 19:33:19 - 0:22:18 - ca, distinguisher - Max Rank: secret not predicted. (true secret = [ 0 -1 -1  0  0  0  0  1  0  0 -1  1 -1  0  0  0  0  1  0  0  0  0  1  0
                                       0  0 -1  0  1  0], predicted secret = [0 1 1 0 0 0 0 0 0 0 1 1 0 0 0 0 0 1 0 0 0 0 0 0 0 0 0 0 1 0], true support = [0 1 1 0 0 0 0 1 0 0 1 1 1 0 0 0 0 1 0 0 0 0 1 0 0 0 1 0 1 0], predicted support = [0 1 1 0 0 0 0 0 0 0 1 1 0 0 0 0 0 1 0 0 0 0 0 0 0 0 0 0 1 0])
INFO - 04/10/26 19:33:19 - 0:22:18 - Hybrid: direct, ca, distinguisher
INFO - 04/10/26 19:33:19 - 0:22:18 - direct, ca, distinguisher - Sum Normalized: secret not predicted. (true secret = [ 0 -1 -1  0  0  0  0  1  0  0 -1  1 -1  0  0  0  0  1  0  0  0  0  1  0
                                       0  0 -1  0  1  0], predicted secret = [0 1 0 0 0 0 0 0 0 0 1 0 0 0 0 0 0 1 0 0 0 0 1 0 0 0 1 0 1 0], true support = [0 1 1 0 0 0 0 1 0 0 1 1 1 0 0 0 0 1 0 0 0 0 1 0 0 0 1 0 1 0], predicted support = [0 1 0 0 0 0 0 0 0 0 1 0 0 0 0 0 0 1 0 0 0 0 1 0 0 0 1 0 1 0])
INFO - 04/10/26 19:33:19 - 0:22:18 - direct, ca, distinguisher - Max Normalized: secret not predicted. (true secret = [ 0 -1 -1  0  0  0  0  1  0  0 -1  1 -1  0  0  0  0  1  0  0  0  0  1  0
                                       0  0 -1  0  1  0], predicted secret = [0 1 1 0 0 0 0 0 0 0 1 0 0 0 0 0 1 1 0 0 0 0 0 1 0 0 0 0 0 0], true support = [0 1 1 0 0 0 0 1 0 0 1 1 1 0 0 0 0 1 0 0 0 0 1 0 0 0 1 0 1 0], predicted support = [0 1 1 0 0 0 0 0 0 0 1 0 0 0 0 0 1 1 0 0 0 0 0 1 0 0 0 0 0 0])
INFO - 04/10/26 19:33:19 - 0:22:18 - direct, ca, distinguisher - Sum Rank: secret not predicted. (true secret = [ 0 -1 -1  0  0  0  0  1  0  0 -1  1 -1  0  0  0  0  1  0  0  0  0  1  0
                                       0  0 -1  0  1  0], predicted secret = [0 0 0 0 0 0 0 0 0 0 1 0 0 0 0 0 1 1 0 0 0 0 1 1 0 0 0 0 1 0], true support = [0 1 1 0 0 0 0 1 0 0 1 1 1 0 0 0 0 1 0 0 0 0 1 0 0 0 1 0 1 0], predicted support = [0 0 0 0 0 0 0 0 0 0 1 0 0 0 0 0 1 1 0 0 0 0 1 1 0 0 0 0 1 0])
INFO - 04/10/26 19:33:19 - 0:22:18 - direct, ca, distinguisher - Max Rank: secret not predicted. (true secret = [ 0 -1 -1  0  0  0  0  1  0  0 -1  1 -1  0  0  0  0  1  0  0  0  0  1  0
                                       0  0 -1  0  1  0], predicted secret = [0 1 1 0 0 0 0 0 0 0 1 0 0 0 0 0 1 1 0 0 0 0 0 1 0 0 0 0 0 0], true support = [0 1 1 0 0 0 0 1 0 0 1 1 1 0 0 0 0 1 0 0 0 0 1 0 0 0 1 0 1 0], predicted support = [0 1 1 0 0 0 0 0 0 0 1 0 0 0 0 0 1 1 0 0 0 0 0 1 0 0 0 0 0 0])
INFO - 04/10/26 19:33:19 - 0:22:18 - Epoch 6 metrics | train_loss: 1.485879 | train_acc1: 29.562040 | train_acc2: 35.859025 | valid_xe_loss: 1.517043 | valid_acc1: 26.127373 | valid_acc2: 31.151108
INFO - 04/10/26 19:33:19 - 0:22:18 - __log__:{"train_loss": 1.485879004726178, "train_acc1": 29.56204014715291, "train_acc2": 35.85902511196417, "epoch": 6, "valid_xe_loss": 1.517042576512204, "valid_acc1": 26.127373417721518, "valid_acc2": 31.151107594936708}
INFO - 04/10/26 19:33:19 - 0:22:18 - Saving checkpoint to /home/yu_mcc/PQC_salsa/runs/n30_q127_h3_1m/train_gpu_ternary_h10_secret0_init0_epoch200000/checkpoint.pth ...
WARNING - 04/10/26 19:33:19 - 0:22:18 - Saving encoder parameters ...
WARNING - 04/10/26 19:33:19 - 0:22:18 - Saving decoder parameters ...
WARNING - 04/10/26 19:33:19 - 0:22:18 - Saving optimizer ...
INFO - 04/10/26 19:33:20 - 0:22:18 - ============ Starting epoch 7 ... ============
INFO - 04/10/26 19:33:20 - 0:22:19 -   10950 -   39.56 equations/s -  2531.65 words/s - MEM: 1.36 GB - LOSS:  1.4901 || ACC1: 29.1667 || ACC2: 35.9375 - LR: 1.0000e-05
INFO - 04/10/26 19:33:25 - 0:22:24 -   11000 - 1376.70 equations/s - 88109.08 words/s - MEM: 1.36 GB - LOSS:  1.4832 || ACC1: 29.5781 || ACC2: 36.0312 - LR: 1.0000e-05
INFO - 04/10/26 19:33:30 - 0:22:29 -   11050 - 1322.60 equations/s - 84646.57 words/s - MEM: 1.36 GB - LOSS:  1.4859 || ACC1: 30.1406 || ACC2: 36.3906 - LR: 1.0000e-05
INFO - 04/10/26 19:33:35 - 0:22:33 -   11100 - 1372.85 equations/s - 87862.19 words/s - MEM: 1.36 GB - LOSS:  1.4831 || ACC1: 30.1250 || ACC2: 36.9062 - LR: 1.0000e-05
INFO - 04/10/26 19:33:43 - 0:22:42 -   11150 -  779.65 equations/s - 49897.31 words/s - MEM: 1.36 GB - LOSS:  1.4773 || ACC1: 30.6250 || ACC2: 37.2031 - LR: 1.0000e-05
INFO - 04/10/26 19:33:48 - 0:22:46 -   11200 - 1307.43 equations/s - 83675.63 words/s - MEM: 1.36 GB - LOSS:  1.4821 || ACC1: 30.4219 || ACC2: 36.8906 - LR: 1.0000e-05
INFO - 04/10/26 19:33:53 - 0:22:51 -   11250 - 1294.88 equations/s - 82872.11 words/s - MEM: 1.36 GB - LOSS:  1.4827 || ACC1: 29.6562 || ACC2: 36.4531 - LR: 1.0000e-05
INFO - 04/10/26 19:33:57 - 0:22:56 -   11300 - 1324.23 equations/s - 84750.61 words/s - MEM: 1.36 GB - LOSS:  1.4808 || ACC1: 29.2500 || ACC2: 36.2500 - LR: 1.0000e-05
INFO - 04/10/26 19:34:02 - 0:23:01 -   11350 - 1330.05 equations/s - 85123.47 words/s - MEM: 1.36 GB - LOSS:  1.4850 || ACC1: 29.0625 || ACC2: 35.4375 - LR: 1.0000e-05
INFO - 04/10/26 19:34:07 - 0:23:06 -   11400 - 1303.54 equations/s - 83426.70 words/s - MEM: 1.36 GB - LOSS:  1.4826 || ACC1: 30.3594 || ACC2: 36.8438 - LR: 1.0000e-05
INFO - 04/10/26 19:34:12 - 0:23:11 -   11450 - 1269.77 equations/s - 81265.43 words/s - MEM: 1.36 GB - LOSS:  1.4831 || ACC1: 30.6875 || ACC2: 37.1562 - LR: 1.0000e-05
INFO - 04/10/26 19:34:21 - 0:23:20 -   11500 -  746.67 equations/s - 47786.72 words/s - MEM: 1.36 GB - LOSS:  1.4814 || ACC1: 30.6719 || ACC2: 37.4688 - LR: 1.0000e-05
INFO - 04/10/26 19:34:26 - 0:23:24 -   11550 - 1330.66 equations/s - 85162.10 words/s - MEM: 1.36 GB - LOSS:  1.4798 || ACC1: 29.9062 || ACC2: 36.9531 - LR: 1.0000e-05
INFO - 04/10/26 19:34:30 - 0:23:29 -   11600 - 1379.27 equations/s - 88273.47 words/s - MEM: 1.36 GB - LOSS:  1.4848 || ACC1: 29.9062 || ACC2: 36.2188 - LR: 1.0000e-05
INFO - 04/10/26 19:34:35 - 0:23:34 -   11650 - 1329.94 equations/s - 85115.94 words/s - MEM: 1.36 GB - LOSS:  1.4762 || ACC1: 30.4219 || ACC2: 37.1562 - LR: 1.0000e-05
INFO - 04/10/26 19:34:40 - 0:23:39 -   11700 - 1339.16 equations/s - 85706.30 words/s - MEM: 1.36 GB - LOSS:  1.4802 || ACC1: 30.3750 || ACC2: 36.6562 - LR: 1.0000e-05
INFO - 04/10/26 19:34:44 - 0:23:43 -   11750 - 1384.51 equations/s - 88608.95 words/s - MEM: 1.36 GB - LOSS:  1.4863 || ACC1: 29.4844 || ACC2: 35.9062 - LR: 1.0000e-05
INFO - 04/10/26 19:34:53 - 0:23:51 -   11800 -  797.27 equations/s - 51025.02 words/s - MEM: 1.36 GB - LOSS:  1.4818 || ACC1: 30.1406 || ACC2: 37.2500 - LR: 1.0000e-05
INFO - 04/10/26 19:34:57 - 0:23:56 -   11850 - 1313.57 equations/s - 84068.22 words/s - MEM: 1.36 GB - LOSS:  1.4776 || ACC1: 30.9219 || ACC2: 37.3125 - LR: 1.0000e-05
INFO - 04/10/26 19:35:02 - 0:24:01 -   11900 - 1319.33 equations/s - 84437.31 words/s - MEM: 1.36 GB - LOSS:  1.4782 || ACC1: 30.5312 || ACC2: 37.4375 - LR: 1.0000e-05
INFO - 04/10/26 19:35:07 - 0:24:06 -   11950 - 1280.69 equations/s - 81964.40 words/s - MEM: 1.36 GB - LOSS:  1.4823 || ACC1: 31.1094 || ACC2: 37.3750 - LR: 1.0000e-05
INFO - 04/10/26 19:35:12 - 0:24:11 -   12000 - 1296.78 equations/s - 82994.23 words/s - MEM: 1.36 GB - LOSS:  1.4827 || ACC1: 30.4531 || ACC2: 36.6406 - LR: 1.0000e-05
INFO - 04/10/26 19:35:17 - 0:24:16 -   12050 - 1365.16 equations/s - 87370.04 words/s - MEM: 1.36 GB - LOSS:  1.4728 || ACC1: 30.1719 || ACC2: 36.7031 - LR: 1.0000e-05
INFO - 04/10/26 19:35:22 - 0:24:20 -   12100 - 1322.05 equations/s - 84611.12 words/s - MEM: 1.36 GB - LOSS:  1.4789 || ACC1: 30.3125 || ACC2: 37.4219 - LR: 1.0000e-05
INFO - 04/10/26 19:35:30 - 0:24:29 -   12150 -  765.73 equations/s - 49006.76 words/s - MEM: 1.36 GB - LOSS:  1.4711 || ACC1: 30.5156 || ACC2: 37.2344 - LR: 1.0000e-05
INFO - 04/10/26 19:35:35 - 0:24:33 -   12200 - 1365.81 equations/s - 87411.54 words/s - MEM: 1.36 GB - LOSS:  1.4801 || ACC1: 29.6406 || ACC2: 36.4375 - LR: 1.0000e-05
INFO - 04/10/26 19:35:39 - 0:24:38 -   12250 - 1353.07 equations/s - 86596.19 words/s - MEM: 1.36 GB - LOSS:  1.4789 || ACC1: 29.6094 || ACC2: 36.3438 - LR: 1.0000e-05
INFO - 04/10/26 19:35:44 - 0:24:43 -   12300 - 1330.92 equations/s - 85179.19 words/s - MEM: 1.36 GB - LOSS:  1.4796 || ACC1: 29.9375 || ACC2: 36.7031 - LR: 1.0000e-05
INFO - 04/10/26 19:35:49 - 0:24:48 -   12350 - 1327.43 equations/s - 84955.70 words/s - MEM: 1.36 GB - LOSS:  1.4768 || ACC1: 31.5000 || ACC2: 38.2969 - LR: 1.0000e-05
INFO - 04/10/26 19:35:54 - 0:24:53 -   12400 - 1312.96 equations/s - 84029.57 words/s - MEM: 1.36 GB - LOSS:  1.4789 || ACC1: 30.2969 || ACC2: 37.7344 - LR: 1.0000e-05
INFO - 04/10/26 19:35:59 - 0:24:58 -   12450 - 1330.01 equations/s - 85120.79 words/s - MEM: 1.36 GB - LOSS:  1.4786 || ACC1: 29.6719 || ACC2: 36.3594 - LR: 1.0000e-05
INFO - 04/10/26 19:36:07 - 0:25:06 -   12500 -  780.35 equations/s - 49942.42 words/s - MEM: 1.36 GB - LOSS:  1.4819 || ACC1: 29.2656 || ACC2: 36.3594 - LR: 1.0000e-05
INFO - 04/10/26 19:36:07 - 0:25:06 -   12504 - 1529.84 equations/s - 97910.03 words/s - MEM: 1.36 GB - LOSS:  1.4679 || ACC1: 31.2500 || ACC2: 36.7188 - LR: 1.0000e-05
INFO - 04/10/26 19:36:07 - 0:25:06 - ============ End of epoch 7 ============
INFO - 04/10/26 19:36:07 - 0:25:06 - Starting Distinguisher Method
INFO - 04/10/26 19:36:20 - 0:25:18 - Distinguishing 0s using the emd. 
INFO - 04/10/26 19:36:20 - 0:25:18 - Distinguishing +/-1s using the emd. 
INFO - 04/10/26 19:36:20 - 0:25:18 - Real secret: -1: {np.int64(1), np.int64(2), np.int64(10), np.int64(12), np.int64(26)}, 1: {np.int64(7), np.int64(11), np.int64(17), np.int64(22), np.int64(28)}
INFO - 04/10/26 19:36:20 - 0:25:18 - Distinguishing +/-1s using the mean. 
INFO - 04/10/26 19:36:20 - 0:25:18 - Real secret: -1: {np.int64(1), np.int64(2), np.int64(10), np.int64(12), np.int64(26)}, 1: {np.int64(7), np.int64(11), np.int64(17), np.int64(22), np.int64(28)}
INFO - 04/10/26 19:36:20 - 0:25:18 - Distinguishing 0s using the mean. 
INFO - 04/10/26 19:36:20 - 0:25:18 - Distinguishing +/-1s using the emd. 
INFO - 04/10/26 19:36:20 - 0:25:18 - Real secret: -1: {np.int64(1), np.int64(2), np.int64(10), np.int64(12), np.int64(26)}, 1: {np.int64(7), np.int64(11), np.int64(17), np.int64(22), np.int64(28)}
INFO - 04/10/26 19:36:20 - 0:25:18 - Distinguishing +/-1s using the mean. 
INFO - 04/10/26 19:36:20 - 0:25:18 - Real secret: -1: {np.int64(1), np.int64(2), np.int64(10), np.int64(12), np.int64(26)}, 1: {np.int64(7), np.int64(11), np.int64(17), np.int64(22), np.int64(28)}
INFO - 04/10/26 19:36:20 - 0:25:18 - Starting Direct Method
INFO - 04/10/26 19:36:20 - 0:25:18 - Direct:  K=93
INFO - 04/10/26 19:36:20 - 0:25:19 - Direct:  K=66
INFO - 04/10/26 19:36:20 - 0:25:19 - Direct:  K=82
INFO - 04/10/26 19:36:20 - 0:25:19 - Direct:  K=93
INFO - 04/10/26 19:36:20 - 0:25:19 - Direct:  K=31
INFO - 04/10/26 19:36:20 - 0:25:19 - Direct:  K=49
INFO - 04/10/26 19:36:20 - 0:25:19 - Direct:  K=82
INFO - 04/10/26 19:36:20 - 0:25:19 - Direct:  K=66
INFO - 04/10/26 19:36:21 - 0:25:19 - Direct:  K=91
INFO - 04/10/26 19:36:21 - 0:25:20 - Direct:  K=62
INFO - 04/10/26 19:36:21 - 0:25:20 - Direct:  K=89
INFO - 04/10/26 19:36:21 - 0:25:20 - Direct:  K=69
INFO - 04/10/26 19:36:21 - 0:25:20 - Direct:  K=66
INFO - 04/10/26 19:36:21 - 0:25:20 - Direct:  K=89
INFO - 04/10/26 19:36:22 - 0:25:20 - Direct:  K=42
INFO - 04/10/26 19:36:22 - 0:25:20 - Direct: secret not predicted. (true secret = [ 0 -1 -1  0  0  0  0  1  0  0 -1  1 -1  0  0  0  0  1  0  0  0  0  1  0
                                       0  0 -1  0  1  0], predicted secret = [1 0 0 0 0 1 1 0 1 1 0 0 0 0 0 0 0 0 0 0 0 0 0 0 0 1 0 0 0 0], true support = [0 1 1 0 0 0 0 1 0 0 1 1 1 0 0 0 0 1 0 0 0 0 1 0 0 0 1 0 1 0], predicted support = [1 0 0 0 0 1 1 0 1 1 0 0 0 0 0 0 0 0 0 0 0 0 0 0 0 1 0 0 0 0])
INFO - 04/10/26 19:36:31 - 0:25:30 - CA: secret not predicted. (true secret = [ 0 -1 -1  0  0  0  0  1  0  0 -1  1 -1  0  0  0  0  1  0  0  0  0  1  0
                                       0  0 -1  0  1  0], predicted secret = [0 1 1 0 0 0 0 0 0 0 1 0 1 0 0 0 0 1 0 0 0 0 0 0 0 0 1 0 0 0], true support = [0 1 1 0 0 0 0 1 0 0 1 1 1 0 0 0 0 1 0 0 0 0 1 0 0 0 1 0 1 0], predicted support = [0 1 1 0 0 0 0 0 0 0 1 0 1 0 0 0 0 1 0 0 0 0 0 0 0 0 1 0 0 0])
INFO - 04/10/26 19:36:31 - 0:25:30 - CA: secret not predicted. (true secret = [ 0 -1 -1  0  0  0  0  1  0  0 -1  1 -1  0  0  0  0  1  0  0  0  0  1  0
                                       0  0 -1  0  1  0], predicted secret = [0 0 0 0 0 0 0 1 0 0 1 0 0 0 0 0 0 1 0 0 0 0 1 0 0 0 0 1 1 0], true support = [0 1 1 0 0 0 0 1 0 0 1 1 1 0 0 0 0 1 0 0 0 0 1 0 0 0 1 0 1 0], predicted support = [0 0 0 0 0 0 0 1 0 0 1 0 0 0 0 0 0 1 0 0 0 0 1 0 0 0 0 1 1 0])
INFO - 04/10/26 19:36:31 - 0:25:30 - Hybrid: direct, ca
INFO - 04/10/26 19:36:31 - 0:25:30 - direct, ca - Sum Normalized: secret not predicted. (true secret = [ 0 -1 -1  0  0  0  0  1  0  0 -1  1 -1  0  0  0  0  1  0  0  0  0  1  0
                                       0  0 -1  0  1  0], predicted secret = [0 1 0 0 0 0 0 0 0 0 1 0 0 0 0 0 0 1 0 0 0 0 0 0 0 1 1 0 1 0], true support = [0 1 1 0 0 0 0 1 0 0 1 1 1 0 0 0 0 1 0 0 0 0 1 0 0 0 1 0 1 0], predicted support = [0 1 0 0 0 0 0 0 0 0 1 0 0 0 0 0 0 1 0 0 0 0 0 0 0 1 1 0 1 0])
INFO - 04/10/26 19:36:31 - 0:25:30 - direct, ca - Max Normalized: secret not predicted. (true secret = [ 0 -1 -1  0  0  0  0  1  0  0 -1  1 -1  0  0  0  0  1  0  0  0  0  1  0
                                       0  0 -1  0  1  0], predicted secret = [0 1 0 0 0 0 0 0 0 0 1 0 0 0 0 0 0 1 0 0 0 0 0 0 0 1 1 0 1 0], true support = [0 1 1 0 0 0 0 1 0 0 1 1 1 0 0 0 0 1 0 0 0 0 1 0 0 0 1 0 1 0], predicted support = [0 1 0 0 0 0 0 0 0 0 1 0 0 0 0 0 0 1 0 0 0 0 0 0 0 1 1 0 1 0])
INFO - 04/10/26 19:36:31 - 0:25:30 - direct, ca - Sum Rank: secret not predicted. (true secret = [ 0 -1 -1  0  0  0  0  1  0  0 -1  1 -1  0  0  0  0  1  0  0  0  0  1  0
                                       0  0 -1  0  1  0], predicted secret = [1 1 0 0 0 0 0 0 0 0 0 0 0 0 0 0 1 0 0 0 0 0 0 0 0 1 0 1 1 0], true support = [0 1 1 0 0 0 0 1 0 0 1 1 1 0 0 0 0 1 0 0 0 0 1 0 0 0 1 0 1 0], predicted support = [1 1 0 0 0 0 0 0 0 0 0 0 0 0 0 0 1 0 0 0 0 0 0 0 0 1 0 1 1 0])
INFO - 04/10/26 19:36:31 - 0:25:30 - direct, ca - Max Rank: secret not predicted. (true secret = [ 0 -1 -1  0  0  0  0  1  0  0 -1  1 -1  0  0  0  0  1  0  0  0  0  1  0
                                       0  0 -1  0  1  0], predicted secret = [1 1 0 0 0 0 0 0 0 0 1 0 0 0 0 0 0 1 0 0 0 0 0 0 0 1 0 0 1 0], true support = [0 1 1 0 0 0 0 1 0 0 1 1 1 0 0 0 0 1 0 0 0 0 1 0 0 0 1 0 1 0], predicted support = [1 1 0 0 0 0 0 0 0 0 1 0 0 0 0 0 0 1 0 0 0 0 0 0 0 1 0 0 1 0])
INFO - 04/10/26 19:36:31 - 0:25:30 - Hybrid: direct, distinguisher
INFO - 04/10/26 19:36:31 - 0:25:30 - direct, distinguisher - Sum Normalized: secret not predicted. (true secret = [ 0 -1 -1  0  0  0  0  1  0  0 -1  1 -1  0  0  0  0  1  0  0  0  0  1  0
                                       0  0 -1  0  1  0], predicted secret = [0 1 1 0 0 0 0 0 0 0 0 0 1 0 0 0 0 1 0 0 0 0 0 0 0 1 0 0 1 0], true support = [0 1 1 0 0 0 0 1 0 0 1 1 1 0 0 0 0 1 0 0 0 0 1 0 0 0 1 0 1 0], predicted support = [0 1 1 0 0 0 0 0 0 0 0 0 1 0 0 0 0 1 0 0 0 0 0 0 0 1 0 0 1 0])
INFO - 04/10/26 19:36:31 - 0:25:30 - direct, distinguisher - Max Normalized: secret not predicted. (true secret = [ 0 -1 -1  0  0  0  0  1  0  0 -1  1 -1  0  0  0  0  1  0  0  0  0  1  0
                                       0  0 -1  0  1  0], predicted secret = [0 1 1 0 0 0 0 0 0 0 1 0 1 0 0 0 0 1 0 0 0 0 0 0 0 1 0 0 0 0], true support = [0 1 1 0 0 0 0 1 0 0 1 1 1 0 0 0 0 1 0 0 0 0 1 0 0 0 1 0 1 0], predicted support = [0 1 1 0 0 0 0 0 0 0 1 0 1 0 0 0 0 1 0 0 0 0 0 0 0 1 0 0 0 0])
INFO - 04/10/26 19:36:31 - 0:25:30 - direct, distinguisher - Sum Rank: secret not predicted. (true secret = [ 0 -1 -1  0  0  0  0  1  0  0 -1  1 -1  0  0  0  0  1  0  0  0  0  1  0
                                       0  0 -1  0  1  0], predicted secret = [1 1 1 0 0 0 0 0 0 0 0 0 0 0 0 0 0 0 0 0 0 0 0 0 0 1 0 0 1 1], true support = [0 1 1 0 0 0 0 1 0 0 1 1 1 0 0 0 0 1 0 0 0 0 1 0 0 0 1 0 1 0], predicted support = [1 1 1 0 0 0 0 0 0 0 0 0 0 0 0 0 0 0 0 0 0 0 0 0 0 1 0 0 1 1])
INFO - 04/10/26 19:36:31 - 0:25:30 - direct, distinguisher - Max Rank: secret not predicted. (true secret = [ 0 -1 -1  0  0  0  0  1  0  0 -1  1 -1  0  0  0  0  1  0  0  0  0  1  0
                                       0  0 -1  0  1  0], predicted secret = [1 1 1 0 0 0 0 0 0 0 1 0 1 0 0 0 0 0 0 0 0 0 0 0 0 1 0 0 0 0], true support = [0 1 1 0 0 0 0 1 0 0 1 1 1 0 0 0 0 1 0 0 0 0 1 0 0 0 1 0 1 0], predicted support = [1 1 1 0 0 0 0 0 0 0 1 0 1 0 0 0 0 0 0 0 0 0 0 0 0 1 0 0 0 0])
INFO - 04/10/26 19:36:31 - 0:25:30 - Hybrid: ca, distinguisher
INFO - 04/10/26 19:36:31 - 0:25:30 - ca, distinguisher - Sum Normalized: secret not predicted. (true secret = [ 0 -1 -1  0  0  0  0  1  0  0 -1  1 -1  0  0  0  0  1  0  0  0  0  1  0
                                       0  0 -1  0  1  0], predicted secret = [0 1 0 0 0 0 0 0 0 0 1 0 1 0 0 0 0 1 0 0 0 0 0 0 0 0 1 0 1 0], true support = [0 1 1 0 0 0 0 1 0 0 1 1 1 0 0 0 0 1 0 0 0 0 1 0 0 0 1 0 1 0], predicted support = [0 1 0 0 0 0 0 0 0 0 1 0 1 0 0 0 0 1 0 0 0 0 0 0 0 0 1 0 1 0])
INFO - 04/10/26 19:36:31 - 0:25:30 - ca, distinguisher - Max Normalized: secret not predicted. (true secret = [ 0 -1 -1  0  0  0  0  1  0  0 -1  1 -1  0  0  0  0  1  0  0  0  0  1  0
                                       0  0 -1  0  1  0], predicted secret = [0 1 1 0 0 0 0 0 0 0 1 0 1 0 0 0 0 1 0 0 0 0 0 0 0 0 0 0 1 0], true support = [0 1 1 0 0 0 0 1 0 0 1 1 1 0 0 0 0 1 0 0 0 0 1 0 0 0 1 0 1 0], predicted support = [0 1 1 0 0 0 0 0 0 0 1 0 1 0 0 0 0 1 0 0 0 0 0 0 0 0 0 0 1 0])
INFO - 04/10/26 19:36:31 - 0:25:30 - ca, distinguisher - Sum Rank: secret not predicted. (true secret = [ 0 -1 -1  0  0  0  0  1  0  0 -1  1 -1  0  0  0  0  1  0  0  0  0  1  0
                                       0  0 -1  0  1  0], predicted secret = [0 1 1 0 0 0 0 0 0 0 1 0 1 0 0 0 0 1 0 0 0 0 0 0 0 0 0 0 1 0], true support = [0 1 1 0 0 0 0 1 0 0 1 1 1 0 0 0 0 1 0 0 0 0 1 0 0 0 1 0 1 0], predicted support = [0 1 1 0 0 0 0 0 0 0 1 0 1 0 0 0 0 1 0 0 0 0 0 0 0 0 0 0 1 0])
INFO - 04/10/26 19:36:31 - 0:25:30 - ca, distinguisher - Max Rank: secret not predicted. (true secret = [ 0 -1 -1  0  0  0  0  1  0  0 -1  1 -1  0  0  0  0  1  0  0  0  0  1  0
                                       0  0 -1  0  1  0], predicted secret = [0 1 1 0 0 0 0 0 0 0 1 0 1 0 0 0 0 1 0 0 0 0 0 0 0 0 0 0 1 0], true support = [0 1 1 0 0 0 0 1 0 0 1 1 1 0 0 0 0 1 0 0 0 0 1 0 0 0 1 0 1 0], predicted support = [0 1 1 0 0 0 0 0 0 0 1 0 1 0 0 0 0 1 0 0 0 0 0 0 0 0 0 0 1 0])
INFO - 04/10/26 19:36:31 - 0:25:30 - Hybrid: direct, ca, distinguisher
INFO - 04/10/26 19:36:31 - 0:25:30 - direct, ca, distinguisher - Sum Normalized: secret not predicted. (true secret = [ 0 -1 -1  0  0  0  0  1  0  0 -1  1 -1  0  0  0  0  1  0  0  0  0  1  0
                                       0  0 -1  0  1  0], predicted secret = [0 1 0 0 0 0 0 0 0 0 1 0 1 0 0 0 0 1 0 0 0 0 0 0 0 0 1 0 1 0], true support = [0 1 1 0 0 0 0 1 0 0 1 1 1 0 0 0 0 1 0 0 0 0 1 0 0 0 1 0 1 0], predicted support = [0 1 0 0 0 0 0 0 0 0 1 0 1 0 0 0 0 1 0 0 0 0 0 0 0 0 1 0 1 0])
INFO - 04/10/26 19:36:31 - 0:25:30 - direct, ca, distinguisher - Max Normalized: secret not predicted. (true secret = [ 0 -1 -1  0  0  0  0  1  0  0 -1  1 -1  0  0  0  0  1  0  0  0  0  1  0
                                       0  0 -1  0  1  0], predicted secret = [0 1 1 0 0 0 0 0 0 0 1 0 1 0 0 0 0 1 0 0 0 0 0 0 0 1 0 0 0 0], true support = [0 1 1 0 0 0 0 1 0 0 1 1 1 0 0 0 0 1 0 0 0 0 1 0 0 0 1 0 1 0], predicted support = [0 1 1 0 0 0 0 0 0 0 1 0 1 0 0 0 0 1 0 0 0 0 0 0 0 1 0 0 0 0])
INFO - 04/10/26 19:36:31 - 0:25:30 - direct, ca, distinguisher - Sum Rank: secret not predicted. (true secret = [ 0 -1 -1  0  0  0  0  1  0  0 -1  1 -1  0  0  0  0  1  0  0  0  0  1  0
                                       0  0 -1  0  1  0], predicted secret = [1 1 1 0 0 0 0 0 0 0 1 0 0 0 0 0 0 1 0 0 0 0 0 0 0 0 0 0 1 0], true support = [0 1 1 0 0 0 0 1 0 0 1 1 1 0 0 0 0 1 0 0 0 0 1 0 0 0 1 0 1 0], predicted support = [1 1 1 0 0 0 0 0 0 0 1 0 0 0 0 0 0 1 0 0 0 0 0 0 0 0 0 0 1 0])
INFO - 04/10/26 19:36:31 - 0:25:30 - direct, ca, distinguisher - Max Rank: secret not predicted. (true secret = [ 0 -1 -1  0  0  0  0  1  0  0 -1  1 -1  0  0  0  0  1  0  0  0  0  1  0
                                       0  0 -1  0  1  0], predicted secret = [1 1 1 0 0 0 0 0 0 0 0 0 1 0 0 0 0 1 0 0 0 0 0 0 0 1 0 0 0 0], true support = [0 1 1 0 0 0 0 1 0 0 1 1 1 0 0 0 0 1 0 0 0 0 1 0 0 0 1 0 1 0], predicted support = [1 1 1 0 0 0 0 0 0 0 0 0 1 0 0 0 0 1 0 0 0 0 0 0 0 1 0 0 0 0])
INFO - 04/10/26 19:36:31 - 0:25:30 - Epoch 7 metrics | train_loss: 1.480503 | train_acc1: 30.150352 | train_acc2: 36.818218 | valid_xe_loss: 1.514136 | valid_acc1: 25.801028 | valid_acc2: 32.130142
INFO - 04/10/26 19:36:31 - 0:25:30 - __log__:{"train_loss": 1.4805025826336402, "train_acc1": 30.150351887396035, "train_acc2": 36.81821817018554, "epoch": 7, "valid_xe_loss": 1.5141361740571033, "valid_acc1": 25.801028481012658, "valid_acc2": 32.13014240506329}
INFO - 04/10/26 19:36:31 - 0:25:30 - Saving checkpoint to /home/yu_mcc/PQC_salsa/runs/n30_q127_h3_1m/train_gpu_ternary_h10_secret0_init0_epoch200000/checkpoint.pth ...
WARNING - 04/10/26 19:36:31 - 0:25:30 - Saving encoder parameters ...
WARNING - 04/10/26 19:36:31 - 0:25:30 - Saving decoder parameters ...
WARNING - 04/10/26 19:36:31 - 0:25:30 - Saving optimizer ...
INFO - 04/10/26 19:36:31 - 0:25:30 - ============ Starting epoch 8 ... ============
INFO - 04/10/26 19:36:36 - 0:25:35 -   12550 -  206.38 equations/s - 13208.01 words/s - MEM: 1.36 GB - LOSS:  1.4770 || ACC1: 31.0802 || ACC2: 37.6529 - LR: 1.0000e-05
INFO - 04/10/26 19:36:44 - 0:25:43 -   12600 -  764.02 equations/s - 48897.01 words/s - MEM: 1.36 GB - LOSS:  1.4741 || ACC1: 31.1094 || ACC2: 37.7812 - LR: 1.0000e-05
INFO - 04/10/26 19:36:49 - 0:25:48 -   12650 - 1293.69 equations/s - 82796.02 words/s - MEM: 1.36 GB - LOSS:  1.4819 || ACC1: 30.1562 || ACC2: 36.8594 - LR: 1.0000e-05
INFO - 04/10/26 19:36:54 - 0:25:53 -   12700 - 1345.92 equations/s - 86139.10 words/s - MEM: 1.36 GB - LOSS:  1.4838 || ACC1: 29.4219 || ACC2: 36.3594 - LR: 1.0000e-05
INFO - 04/10/26 19:36:59 - 0:25:58 -   12750 - 1323.43 equations/s - 84699.63 words/s - MEM: 1.36 GB - LOSS:  1.4781 || ACC1: 29.2812 || ACC2: 35.9375 - LR: 1.0000e-05
INFO - 04/10/26 19:37:03 - 0:26:02 -   12800 - 1356.21 equations/s - 86797.71 words/s - MEM: 1.36 GB - LOSS:  1.4763 || ACC1: 29.8281 || ACC2: 36.7344 - LR: 1.0000e-05
INFO - 04/10/26 19:37:08 - 0:26:07 -   12850 - 1367.60 equations/s - 87526.39 words/s - MEM: 1.36 GB - LOSS:  1.4764 || ACC1: 30.8906 || ACC2: 37.7969 - LR: 1.0000e-05
INFO - 04/10/26 19:37:17 - 0:26:15 -   12900 -  765.83 equations/s - 49013.00 words/s - MEM: 1.36 GB - LOSS:  1.4779 || ACC1: 29.6562 || ACC2: 36.4062 - LR: 1.0000e-05
INFO - 04/10/26 19:37:21 - 0:26:20 -   12950 - 1333.18 equations/s - 85323.81 words/s - MEM: 1.36 GB - LOSS:  1.4786 || ACC1: 30.2031 || ACC2: 37.0000 - LR: 1.0000e-05
INFO - 04/10/26 19:37:26 - 0:26:25 -   13000 - 1359.77 equations/s - 87025.19 words/s - MEM: 1.36 GB - LOSS:  1.4728 || ACC1: 30.1094 || ACC2: 37.4531 - LR: 1.0000e-05
INFO - 04/10/26 19:37:31 - 0:26:29 -   13050 - 1369.62 equations/s - 87655.53 words/s - MEM: 1.36 GB - LOSS:  1.4741 || ACC1: 30.6719 || ACC2: 37.9062 - LR: 1.0000e-05
INFO - 04/10/26 19:37:35 - 0:26:34 -   13100 - 1371.51 equations/s - 87776.38 words/s - MEM: 1.36 GB - LOSS:  1.4746 || ACC1: 30.5938 || ACC2: 37.5469 - LR: 1.0000e-05
INFO - 04/10/26 19:37:40 - 0:26:39 -   13150 - 1326.58 equations/s - 84901.20 words/s - MEM: 1.36 GB - LOSS:  1.4714 || ACC1: 30.5469 || ACC2: 37.3594 - LR: 1.0000e-05
INFO - 04/10/26 19:37:45 - 0:26:44 -   13200 - 1358.09 equations/s - 86917.66 words/s - MEM: 1.36 GB - LOSS:  1.4755 || ACC1: 31.2812 || ACC2: 38.0156 - LR: 1.0000e-05
INFO - 04/10/26 19:37:53 - 0:26:52 -   13250 -  765.18 equations/s - 48971.49 words/s - MEM: 1.36 GB - LOSS:  1.4754 || ACC1: 30.4062 || ACC2: 37.2656 - LR: 1.0000e-05
INFO - 04/10/26 19:37:58 - 0:26:57 -   13300 - 1297.57 equations/s - 83044.64 words/s - MEM: 1.36 GB - LOSS:  1.4708 || ACC1: 31.0938 || ACC2: 38.5938 - LR: 1.0000e-05
INFO - 04/10/26 19:38:03 - 0:27:02 -   13350 - 1365.66 equations/s - 87402.25 words/s - MEM: 1.36 GB - LOSS:  1.4794 || ACC1: 30.3750 || ACC2: 37.0938 - LR: 1.0000e-05
INFO - 04/10/26 19:38:08 - 0:27:06 -   13400 - 1385.00 equations/s - 88640.28 words/s - MEM: 1.36 GB - LOSS:  1.4747 || ACC1: 31.0469 || ACC2: 38.2344 - LR: 1.0000e-05
INFO - 04/10/26 19:38:12 - 0:27:11 -   13450 - 1333.81 equations/s - 85363.70 words/s - MEM: 1.36 GB - LOSS:  1.4763 || ACC1: 29.9844 || ACC2: 36.5469 - LR: 1.0000e-05
INFO - 04/10/26 19:38:17 - 0:27:16 -   13500 - 1372.71 equations/s - 87853.52 words/s - MEM: 1.36 GB - LOSS:  1.4820 || ACC1: 29.7031 || ACC2: 36.9688 - LR: 1.0000e-05
INFO - 04/10/26 19:38:22 - 0:27:20 -   13550 - 1359.45 equations/s - 87005.06 words/s - MEM: 1.36 GB - LOSS:  1.4721 || ACC1: 30.9844 || ACC2: 38.1250 - LR: 1.0000e-05
INFO - 04/10/26 19:38:30 - 0:27:29 -   13600 -  785.38 equations/s - 50264.61 words/s - MEM: 1.36 GB - LOSS:  1.4739 || ACC1: 29.9844 || ACC2: 36.6719 - LR: 1.0000e-05
INFO - 04/10/26 19:38:34 - 0:27:33 -   13650 - 1401.97 equations/s - 89725.79 words/s - MEM: 1.36 GB - LOSS:  1.4775 || ACC1: 31.0156 || ACC2: 38.1875 - LR: 1.0000e-05
INFO - 04/10/26 19:38:39 - 0:27:38 -   13700 - 1413.83 equations/s - 90485.12 words/s - MEM: 1.36 GB - LOSS:  1.4740 || ACC1: 31.2656 || ACC2: 37.9375 - LR: 1.0000e-05
INFO - 04/10/26 19:38:44 - 0:27:42 -   13750 - 1385.20 equations/s - 88652.89 words/s - MEM: 1.36 GB - LOSS:  1.4777 || ACC1: 30.3750 || ACC2: 37.0781 - LR: 1.0000e-05
INFO - 04/10/26 19:38:48 - 0:27:47 -   13800 - 1392.26 equations/s - 89104.57 words/s - MEM: 1.36 GB - LOSS:  1.4824 || ACC1: 29.4219 || ACC2: 36.0781 - LR: 1.0000e-05
INFO - 04/10/26 19:38:53 - 0:27:52 -   13850 - 1382.50 equations/s - 88480.08 words/s - MEM: 1.36 GB - LOSS:  1.4695 || ACC1: 30.8750 || ACC2: 38.3125 - LR: 1.0000e-05
INFO - 04/10/26 19:38:57 - 0:27:56 -   13900 - 1390.20 equations/s - 88972.56 words/s - MEM: 1.36 GB - LOSS:  1.4757 || ACC1: 30.3281 || ACC2: 36.8438 - LR: 1.0000e-05
INFO - 04/10/26 19:39:05 - 0:28:04 -   13950 -  792.87 equations/s - 50743.57 words/s - MEM: 1.36 GB - LOSS:  1.4723 || ACC1: 30.0312 || ACC2: 36.8594 - LR: 1.0000e-05
INFO - 04/10/26 19:39:10 - 0:28:09 -   14000 - 1395.26 equations/s - 89296.40 words/s - MEM: 1.36 GB - LOSS:  1.4747 || ACC1: 29.9531 || ACC2: 36.7812 - LR: 1.0000e-05
INFO - 04/10/26 19:39:15 - 0:28:13 -   14050 - 1422.96 equations/s - 91069.42 words/s - MEM: 1.36 GB - LOSS:  1.4752 || ACC1: 30.7969 || ACC2: 37.4219 - LR: 1.0000e-05
INFO - 04/10/26 19:39:16 - 0:28:15 -   14067 - 1379.20 equations/s - 88268.57 words/s - MEM: 1.36 GB - LOSS:  1.4655 || ACC1: 29.7794 || ACC2: 37.7757 - LR: 1.0000e-05
INFO - 04/10/26 19:39:16 - 0:28:15 - ============ End of epoch 8 ============
INFO - 04/10/26 19:39:16 - 0:28:15 - Starting Distinguisher Method
INFO - 04/10/26 19:39:28 - 0:28:27 - Distinguishing 0s using the emd. 
INFO - 04/10/26 19:39:28 - 0:28:27 - Distinguishing +/-1s using the emd. 
INFO - 04/10/26 19:39:28 - 0:28:27 - Real secret: -1: {np.int64(1), np.int64(2), np.int64(10), np.int64(12), np.int64(26)}, 1: {np.int64(7), np.int64(11), np.int64(17), np.int64(22), np.int64(28)}
INFO - 04/10/26 19:39:28 - 0:28:27 - Distinguishing +/-1s using the mean. 
INFO - 04/10/26 19:39:28 - 0:28:27 - Real secret: -1: {np.int64(1), np.int64(2), np.int64(10), np.int64(12), np.int64(26)}, 1: {np.int64(7), np.int64(11), np.int64(17), np.int64(22), np.int64(28)}
INFO - 04/10/26 19:39:28 - 0:28:27 - Distinguishing 0s using the mean. 
INFO - 04/10/26 19:39:28 - 0:28:27 - Distinguishing +/-1s using the emd. 
INFO - 04/10/26 19:39:28 - 0:28:27 - Real secret: -1: {np.int64(1), np.int64(2), np.int64(10), np.int64(12), np.int64(26)}, 1: {np.int64(7), np.int64(11), np.int64(17), np.int64(22), np.int64(28)}
INFO - 04/10/26 19:39:28 - 0:28:27 - Distinguishing +/-1s using the mean. 
INFO - 04/10/26 19:39:28 - 0:28:27 - Real secret: -1: {np.int64(1), np.int64(2), np.int64(10), np.int64(12), np.int64(26)}, 1: {np.int64(7), np.int64(11), np.int64(17), np.int64(22), np.int64(28)}
INFO - 04/10/26 19:39:28 - 0:28:27 - Starting Direct Method
INFO - 04/10/26 19:39:28 - 0:28:27 - Direct:  K=54
INFO - 04/10/26 19:39:29 - 0:28:27 - Direct:  K=82
INFO - 04/10/26 19:39:29 - 0:28:27 - Direct:  K=35
INFO - 04/10/26 19:39:29 - 0:28:28 - Direct:  K=56
INFO - 04/10/26 19:39:29 - 0:28:28 - Direct:  K=83
INFO - 04/10/26 19:39:29 - 0:28:28 - Direct:  K=84
INFO - 04/10/26 19:39:29 - 0:28:28 - Direct:  K=70
INFO - 04/10/26 19:39:29 - 0:28:28 - Direct:  K=42
INFO - 04/10/26 19:39:29 - 0:28:28 - Direct:  K=86
INFO - 04/10/26 19:39:29 - 0:28:28 - Direct:  K=80
INFO - 04/10/26 19:39:29 - 0:28:28 - Direct:  K=71
INFO - 04/10/26 19:39:29 - 0:28:28 - Direct:  K=59
INFO - 04/10/26 19:39:30 - 0:28:28 - Direct:  K=88
INFO - 04/10/26 19:39:30 - 0:28:28 - Direct:  K=58
INFO - 04/10/26 19:39:30 - 0:28:28 - Direct:  K=71
INFO - 04/10/26 19:39:30 - 0:28:29 - Direct: secret not predicted. (true secret = [ 0 -1 -1  0  0  0  0  1  0  0 -1  1 -1  0  0  0  0  1  0  0  0  0  1  0
                                       0  0 -1  0  1  0], predicted secret = [1 0 0 0 1 0 0 0 0 0 0 0 0 0 0 0 1 0 0 0 0 0 0 1 0 0 0 1 0 1], true support = [0 1 1 0 0 0 0 1 0 0 1 1 1 0 0 0 0 1 0 0 0 0 1 0 0 0 1 0 1 0], predicted support = [1 0 0 0 1 0 0 0 0 0 0 0 0 0 0 0 1 0 0 0 0 0 0 1 0 0 0 1 0 1])
INFO - 04/10/26 19:39:42 - 0:28:41 - CA: secret not predicted. (true secret = [ 0 -1 -1  0  0  0  0  1  0  0 -1  1 -1  0  0  0  0  1  0  0  0  0  1  0
                                       0  0 -1  0  1  0], predicted secret = [0 1 1 0 0 0 0 0 0 0 1 0 1 0 0 0 0 1 0 0 0 0 0 0 0 0 1 0 0 0], true support = [0 1 1 0 0 0 0 1 0 0 1 1 1 0 0 0 0 1 0 0 0 0 1 0 0 0 1 0 1 0], predicted support = [0 1 1 0 0 0 0 0 0 0 1 0 1 0 0 0 0 1 0 0 0 0 0 0 0 0 1 0 0 0])
INFO - 04/10/26 19:39:42 - 0:28:41 - CA: secret not predicted. (true secret = [ 0 -1 -1  0  0  0  0  1  0  0 -1  1 -1  0  0  0  0  1  0  0  0  0  1  0
                                       0  0 -1  0  1  0], predicted secret = [0 0 0 0 0 0 0 0 0 0 1 1 0 0 0 0 1 1 0 0 0 0 1 0 0 0 0 0 1 0], true support = [0 1 1 0 0 0 0 1 0 0 1 1 1 0 0 0 0 1 0 0 0 0 1 0 0 0 1 0 1 0], predicted support = [0 0 0 0 0 0 0 0 0 0 1 1 0 0 0 0 1 1 0 0 0 0 1 0 0 0 0 0 1 0])
INFO - 04/10/26 19:39:42 - 0:28:41 - Hybrid: direct, ca
INFO - 04/10/26 19:39:42 - 0:28:41 - direct, ca - Sum Normalized: secret not predicted. (true secret = [ 0 -1 -1  0  0  0  0  1  0  0 -1  1 -1  0  0  0  0  1  0  0  0  0  1  0
                                       0  0 -1  0  1  0], predicted secret = [1 1 0 0 0 0 0 0 0 0 0 1 0 0 0 0 0 1 0 0 0 0 0 1 0 0 0 0 1 0], true support = [0 1 1 0 0 0 0 1 0 0 1 1 1 0 0 0 0 1 0 0 0 0 1 0 0 0 1 0 1 0], predicted support = [1 1 0 0 0 0 0 0 0 0 0 1 0 0 0 0 0 1 0 0 0 0 0 1 0 0 0 0 1 0])
INFO - 04/10/26 19:39:42 - 0:28:41 - direct, ca - Max Normalized: secret not predicted. (true secret = [ 0 -1 -1  0  0  0  0  1  0  0 -1  1 -1  0  0  0  0  1  0  0  0  0  1  0
                                       0  0 -1  0  1  0], predicted secret = [1 1 0 0 0 0 0 0 0 0 1 1 0 0 0 0 0 1 0 0 0 0 0 0 0 0 0 1 0 0], true support = [0 1 1 0 0 0 0 1 0 0 1 1 1 0 0 0 0 1 0 0 0 0 1 0 0 0 1 0 1 0], predicted support = [1 1 0 0 0 0 0 0 0 0 1 1 0 0 0 0 0 1 0 0 0 0 0 0 0 0 0 1 0 0])
INFO - 04/10/26 19:39:42 - 0:28:41 - direct, ca - Sum Rank: secret not predicted. (true secret = [ 0 -1 -1  0  0  0  0  1  0  0 -1  1 -1  0  0  0  0  1  0  0  0  0  1  0
                                       0  0 -1  0  1  0], predicted secret = [1 0 0 0 1 0 0 0 0 0 0 1 0 0 0 0 1 0 0 0 0 0 0 1 0 0 0 0 1 0], true support = [0 1 1 0 0 0 0 1 0 0 1 1 1 0 0 0 0 1 0 0 0 0 1 0 0 0 1 0 1 0], predicted support = [1 0 0 0 1 0 0 0 0 0 0 1 0 0 0 0 1 0 0 0 0 0 0 1 0 0 0 0 1 0])
INFO - 04/10/26 19:39:42 - 0:28:41 - direct, ca - Max Rank: secret not predicted. (true secret = [ 0 -1 -1  0  0  0  0  1  0  0 -1  1 -1  0  0  0  0  1  0  0  0  0  1  0
                                       0  0 -1  0  1  0], predicted secret = [1 1 0 0 0 0 0 0 0 0 1 0 0 0 0 0 0 1 0 0 0 0 0 0 0 0 0 1 0 1], true support = [0 1 1 0 0 0 0 1 0 0 1 1 1 0 0 0 0 1 0 0 0 0 1 0 0 0 1 0 1 0], predicted support = [1 1 0 0 0 0 0 0 0 0 1 0 0 0 0 0 0 1 0 0 0 0 0 0 0 0 0 1 0 1])
INFO - 04/10/26 19:39:42 - 0:28:41 - Hybrid: direct, distinguisher
INFO - 04/10/26 19:39:42 - 0:28:41 - direct, distinguisher - Sum Normalized: secret not predicted. (true secret = [ 0 -1 -1  0  0  0  0  1  0  0 -1  1 -1  0  0  0  0  1  0  0  0  0  1  0
                                       0  0 -1  0  1  0], predicted secret = [1 0 0 0 0 0 0 1 0 0 1 1 1 0 0 0 0 0 0 0 0 0 0 0 0 0 0 0 1 0], true support = [0 1 1 0 0 0 0 1 0 0 1 1 1 0 0 0 0 1 0 0 0 0 1 0 0 0 1 0 1 0], predicted support = [1 0 0 0 0 0 0 1 0 0 1 1 1 0 0 0 0 0 0 0 0 0 0 0 0 0 0 0 1 0])
INFO - 04/10/26 19:39:42 - 0:28:41 - direct, distinguisher - Max Normalized: secret not predicted. (true secret = [ 0 -1 -1  0  0  0  0  1  0  0 -1  1 -1  0  0  0  0  1  0  0  0  0  1  0
                                       0  0 -1  0  1  0], predicted secret = [1 0 1 0 0 0 0 0 0 0 1 1 0 0 0 0 0 1 0 0 0 0 0 0 0 0 0 0 1 0], true support = [0 1 1 0 0 0 0 1 0 0 1 1 1 0 0 0 0 1 0 0 0 0 1 0 0 0 1 0 1 0], predicted support = [1 0 1 0 0 0 0 0 0 0 1 1 0 0 0 0 0 1 0 0 0 0 0 0 0 0 0 0 1 0])
INFO - 04/10/26 19:39:42 - 0:28:41 - direct, distinguisher - Sum Rank: secret not predicted. (true secret = [ 0 -1 -1  0  0  0  0  1  0  0 -1  1 -1  0  0  0  0  1  0  0  0  0  1  0
                                       0  0 -1  0  1  0], predicted secret = [1 0 0 0 0 0 0 1 0 0 0 1 0 0 0 1 0 0 0 0 0 0 0 0 0 0 0 0 1 1], true support = [0 1 1 0 0 0 0 1 0 0 1 1 1 0 0 0 0 1 0 0 0 0 1 0 0 0 1 0 1 0], predicted support = [1 0 0 0 0 0 0 1 0 0 0 1 0 0 0 1 0 0 0 0 0 0 0 0 0 0 0 0 1 1])
INFO - 04/10/26 19:39:42 - 0:28:41 - direct, distinguisher - Max Rank: secret not predicted. (true secret = [ 0 -1 -1  0  0  0  0  1  0  0 -1  1 -1  0  0  0  0  1  0  0  0  0  1  0
                                       0  0 -1  0  1  0], predicted secret = [1 0 1 0 0 0 0 0 0 0 1 0 0 0 0 0 0 0 0 0 0 0 0 0 0 0 0 1 1 1], true support = [0 1 1 0 0 0 0 1 0 0 1 1 1 0 0 0 0 1 0 0 0 0 1 0 0 0 1 0 1 0], predicted support = [1 0 1 0 0 0 0 0 0 0 1 0 0 0 0 0 0 0 0 0 0 0 0 0 0 0 0 1 1 1])
INFO - 04/10/26 19:39:42 - 0:28:41 - Hybrid: ca, distinguisher
INFO - 04/10/26 19:39:42 - 0:28:41 - ca, distinguisher - Sum Normalized: secret not predicted. (true secret = [ 0 -1 -1  0  0  0  0  1  0  0 -1  1 -1  0  0  0  0  1  0  0  0  0  1  0
                                       0  0 -1  0  1  0], predicted secret = [0 1 1 0 0 0 0 0 0 0 1 1 0 0 0 0 0 1 0 0 0 0 0 0 0 0 0 0 1 0], true support = [0 1 1 0 0 0 0 1 0 0 1 1 1 0 0 0 0 1 0 0 0 0 1 0 0 0 1 0 1 0], predicted support = [0 1 1 0 0 0 0 0 0 0 1 1 0 0 0 0 0 1 0 0 0 0 0 0 0 0 0 0 1 0])
INFO - 04/10/26 19:39:42 - 0:28:41 - ca, distinguisher - Max Normalized: secret not predicted. (true secret = [ 0 -1 -1  0  0  0  0  1  0  0 -1  1 -1  0  0  0  0  1  0  0  0  0  1  0
                                       0  0 -1  0  1  0], predicted secret = [0 1 1 0 0 0 0 0 0 0 1 1 0 0 0 0 0 1 0 0 0 0 0 0 0 0 0 0 1 0], true support = [0 1 1 0 0 0 0 1 0 0 1 1 1 0 0 0 0 1 0 0 0 0 1 0 0 0 1 0 1 0], predicted support = [0 1 1 0 0 0 0 0 0 0 1 1 0 0 0 0 0 1 0 0 0 0 0 0 0 0 0 0 1 0])
INFO - 04/10/26 19:39:42 - 0:28:41 - ca, distinguisher - Sum Rank: secret not predicted. (true secret = [ 0 -1 -1  0  0  0  0  1  0  0 -1  1 -1  0  0  0  0  1  0  0  0  0  1  0
                                       0  0 -1  0  1  0], predicted secret = [0 1 1 0 0 0 0 0 0 0 1 1 0 0 0 0 0 1 0 0 0 0 0 0 0 0 0 0 1 0], true support = [0 1 1 0 0 0 0 1 0 0 1 1 1 0 0 0 0 1 0 0 0 0 1 0 0 0 1 0 1 0], predicted support = [0 1 1 0 0 0 0 0 0 0 1 1 0 0 0 0 0 1 0 0 0 0 0 0 0 0 0 0 1 0])
INFO - 04/10/26 19:39:42 - 0:28:41 - ca, distinguisher - Max Rank: secret not predicted. (true secret = [ 0 -1 -1  0  0  0  0  1  0  0 -1  1 -1  0  0  0  0  1  0  0  0  0  1  0
                                       0  0 -1  0  1  0], predicted secret = [0 1 1 0 0 0 0 0 0 0 1 1 0 0 0 0 0 1 0 0 0 0 0 0 0 0 0 0 1 0], true support = [0 1 1 0 0 0 0 1 0 0 1 1 1 0 0 0 0 1 0 0 0 0 1 0 0 0 1 0 1 0], predicted support = [0 1 1 0 0 0 0 0 0 0 1 1 0 0 0 0 0 1 0 0 0 0 0 0 0 0 0 0 1 0])
INFO - 04/10/26 19:39:42 - 0:28:41 - Hybrid: direct, ca, distinguisher
INFO - 04/10/26 19:39:42 - 0:28:41 - direct, ca, distinguisher - Sum Normalized: secret not predicted. (true secret = [ 0 -1 -1  0  0  0  0  1  0  0 -1  1 -1  0  0  0  0  1  0  0  0  0  1  0
                                       0  0 -1  0  1  0], predicted secret = [0 1 1 0 0 0 0 0 0 0 1 1 0 0 0 0 0 1 0 0 0 0 0 0 0 0 0 0 1 0], true support = [0 1 1 0 0 0 0 1 0 0 1 1 1 0 0 0 0 1 0 0 0 0 1 0 0 0 1 0 1 0], predicted support = [0 1 1 0 0 0 0 0 0 0 1 1 0 0 0 0 0 1 0 0 0 0 0 0 0 0 0 0 1 0])
INFO - 04/10/26 19:39:42 - 0:28:41 - direct, ca, distinguisher - Max Normalized: secret not predicted. (true secret = [ 0 -1 -1  0  0  0  0  1  0  0 -1  1 -1  0  0  0  0  1  0  0  0  0  1  0
                                       0  0 -1  0  1  0], predicted secret = [1 1 1 0 0 0 0 0 0 0 1 0 0 0 0 0 0 1 0 0 0 0 0 0 0 0 0 0 1 0], true support = [0 1 1 0 0 0 0 1 0 0 1 1 1 0 0 0 0 1 0 0 0 0 1 0 0 0 1 0 1 0], predicted support = [1 1 1 0 0 0 0 0 0 0 1 0 0 0 0 0 0 1 0 0 0 0 0 0 0 0 0 0 1 0])
INFO - 04/10/26 19:39:42 - 0:28:41 - direct, ca, distinguisher - Sum Rank: secret not predicted. (true secret = [ 0 -1 -1  0  0  0  0  1  0  0 -1  1 -1  0  0  0  0  1  0  0  0  0  1  0
                                       0  0 -1  0  1  0], predicted secret = [1 1 1 0 0 0 0 1 0 0 0 1 0 0 0 0 0 0 0 0 0 0 0 0 0 0 0 0 1 0], true support = [0 1 1 0 0 0 0 1 0 0 1 1 1 0 0 0 0 1 0 0 0 0 1 0 0 0 1 0 1 0], predicted support = [1 1 1 0 0 0 0 1 0 0 0 1 0 0 0 0 0 0 0 0 0 0 0 0 0 0 0 0 1 0])
INFO - 04/10/26 19:39:42 - 0:28:41 - direct, ca, distinguisher - Max Rank: secret not predicted. (true secret = [ 0 -1 -1  0  0  0  0  1  0  0 -1  1 -1  0  0  0  0  1  0  0  0  0  1  0
                                       0  0 -1  0  1  0], predicted secret = [1 1 1 0 0 0 0 0 0 0 1 0 0 0 0 0 0 1 0 0 0 0 0 0 0 0 0 1 0 0], true support = [0 1 1 0 0 0 0 1 0 0 1 1 1 0 0 0 0 1 0 0 0 0 1 0 0 0 1 0 1 0], predicted support = [1 1 1 0 0 0 0 0 0 0 1 0 0 0 0 0 0 1 0 0 0 0 0 0 0 0 0 1 0 0])
INFO - 04/10/26 19:39:42 - 0:28:41 - Epoch 8 metrics | train_loss: 1.475889 | train_acc1: 30.393774 | train_acc2: 37.288568 | valid_xe_loss: 1.510295 | valid_acc1: 28.223892 | valid_acc2: 33.386076
INFO - 04/10/26 19:39:42 - 0:28:41 - __log__:{"train_loss": 1.4758889242692095, "train_acc1": 30.39377399232246, "train_acc2": 37.28856765834933, "epoch": 8, "valid_xe_loss": 1.5102952945081494, "valid_acc1": 28.223892405063292, "valid_acc2": 33.38607594936709}
INFO - 04/10/26 19:39:42 - 0:28:41 - Saving checkpoint to /home/yu_mcc/PQC_salsa/runs/n30_q127_h3_1m/train_gpu_ternary_h10_secret0_init0_epoch200000/checkpoint.pth ...
WARNING - 04/10/26 19:39:42 - 0:28:41 - Saving encoder parameters ...
WARNING - 04/10/26 19:39:42 - 0:28:41 - Saving decoder parameters ...
WARNING - 04/10/26 19:39:42 - 0:28:41 - Saving optimizer ...
INFO - 04/10/26 19:39:42 - 0:28:41 - ============ Starting epoch 9 ... ============
INFO - 04/10/26 19:39:45 - 0:28:44 -   14100 -  144.97 equations/s -  9278.36 words/s - MEM: 1.36 GB - LOSS:  1.4748 || ACC1: 30.1136 || ACC2: 37.6184 - LR: 1.0000e-05
INFO - 04/10/26 19:39:50 - 0:28:48 -   14150 - 1428.11 equations/s - 91398.90 words/s - MEM: 1.36 GB - LOSS:  1.4706 || ACC1: 30.0312 || ACC2: 37.2188 - LR: 1.0000e-05
INFO - 04/10/26 19:39:54 - 0:28:53 -   14200 - 1393.80 equations/s - 89203.08 words/s - MEM: 1.36 GB - LOSS:  1.4681 || ACC1: 30.9219 || ACC2: 37.5938 - LR: 1.0000e-05
INFO - 04/10/26 19:39:59 - 0:28:58 -   14250 - 1382.68 equations/s - 88491.32 words/s - MEM: 1.36 GB - LOSS:  1.4758 || ACC1: 30.1562 || ACC2: 37.3594 - LR: 1.0000e-05
INFO - 04/10/26 19:40:04 - 0:29:02 -   14300 - 1348.35 equations/s - 86294.09 words/s - MEM: 1.36 GB - LOSS:  1.4727 || ACC1: 30.6719 || ACC2: 38.1875 - LR: 1.0000e-05
INFO - 04/10/26 19:40:08 - 0:29:07 -   14350 - 1330.55 equations/s - 85155.29 words/s - MEM: 1.36 GB - LOSS:  1.4709 || ACC1: 30.6406 || ACC2: 37.6562 - LR: 1.0000e-05
INFO - 04/10/26 19:40:17 - 0:29:15 -   14400 -  786.19 equations/s - 50315.88 words/s - MEM: 1.36 GB - LOSS:  1.4731 || ACC1: 29.6250 || ACC2: 36.7969 - LR: 1.0000e-05
INFO - 04/10/26 19:40:21 - 0:29:20 -   14450 - 1350.29 equations/s - 86418.31 words/s - MEM: 1.36 GB - LOSS:  1.4685 || ACC1: 30.9375 || ACC2: 38.4844 - LR: 1.0000e-05
INFO - 04/10/26 19:40:26 - 0:29:25 -   14500 - 1382.06 equations/s - 88451.76 words/s - MEM: 1.36 GB - LOSS:  1.4739 || ACC1: 30.8438 || ACC2: 37.8906 - LR: 1.0000e-05
INFO - 04/10/26 19:40:30 - 0:29:29 -   14550 - 1424.42 equations/s - 91162.86 words/s - MEM: 1.36 GB - LOSS:  1.4695 || ACC1: 31.0781 || ACC2: 37.9219 - LR: 1.0000e-05
INFO - 04/10/26 19:40:35 - 0:29:34 -   14600 - 1392.03 equations/s - 89089.87 words/s - MEM: 1.36 GB - LOSS:  1.4707 || ACC1: 31.4375 || ACC2: 38.5312 - LR: 1.0000e-05
INFO - 04/10/26 19:40:39 - 0:29:38 -   14650 - 1454.04 equations/s - 93058.41 words/s - MEM: 1.36 GB - LOSS:  1.4733 || ACC1: 29.9844 || ACC2: 37.3594 - LR: 1.0000e-05
INFO - 04/10/26 19:40:44 - 0:29:43 -   14700 - 1369.91 equations/s - 87674.07 words/s - MEM: 1.36 GB - LOSS:  1.4704 || ACC1: 30.3750 || ACC2: 37.3750 - LR: 1.0000e-05
INFO - 04/10/26 19:40:52 - 0:29:51 -   14750 -  788.30 equations/s - 50451.15 words/s - MEM: 1.36 GB - LOSS:  1.4679 || ACC1: 31.8125 || ACC2: 39.1250 - LR: 1.0000e-05
INFO - 04/10/26 19:40:57 - 0:29:56 -   14800 - 1381.82 equations/s - 88436.39 words/s - MEM: 1.36 GB - LOSS:  1.4735 || ACC1: 29.9844 || ACC2: 37.0469 - LR: 1.0000e-05
INFO - 04/10/26 19:41:01 - 0:30:00 -   14850 - 1483.35 equations/s - 94934.39 words/s - MEM: 1.36 GB - LOSS:  1.4715 || ACC1: 31.3750 || ACC2: 38.4531 - LR: 1.0000e-05
INFO - 04/10/26 19:41:06 - 0:30:04 -   14900 - 1417.25 equations/s - 90703.93 words/s - MEM: 1.36 GB - LOSS:  1.4728 || ACC1: 30.8594 || ACC2: 37.8438 - LR: 1.0000e-05
INFO - 04/10/26 19:41:10 - 0:30:09 -   14950 - 1408.28 equations/s - 90129.67 words/s - MEM: 1.36 GB - LOSS:  1.4686 || ACC1: 30.8594 || ACC2: 38.2656 - LR: 1.0000e-05
INFO - 04/10/26 19:41:15 - 0:30:13 -   15000 - 1437.58 equations/s - 92004.84 words/s - MEM: 1.36 GB - LOSS:  1.4694 || ACC1: 30.7031 || ACC2: 38.1406 - LR: 1.0000e-05
INFO - 04/10/26 19:41:19 - 0:30:18 -   15050 - 1350.05 equations/s - 86403.16 words/s - MEM: 1.36 GB - LOSS:  1.4734 || ACC1: 30.5469 || ACC2: 37.3281 - LR: 1.0000e-05
INFO - 04/10/26 19:41:28 - 0:30:26 -   15100 -  778.96 equations/s - 49853.66 words/s - MEM: 1.36 GB - LOSS:  1.4694 || ACC1: 30.2188 || ACC2: 37.7500 - LR: 1.0000e-05
INFO - 04/10/26 19:41:32 - 0:30:31 -   15150 - 1374.78 equations/s - 87986.23 words/s - MEM: 1.36 GB - LOSS:  1.4734 || ACC1: 31.1406 || ACC2: 37.8906 - LR: 1.0000e-05
INFO - 04/10/26 19:41:37 - 0:30:36 -   15200 - 1425.82 equations/s - 91252.20 words/s - MEM: 1.36 GB - LOSS:  1.4685 || ACC1: 31.1250 || ACC2: 37.7500 - LR: 1.0000e-05
INFO - 04/10/26 19:41:42 - 0:30:40 -   15250 - 1369.12 equations/s - 87623.76 words/s - MEM: 1.36 GB - LOSS:  1.4706 || ACC1: 31.2031 || ACC2: 37.9688 - LR: 1.0000e-05
INFO - 04/10/26 19:41:46 - 0:30:45 -   15300 - 1438.52 equations/s - 92065.50 words/s - MEM: 1.36 GB - LOSS:  1.4716 || ACC1: 31.3125 || ACC2: 38.4844 - LR: 1.0000e-05
INFO - 04/10/26 19:41:51 - 0:30:49 -   15350 - 1381.73 equations/s - 88430.63 words/s - MEM: 1.36 GB - LOSS:  1.4726 || ACC1: 29.9219 || ACC2: 37.4375 - LR: 1.0000e-05
INFO - 04/10/26 19:41:55 - 0:30:54 -   15400 - 1386.23 equations/s - 88718.78 words/s - MEM: 1.36 GB - LOSS:  1.4748 || ACC1: 30.4219 || ACC2: 37.3281 - LR: 1.0000e-05
INFO - 04/10/26 19:42:03 - 0:31:02 -   15450 -  788.20 equations/s - 50444.67 words/s - MEM: 1.36 GB - LOSS:  1.4715 || ACC1: 31.3750 || ACC2: 38.2188 - LR: 1.0000e-05
INFO - 04/10/26 19:42:08 - 0:31:07 -   15500 - 1388.50 equations/s - 88863.80 words/s - MEM: 1.36 GB - LOSS:  1.4663 || ACC1: 31.1406 || ACC2: 38.1094 - LR: 1.0000e-05
INFO - 04/10/26 19:42:12 - 0:31:11 -   15550 - 1406.78 equations/s - 90034.18 words/s - MEM: 1.36 GB - LOSS:  1.4669 || ACC1: 30.6406 || ACC2: 37.8125 - LR: 1.0000e-05
INFO - 04/10/26 19:42:17 - 0:31:16 -   15600 - 1401.47 equations/s - 89694.33 words/s - MEM: 1.36 GB - LOSS:  1.4665 || ACC1: 30.5312 || ACC2: 37.5625 - LR: 1.0000e-05
INFO - 04/10/26 19:42:20 - 0:31:18 -   15630 - 1462.36 equations/s - 93591.13 words/s - MEM: 1.36 GB - LOSS:  1.4668 || ACC1: 31.0156 || ACC2: 38.3594 - LR: 1.0000e-05
INFO - 04/10/26 19:42:20 - 0:31:18 - ============ End of epoch 9 ============
INFO - 04/10/26 19:42:20 - 0:31:18 - Starting Distinguisher Method
INFO - 04/10/26 19:42:33 - 0:31:32 - Distinguishing 0s using the emd. 
INFO - 04/10/26 19:42:33 - 0:31:32 - Distinguishing +/-1s using the emd. 
INFO - 04/10/26 19:42:33 - 0:31:32 - Real secret: -1: {np.int64(1), np.int64(2), np.int64(10), np.int64(12), np.int64(26)}, 1: {np.int64(7), np.int64(11), np.int64(17), np.int64(22), np.int64(28)}
INFO - 04/10/26 19:42:33 - 0:31:32 - Distinguishing +/-1s using the mean. 
INFO - 04/10/26 19:42:33 - 0:31:32 - Real secret: -1: {np.int64(1), np.int64(2), np.int64(10), np.int64(12), np.int64(26)}, 1: {np.int64(7), np.int64(11), np.int64(17), np.int64(22), np.int64(28)}
INFO - 04/10/26 19:42:33 - 0:31:32 - Distinguishing 0s using the mean. 
INFO - 04/10/26 19:42:33 - 0:31:32 - Distinguishing +/-1s using the emd. 
INFO - 04/10/26 19:42:33 - 0:31:32 - Real secret: -1: {np.int64(1), np.int64(2), np.int64(10), np.int64(12), np.int64(26)}, 1: {np.int64(7), np.int64(11), np.int64(17), np.int64(22), np.int64(28)}
INFO - 04/10/26 19:42:33 - 0:31:32 - Distinguishing +/-1s using the mean. 
INFO - 04/10/26 19:42:33 - 0:31:32 - Real secret: -1: {np.int64(1), np.int64(2), np.int64(10), np.int64(12), np.int64(26)}, 1: {np.int64(7), np.int64(11), np.int64(17), np.int64(22), np.int64(28)}
INFO - 04/10/26 19:42:33 - 0:31:32 - Starting Direct Method
INFO - 04/10/26 19:42:33 - 0:31:32 - Direct:  K=56
INFO - 04/10/26 19:42:33 - 0:31:32 - Direct:  K=55
INFO - 04/10/26 19:42:33 - 0:31:32 - Direct:  K=80
INFO - 04/10/26 19:42:33 - 0:31:32 - Direct:  K=53
INFO - 04/10/26 19:42:33 - 0:31:32 - Direct:  K=79
INFO - 04/10/26 19:42:33 - 0:31:32 - Direct:  K=44
INFO - 04/10/26 19:42:34 - 0:31:32 - Direct:  K=45
INFO - 04/10/26 19:42:34 - 0:31:32 - Direct:  K=94
INFO - 04/10/26 19:42:34 - 0:31:33 - Direct:  K=71
INFO - 04/10/26 19:42:34 - 0:31:33 - Direct:  K=46
INFO - 04/10/26 19:42:34 - 0:31:33 - Direct:  K=35
INFO - 04/10/26 19:42:34 - 0:31:33 - Direct:  K=76
INFO - 04/10/26 19:42:34 - 0:31:33 - Direct:  K=77
INFO - 04/10/26 19:42:34 - 0:31:33 - Direct:  K=64
INFO - 04/10/26 19:42:38 - 0:31:37 - Direct:  K=34
INFO - 04/10/26 19:42:38 - 0:31:37 - Direct: secret not predicted. (true secret = [ 0 -1 -1  0  0  0  0  1  0  0 -1  1 -1  0  0  0  0  1  0  0  0  0  1  0
                                       0  0 -1  0  1  0], predicted secret = [1 0 0 0 0 0 0 0 0 0 0 0 1 0 1 0 0 0 1 0 0 1 0 0 0 0 0 0 0 1], true support = [0 1 1 0 0 0 0 1 0 0 1 1 1 0 0 0 0 1 0 0 0 0 1 0 0 0 1 0 1 0], predicted support = [1 0 0 0 0 0 0 0 0 0 0 0 1 0 1 0 0 0 1 0 0 1 0 0 0 0 0 0 0 1])
INFO - 04/10/26 19:42:47 - 0:31:46 - CA: secret not predicted. (true secret = [ 0 -1 -1  0  0  0  0  1  0  0 -1  1 -1  0  0  0  0  1  0  0  0  0  1  0
                                       0  0 -1  0  1  0], predicted secret = [0 1 1 0 0 0 0 0 0 0 1 0 1 0 0 0 0 1 0 0 0 0 0 0 0 0 1 0 0 0], true support = [0 1 1 0 0 0 0 1 0 0 1 1 1 0 0 0 0 1 0 0 0 0 1 0 0 0 1 0 1 0], predicted support = [0 1 1 0 0 0 0 0 0 0 1 0 1 0 0 0 0 1 0 0 0 0 0 0 0 0 1 0 0 0])
INFO - 04/10/26 19:42:47 - 0:31:46 - CA: secret not predicted. (true secret = [ 0 -1 -1  0  0  0  0  1  0  0 -1  1 -1  0  0  0  0  1  0  0  0  0  1  0
                                       0  0 -1  0  1  0], predicted secret = [0 0 0 0 0 0 0 0 0 0 1 1 0 0 0 0 1 1 0 0 0 0 1 0 0 0 0 0 1 0], true support = [0 1 1 0 0 0 0 1 0 0 1 1 1 0 0 0 0 1 0 0 0 0 1 0 0 0 1 0 1 0], predicted support = [0 0 0 0 0 0 0 0 0 0 1 1 0 0 0 0 1 1 0 0 0 0 1 0 0 0 0 0 1 0])
INFO - 04/10/26 19:42:47 - 0:31:46 - Hybrid: direct, ca
INFO - 04/10/26 19:42:47 - 0:31:46 - direct, ca - Sum Normalized: secret not predicted. (true secret = [ 0 -1 -1  0  0  0  0  1  0  0 -1  1 -1  0  0  0  0  1  0  0  0  0  1  0
                                       0  0 -1  0  1  0], predicted secret = [0 1 0 0 0 0 0 0 0 0 1 0 1 0 1 0 0 1 0 0 0 0 0 0 0 0 0 0 1 0], true support = [0 1 1 0 0 0 0 1 0 0 1 1 1 0 0 0 0 1 0 0 0 0 1 0 0 0 1 0 1 0], predicted support = [0 1 0 0 0 0 0 0 0 0 1 0 1 0 1 0 0 1 0 0 0 0 0 0 0 0 0 0 1 0])
INFO - 04/10/26 19:42:47 - 0:31:46 - direct, ca - Max Normalized: secret not predicted. (true secret = [ 0 -1 -1  0  0  0  0  1  0  0 -1  1 -1  0  0  0  0  1  0  0  0  0  1  0
                                       0  0 -1  0  1  0], predicted secret = [0 1 0 0 0 0 0 0 0 0 1 0 0 0 1 0 0 1 0 0 0 0 0 0 0 0 0 0 1 1], true support = [0 1 1 0 0 0 0 1 0 0 1 1 1 0 0 0 0 1 0 0 0 0 1 0 0 0 1 0 1 0], predicted support = [0 1 0 0 0 0 0 0 0 0 1 0 0 0 1 0 0 1 0 0 0 0 0 0 0 0 0 0 1 1])
INFO - 04/10/26 19:42:47 - 0:31:46 - direct, ca - Sum Rank: secret not predicted. (true secret = [ 0 -1 -1  0  0  0  0  1  0  0 -1  1 -1  0  0  0  0  1  0  0  0  0  1  0
                                       0  0 -1  0  1  0], predicted secret = [1 0 0 0 0 0 0 0 0 0 0 0 1 0 1 0 1 0 0 0 0 1 0 0 0 0 0 0 1 0], true support = [0 1 1 0 0 0 0 1 0 0 1 1 1 0 0 0 0 1 0 0 0 0 1 0 0 0 1 0 1 0], predicted support = [1 0 0 0 0 0 0 0 0 0 0 0 1 0 1 0 1 0 0 0 0 1 0 0 0 0 0 0 1 0])
INFO - 04/10/26 19:42:47 - 0:31:46 - direct, ca - Max Rank: secret not predicted. (true secret = [ 0 -1 -1  0  0  0  0  1  0  0 -1  1 -1  0  0  0  0  1  0  0  0  0  1  0
                                       0  0 -1  0  1  0], predicted secret = [0 1 0 0 0 0 0 0 0 0 1 0 1 0 1 0 0 1 0 0 0 0 0 0 0 0 0 0 0 1], true support = [0 1 1 0 0 0 0 1 0 0 1 1 1 0 0 0 0 1 0 0 0 0 1 0 0 0 1 0 1 0], predicted support = [0 1 0 0 0 0 0 0 0 0 1 0 1 0 1 0 0 1 0 0 0 0 0 0 0 0 0 0 0 1])
INFO - 04/10/26 19:42:47 - 0:31:46 - Hybrid: direct, distinguisher
INFO - 04/10/26 19:42:47 - 0:31:46 - direct, distinguisher - Sum Normalized: secret not predicted. (true secret = [ 0 -1 -1  0  0  0  0  1  0  0 -1  1 -1  0  0  0  0  1  0  0  0  0  1  0
                                       0  0 -1  0  1  0], predicted secret = [0 0 0 0 0 0 0 1 0 0 0 1 1 0 0 0 0 1 0 0 0 0 1 0 0 0 0 0 1 0], true support = [0 1 1 0 0 0 0 1 0 0 1 1 1 0 0 0 0 1 0 0 0 0 1 0 0 0 1 0 1 0], predicted support = [0 0 0 0 0 0 0 1 0 0 0 1 1 0 0 0 0 1 0 0 0 0 1 0 0 0 0 0 1 0])
INFO - 04/10/26 19:42:47 - 0:31:46 - direct, distinguisher - Max Normalized: secret not predicted. (true secret = [ 0 -1 -1  0  0  0  0  1  0  0 -1  1 -1  0  0  0  0  1  0  0  0  0  1  0
                                       0  0 -1  0  1  0], predicted secret = [0 0 0 0 0 0 0 1 0 0 0 1 0 0 1 0 0 1 0 0 0 0 1 0 0 0 0 0 1 0], true support = [0 1 1 0 0 0 0 1 0 0 1 1 1 0 0 0 0 1 0 0 0 0 1 0 0 0 1 0 1 0], predicted support = [0 0 0 0 0 0 0 1 0 0 0 1 0 0 1 0 0 1 0 0 0 0 1 0 0 0 0 0 1 0])
INFO - 04/10/26 19:42:47 - 0:31:46 - direct, distinguisher - Sum Rank: secret not predicted. (true secret = [ 0 -1 -1  0  0  0  0  1  0  0 -1  1 -1  0  0  0  0  1  0  0  0  0  1  0
                                       0  0 -1  0  1  0], predicted secret = [1 0 0 0 0 1 0 0 0 0 0 0 1 0 1 0 0 0 0 0 0 0 0 0 0 1 0 0 1 0], true support = [0 1 1 0 0 0 0 1 0 0 1 1 1 0 0 0 0 1 0 0 0 0 1 0 0 0 1 0 1 0], predicted support = [1 0 0 0 0 1 0 0 0 0 0 0 1 0 1 0 0 0 0 0 0 0 0 0 0 1 0 0 1 0])
INFO - 04/10/26 19:42:47 - 0:31:46 - direct, distinguisher - Max Rank: secret not predicted. (true secret = [ 0 -1 -1  0  0  0  0  1  0  0 -1  1 -1  0  0  0  0  1  0  0  0  0  1  0
                                       0  0 -1  0  1  0], predicted secret = [0 0 0 0 0 0 0 0 0 0 0 1 1 0 1 0 0 1 0 0 0 0 0 0 0 0 0 0 1 1], true support = [0 1 1 0 0 0 0 1 0 0 1 1 1 0 0 0 0 1 0 0 0 0 1 0 0 0 1 0 1 0], predicted support = [0 0 0 0 0 0 0 0 0 0 0 1 1 0 1 0 0 1 0 0 0 0 0 0 0 0 0 0 1 1])
INFO - 04/10/26 19:42:47 - 0:31:46 - Hybrid: ca, distinguisher
INFO - 04/10/26 19:42:47 - 0:31:46 - ca, distinguisher - Sum Normalized: secret not predicted. (true secret = [ 0 -1 -1  0  0  0  0  1  0  0 -1  1 -1  0  0  0  0  1  0  0  0  0  1  0
                                       0  0 -1  0  1  0], predicted secret = [0 1 0 0 0 0 0 0 0 0 1 1 0 0 0 0 0 1 0 0 0 0 1 0 0 0 0 0 1 0], true support = [0 1 1 0 0 0 0 1 0 0 1 1 1 0 0 0 0 1 0 0 0 0 1 0 0 0 1 0 1 0], predicted support = [0 1 0 0 0 0 0 0 0 0 1 1 0 0 0 0 0 1 0 0 0 0 1 0 0 0 0 0 1 0])
INFO - 04/10/26 19:42:47 - 0:31:46 - ca, distinguisher - Max Normalized: secret not predicted. (true secret = [ 0 -1 -1  0  0  0  0  1  0  0 -1  1 -1  0  0  0  0  1  0  0  0  0  1  0
                                       0  0 -1  0  1  0], predicted secret = [0 1 0 0 0 0 0 0 0 0 1 1 0 0 0 0 0 1 0 0 0 0 1 0 0 0 0 0 1 0], true support = [0 1 1 0 0 0 0 1 0 0 1 1 1 0 0 0 0 1 0 0 0 0 1 0 0 0 1 0 1 0], predicted support = [0 1 0 0 0 0 0 0 0 0 1 1 0 0 0 0 0 1 0 0 0 0 1 0 0 0 0 0 1 0])
INFO - 04/10/26 19:42:47 - 0:31:46 - ca, distinguisher - Sum Rank: secret not predicted. (true secret = [ 0 -1 -1  0  0  0  0  1  0  0 -1  1 -1  0  0  0  0  1  0  0  0  0  1  0
                                       0  0 -1  0  1  0], predicted secret = [0 1 0 0 0 0 0 0 0 0 1 1 0 0 0 0 0 1 0 0 0 0 1 0 0 0 0 0 1 0], true support = [0 1 1 0 0 0 0 1 0 0 1 1 1 0 0 0 0 1 0 0 0 0 1 0 0 0 1 0 1 0], predicted support = [0 1 0 0 0 0 0 0 0 0 1 1 0 0 0 0 0 1 0 0 0 0 1 0 0 0 0 0 1 0])
INFO - 04/10/26 19:42:47 - 0:31:46 - ca, distinguisher - Max Rank: secret not predicted. (true secret = [ 0 -1 -1  0  0  0  0  1  0  0 -1  1 -1  0  0  0  0  1  0  0  0  0  1  0
                                       0  0 -1  0  1  0], predicted secret = [0 1 0 0 0 0 0 0 0 0 1 1 0 0 0 0 0 1 0 0 0 0 1 0 0 0 0 0 1 0], true support = [0 1 1 0 0 0 0 1 0 0 1 1 1 0 0 0 0 1 0 0 0 0 1 0 0 0 1 0 1 0], predicted support = [0 1 0 0 0 0 0 0 0 0 1 1 0 0 0 0 0 1 0 0 0 0 1 0 0 0 0 0 1 0])
INFO - 04/10/26 19:42:47 - 0:31:46 - Hybrid: direct, ca, distinguisher
INFO - 04/10/26 19:42:47 - 0:31:46 - direct, ca, distinguisher - Sum Normalized: secret not predicted. (true secret = [ 0 -1 -1  0  0  0  0  1  0  0 -1  1 -1  0  0  0  0  1  0  0  0  0  1  0
                                       0  0 -1  0  1  0], predicted secret = [0 1 0 0 0 0 0 0 0 0 1 1 1 0 0 0 0 1 0 0 0 0 0 0 0 0 0 0 1 0], true support = [0 1 1 0 0 0 0 1 0 0 1 1 1 0 0 0 0 1 0 0 0 0 1 0 0 0 1 0 1 0], predicted support = [0 1 0 0 0 0 0 0 0 0 1 1 1 0 0 0 0 1 0 0 0 0 0 0 0 0 0 0 1 0])
INFO - 04/10/26 19:42:47 - 0:31:46 - direct, ca, distinguisher - Max Normalized: secret not predicted. (true secret = [ 0 -1 -1  0  0  0  0  1  0  0 -1  1 -1  0  0  0  0  1  0  0  0  0  1  0
                                       0  0 -1  0  1  0], predicted secret = [0 1 0 0 0 0 0 0 0 0 1 1 0 0 1 0 0 1 0 0 0 0 0 0 0 0 0 0 1 0], true support = [0 1 1 0 0 0 0 1 0 0 1 1 1 0 0 0 0 1 0 0 0 0 1 0 0 0 1 0 1 0], predicted support = [0 1 0 0 0 0 0 0 0 0 1 1 0 0 1 0 0 1 0 0 0 0 0 0 0 0 0 0 1 0])
INFO - 04/10/26 19:42:47 - 0:31:46 - direct, ca, distinguisher - Sum Rank: secret not predicted. (true secret = [ 0 -1 -1  0  0  0  0  1  0  0 -1  1 -1  0  0  0  0  1  0  0  0  0  1  0
                                       0  0 -1  0  1  0], predicted secret = [0 1 0 0 0 0 0 0 0 0 0 1 1 0 0 0 0 1 0 0 0 0 1 0 0 0 0 0 1 0], true support = [0 1 1 0 0 0 0 1 0 0 1 1 1 0 0 0 0 1 0 0 0 0 1 0 0 0 1 0 1 0], predicted support = [0 1 0 0 0 0 0 0 0 0 0 1 1 0 0 0 0 1 0 0 0 0 1 0 0 0 0 0 1 0])
INFO - 04/10/26 19:42:47 - 0:31:46 - direct, ca, distinguisher - Max Rank: secret not predicted. (true secret = [ 0 -1 -1  0  0  0  0  1  0  0 -1  1 -1  0  0  0  0  1  0  0  0  0  1  0
                                       0  0 -1  0  1  0], predicted secret = [0 1 0 0 0 0 0 0 0 0 1 0 0 0 1 0 0 1 0 0 0 0 0 0 0 0 0 0 1 1], true support = [0 1 1 0 0 0 0 1 0 0 1 1 1 0 0 0 0 1 0 0 0 0 1 0 0 0 1 0 1 0], predicted support = [0 1 0 0 0 0 0 0 0 0 1 0 0 0 1 0 0 1 0 0 0 0 0 0 0 0 0 0 1 1])
INFO - 04/10/26 19:42:47 - 0:31:46 - Epoch 9 metrics | train_loss: 1.470898 | train_acc1: 30.721669 | train_acc2: 37.835393 | valid_xe_loss: 1.542292 | valid_acc1: 25.672468 | valid_acc2: 30.567642
INFO - 04/10/26 19:42:47 - 0:31:46 - __log__:{"train_loss": 1.4708982423109955, "train_acc1": 30.72166906589891, "train_acc2": 37.83539267434421, "epoch": 9, "valid_xe_loss": 1.5422918826718874, "valid_acc1": 25.67246835443038, "valid_acc2": 30.567642405063292}
INFO - 04/10/26 19:42:47 - 0:31:46 - Saving checkpoint to /home/yu_mcc/PQC_salsa/runs/n30_q127_h3_1m/train_gpu_ternary_h10_secret0_init0_epoch200000/checkpoint.pth ...
WARNING - 04/10/26 19:42:47 - 0:31:46 - Saving encoder parameters ...
WARNING - 04/10/26 19:42:47 - 0:31:46 - Saving decoder parameters ...
WARNING - 04/10/26 19:42:47 - 0:31:46 - Saving optimizer ...
INFO - 04/10/26 19:42:47 - 0:31:46 - ============ Starting epoch 10 ... ============
INFO - 04/10/26 19:42:49 - 0:31:48 -   15650 -   86.87 equations/s -  5559.69 words/s - MEM: 1.36 GB - LOSS:  1.4678 || ACC1: 31.4453 || ACC2: 38.7891 - LR: 1.0000e-05
INFO - 04/10/26 19:42:54 - 0:31:52 -   15700 - 1412.20 equations/s - 90380.93 words/s - MEM: 1.36 GB - LOSS:  1.4696 || ACC1: 31.4062 || ACC2: 38.8438 - LR: 1.0000e-05
INFO - 04/10/26 19:42:58 - 0:31:57 -   15750 - 1409.16 equations/s - 90186.37 words/s - MEM: 1.36 GB - LOSS:  1.4666 || ACC1: 31.3281 || ACC2: 37.8281 - LR: 1.0000e-05
INFO - 04/10/26 19:43:03 - 0:32:02 -   15800 - 1362.22 equations/s - 87182.27 words/s - MEM: 1.36 GB - LOSS:  1.4666 || ACC1: 31.7969 || ACC2: 39.1719 - LR: 1.0000e-05
INFO - 04/10/26 19:43:08 - 0:32:06 -   15850 - 1374.10 equations/s - 87942.64 words/s - MEM: 1.36 GB - LOSS:  1.4679 || ACC1: 30.8125 || ACC2: 38.1094 - LR: 1.0000e-05
INFO - 04/10/26 19:43:16 - 0:32:15 -   15900 -  771.65 equations/s - 49385.37 words/s - MEM: 1.36 GB - LOSS:  1.4643 || ACC1: 31.3125 || ACC2: 38.2812 - LR: 1.0000e-05
INFO - 04/10/26 19:43:20 - 0:32:19 -   15950 - 1440.45 equations/s - 92188.69 words/s - MEM: 1.36 GB - LOSS:  1.4763 || ACC1: 30.3750 || ACC2: 38.0781 - LR: 1.0000e-05
INFO - 04/10/26 19:43:25 - 0:32:24 -   16000 - 1401.28 equations/s - 89682.16 words/s - MEM: 1.36 GB - LOSS:  1.4635 || ACC1: 31.7812 || ACC2: 39.5156 - LR: 1.0000e-05
INFO - 04/10/26 19:43:30 - 0:32:28 -   16050 - 1369.33 equations/s - 87637.15 words/s - MEM: 1.36 GB - LOSS:  1.4709 || ACC1: 31.4062 || ACC2: 39.1250 - LR: 1.0000e-05
INFO - 04/10/26 19:43:34 - 0:32:33 -   16100 - 1424.90 equations/s - 91193.71 words/s - MEM: 1.36 GB - LOSS:  1.4625 || ACC1: 31.9375 || ACC2: 39.5312 - LR: 1.0000e-05
INFO - 04/10/26 19:43:39 - 0:32:37 -   16150 - 1426.68 equations/s - 91307.67 words/s - MEM: 1.36 GB - LOSS:  1.4656 || ACC1: 31.1094 || ACC2: 38.2031 - LR: 1.0000e-05
INFO - 04/10/26 19:43:43 - 0:32:42 -   16200 - 1394.27 equations/s - 89233.46 words/s - MEM: 1.36 GB - LOSS:  1.4667 || ACC1: 31.1562 || ACC2: 38.9219 - LR: 1.0000e-05
INFO - 04/10/26 19:43:51 - 0:32:50 -   16250 -  777.85 equations/s - 49782.26 words/s - MEM: 1.36 GB - LOSS:  1.4655 || ACC1: 30.2656 || ACC2: 37.9531 - LR: 1.0000e-05
INFO - 04/10/26 19:43:56 - 0:32:55 -   16300 - 1356.92 equations/s - 86842.81 words/s - MEM: 1.36 GB - LOSS:  1.4681 || ACC1: 31.6562 || ACC2: 39.2188 - LR: 1.0000e-05
INFO - 04/10/26 19:44:01 - 0:33:00 -   16350 - 1346.58 equations/s - 86181.40 words/s - MEM: 1.36 GB - LOSS:  1.4715 || ACC1: 31.4219 || ACC2: 38.4688 - LR: 1.0000e-05
INFO - 04/10/26 19:44:06 - 0:33:04 -   16400 - 1330.99 equations/s - 85183.56 words/s - MEM: 1.36 GB - LOSS:  1.4630 || ACC1: 31.0312 || ACC2: 38.9062 - LR: 1.0000e-05
INFO - 04/10/26 19:44:10 - 0:33:09 -   16450 - 1355.97 equations/s - 86782.05 words/s - MEM: 1.36 GB - LOSS:  1.4662 || ACC1: 30.7812 || ACC2: 38.2031 - LR: 1.0000e-05
INFO - 04/10/26 19:44:15 - 0:33:14 -   16500 - 1392.24 equations/s - 89103.47 words/s - MEM: 1.36 GB - LOSS:  1.4619 || ACC1: 32.0156 || ACC2: 39.0625 - LR: 1.0000e-05
INFO - 04/10/26 19:44:20 - 0:33:18 -   16550 - 1369.21 equations/s - 87629.52 words/s - MEM: 1.36 GB - LOSS:  1.4664 || ACC1: 32.0625 || ACC2: 39.4844 - LR: 1.0000e-05
INFO - 04/10/26 19:44:28 - 0:33:27 -   16600 -  781.78 equations/s - 50034.09 words/s - MEM: 1.36 GB - LOSS:  1.4643 || ACC1: 31.4688 || ACC2: 39.0312 - LR: 1.0000e-05
INFO - 04/10/26 19:44:32 - 0:33:31 -   16650 - 1377.02 equations/s - 88129.18 words/s - MEM: 1.36 GB - LOSS:  1.4579 || ACC1: 32.3594 || ACC2: 40.7500 - LR: 1.0000e-05
INFO - 04/10/26 19:44:37 - 0:33:36 -   16700 - 1333.58 equations/s - 85348.88 words/s - MEM: 1.36 GB - LOSS:  1.4637 || ACC1: 31.9219 || ACC2: 39.0312 - LR: 1.0000e-05
INFO - 04/10/26 19:44:42 - 0:33:41 -   16750 - 1391.82 equations/s - 89076.65 words/s - MEM: 1.36 GB - LOSS:  1.4644 || ACC1: 31.2656 || ACC2: 38.3906 - LR: 1.0000e-05
INFO - 04/10/26 19:44:47 - 0:33:45 -   16800 - 1323.24 equations/s - 84687.23 words/s - MEM: 1.36 GB - LOSS:  1.4600 || ACC1: 31.9375 || ACC2: 39.6406 - LR: 1.0000e-05
INFO - 04/10/26 19:44:51 - 0:33:50 -   16850 - 1385.73 equations/s - 88686.96 words/s - MEM: 1.36 GB - LOSS:  1.4610 || ACC1: 32.0156 || ACC2: 39.4531 - LR: 1.0000e-05
INFO - 04/10/26 19:44:56 - 0:33:55 -   16900 - 1412.91 equations/s - 90426.00 words/s - MEM: 1.36 GB - LOSS:  1.4697 || ACC1: 29.9062 || ACC2: 37.0000 - LR: 1.0000e-05
INFO - 04/10/26 19:45:04 - 0:34:03 -   16950 -  770.18 equations/s - 49291.52 words/s - MEM: 1.36 GB - LOSS:  1.4561 || ACC1: 31.8906 || ACC2: 39.2969 - LR: 1.0000e-05
INFO - 04/10/26 19:45:09 - 0:34:08 -   17000 - 1388.24 equations/s - 88847.04 words/s - MEM: 1.36 GB - LOSS:  1.4706 || ACC1: 31.1719 || ACC2: 38.2812 - LR: 1.0000e-05
INFO - 04/10/26 19:45:13 - 0:34:12 -   17050 - 1369.13 equations/s - 87624.07 words/s - MEM: 1.36 GB - LOSS:  1.4648 || ACC1: 30.9062 || ACC2: 38.2344 - LR: 1.0000e-05
INFO - 04/10/26 19:45:18 - 0:34:17 -   17100 - 1411.09 equations/s - 90309.65 words/s - MEM: 1.36 GB - LOSS:  1.4616 || ACC1: 31.6719 || ACC2: 39.2656 - LR: 1.0000e-05
INFO - 04/10/26 19:45:23 - 0:34:21 -   17150 - 1391.48 equations/s - 89054.65 words/s - MEM: 1.36 GB - LOSS:  1.4622 || ACC1: 31.2031 || ACC2: 39.1094 - LR: 1.0000e-05
INFO - 04/10/26 19:45:27 - 0:34:25 -   17193 - 1393.24 equations/s - 89167.42 words/s - MEM: 1.36 GB - LOSS:  1.4661 || ACC1: 31.4317 || ACC2: 39.4077 - LR: 1.0000e-05
INFO - 04/10/26 19:45:27 - 0:34:25 - ============ End of epoch 10 ============
INFO - 04/10/26 19:45:27 - 0:34:25 - Starting Distinguisher Method
INFO - 04/10/26 19:45:43 - 0:34:42 - Distinguishing 0s using the emd. 
INFO - 04/10/26 19:45:43 - 0:34:42 - Distinguishing +/-1s using the emd. 
INFO - 04/10/26 19:45:43 - 0:34:42 - Real secret: -1: {np.int64(1), np.int64(2), np.int64(10), np.int64(12), np.int64(26)}, 1: {np.int64(7), np.int64(11), np.int64(17), np.int64(22), np.int64(28)}
INFO - 04/10/26 19:45:43 - 0:34:42 - Distinguishing +/-1s using the mean. 
INFO - 04/10/26 19:45:43 - 0:34:42 - Real secret: -1: {np.int64(1), np.int64(2), np.int64(10), np.int64(12), np.int64(26)}, 1: {np.int64(7), np.int64(11), np.int64(17), np.int64(22), np.int64(28)}
INFO - 04/10/26 19:45:43 - 0:34:42 - Distinguishing 0s using the mean. 
INFO - 04/10/26 19:45:43 - 0:34:42 - Distinguishing +/-1s using the emd. 
INFO - 04/10/26 19:45:43 - 0:34:42 - Real secret: -1: {np.int64(1), np.int64(2), np.int64(10), np.int64(12), np.int64(26)}, 1: {np.int64(7), np.int64(11), np.int64(17), np.int64(22), np.int64(28)}
INFO - 04/10/26 19:45:43 - 0:34:42 - Distinguishing +/-1s using the mean. 
INFO - 04/10/26 19:45:43 - 0:34:42 - Real secret: -1: {np.int64(1), np.int64(2), np.int64(10), np.int64(12), np.int64(26)}, 1: {np.int64(7), np.int64(11), np.int64(17), np.int64(22), np.int64(28)}
INFO - 04/10/26 19:45:43 - 0:34:42 - Starting Direct Method
INFO - 04/10/26 19:45:43 - 0:34:42 - Direct:  K=34
INFO - 04/10/26 19:45:43 - 0:34:42 - Direct:  K=68
INFO - 04/10/26 19:45:43 - 0:34:42 - Direct:  K=72
INFO - 04/10/26 19:45:43 - 0:34:42 - Direct:  K=36
INFO - 04/10/26 19:45:44 - 0:34:42 - Direct:  K=33
INFO - 04/10/26 19:45:44 - 0:34:42 - Direct:  K=67
INFO - 04/10/26 19:45:44 - 0:34:42 - Direct:  K=60
INFO - 04/10/26 19:45:44 - 0:34:43 - Direct:  K=45
INFO - 04/10/26 19:45:44 - 0:34:43 - Direct:  K=65
INFO - 04/10/26 19:45:44 - 0:34:43 - Direct:  K=53
INFO - 04/10/26 19:45:44 - 0:34:43 - Direct:  K=64
INFO - 04/10/26 19:45:45 - 0:34:43 - Direct:  K=53
INFO - 04/10/26 19:45:45 - 0:34:43 - Direct:  K=89
INFO - 04/10/26 19:45:45 - 0:34:43 - Direct:  K=86
INFO - 04/10/26 19:45:45 - 0:34:44 - Direct:  K=79
INFO - 04/10/26 19:45:45 - 0:34:44 - Direct: secret not predicted. (true secret = [ 0 -1 -1  0  0  0  0  1  0  0 -1  1 -1  0  0  0  0  1  0  0  0  0  1  0
                                       0  0 -1  0  1  0], predicted secret = [0 0 0 0 0 1 0 0 0 0 0 1 0 0 1 0 1 0 0 0 0 1 0 1 0 0 0 0 0 0], true support = [0 1 1 0 0 0 0 1 0 0 1 1 1 0 0 0 0 1 0 0 0 0 1 0 0 0 1 0 1 0], predicted support = [0 0 0 0 0 1 0 0 0 0 0 1 0 0 1 0 1 0 0 0 0 1 0 1 0 0 0 0 0 0])
INFO - 04/10/26 19:45:54 - 0:34:53 - CA: secret not predicted. (true secret = [ 0 -1 -1  0  0  0  0  1  0  0 -1  1 -1  0  0  0  0  1  0  0  0  0  1  0
                                       0  0 -1  0  1  0], predicted secret = [0 1 1 0 0 0 0 0 0 0 1 0 1 0 0 0 0 1 0 0 0 0 0 0 0 0 1 0 0 0], true support = [0 1 1 0 0 0 0 1 0 0 1 1 1 0 0 0 0 1 0 0 0 0 1 0 0 0 1 0 1 0], predicted support = [0 1 1 0 0 0 0 0 0 0 1 0 1 0 0 0 0 1 0 0 0 0 0 0 0 0 1 0 0 0])
INFO - 04/10/26 19:45:54 - 0:34:53 - CA: secret not predicted. (true secret = [ 0 -1 -1  0  0  0  0  1  0  0 -1  1 -1  0  0  0  0  1  0  0  0  0  1  0
                                       0  0 -1  0  1  0], predicted secret = [0 0 0 0 0 0 0 0 0 0 1 1 0 0 0 0 1 1 0 0 0 0 1 0 0 0 0 0 1 0], true support = [0 1 1 0 0 0 0 1 0 0 1 1 1 0 0 0 0 1 0 0 0 0 1 0 0 0 1 0 1 0], predicted support = [0 0 0 0 0 0 0 0 0 0 1 1 0 0 0 0 1 1 0 0 0 0 1 0 0 0 0 0 1 0])
INFO - 04/10/26 19:45:54 - 0:34:53 - Hybrid: direct, ca
INFO - 04/10/26 19:45:54 - 0:34:53 - direct, ca - Sum Normalized: secret not predicted. (true secret = [ 0 -1 -1  0  0  0  0  1  0  0 -1  1 -1  0  0  0  0  1  0  0  0  0  1  0
                                       0  0 -1  0  1  0], predicted secret = [0 1 0 0 0 0 0 0 0 0 0 1 0 0 1 0 1 1 0 0 0 0 0 0 0 0 0 0 1 0], true support = [0 1 1 0 0 0 0 1 0 0 1 1 1 0 0 0 0 1 0 0 0 0 1 0 0 0 1 0 1 0], predicted support = [0 1 0 0 0 0 0 0 0 0 0 1 0 0 1 0 1 1 0 0 0 0 0 0 0 0 0 0 1 0])
INFO - 04/10/26 19:45:54 - 0:34:53 - direct, ca - Max Normalized: secret not predicted. (true secret = [ 0 -1 -1  0  0  0  0  1  0  0 -1  1 -1  0  0  0  0  1  0  0  0  0  1  0
                                       0  0 -1  0  1  0], predicted secret = [0 1 0 0 0 0 0 0 0 0 1 1 0 0 1 0 1 1 0 0 0 0 0 0 0 0 0 0 0 0], true support = [0 1 1 0 0 0 0 1 0 0 1 1 1 0 0 0 0 1 0 0 0 0 1 0 0 0 1 0 1 0], predicted support = [0 1 0 0 0 0 0 0 0 0 1 1 0 0 1 0 1 1 0 0 0 0 0 0 0 0 0 0 0 0])
INFO - 04/10/26 19:45:54 - 0:34:53 - direct, ca - Sum Rank: secret not predicted. (true secret = [ 0 -1 -1  0  0  0  0  1  0  0 -1  1 -1  0  0  0  0  1  0  0  0  0  1  0
                                       0  0 -1  0  1  0], predicted secret = [0 0 0 0 0 1 0 0 0 0 0 1 0 0 1 0 1 0 0 0 0 1 0 0 0 0 0 0 1 0], true support = [0 1 1 0 0 0 0 1 0 0 1 1 1 0 0 0 0 1 0 0 0 0 1 0 0 0 1 0 1 0], predicted support = [0 0 0 0 0 1 0 0 0 0 0 1 0 0 1 0 1 0 0 0 0 1 0 0 0 0 0 0 1 0])
INFO - 04/10/26 19:45:54 - 0:34:53 - direct, ca - Max Rank: secret not predicted. (true secret = [ 0 -1 -1  0  0  0  0  1  0  0 -1  1 -1  0  0  0  0  1  0  0  0  0  1  0
                                       0  0 -1  0  1  0], predicted secret = [0 1 0 0 0 0 0 0 0 0 1 1 0 0 1 0 1 1 0 0 0 0 0 0 0 0 0 0 0 0], true support = [0 1 1 0 0 0 0 1 0 0 1 1 1 0 0 0 0 1 0 0 0 0 1 0 0 0 1 0 1 0], predicted support = [0 1 0 0 0 0 0 0 0 0 1 1 0 0 1 0 1 1 0 0 0 0 0 0 0 0 0 0 0 0])
INFO - 04/10/26 19:45:54 - 0:34:53 - Hybrid: direct, distinguisher
INFO - 04/10/26 19:45:54 - 0:34:53 - direct, distinguisher - Sum Normalized: secret not predicted. (true secret = [ 0 -1 -1  0  0  0  0  1  0  0 -1  1 -1  0  0  0  0  1  0  0  0  0  1  0
                                       0  0 -1  0  1  0], predicted secret = [0 0 1 0 0 0 0 1 0 0 1 1 0 0 0 0 0 1 0 0 0 0 0 0 0 0 0 0 1 0], true support = [0 1 1 0 0 0 0 1 0 0 1 1 1 0 0 0 0 1 0 0 0 0 1 0 0 0 1 0 1 0], predicted support = [0 0 1 0 0 0 0 1 0 0 1 1 0 0 0 0 0 1 0 0 0 0 0 0 0 0 0 0 1 0])
INFO - 04/10/26 19:45:54 - 0:34:53 - direct, distinguisher - Max Normalized: secret not predicted. (true secret = [ 0 -1 -1  0  0  0  0  1  0  0 -1  1 -1  0  0  0  0  1  0  0  0  0  1  0
                                       0  0 -1  0  1  0], predicted secret = [0 0 1 0 0 0 0 0 0 0 1 1 0 0 0 0 1 1 0 0 0 0 0 0 0 0 0 0 1 0], true support = [0 1 1 0 0 0 0 1 0 0 1 1 1 0 0 0 0 1 0 0 0 0 1 0 0 0 1 0 1 0], predicted support = [0 0 1 0 0 0 0 0 0 0 1 1 0 0 0 0 1 1 0 0 0 0 0 0 0 0 0 0 1 0])
INFO - 04/10/26 19:45:54 - 0:34:53 - direct, distinguisher - Sum Rank: secret not predicted. (true secret = [ 0 -1 -1  0  0  0  0  1  0  0 -1  1 -1  0  0  0  0  1  0  0  0  0  1  0
                                       0  0 -1  0  1  0], predicted secret = [0 0 0 0 0 1 0 0 0 0 0 1 0 0 0 0 1 0 0 0 0 0 0 0 0 1 0 0 1 1], true support = [0 1 1 0 0 0 0 1 0 0 1 1 1 0 0 0 0 1 0 0 0 0 1 0 0 0 1 0 1 0], predicted support = [0 0 0 0 0 1 0 0 0 0 0 1 0 0 0 0 1 0 0 0 0 0 0 0 0 1 0 0 1 1])
INFO - 04/10/26 19:45:54 - 0:34:53 - direct, distinguisher - Max Rank: secret not predicted. (true secret = [ 0 -1 -1  0  0  0  0  1  0  0 -1  1 -1  0  0  0  0  1  0  0  0  0  1  0
                                       0  0 -1  0  1  0], predicted secret = [0 0 0 0 0 0 0 0 0 0 1 1 0 0 1 0 1 1 0 0 0 0 0 0 0 0 0 0 1 0], true support = [0 1 1 0 0 0 0 1 0 0 1 1 1 0 0 0 0 1 0 0 0 0 1 0 0 0 1 0 1 0], predicted support = [0 0 0 0 0 0 0 0 0 0 1 1 0 0 1 0 1 1 0 0 0 0 0 0 0 0 0 0 1 0])
INFO - 04/10/26 19:45:54 - 0:34:53 - Hybrid: ca, distinguisher
INFO - 04/10/26 19:45:54 - 0:34:53 - ca, distinguisher - Sum Normalized: secret not predicted. (true secret = [ 0 -1 -1  0  0  0  0  1  0  0 -1  1 -1  0  0  0  0  1  0  0  0  0  1  0
                                       0  0 -1  0  1  0], predicted secret = [0 1 1 0 0 0 0 0 0 0 1 1 0 0 0 0 0 1 0 0 0 0 0 0 0 0 0 0 1 0], true support = [0 1 1 0 0 0 0 1 0 0 1 1 1 0 0 0 0 1 0 0 0 0 1 0 0 0 1 0 1 0], predicted support = [0 1 1 0 0 0 0 0 0 0 1 1 0 0 0 0 0 1 0 0 0 0 0 0 0 0 0 0 1 0])
INFO - 04/10/26 19:45:54 - 0:34:53 - ca, distinguisher - Max Normalized: secret not predicted. (true secret = [ 0 -1 -1  0  0  0  0  1  0  0 -1  1 -1  0  0  0  0  1  0  0  0  0  1  0
                                       0  0 -1  0  1  0], predicted secret = [0 1 1 0 0 0 0 0 0 0 1 1 0 0 0 0 0 1 0 0 0 0 0 0 0 0 0 0 1 0], true support = [0 1 1 0 0 0 0 1 0 0 1 1 1 0 0 0 0 1 0 0 0 0 1 0 0 0 1 0 1 0], predicted support = [0 1 1 0 0 0 0 0 0 0 1 1 0 0 0 0 0 1 0 0 0 0 0 0 0 0 0 0 1 0])
INFO - 04/10/26 19:45:54 - 0:34:53 - ca, distinguisher - Sum Rank: secret not predicted. (true secret = [ 0 -1 -1  0  0  0  0  1  0  0 -1  1 -1  0  0  0  0  1  0  0  0  0  1  0
                                       0  0 -1  0  1  0], predicted secret = [0 1 1 0 0 0 0 0 0 0 1 1 0 0 0 0 0 1 0 0 0 0 0 0 0 0 0 0 1 0], true support = [0 1 1 0 0 0 0 1 0 0 1 1 1 0 0 0 0 1 0 0 0 0 1 0 0 0 1 0 1 0], predicted support = [0 1 1 0 0 0 0 0 0 0 1 1 0 0 0 0 0 1 0 0 0 0 0 0 0 0 0 0 1 0])
INFO - 04/10/26 19:45:54 - 0:34:53 - ca, distinguisher - Max Rank: secret not predicted. (true secret = [ 0 -1 -1  0  0  0  0  1  0  0 -1  1 -1  0  0  0  0  1  0  0  0  0  1  0
                                       0  0 -1  0  1  0], predicted secret = [0 1 1 0 0 0 0 0 0 0 1 1 0 0 0 0 0 1 0 0 0 0 0 0 0 0 0 0 1 0], true support = [0 1 1 0 0 0 0 1 0 0 1 1 1 0 0 0 0 1 0 0 0 0 1 0 0 0 1 0 1 0], predicted support = [0 1 1 0 0 0 0 0 0 0 1 1 0 0 0 0 0 1 0 0 0 0 0 0 0 0 0 0 1 0])
INFO - 04/10/26 19:45:54 - 0:34:53 - Hybrid: direct, ca, distinguisher
INFO - 04/10/26 19:45:54 - 0:34:53 - direct, ca, distinguisher - Sum Normalized: secret not predicted. (true secret = [ 0 -1 -1  0  0  0  0  1  0  0 -1  1 -1  0  0  0  0  1  0  0  0  0  1  0
                                       0  0 -1  0  1  0], predicted secret = [0 1 1 0 0 0 0 0 0 0 1 1 0 0 0 0 0 1 0 0 0 0 0 0 0 0 0 0 1 0], true support = [0 1 1 0 0 0 0 1 0 0 1 1 1 0 0 0 0 1 0 0 0 0 1 0 0 0 1 0 1 0], predicted support = [0 1 1 0 0 0 0 0 0 0 1 1 0 0 0 0 0 1 0 0 0 0 0 0 0 0 0 0 1 0])
INFO - 04/10/26 19:45:54 - 0:34:53 - direct, ca, distinguisher - Max Normalized: secret not predicted. (true secret = [ 0 -1 -1  0  0  0  0  1  0  0 -1  1 -1  0  0  0  0  1  0  0  0  0  1  0
                                       0  0 -1  0  1  0], predicted secret = [0 1 1 0 0 0 0 0 0 0 1 0 0 0 0 0 1 1 0 0 0 0 0 0 0 0 0 0 1 0], true support = [0 1 1 0 0 0 0 1 0 0 1 1 1 0 0 0 0 1 0 0 0 0 1 0 0 0 1 0 1 0], predicted support = [0 1 1 0 0 0 0 0 0 0 1 0 0 0 0 0 1 1 0 0 0 0 0 0 0 0 0 0 1 0])
INFO - 04/10/26 19:45:54 - 0:34:53 - direct, ca, distinguisher - Sum Rank: secret not predicted. (true secret = [ 0 -1 -1  0  0  0  0  1  0  0 -1  1 -1  0  0  0  0  1  0  0  0  0  1  0
                                       0  0 -1  0  1  0], predicted secret = [0 1 0 0 0 0 0 0 0 0 1 1 0 0 0 0 1 1 0 0 0 0 0 0 0 0 0 0 1 0], true support = [0 1 1 0 0 0 0 1 0 0 1 1 1 0 0 0 0 1 0 0 0 0 1 0 0 0 1 0 1 0], predicted support = [0 1 0 0 0 0 0 0 0 0 1 1 0 0 0 0 1 1 0 0 0 0 0 0 0 0 0 0 1 0])
INFO - 04/10/26 19:45:54 - 0:34:53 - direct, ca, distinguisher - Max Rank: secret not predicted. (true secret = [ 0 -1 -1  0  0  0  0  1  0  0 -1  1 -1  0  0  0  0  1  0  0  0  0  1  0
                                       0  0 -1  0  1  0], predicted secret = [0 1 0 0 0 0 0 0 0 0 1 1 0 0 1 0 1 1 0 0 0 0 0 0 0 0 0 0 0 0], true support = [0 1 1 0 0 0 0 1 0 0 1 1 1 0 0 0 0 1 0 0 0 0 1 0 0 0 1 0 1 0], predicted support = [0 1 0 0 0 0 0 0 0 0 1 1 0 0 1 0 1 1 0 0 0 0 0 0 0 0 0 0 0 0])
INFO - 04/10/26 19:45:54 - 0:34:53 - Epoch 10 metrics | train_loss: 1.465365 | train_acc1: 31.381458 | train_acc2: 38.829075 | valid_xe_loss: 1.509289 | valid_acc1: 28.599684 | valid_acc2: 33.781646
INFO - 04/10/26 19:45:54 - 0:34:53 - __log__:{"train_loss": 1.465364600936343, "train_acc1": 31.38145793346129, "train_acc2": 38.82907469609725, "epoch": 10, "valid_xe_loss": 1.5092887561532515, "valid_acc1": 28.599683544303797, "valid_acc2": 33.78164556962025}
INFO - 04/10/26 19:45:54 - 0:34:53 - Saving checkpoint to /home/yu_mcc/PQC_salsa/runs/n30_q127_h3_1m/train_gpu_ternary_h10_secret0_init0_epoch200000/checkpoint.pth ...
WARNING - 04/10/26 19:45:54 - 0:34:53 - Saving encoder parameters ...
WARNING - 04/10/26 19:45:54 - 0:34:53 - Saving decoder parameters ...
WARNING - 04/10/26 19:45:54 - 0:34:53 - Saving optimizer ...
INFO - 04/10/26 19:45:54 - 0:34:53 - ============ Starting epoch 11 ... ============
INFO - 04/10/26 19:45:55 - 0:34:54 -   17200 -   31.65 equations/s -  2025.73 words/s - MEM: 1.36 GB - LOSS:  1.4601 || ACC1: 32.8125 || ACC2: 39.9554 - LR: 1.0000e-05
INFO - 04/10/26 19:45:59 - 0:34:58 -   17250 - 1447.74 equations/s - 92655.15 words/s - MEM: 1.36 GB - LOSS:  1.4663 || ACC1: 30.8750 || ACC2: 38.7344 - LR: 1.0000e-05
INFO - 04/10/26 19:46:04 - 0:35:03 -   17300 - 1400.93 equations/s - 89659.66 words/s - MEM: 1.36 GB - LOSS:  1.4624 || ACC1: 31.8594 || ACC2: 39.9531 - LR: 1.0000e-05
INFO - 04/10/26 19:46:08 - 0:35:07 -   17350 - 1418.95 equations/s - 90813.06 words/s - MEM: 1.36 GB - LOSS:  1.4629 || ACC1: 32.2500 || ACC2: 39.3594 - LR: 1.0000e-05
INFO - 04/10/26 19:46:16 - 0:35:15 -   17400 -  790.05 equations/s - 50563.15 words/s - MEM: 1.36 GB - LOSS:  1.4622 || ACC1: 31.1406 || ACC2: 38.7031 - LR: 1.0000e-05
INFO - 04/10/26 19:46:21 - 0:35:20 -   17450 - 1420.28 equations/s - 90898.06 words/s - MEM: 1.36 GB - LOSS:  1.4614 || ACC1: 30.7031 || ACC2: 38.5000 - LR: 1.0000e-05
INFO - 04/10/26 19:46:26 - 0:35:24 -   17500 - 1391.01 equations/s - 89024.85 words/s - MEM: 1.36 GB - LOSS:  1.4573 || ACC1: 31.5312 || ACC2: 39.2031 - LR: 1.0000e-05
INFO - 04/10/26 19:46:30 - 0:35:29 -   17550 - 1363.69 equations/s - 87276.37 words/s - MEM: 1.36 GB - LOSS:  1.4597 || ACC1: 32.2500 || ACC2: 39.7031 - LR: 1.0000e-05
INFO - 04/10/26 19:46:35 - 0:35:33 -   17600 - 1417.95 equations/s - 90748.92 words/s - MEM: 1.36 GB - LOSS:  1.4561 || ACC1: 32.4844 || ACC2: 40.3438 - LR: 1.0000e-05
INFO - 04/10/26 19:46:39 - 0:35:38 -   17650 - 1422.98 equations/s - 91070.84 words/s - MEM: 1.36 GB - LOSS:  1.4685 || ACC1: 30.7656 || ACC2: 38.6562 - LR: 1.0000e-05
INFO - 04/10/26 19:46:44 - 0:35:42 -   17700 - 1461.44 equations/s - 93532.09 words/s - MEM: 1.36 GB - LOSS:  1.4579 || ACC1: 32.3594 || ACC2: 40.7969 - LR: 1.0000e-05
INFO - 04/10/26 19:46:51 - 0:35:50 -   17750 -  812.89 equations/s - 52024.88 words/s - MEM: 1.36 GB - LOSS:  1.4571 || ACC1: 32.1875 || ACC2: 40.0156 - LR: 1.0000e-05
INFO - 04/10/26 19:46:56 - 0:35:55 -   17800 - 1407.49 equations/s - 90079.43 words/s - MEM: 1.36 GB - LOSS:  1.4563 || ACC1: 32.4062 || ACC2: 40.5781 - LR: 1.0000e-05
INFO - 04/10/26 19:47:01 - 0:35:59 -   17850 - 1391.43 equations/s - 89051.61 words/s - MEM: 1.36 GB - LOSS:  1.4613 || ACC1: 31.8281 || ACC2: 38.8125 - LR: 1.0000e-05
INFO - 04/10/26 19:47:05 - 0:36:04 -   17900 - 1383.10 equations/s - 88518.71 words/s - MEM: 1.36 GB - LOSS:  1.4594 || ACC1: 32.0312 || ACC2: 39.3750 - LR: 1.0000e-05
INFO - 04/10/26 19:47:10 - 0:36:09 -   17950 - 1384.72 equations/s - 88622.28 words/s - MEM: 1.36 GB - LOSS:  1.4634 || ACC1: 31.3906 || ACC2: 39.7656 - LR: 1.0000e-05
INFO - 04/10/26 19:47:14 - 0:36:13 -   18000 - 1409.53 equations/s - 90209.89 words/s - MEM: 1.36 GB - LOSS:  1.4595 || ACC1: 32.2188 || ACC2: 39.7969 - LR: 1.0000e-05
INFO - 04/10/26 19:47:19 - 0:36:18 -   18050 - 1325.21 equations/s - 84813.16 words/s - MEM: 1.36 GB - LOSS:  1.4576 || ACC1: 32.0312 || ACC2: 40.0312 - LR: 1.0000e-05
INFO - 04/10/26 19:47:27 - 0:36:26 -   18100 -  782.88 equations/s - 50104.62 words/s - MEM: 1.36 GB - LOSS:  1.4621 || ACC1: 31.9062 || ACC2: 39.3750 - LR: 1.0000e-05
INFO - 04/10/26 19:47:32 - 0:36:31 -   18150 - 1395.06 equations/s - 89283.91 words/s - MEM: 1.36 GB - LOSS:  1.4602 || ACC1: 32.3125 || ACC2: 40.0000 - LR: 1.0000e-05
INFO - 04/10/26 19:47:37 - 0:36:35 -   18200 - 1417.20 equations/s - 90701.06 words/s - MEM: 1.36 GB - LOSS:  1.4600 || ACC1: 31.7812 || ACC2: 40.0625 - LR: 1.0000e-05
INFO - 04/10/26 19:47:41 - 0:36:40 -   18250 - 1360.49 equations/s - 87071.45 words/s - MEM: 1.36 GB - LOSS:  1.4632 || ACC1: 32.3594 || ACC2: 40.3906 - LR: 1.0000e-05
INFO - 04/10/26 19:47:46 - 0:36:45 -   18300 - 1381.35 equations/s - 88406.69 words/s - MEM: 1.36 GB - LOSS:  1.4607 || ACC1: 30.8750 || ACC2: 38.8438 - LR: 1.0000e-05
INFO - 04/10/26 19:47:50 - 0:36:49 -   18350 - 1392.23 equations/s - 89102.64 words/s - MEM: 1.36 GB - LOSS:  1.4564 || ACC1: 32.7656 || ACC2: 40.5625 - LR: 1.0000e-05
INFO - 04/10/26 19:47:55 - 0:36:54 -   18400 - 1374.74 equations/s - 87983.56 words/s - MEM: 1.36 GB - LOSS:  1.4559 || ACC1: 31.9531 || ACC2: 40.0000 - LR: 1.0000e-05
INFO - 04/10/26 19:48:03 - 0:37:02 -   18450 -  769.79 equations/s - 49266.60 words/s - MEM: 1.36 GB - LOSS:  1.4583 || ACC1: 31.1719 || ACC2: 39.2344 - LR: 1.0000e-05
INFO - 04/10/26 19:48:08 - 0:37:07 -   18500 - 1359.33 equations/s - 86996.91 words/s - MEM: 1.36 GB - LOSS:  1.4559 || ACC1: 32.4375 || ACC2: 40.0625 - LR: 1.0000e-05
INFO - 04/10/26 19:48:13 - 0:37:11 -   18550 - 1421.31 equations/s - 90963.75 words/s - MEM: 1.36 GB - LOSS:  1.4560 || ACC1: 32.7812 || ACC2: 39.9062 - LR: 1.0000e-05
INFO - 04/10/26 19:48:17 - 0:37:16 -   18600 - 1406.12 equations/s - 89991.52 words/s - MEM: 1.36 GB - LOSS:  1.4572 || ACC1: 32.5938 || ACC2: 40.0312 - LR: 1.0000e-05
INFO - 04/10/26 19:48:22 - 0:37:20 -   18650 - 1442.28 equations/s - 92306.06 words/s - MEM: 1.36 GB - LOSS:  1.4569 || ACC1: 31.7500 || ACC2: 39.8125 - LR: 1.0000e-05
INFO - 04/10/26 19:48:26 - 0:37:25 -   18700 - 1374.57 equations/s - 87972.19 words/s - MEM: 1.36 GB - LOSS:  1.4542 || ACC1: 31.7812 || ACC2: 39.2188 - LR: 1.0000e-05
INFO - 04/10/26 19:48:31 - 0:37:30 -   18750 - 1409.89 equations/s - 90233.06 words/s - MEM: 1.36 GB - LOSS:  1.4548 || ACC1: 33.0781 || ACC2: 40.5469 - LR: 1.0000e-05
INFO - 04/10/26 19:48:31 - 0:37:30 -   18756 - 1428.32 equations/s - 91412.23 words/s - MEM: 1.36 GB - LOSS:  1.4658 || ACC1: 31.3802 || ACC2: 38.5417 - LR: 1.0000e-05
INFO - 04/10/26 19:48:31 - 0:37:30 - ============ End of epoch 11 ============
INFO - 04/10/26 19:48:31 - 0:37:30 - Starting Distinguisher Method
INFO - 04/10/26 19:48:49 - 0:37:47 - Distinguishing 0s using the emd. 
INFO - 04/10/26 19:48:49 - 0:37:47 - Distinguishing +/-1s using the emd. 
INFO - 04/10/26 19:48:49 - 0:37:47 - Real secret: -1: {np.int64(1), np.int64(2), np.int64(10), np.int64(12), np.int64(26)}, 1: {np.int64(7), np.int64(11), np.int64(17), np.int64(22), np.int64(28)}
INFO - 04/10/26 19:48:49 - 0:37:47 - Distinguishing +/-1s using the mean. 
INFO - 04/10/26 19:48:49 - 0:37:47 - Real secret: -1: {np.int64(1), np.int64(2), np.int64(10), np.int64(12), np.int64(26)}, 1: {np.int64(7), np.int64(11), np.int64(17), np.int64(22), np.int64(28)}
INFO - 04/10/26 19:48:49 - 0:37:47 - Distinguishing 0s using the mean. 
INFO - 04/10/26 19:48:49 - 0:37:47 - Distinguishing +/-1s using the emd. 
INFO - 04/10/26 19:48:49 - 0:37:47 - Real secret: -1: {np.int64(1), np.int64(2), np.int64(10), np.int64(12), np.int64(26)}, 1: {np.int64(7), np.int64(11), np.int64(17), np.int64(22), np.int64(28)}
INFO - 04/10/26 19:48:49 - 0:37:47 - Distinguishing +/-1s using the mean. 
INFO - 04/10/26 19:48:49 - 0:37:47 - Real secret: -1: {np.int64(1), np.int64(2), np.int64(10), np.int64(12), np.int64(26)}, 1: {np.int64(7), np.int64(11), np.int64(17), np.int64(22), np.int64(28)}
INFO - 04/10/26 19:48:49 - 0:37:47 - Starting Direct Method
INFO - 04/10/26 19:48:49 - 0:37:47 - Direct:  K=75
INFO - 04/10/26 19:48:49 - 0:37:48 - Direct:  K=78
INFO - 04/10/26 19:48:49 - 0:37:48 - Direct:  K=88
INFO - 04/10/26 19:48:49 - 0:37:48 - Direct:  K=74
INFO - 04/10/26 19:48:49 - 0:37:48 - Direct:  K=62
INFO - 04/10/26 19:48:49 - 0:37:48 - Direct:  K=42
INFO - 04/10/26 19:48:49 - 0:37:48 - Direct:  K=62
INFO - 04/10/26 19:48:49 - 0:37:48 - Direct:  K=48
INFO - 04/10/26 19:48:49 - 0:37:48 - Direct:  K=34
INFO - 04/10/26 19:48:49 - 0:37:48 - Direct:  K=90
INFO - 04/10/26 19:48:50 - 0:37:48 - Direct:  K=75
INFO - 04/10/26 19:48:50 - 0:37:48 - Direct:  K=51
INFO - 04/10/26 19:48:50 - 0:37:48 - Direct:  K=88
INFO - 04/10/26 19:48:50 - 0:37:49 - Direct:  K=70
INFO - 04/10/26 19:48:50 - 0:37:49 - Direct:  K=58
INFO - 04/10/26 19:48:50 - 0:37:49 - Direct: secret not predicted. (true secret = [ 0 -1 -1  0  0  0  0  1  0  0 -1  1 -1  0  0  0  0  1  0  0  0  0  1  0
                                       0  0 -1  0  1  0], predicted secret = [0 0 0 0 0 0 0 0 0 0 0 1 1 0 1 0 0 0 0 0 0 0 1 1 0 1 0 0 0 0], true support = [0 1 1 0 0 0 0 1 0 0 1 1 1 0 0 0 0 1 0 0 0 0 1 0 0 0 1 0 1 0], predicted support = [0 0 0 0 0 0 0 0 0 0 0 1 1 0 1 0 0 0 0 0 0 0 1 1 0 1 0 0 0 0])
INFO - 04/10/26 19:48:59 - 0:37:58 - CA: secret not predicted. (true secret = [ 0 -1 -1  0  0  0  0  1  0  0 -1  1 -1  0  0  0  0  1  0  0  0  0  1  0
                                       0  0 -1  0  1  0], predicted secret = [0 1 1 0 0 0 0 0 0 0 0 0 1 0 1 0 0 1 0 0 0 0 0 0 0 0 1 0 0 0], true support = [0 1 1 0 0 0 0 1 0 0 1 1 1 0 0 0 0 1 0 0 0 0 1 0 0 0 1 0 1 0], predicted support = [0 1 1 0 0 0 0 0 0 0 0 0 1 0 1 0 0 1 0 0 0 0 0 0 0 0 1 0 0 0])
INFO - 04/10/26 19:48:59 - 0:37:58 - CA: secret not predicted. (true secret = [ 0 -1 -1  0  0  0  0  1  0  0 -1  1 -1  0  0  0  0  1  0  0  0  0  1  0
                                       0  0 -1  0  1  0], predicted secret = [0 0 0 0 0 0 0 0 0 0 1 1 0 0 0 0 0 1 0 0 0 0 1 0 0 0 0 1 1 0], true support = [0 1 1 0 0 0 0 1 0 0 1 1 1 0 0 0 0 1 0 0 0 0 1 0 0 0 1 0 1 0], predicted support = [0 0 0 0 0 0 0 0 0 0 1 1 0 0 0 0 0 1 0 0 0 0 1 0 0 0 0 1 1 0])
INFO - 04/10/26 19:48:59 - 0:37:58 - Hybrid: direct, ca
INFO - 04/10/26 19:48:59 - 0:37:58 - direct, ca - Sum Normalized: secret not predicted. (true secret = [ 0 -1 -1  0  0  0  0  1  0  0 -1  1 -1  0  0  0  0  1  0  0  0  0  1  0
                                       0  0 -1  0  1  0], predicted secret = [0 1 0 0 0 0 0 0 0 0 0 1 1 0 0 0 0 1 0 0 0 0 1 1 0 0 0 0 0 0], true support = [0 1 1 0 0 0 0 1 0 0 1 1 1 0 0 0 0 1 0 0 0 0 1 0 0 0 1 0 1 0], predicted support = [0 1 0 0 0 0 0 0 0 0 0 1 1 0 0 0 0 1 0 0 0 0 1 1 0 0 0 0 0 0])
INFO - 04/10/26 19:48:59 - 0:37:58 - direct, ca - Max Normalized: secret not predicted. (true secret = [ 0 -1 -1  0  0  0  0  1  0  0 -1  1 -1  0  0  0  0  1  0  0  0  0  1  0
                                       0  0 -1  0  1  0], predicted secret = [0 1 1 0 0 0 0 0 0 0 1 1 0 0 0 0 0 1 0 0 0 0 0 1 0 0 0 0 0 0], true support = [0 1 1 0 0 0 0 1 0 0 1 1 1 0 0 0 0 1 0 0 0 0 1 0 0 0 1 0 1 0], predicted support = [0 1 1 0 0 0 0 0 0 0 1 1 0 0 0 0 0 1 0 0 0 0 0 1 0 0 0 0 0 0])
INFO - 04/10/26 19:48:59 - 0:37:58 - direct, ca - Sum Rank: secret not predicted. (true secret = [ 0 -1 -1  0  0  0  0  1  0  0 -1  1 -1  0  0  0  0  1  0  0  0  0  1  0
                                       0  0 -1  0  1  0], predicted secret = [0 0 0 0 0 0 0 0 0 0 0 1 1 0 1 0 0 0 0 0 0 0 1 1 0 0 0 0 1 0], true support = [0 1 1 0 0 0 0 1 0 0 1 1 1 0 0 0 0 1 0 0 0 0 1 0 0 0 1 0 1 0], predicted support = [0 0 0 0 0 0 0 0 0 0 0 1 1 0 1 0 0 0 0 0 0 0 1 1 0 0 0 0 1 0])
INFO - 04/10/26 19:48:59 - 0:37:58 - direct, ca - Max Rank: secret not predicted. (true secret = [ 0 -1 -1  0  0  0  0  1  0  0 -1  1 -1  0  0  0  0  1  0  0  0  0  1  0
                                       0  0 -1  0  1  0], predicted secret = [0 1 0 0 0 0 0 0 0 0 1 1 1 0 0 0 0 1 0 0 0 0 0 1 0 0 0 0 0 0], true support = [0 1 1 0 0 0 0 1 0 0 1 1 1 0 0 0 0 1 0 0 0 0 1 0 0 0 1 0 1 0], predicted support = [0 1 0 0 0 0 0 0 0 0 1 1 1 0 0 0 0 1 0 0 0 0 0 1 0 0 0 0 0 0])
INFO - 04/10/26 19:48:59 - 0:37:58 - Hybrid: direct, distinguisher
INFO - 04/10/26 19:48:59 - 0:37:58 - direct, distinguisher - Sum Normalized: secret not predicted. (true secret = [ 0 -1 -1  0  0  0  0  1  0  0 -1  1 -1  0  0  0  0  1  0  0  0  0  1  0
                                       0  0 -1  0  1  0], predicted secret = [0 1 0 0 0 0 0 0 0 0 0 1 1 0 0 0 0 0 0 0 0 0 1 1 0 0 0 0 1 0], true support = [0 1 1 0 0 0 0 1 0 0 1 1 1 0 0 0 0 1 0 0 0 0 1 0 0 0 1 0 1 0], predicted support = [0 1 0 0 0 0 0 0 0 0 0 1 1 0 0 0 0 0 0 0 0 0 1 1 0 0 0 0 1 0])
INFO - 04/10/26 19:48:59 - 0:37:58 - direct, distinguisher - Max Normalized: secret not predicted. (true secret = [ 0 -1 -1  0  0  0  0  1  0  0 -1  1 -1  0  0  0  0  1  0  0  0  0  1  0
                                       0  0 -1  0  1  0], predicted secret = [0 1 1 0 0 0 0 0 0 0 1 1 0 0 0 0 0 0 0 0 0 0 0 1 0 0 0 0 1 0], true support = [0 1 1 0 0 0 0 1 0 0 1 1 1 0 0 0 0 1 0 0 0 0 1 0 0 0 1 0 1 0], predicted support = [0 1 1 0 0 0 0 0 0 0 1 1 0 0 0 0 0 0 0 0 0 0 0 1 0 0 0 0 1 0])
INFO - 04/10/26 19:48:59 - 0:37:58 - direct, distinguisher - Sum Rank: secret not predicted. (true secret = [ 0 -1 -1  0  0  0  0  1  0  0 -1  1 -1  0  0  0  0  1  0  0  0  0  1  0
                                       0  0 -1  0  1  0], predicted secret = [0 0 0 0 0 0 0 1 0 0 0 1 1 0 0 0 0 0 0 0 0 0 1 1 0 0 0 0 1 0], true support = [0 1 1 0 0 0 0 1 0 0 1 1 1 0 0 0 0 1 0 0 0 0 1 0 0 0 1 0 1 0], predicted support = [0 0 0 0 0 0 0 1 0 0 0 1 1 0 0 0 0 0 0 0 0 0 1 1 0 0 0 0 1 0])
INFO - 04/10/26 19:48:59 - 0:37:58 - direct, distinguisher - Max Rank: secret not predicted. (true secret = [ 0 -1 -1  0  0  0  0  1  0  0 -1  1 -1  0  0  0  0  1  0  0  0  0  1  0
                                       0  0 -1  0  1  0], predicted secret = [0 1 1 0 0 0 0 0 0 0 0 1 1 0 0 0 0 0 0 0 0 0 0 1 0 0 0 0 1 0], true support = [0 1 1 0 0 0 0 1 0 0 1 1 1 0 0 0 0 1 0 0 0 0 1 0 0 0 1 0 1 0], predicted support = [0 1 1 0 0 0 0 0 0 0 0 1 1 0 0 0 0 0 0 0 0 0 0 1 0 0 0 0 1 0])
INFO - 04/10/26 19:48:59 - 0:37:58 - Hybrid: ca, distinguisher
INFO - 04/10/26 19:48:59 - 0:37:58 - ca, distinguisher - Sum Normalized: secret not predicted. (true secret = [ 0 -1 -1  0  0  0  0  1  0  0 -1  1 -1  0  0  0  0  1  0  0  0  0  1  0
                                       0  0 -1  0  1  0], predicted secret = [0 1 1 0 0 0 0 0 0 0 1 1 0 0 0 0 0 1 0 0 0 0 0 0 0 0 0 0 1 0], true support = [0 1 1 0 0 0 0 1 0 0 1 1 1 0 0 0 0 1 0 0 0 0 1 0 0 0 1 0 1 0], predicted support = [0 1 1 0 0 0 0 0 0 0 1 1 0 0 0 0 0 1 0 0 0 0 0 0 0 0 0 0 1 0])
INFO - 04/10/26 19:48:59 - 0:37:58 - ca, distinguisher - Max Normalized: secret not predicted. (true secret = [ 0 -1 -1  0  0  0  0  1  0  0 -1  1 -1  0  0  0  0  1  0  0  0  0  1  0
                                       0  0 -1  0  1  0], predicted secret = [0 1 1 0 0 0 0 0 0 0 1 1 0 0 0 0 0 1 0 0 0 0 0 0 0 0 0 0 1 0], true support = [0 1 1 0 0 0 0 1 0 0 1 1 1 0 0 0 0 1 0 0 0 0 1 0 0 0 1 0 1 0], predicted support = [0 1 1 0 0 0 0 0 0 0 1 1 0 0 0 0 0 1 0 0 0 0 0 0 0 0 0 0 1 0])
INFO - 04/10/26 19:48:59 - 0:37:58 - ca, distinguisher - Sum Rank: secret not predicted. (true secret = [ 0 -1 -1  0  0  0  0  1  0  0 -1  1 -1  0  0  0  0  1  0  0  0  0  1  0
                                       0  0 -1  0  1  0], predicted secret = [0 1 1 0 0 0 0 0 0 0 1 1 0 0 0 0 0 1 0 0 0 0 0 0 0 0 0 0 1 0], true support = [0 1 1 0 0 0 0 1 0 0 1 1 1 0 0 0 0 1 0 0 0 0 1 0 0 0 1 0 1 0], predicted support = [0 1 1 0 0 0 0 0 0 0 1 1 0 0 0 0 0 1 0 0 0 0 0 0 0 0 0 0 1 0])
INFO - 04/10/26 19:48:59 - 0:37:58 - ca, distinguisher - Max Rank: secret not predicted. (true secret = [ 0 -1 -1  0  0  0  0  1  0  0 -1  1 -1  0  0  0  0  1  0  0  0  0  1  0
                                       0  0 -1  0  1  0], predicted secret = [0 1 1 0 0 0 0 0 0 0 1 1 0 0 0 0 0 1 0 0 0 0 0 0 0 0 0 0 1 0], true support = [0 1 1 0 0 0 0 1 0 0 1 1 1 0 0 0 0 1 0 0 0 0 1 0 0 0 1 0 1 0], predicted support = [0 1 1 0 0 0 0 0 0 0 1 1 0 0 0 0 0 1 0 0 0 0 0 0 0 0 0 0 1 0])
INFO - 04/10/26 19:48:59 - 0:37:58 - Hybrid: direct, ca, distinguisher
INFO - 04/10/26 19:48:59 - 0:37:58 - direct, ca, distinguisher - Sum Normalized: secret not predicted. (true secret = [ 0 -1 -1  0  0  0  0  1  0  0 -1  1 -1  0  0  0  0  1  0  0  0  0  1  0
                                       0  0 -1  0  1  0], predicted secret = [0 1 1 0 0 0 0 0 0 0 0 1 1 0 0 0 0 1 0 0 0 0 0 0 0 0 0 0 1 0], true support = [0 1 1 0 0 0 0 1 0 0 1 1 1 0 0 0 0 1 0 0 0 0 1 0 0 0 1 0 1 0], predicted support = [0 1 1 0 0 0 0 0 0 0 0 1 1 0 0 0 0 1 0 0 0 0 0 0 0 0 0 0 1 0])
INFO - 04/10/26 19:48:59 - 0:37:58 - direct, ca, distinguisher - Max Normalized: secret not predicted. (true secret = [ 0 -1 -1  0  0  0  0  1  0  0 -1  1 -1  0  0  0  0  1  0  0  0  0  1  0
                                       0  0 -1  0  1  0], predicted secret = [0 1 1 0 0 0 0 0 0 0 0 1 0 0 0 0 0 1 0 0 0 0 0 1 0 0 0 0 1 0], true support = [0 1 1 0 0 0 0 1 0 0 1 1 1 0 0 0 0 1 0 0 0 0 1 0 0 0 1 0 1 0], predicted support = [0 1 1 0 0 0 0 0 0 0 0 1 0 0 0 0 0 1 0 0 0 0 0 1 0 0 0 0 1 0])
INFO - 04/10/26 19:48:59 - 0:37:58 - direct, ca, distinguisher - Sum Rank: secret not predicted. (true secret = [ 0 -1 -1  0  0  0  0  1  0  0 -1  1 -1  0  0  0  0  1  0  0  0  0  1  0
                                       0  0 -1  0  1  0], predicted secret = [0 1 0 0 0 0 0 0 0 0 0 1 1 0 0 0 0 1 0 0 0 0 1 0 0 0 0 0 1 0], true support = [0 1 1 0 0 0 0 1 0 0 1 1 1 0 0 0 0 1 0 0 0 0 1 0 0 0 1 0 1 0], predicted support = [0 1 0 0 0 0 0 0 0 0 0 1 1 0 0 0 0 1 0 0 0 0 1 0 0 0 0 0 1 0])
INFO - 04/10/26 19:48:59 - 0:37:58 - direct, ca, distinguisher - Max Rank: secret not predicted. (true secret = [ 0 -1 -1  0  0  0  0  1  0  0 -1  1 -1  0  0  0  0  1  0  0  0  0  1  0
                                       0  0 -1  0  1  0], predicted secret = [0 1 1 0 0 0 0 0 0 0 0 1 0 0 0 0 0 1 0 0 0 0 0 1 0 0 0 0 1 0], true support = [0 1 1 0 0 0 0 1 0 0 1 1 1 0 0 0 0 1 0 0 0 0 1 0 0 0 1 0 1 0], predicted support = [0 1 1 0 0 0 0 0 0 0 0 1 0 0 0 0 0 1 0 0 0 0 0 1 0 0 0 0 1 0])
INFO - 04/10/26 19:48:59 - 0:37:58 - Epoch 11 metrics | train_loss: 1.459416 | train_acc1: 31.932782 | train_acc2: 39.686300 | valid_xe_loss: 1.520370 | valid_acc1: 26.987737 | valid_acc2: 31.546677
INFO - 04/10/26 19:48:59 - 0:37:58 - __log__:{"train_loss": 1.4594162524089704, "train_acc1": 31.932781509916826, "train_acc2": 39.68630038387716, "epoch": 11, "valid_xe_loss": 1.520369814921029, "valid_acc1": 26.987737341772153, "valid_acc2": 31.546677215189874}
INFO - 04/10/26 19:48:59 - 0:37:58 - Saving checkpoint to /home/yu_mcc/PQC_salsa/runs/n30_q127_h3_1m/train_gpu_ternary_h10_secret0_init0_epoch200000/checkpoint.pth ...
WARNING - 04/10/26 19:48:59 - 0:37:58 - Saving encoder parameters ...
WARNING - 04/10/26 19:48:59 - 0:37:58 - Saving decoder parameters ...
WARNING - 04/10/26 19:48:59 - 0:37:58 - Saving optimizer ...
INFO - 04/10/26 19:48:59 - 0:37:58 - ============ Starting epoch 12 ... ============
INFO - 04/10/26 19:49:03 - 0:38:02 -   18800 -  176.37 equations/s - 11287.75 words/s - MEM: 1.36 GB - LOSS:  1.4530 || ACC1: 32.5462 || ACC2: 40.4119 - LR: 1.0000e-05
INFO - 04/10/26 19:49:08 - 0:38:06 -   18850 - 1441.86 equations/s - 92278.77 words/s - MEM: 1.36 GB - LOSS:  1.4512 || ACC1: 32.7031 || ACC2: 40.6719 - LR: 1.0000e-05
INFO - 04/10/26 19:49:16 - 0:38:15 -   18900 -  775.59 equations/s - 49638.02 words/s - MEM: 1.36 GB - LOSS:  1.4539 || ACC1: 32.5000 || ACC2: 40.6250 - LR: 1.0000e-05
INFO - 04/10/26 19:49:21 - 0:38:19 -   18950 - 1396.34 equations/s - 89365.95 words/s - MEM: 1.36 GB - LOSS:  1.4510 || ACC1: 33.1250 || ACC2: 40.8438 - LR: 1.0000e-05
INFO - 04/10/26 19:49:25 - 0:38:24 -   19000 - 1383.44 equations/s - 88540.34 words/s - MEM: 1.36 GB - LOSS:  1.4537 || ACC1: 32.1719 || ACC2: 39.8750 - LR: 1.0000e-05
INFO - 04/10/26 19:49:30 - 0:38:29 -   19050 - 1368.65 equations/s - 87593.33 words/s - MEM: 1.36 GB - LOSS:  1.4472 || ACC1: 33.8438 || ACC2: 41.6094 - LR: 1.0000e-05
INFO - 04/10/26 19:49:35 - 0:38:33 -   19100 - 1368.58 equations/s - 87588.95 words/s - MEM: 1.36 GB - LOSS:  1.4537 || ACC1: 31.1562 || ACC2: 38.9062 - LR: 1.0000e-05
INFO - 04/10/26 19:49:39 - 0:38:38 -   19150 - 1362.18 equations/s - 87179.79 words/s - MEM: 1.36 GB - LOSS:  1.4586 || ACC1: 32.7188 || ACC2: 40.4531 - LR: 1.0000e-05
INFO - 04/10/26 19:49:44 - 0:38:43 -   19200 - 1423.30 equations/s - 91090.91 words/s - MEM: 1.36 GB - LOSS:  1.4536 || ACC1: 32.7188 || ACC2: 41.3281 - LR: 1.0000e-05
INFO - 04/10/26 19:49:52 - 0:38:51 -   19250 -  770.82 equations/s - 49332.60 words/s - MEM: 1.36 GB - LOSS:  1.4602 || ACC1: 32.7656 || ACC2: 39.9531 - LR: 1.0000e-05
INFO - 04/10/26 19:49:57 - 0:38:55 -   19300 - 1382.73 equations/s - 88494.92 words/s - MEM: 1.36 GB - LOSS:  1.4532 || ACC1: 32.1562 || ACC2: 40.3594 - LR: 1.0000e-05
INFO - 04/10/26 19:50:01 - 0:39:00 -   19350 - 1394.83 equations/s - 89269.27 words/s - MEM: 1.36 GB - LOSS:  1.4517 || ACC1: 32.5156 || ACC2: 40.2656 - LR: 1.0000e-05
INFO - 04/10/26 19:50:06 - 0:39:05 -   19400 - 1405.12 equations/s - 89927.85 words/s - MEM: 1.36 GB - LOSS:  1.4569 || ACC1: 32.3438 || ACC2: 40.7344 - LR: 1.0000e-05
INFO - 04/10/26 19:50:11 - 0:39:09 -   19450 - 1306.56 equations/s - 83620.01 words/s - MEM: 1.36 GB - LOSS:  1.4558 || ACC1: 30.8125 || ACC2: 38.7031 - LR: 1.0000e-05
INFO - 04/10/26 19:50:15 - 0:39:14 -   19500 - 1422.54 equations/s - 91042.50 words/s - MEM: 1.36 GB - LOSS:  1.4501 || ACC1: 32.7969 || ACC2: 40.7812 - LR: 1.0000e-05
INFO - 04/10/26 19:50:20 - 0:39:19 -   19550 - 1396.29 equations/s - 89362.40 words/s - MEM: 1.36 GB - LOSS:  1.4517 || ACC1: 32.1094 || ACC2: 40.0000 - LR: 1.0000e-05
INFO - 04/10/26 19:50:28 - 0:39:27 -   19600 -  773.97 equations/s - 49534.23 words/s - MEM: 1.36 GB - LOSS:  1.4528 || ACC1: 32.2969 || ACC2: 41.1094 - LR: 1.0000e-05
INFO - 04/10/26 19:50:33 - 0:39:31 -   19650 - 1385.06 equations/s - 88643.94 words/s - MEM: 1.36 GB - LOSS:  1.4539 || ACC1: 32.2656 || ACC2: 40.3594 - LR: 1.0000e-05
INFO - 04/10/26 19:50:37 - 0:39:36 -   19700 - 1375.37 equations/s - 88023.75 words/s - MEM: 1.36 GB - LOSS:  1.4547 || ACC1: 31.0781 || ACC2: 39.1094 - LR: 1.0000e-05
INFO - 04/10/26 19:50:42 - 0:39:41 -   19750 - 1360.73 equations/s - 87086.56 words/s - MEM: 1.36 GB - LOSS:  1.4558 || ACC1: 33.2812 || ACC2: 40.6562 - LR: 1.0000e-05
INFO - 04/10/26 19:50:47 - 0:39:46 -   19800 - 1359.45 equations/s - 87004.71 words/s - MEM: 1.36 GB - LOSS:  1.4514 || ACC1: 32.4375 || ACC2: 40.1875 - LR: 1.0000e-05
INFO - 04/10/26 19:50:52 - 0:39:50 -   19850 - 1335.86 equations/s - 85495.26 words/s - MEM: 1.36 GB - LOSS:  1.4491 || ACC1: 32.6562 || ACC2: 40.3438 - LR: 1.0000e-05
INFO - 04/10/26 19:51:00 - 0:39:58 -   19900 -  784.49 equations/s - 50207.59 words/s - MEM: 1.36 GB - LOSS:  1.4517 || ACC1: 32.8281 || ACC2: 40.8906 - LR: 1.0000e-05
INFO - 04/10/26 19:51:04 - 0:40:03 -   19950 - 1361.32 equations/s - 87124.33 words/s - MEM: 1.36 GB - LOSS:  1.4521 || ACC1: 32.5000 || ACC2: 40.6562 - LR: 1.0000e-05
INFO - 04/10/26 19:51:09 - 0:40:08 -   20000 - 1352.13 equations/s - 86536.37 words/s - MEM: 1.36 GB - LOSS:  1.4516 || ACC1: 32.1250 || ACC2: 40.1406 - LR: 1.0000e-05
INFO - 04/10/26 19:51:14 - 0:40:13 -   20050 - 1343.01 equations/s - 85952.33 words/s - MEM: 1.36 GB - LOSS:  1.4437 || ACC1: 33.1094 || ACC2: 41.4219 - LR: 1.0000e-05
INFO - 04/10/26 19:51:18 - 0:40:17 -   20100 - 1422.14 equations/s - 91017.25 words/s - MEM: 1.36 GB - LOSS:  1.4533 || ACC1: 32.4219 || ACC2: 40.5938 - LR: 1.0000e-05
INFO - 04/10/26 19:51:23 - 0:40:22 -   20150 - 1374.92 equations/s - 87995.03 words/s - MEM: 1.36 GB - LOSS:  1.4524 || ACC1: 31.8281 || ACC2: 40.4375 - LR: 1.0000e-05
INFO - 04/10/26 19:51:28 - 0:40:26 -   20200 - 1418.39 equations/s - 90776.96 words/s - MEM: 1.36 GB - LOSS:  1.4488 || ACC1: 32.7500 || ACC2: 40.6250 - LR: 1.0000e-05
INFO - 04/10/26 19:51:36 - 0:40:35 -   20250 -  779.46 equations/s - 49885.51 words/s - MEM: 1.36 GB - LOSS:  1.4469 || ACC1: 32.5625 || ACC2: 41.0469 - LR: 1.0000e-05
INFO - 04/10/26 19:51:41 - 0:40:39 -   20300 - 1343.57 equations/s - 85988.72 words/s - MEM: 1.36 GB - LOSS:  1.4493 || ACC1: 31.5312 || ACC2: 40.5938 - LR: 1.0000e-05
INFO - 04/10/26 19:51:42 - 0:40:41 -   20319 - 1349.72 equations/s - 86382.07 words/s - MEM: 1.36 GB - LOSS:  1.4506 || ACC1: 33.7993 || ACC2: 41.2007 - LR: 1.0000e-05
INFO - 04/10/26 19:51:42 - 0:40:41 - ============ End of epoch 12 ============
INFO - 04/10/26 19:51:42 - 0:40:41 - Starting Distinguisher Method
INFO - 04/10/26 19:51:55 - 0:40:53 - Distinguishing 0s using the emd. 
INFO - 04/10/26 19:51:55 - 0:40:53 - Distinguishing +/-1s using the emd. 
INFO - 04/10/26 19:51:55 - 0:40:53 - Real secret: -1: {np.int64(1), np.int64(2), np.int64(10), np.int64(12), np.int64(26)}, 1: {np.int64(7), np.int64(11), np.int64(17), np.int64(22), np.int64(28)}
INFO - 04/10/26 19:51:55 - 0:40:53 - Distinguishing +/-1s using the mean. 
INFO - 04/10/26 19:51:55 - 0:40:53 - Real secret: -1: {np.int64(1), np.int64(2), np.int64(10), np.int64(12), np.int64(26)}, 1: {np.int64(7), np.int64(11), np.int64(17), np.int64(22), np.int64(28)}
INFO - 04/10/26 19:51:55 - 0:40:54 - Distinguishing 0s using the mean. 
INFO - 04/10/26 19:51:55 - 0:40:54 - Distinguishing +/-1s using the emd. 
INFO - 04/10/26 19:51:55 - 0:40:54 - Real secret: -1: {np.int64(1), np.int64(2), np.int64(10), np.int64(12), np.int64(26)}, 1: {np.int64(7), np.int64(11), np.int64(17), np.int64(22), np.int64(28)}
INFO - 04/10/26 19:51:55 - 0:40:54 - Distinguishing +/-1s using the mean. 
INFO - 04/10/26 19:51:55 - 0:40:54 - Real secret: -1: {np.int64(1), np.int64(2), np.int64(10), np.int64(12), np.int64(26)}, 1: {np.int64(7), np.int64(11), np.int64(17), np.int64(22), np.int64(28)}
INFO - 04/10/26 19:51:55 - 0:40:54 - Starting Direct Method
INFO - 04/10/26 19:51:55 - 0:40:54 - Direct:  K=69
INFO - 04/10/26 19:51:55 - 0:40:54 - Direct:  K=37
INFO - 04/10/26 19:51:55 - 0:40:54 - Direct:  K=39
INFO - 04/10/26 19:51:55 - 0:40:54 - Direct:  K=77
INFO - 04/10/26 19:51:55 - 0:40:54 - Direct:  K=71
INFO - 04/10/26 19:51:55 - 0:40:54 - Direct:  K=38
INFO - 04/10/26 19:51:55 - 0:40:54 - Direct:  K=64
INFO - 04/10/26 19:51:55 - 0:40:54 - Direct:  K=48
INFO - 04/10/26 19:51:55 - 0:40:54 - Direct:  K=90
INFO - 04/10/26 19:51:56 - 0:40:54 - Direct:  K=63
INFO - 04/10/26 19:51:56 - 0:40:55 - Direct:  K=83
INFO - 04/10/26 19:51:56 - 0:40:55 - Direct:  K=33
INFO - 04/10/26 19:51:56 - 0:40:55 - Direct:  K=68
INFO - 04/10/26 19:51:56 - 0:40:55 - Direct:  K=90
INFO - 04/10/26 19:51:56 - 0:40:55 - Direct:  K=84
INFO - 04/10/26 19:51:56 - 0:40:55 - Direct: secret not predicted. (true secret = [ 0 -1 -1  0  0  0  0  1  0  0 -1  1 -1  0  0  0  0  1  0  0  0  0  1  0
                                       0  0 -1  0  1  0], predicted secret = [0 1 1 0 0 0 0 1 0 0 0 1 0 0 0 0 0 0 0 0 0 0 0 1 0 1 0 0 0 0], true support = [0 1 1 0 0 0 0 1 0 0 1 1 1 0 0 0 0 1 0 0 0 0 1 0 0 0 1 0 1 0], predicted support = [0 1 1 0 0 0 0 1 0 0 0 1 0 0 0 0 0 0 0 0 0 0 0 1 0 1 0 0 0 0])
INFO - 04/10/26 19:52:05 - 0:41:04 - CA: secret not predicted. (true secret = [ 0 -1 -1  0  0  0  0  1  0  0 -1  1 -1  0  0  0  0  1  0  0  0  0  1  0
                                       0  0 -1  0  1  0], predicted secret = [0 1 1 0 0 0 0 0 0 0 0 0 1 0 1 0 0 1 0 0 0 0 0 0 0 0 1 0 0 0], true support = [0 1 1 0 0 0 0 1 0 0 1 1 1 0 0 0 0 1 0 0 0 0 1 0 0 0 1 0 1 0], predicted support = [0 1 1 0 0 0 0 0 0 0 0 0 1 0 1 0 0 1 0 0 0 0 0 0 0 0 1 0 0 0])
INFO - 04/10/26 19:52:05 - 0:41:04 - CA: secret not predicted. (true secret = [ 0 -1 -1  0  0  0  0  1  0  0 -1  1 -1  0  0  0  0  1  0  0  0  0  1  0
                                       0  0 -1  0  1  0], predicted secret = [0 0 0 0 0 0 0 0 0 0 1 0 0 0 0 0 1 1 0 0 0 0 1 0 0 0 0 1 1 0], true support = [0 1 1 0 0 0 0 1 0 0 1 1 1 0 0 0 0 1 0 0 0 0 1 0 0 0 1 0 1 0], predicted support = [0 0 0 0 0 0 0 0 0 0 1 0 0 0 0 0 1 1 0 0 0 0 1 0 0 0 0 1 1 0])
INFO - 04/10/26 19:52:05 - 0:41:04 - Hybrid: direct, ca
INFO - 04/10/26 19:52:05 - 0:41:04 - direct, ca - Sum Normalized: secret not predicted. (true secret = [ 0 -1 -1  0  0  0  0  1  0  0 -1  1 -1  0  0  0  0  1  0  0  0  0  1  0
                                       0  0 -1  0  1  0], predicted secret = [0 1 1 0 0 0 0 0 0 0 0 1 0 0 0 0 0 1 0 0 0 0 0 0 0 1 0 0 1 0], true support = [0 1 1 0 0 0 0 1 0 0 1 1 1 0 0 0 0 1 0 0 0 0 1 0 0 0 1 0 1 0], predicted support = [0 1 1 0 0 0 0 0 0 0 0 1 0 0 0 0 0 1 0 0 0 0 0 0 0 1 0 0 1 0])
INFO - 04/10/26 19:52:05 - 0:41:04 - direct, ca - Max Normalized: secret not predicted. (true secret = [ 0 -1 -1  0  0  0  0  1  0  0 -1  1 -1  0  0  0  0  1  0  0  0  0  1  0
                                       0  0 -1  0  1  0], predicted secret = [0 1 1 0 0 0 0 0 0 0 1 1 0 0 0 0 0 1 0 0 0 0 0 0 0 0 0 0 1 0], true support = [0 1 1 0 0 0 0 1 0 0 1 1 1 0 0 0 0 1 0 0 0 0 1 0 0 0 1 0 1 0], predicted support = [0 1 1 0 0 0 0 0 0 0 1 1 0 0 0 0 0 1 0 0 0 0 0 0 0 0 0 0 1 0])
INFO - 04/10/26 19:52:05 - 0:41:04 - direct, ca - Sum Rank: secret not predicted. (true secret = [ 0 -1 -1  0  0  0  0  1  0  0 -1  1 -1  0  0  0  0  1  0  0  0  0  1  0
                                       0  0 -1  0  1  0], predicted secret = [0 1 1 0 0 0 0 1 0 0 0 1 0 0 0 0 0 1 0 0 0 0 0 1 0 0 0 0 0 0], true support = [0 1 1 0 0 0 0 1 0 0 1 1 1 0 0 0 0 1 0 0 0 0 1 0 0 0 1 0 1 0], predicted support = [0 1 1 0 0 0 0 1 0 0 0 1 0 0 0 0 0 1 0 0 0 0 0 1 0 0 0 0 0 0])
INFO - 04/10/26 19:52:05 - 0:41:04 - direct, ca - Max Rank: secret not predicted. (true secret = [ 0 -1 -1  0  0  0  0  1  0  0 -1  1 -1  0  0  0  0  1  0  0  0  0  1  0
                                       0  0 -1  0  1  0], predicted secret = [0 1 0 0 0 0 0 0 0 0 0 1 0 0 0 0 0 1 0 0 0 0 0 1 0 1 0 0 1 0], true support = [0 1 1 0 0 0 0 1 0 0 1 1 1 0 0 0 0 1 0 0 0 0 1 0 0 0 1 0 1 0], predicted support = [0 1 0 0 0 0 0 0 0 0 0 1 0 0 0 0 0 1 0 0 0 0 0 1 0 1 0 0 1 0])
INFO - 04/10/26 19:52:05 - 0:41:04 - Hybrid: direct, distinguisher
INFO - 04/10/26 19:52:05 - 0:41:04 - direct, distinguisher - Sum Normalized: secret not predicted. (true secret = [ 0 -1 -1  0  0  0  0  1  0  0 -1  1 -1  0  0  0  0  1  0  0  0  0  1  0
                                       0  0 -1  0  1  0], predicted secret = [0 1 1 0 0 0 0 1 0 0 0 1 0 0 0 0 0 1 0 0 0 0 0 0 0 0 0 0 1 0], true support = [0 1 1 0 0 0 0 1 0 0 1 1 1 0 0 0 0 1 0 0 0 0 1 0 0 0 1 0 1 0], predicted support = [0 1 1 0 0 0 0 1 0 0 0 1 0 0 0 0 0 1 0 0 0 0 0 0 0 0 0 0 1 0])
INFO - 04/10/26 19:52:05 - 0:41:04 - direct, distinguisher - Max Normalized: secret not predicted. (true secret = [ 0 -1 -1  0  0  0  0  1  0  0 -1  1 -1  0  0  0  0  1  0  0  0  0  1  0
                                       0  0 -1  0  1  0], predicted secret = [0 0 1 0 0 0 0 0 0 0 1 1 0 0 0 0 0 1 0 0 0 0 1 0 0 0 0 0 1 0], true support = [0 1 1 0 0 0 0 1 0 0 1 1 1 0 0 0 0 1 0 0 0 0 1 0 0 0 1 0 1 0], predicted support = [0 0 1 0 0 0 0 0 0 0 1 1 0 0 0 0 0 1 0 0 0 0 1 0 0 0 0 0 1 0])
INFO - 04/10/26 19:52:05 - 0:41:04 - direct, distinguisher - Sum Rank: secret not predicted. (true secret = [ 0 -1 -1  0  0  0  0  1  0  0 -1  1 -1  0  0  0  0  1  0  0  0  0  1  0
                                       0  0 -1  0  1  0], predicted secret = [0 1 1 0 0 0 0 1 0 0 0 1 0 0 0 0 0 0 0 0 0 0 0 0 0 1 0 0 1 0], true support = [0 1 1 0 0 0 0 1 0 0 1 1 1 0 0 0 0 1 0 0 0 0 1 0 0 0 1 0 1 0], predicted support = [0 1 1 0 0 0 0 1 0 0 0 1 0 0 0 0 0 0 0 0 0 0 0 0 0 1 0 0 1 0])
INFO - 04/10/26 19:52:05 - 0:41:04 - direct, distinguisher - Max Rank: secret not predicted. (true secret = [ 0 -1 -1  0  0  0  0  1  0  0 -1  1 -1  0  0  0  0  1  0  0  0  0  1  0
                                       0  0 -1  0  1  0], predicted secret = [0 0 0 0 0 0 0 1 0 0 0 1 0 0 0 0 0 1 0 0 0 0 0 1 0 1 0 0 1 0], true support = [0 1 1 0 0 0 0 1 0 0 1 1 1 0 0 0 0 1 0 0 0 0 1 0 0 0 1 0 1 0], predicted support = [0 0 0 0 0 0 0 1 0 0 0 1 0 0 0 0 0 1 0 0 0 0 0 1 0 1 0 0 1 0])
INFO - 04/10/26 19:52:05 - 0:41:04 - Hybrid: ca, distinguisher
INFO - 04/10/26 19:52:05 - 0:41:04 - ca, distinguisher - Sum Normalized: secret not predicted. (true secret = [ 0 -1 -1  0  0  0  0  1  0  0 -1  1 -1  0  0  0  0  1  0  0  0  0  1  0
                                       0  0 -1  0  1  0], predicted secret = [0 1 1 0 0 0 0 0 0 0 1 1 0 0 0 0 0 1 0 0 0 0 0 0 0 0 0 0 1 0], true support = [0 1 1 0 0 0 0 1 0 0 1 1 1 0 0 0 0 1 0 0 0 0 1 0 0 0 1 0 1 0], predicted support = [0 1 1 0 0 0 0 0 0 0 1 1 0 0 0 0 0 1 0 0 0 0 0 0 0 0 0 0 1 0])
INFO - 04/10/26 19:52:05 - 0:41:04 - ca, distinguisher - Max Normalized: secret not predicted. (true secret = [ 0 -1 -1  0  0  0  0  1  0  0 -1  1 -1  0  0  0  0  1  0  0  0  0  1  0
                                       0  0 -1  0  1  0], predicted secret = [0 1 1 0 0 0 0 0 0 0 1 1 0 0 0 0 0 1 0 0 0 0 0 0 0 0 0 0 1 0], true support = [0 1 1 0 0 0 0 1 0 0 1 1 1 0 0 0 0 1 0 0 0 0 1 0 0 0 1 0 1 0], predicted support = [0 1 1 0 0 0 0 0 0 0 1 1 0 0 0 0 0 1 0 0 0 0 0 0 0 0 0 0 1 0])
INFO - 04/10/26 19:52:05 - 0:41:04 - ca, distinguisher - Sum Rank: secret not predicted. (true secret = [ 0 -1 -1  0  0  0  0  1  0  0 -1  1 -1  0  0  0  0  1  0  0  0  0  1  0
                                       0  0 -1  0  1  0], predicted secret = [0 1 1 0 0 0 0 0 0 0 1 1 0 0 0 0 0 1 0 0 0 0 0 0 0 0 0 0 1 0], true support = [0 1 1 0 0 0 0 1 0 0 1 1 1 0 0 0 0 1 0 0 0 0 1 0 0 0 1 0 1 0], predicted support = [0 1 1 0 0 0 0 0 0 0 1 1 0 0 0 0 0 1 0 0 0 0 0 0 0 0 0 0 1 0])
INFO - 04/10/26 19:52:05 - 0:41:04 - ca, distinguisher - Max Rank: secret not predicted. (true secret = [ 0 -1 -1  0  0  0  0  1  0  0 -1  1 -1  0  0  0  0  1  0  0  0  0  1  0
                                       0  0 -1  0  1  0], predicted secret = [0 1 1 0 0 0 0 0 0 0 1 1 0 0 0 0 0 1 0 0 0 0 0 0 0 0 0 0 1 0], true support = [0 1 1 0 0 0 0 1 0 0 1 1 1 0 0 0 0 1 0 0 0 0 1 0 0 0 1 0 1 0], predicted support = [0 1 1 0 0 0 0 0 0 0 1 1 0 0 0 0 0 1 0 0 0 0 0 0 0 0 0 0 1 0])
INFO - 04/10/26 19:52:05 - 0:41:04 - Hybrid: direct, ca, distinguisher
INFO - 04/10/26 19:52:05 - 0:41:04 - direct, ca, distinguisher - Sum Normalized: secret not predicted. (true secret = [ 0 -1 -1  0  0  0  0  1  0  0 -1  1 -1  0  0  0  0  1  0  0  0  0  1  0
                                       0  0 -1  0  1  0], predicted secret = [0 1 1 0 0 0 0 0 0 0 1 1 0 0 0 0 0 1 0 0 0 0 0 0 0 0 0 0 1 0], true support = [0 1 1 0 0 0 0 1 0 0 1 1 1 0 0 0 0 1 0 0 0 0 1 0 0 0 1 0 1 0], predicted support = [0 1 1 0 0 0 0 0 0 0 1 1 0 0 0 0 0 1 0 0 0 0 0 0 0 0 0 0 1 0])
INFO - 04/10/26 19:52:05 - 0:41:04 - direct, ca, distinguisher - Max Normalized: secret not predicted. (true secret = [ 0 -1 -1  0  0  0  0  1  0  0 -1  1 -1  0  0  0  0  1  0  0  0  0  1  0
                                       0  0 -1  0  1  0], predicted secret = [0 1 1 0 0 0 0 0 0 0 1 1 0 0 0 0 0 1 0 0 0 0 0 0 0 0 0 0 1 0], true support = [0 1 1 0 0 0 0 1 0 0 1 1 1 0 0 0 0 1 0 0 0 0 1 0 0 0 1 0 1 0], predicted support = [0 1 1 0 0 0 0 0 0 0 1 1 0 0 0 0 0 1 0 0 0 0 0 0 0 0 0 0 1 0])
INFO - 04/10/26 19:52:05 - 0:41:04 - direct, ca, distinguisher - Sum Rank: secret not predicted. (true secret = [ 0 -1 -1  0  0  0  0  1  0  0 -1  1 -1  0  0  0  0  1  0  0  0  0  1  0
                                       0  0 -1  0  1  0], predicted secret = [0 1 1 0 0 0 0 1 0 0 0 1 0 0 0 0 0 1 0 0 0 0 0 0 0 0 0 0 1 0], true support = [0 1 1 0 0 0 0 1 0 0 1 1 1 0 0 0 0 1 0 0 0 0 1 0 0 0 1 0 1 0], predicted support = [0 1 1 0 0 0 0 1 0 0 0 1 0 0 0 0 0 1 0 0 0 0 0 0 0 0 0 0 1 0])
INFO - 04/10/26 19:52:05 - 0:41:04 - direct, ca, distinguisher - Max Rank: secret not predicted. (true secret = [ 0 -1 -1  0  0  0  0  1  0  0 -1  1 -1  0  0  0  0  1  0  0  0  0  1  0
                                       0  0 -1  0  1  0], predicted secret = [0 1 0 0 0 0 0 0 0 0 0 1 0 0 0 0 0 1 0 0 0 0 0 1 0 1 0 0 1 0], true support = [0 1 1 0 0 0 0 1 0 0 1 1 1 0 0 0 0 1 0 0 0 0 1 0 0 0 1 0 1 0], predicted support = [0 1 0 0 0 0 0 0 0 0 0 1 0 0 0 0 0 1 0 0 0 0 0 1 0 1 0 0 1 0])
INFO - 04/10/26 19:52:05 - 0:41:04 - Epoch 12 metrics | train_loss: 1.452328 | train_acc1: 32.424624 | train_acc2: 40.451056 | valid_xe_loss: 1.527616 | valid_acc1: 27.521756 | valid_acc2: 32.545491
INFO - 04/10/26 19:52:05 - 0:41:04 - __log__:{"train_loss": 1.452328253844878, "train_acc1": 32.42462412028151, "train_acc2": 40.4510556621881, "epoch": 12, "valid_xe_loss": 1.527616227729411, "valid_acc1": 27.521756329113924, "valid_acc2": 32.545490506329116}
INFO - 04/10/26 19:52:05 - 0:41:04 - Saving checkpoint to /home/yu_mcc/PQC_salsa/runs/n30_q127_h3_1m/train_gpu_ternary_h10_secret0_init0_epoch200000/checkpoint.pth ...
WARNING - 04/10/26 19:52:05 - 0:41:04 - Saving encoder parameters ...
WARNING - 04/10/26 19:52:05 - 0:41:04 - Saving decoder parameters ...
WARNING - 04/10/26 19:52:05 - 0:41:04 - Saving optimizer ...
INFO - 04/10/26 19:52:06 - 0:41:04 - ============ Starting epoch 13 ... ============
INFO - 04/10/26 19:52:12 - 0:41:11 -   20350 -  134.18 equations/s -  8587.45 words/s - MEM: 1.36 GB - LOSS:  1.4466 || ACC1: 32.7117 || ACC2: 40.3478 - LR: 1.0000e-05
INFO - 04/10/26 19:52:17 - 0:41:15 -   20400 - 1338.62 equations/s - 85671.47 words/s - MEM: 1.36 GB - LOSS:  1.4482 || ACC1: 32.8281 || ACC2: 40.7188 - LR: 1.0000e-05
INFO - 04/10/26 19:52:21 - 0:41:20 -   20450 - 1428.93 equations/s - 91451.56 words/s - MEM: 1.36 GB - LOSS:  1.4468 || ACC1: 32.7969 || ACC2: 40.7969 - LR: 1.0000e-05
INFO - 04/10/26 19:52:26 - 0:41:25 -   20500 - 1368.20 equations/s - 87564.59 words/s - MEM: 1.36 GB - LOSS:  1.4522 || ACC1: 31.5938 || ACC2: 40.2656 - LR: 1.0000e-05
INFO - 04/10/26 19:52:30 - 0:41:29 -   20550 - 1422.33 equations/s - 91029.38 words/s - MEM: 1.36 GB - LOSS:  1.4448 || ACC1: 33.3906 || ACC2: 41.4531 - LR: 1.0000e-05
INFO - 04/10/26 19:52:35 - 0:41:34 -   20600 - 1334.03 equations/s - 85378.20 words/s - MEM: 1.36 GB - LOSS:  1.4444 || ACC1: 33.0781 || ACC2: 41.4219 - LR: 1.0000e-05
INFO - 04/10/26 19:52:40 - 0:41:39 -   20650 - 1363.64 equations/s - 87273.03 words/s - MEM: 1.36 GB - LOSS:  1.4470 || ACC1: 32.6562 || ACC2: 41.4531 - LR: 1.0000e-05
INFO - 04/10/26 19:52:48 - 0:41:47 -   20700 -  793.73 equations/s - 50798.52 words/s - MEM: 1.36 GB - LOSS:  1.4450 || ACC1: 32.7969 || ACC2: 41.1875 - LR: 1.0000e-05
INFO - 04/10/26 19:52:53 - 0:41:51 -   20750 - 1394.91 equations/s - 89274.47 words/s - MEM: 1.36 GB - LOSS:  1.4458 || ACC1: 33.2031 || ACC2: 41.4219 - LR: 1.0000e-05
INFO - 04/10/26 19:52:57 - 0:41:56 -   20800 - 1370.30 equations/s - 87698.95 words/s - MEM: 1.36 GB - LOSS:  1.4459 || ACC1: 32.7188 || ACC2: 40.6875 - LR: 1.0000e-05
INFO - 04/10/26 19:53:02 - 0:42:01 -   20850 - 1360.71 equations/s - 87085.62 words/s - MEM: 1.36 GB - LOSS:  1.4406 || ACC1: 32.6250 || ACC2: 40.2188 - LR: 1.0000e-05
INFO - 04/10/26 19:53:07 - 0:42:05 -   20900 - 1355.65 equations/s - 86761.75 words/s - MEM: 1.36 GB - LOSS:  1.4437 || ACC1: 32.4062 || ACC2: 41.0469 - LR: 1.0000e-05
INFO - 04/10/26 19:53:11 - 0:42:10 -   20950 - 1419.93 equations/s - 90875.61 words/s - MEM: 1.36 GB - LOSS:  1.4460 || ACC1: 32.5938 || ACC2: 41.0781 - LR: 1.0000e-05
INFO - 04/10/26 19:53:16 - 0:42:15 -   21000 - 1375.79 equations/s - 88050.75 words/s - MEM: 1.36 GB - LOSS:  1.4424 || ACC1: 32.8906 || ACC2: 41.8281 - LR: 1.0000e-05
INFO - 04/10/26 19:53:24 - 0:42:23 -   21050 -  789.89 equations/s - 50552.69 words/s - MEM: 1.36 GB - LOSS:  1.4372 || ACC1: 33.8281 || ACC2: 42.0938 - LR: 1.0000e-05
INFO - 04/10/26 19:53:28 - 0:42:27 -   21100 - 1465.90 equations/s - 93817.85 words/s - MEM: 1.36 GB - LOSS:  1.4459 || ACC1: 33.2188 || ACC2: 41.7500 - LR: 1.0000e-05
INFO - 04/10/26 19:53:33 - 0:42:32 -   21150 - 1375.36 equations/s - 88023.33 words/s - MEM: 1.36 GB - LOSS:  1.4445 || ACC1: 33.2031 || ACC2: 41.9844 - LR: 1.0000e-05
INFO - 04/10/26 19:53:38 - 0:42:36 -   21200 - 1384.89 equations/s - 88632.87 words/s - MEM: 1.36 GB - LOSS:  1.4437 || ACC1: 32.7188 || ACC2: 41.5625 - LR: 1.0000e-05
INFO - 04/10/26 19:53:42 - 0:42:41 -   21250 - 1452.79 equations/s - 92978.77 words/s - MEM: 1.36 GB - LOSS:  1.4463 || ACC1: 32.6875 || ACC2: 41.0156 - LR: 1.0000e-05
INFO - 04/10/26 19:53:47 - 0:42:45 -   21300 - 1351.68 equations/s - 86507.56 words/s - MEM: 1.36 GB - LOSS:  1.4370 || ACC1: 32.7188 || ACC2: 41.6719 - LR: 1.0000e-05
INFO - 04/10/26 19:53:51 - 0:42:50 -   21350 - 1319.69 equations/s - 84460.07 words/s - MEM: 1.36 GB - LOSS:  1.4419 || ACC1: 32.0781 || ACC2: 40.9531 - LR: 1.0000e-05
INFO - 04/10/26 19:54:00 - 0:42:58 -   21400 -  785.91 equations/s - 50298.46 words/s - MEM: 1.36 GB - LOSS:  1.4430 || ACC1: 33.2656 || ACC2: 41.8906 - LR: 1.0000e-05
INFO - 04/10/26 19:54:04 - 0:43:03 -   21450 - 1358.48 equations/s - 86942.45 words/s - MEM: 1.36 GB - LOSS:  1.4459 || ACC1: 31.9688 || ACC2: 41.0312 - LR: 1.0000e-05
INFO - 04/10/26 19:54:09 - 0:43:08 -   21500 - 1440.90 equations/s - 92217.90 words/s - MEM: 1.36 GB - LOSS:  1.4424 || ACC1: 32.8750 || ACC2: 41.6719 - LR: 1.0000e-05
INFO - 04/10/26 19:54:13 - 0:43:12 -   21550 - 1373.18 equations/s - 87883.75 words/s - MEM: 1.36 GB - LOSS:  1.4391 || ACC1: 32.9062 || ACC2: 42.3906 - LR: 1.0000e-05
INFO - 04/10/26 19:54:18 - 0:43:17 -   21600 - 1417.74 equations/s - 90735.28 words/s - MEM: 1.36 GB - LOSS:  1.4366 || ACC1: 34.0312 || ACC2: 42.7656 - LR: 1.0000e-05
INFO - 04/10/26 19:54:23 - 0:43:21 -   21650 - 1370.03 equations/s - 87681.71 words/s - MEM: 1.36 GB - LOSS:  1.4361 || ACC1: 33.3438 || ACC2: 42.3281 - LR: 1.0000e-05
INFO - 04/10/26 19:54:27 - 0:43:26 -   21700 - 1418.28 equations/s - 90769.72 words/s - MEM: 1.36 GB - LOSS:  1.4316 || ACC1: 33.6094 || ACC2: 42.7500 - LR: 1.0000e-05
INFO - 04/10/26 19:54:35 - 0:43:34 -   21750 -  779.24 equations/s - 49871.25 words/s - MEM: 1.36 GB - LOSS:  1.4401 || ACC1: 33.2500 || ACC2: 42.0312 - LR: 1.0000e-05
INFO - 04/10/26 19:54:40 - 0:43:39 -   21800 - 1433.72 equations/s - 91757.89 words/s - MEM: 1.36 GB - LOSS:  1.4390 || ACC1: 33.7344 || ACC2: 42.0000 - LR: 1.0000e-05
INFO - 04/10/26 19:54:45 - 0:43:43 -   21850 - 1333.77 equations/s - 85361.52 words/s - MEM: 1.36 GB - LOSS:  1.4382 || ACC1: 33.2656 || ACC2: 42.1250 - LR: 1.0000e-05
INFO - 04/10/26 19:54:47 - 0:43:46 -   21882 - 1433.34 equations/s - 91734.01 words/s - MEM: 1.36 GB - LOSS:  1.4345 || ACC1: 33.7646 || ACC2: 42.2607 - LR: 1.0000e-05
INFO - 04/10/26 19:54:47 - 0:43:46 - ============ End of epoch 13 ============
INFO - 04/10/26 19:54:47 - 0:43:46 - Starting Distinguisher Method
INFO - 04/10/26 19:55:00 - 0:43:59 - Distinguishing 0s using the emd. 
INFO - 04/10/26 19:55:00 - 0:43:59 - Distinguishing +/-1s using the emd. 
INFO - 04/10/26 19:55:00 - 0:43:59 - Real secret: -1: {np.int64(1), np.int64(2), np.int64(10), np.int64(12), np.int64(26)}, 1: {np.int64(7), np.int64(11), np.int64(17), np.int64(22), np.int64(28)}
INFO - 04/10/26 19:55:00 - 0:43:59 - Distinguishing +/-1s using the mean. 
INFO - 04/10/26 19:55:00 - 0:43:59 - Real secret: -1: {np.int64(1), np.int64(2), np.int64(10), np.int64(12), np.int64(26)}, 1: {np.int64(7), np.int64(11), np.int64(17), np.int64(22), np.int64(28)}
INFO - 04/10/26 19:55:00 - 0:43:59 - Distinguishing 0s using the mean. 
INFO - 04/10/26 19:55:00 - 0:43:59 - Distinguishing +/-1s using the emd. 
INFO - 04/10/26 19:55:00 - 0:43:59 - Real secret: -1: {np.int64(1), np.int64(2), np.int64(10), np.int64(12), np.int64(26)}, 1: {np.int64(7), np.int64(11), np.int64(17), np.int64(22), np.int64(28)}
INFO - 04/10/26 19:55:00 - 0:43:59 - Distinguishing +/-1s using the mean. 
INFO - 04/10/26 19:55:00 - 0:43:59 - Real secret: -1: {np.int64(1), np.int64(2), np.int64(10), np.int64(12), np.int64(26)}, 1: {np.int64(7), np.int64(11), np.int64(17), np.int64(22), np.int64(28)}
INFO - 04/10/26 19:55:00 - 0:43:59 - Starting Direct Method
INFO - 04/10/26 19:55:00 - 0:43:59 - Direct:  K=76
INFO - 04/10/26 19:55:00 - 0:43:59 - Direct:  K=66
INFO - 04/10/26 19:55:00 - 0:43:59 - Direct:  K=94
INFO - 04/10/26 19:55:01 - 0:43:59 - Direct:  K=39
INFO - 04/10/26 19:55:01 - 0:43:59 - Direct:  K=93
INFO - 04/10/26 19:55:01 - 0:43:59 - Direct:  K=67
INFO - 04/10/26 19:55:01 - 0:44:00 - Direct:  K=94
INFO - 04/10/26 19:55:01 - 0:44:00 - Direct:  K=55
INFO - 04/10/26 19:55:01 - 0:44:00 - Direct:  K=66
INFO - 04/10/26 19:55:01 - 0:44:00 - Direct:  K=74
INFO - 04/10/26 19:55:01 - 0:44:00 - Direct:  K=33
INFO - 04/10/26 19:55:01 - 0:44:00 - Direct:  K=79
INFO - 04/10/26 19:55:01 - 0:44:00 - Direct:  K=80
INFO - 04/10/26 19:55:01 - 0:44:00 - Direct:  K=64
INFO - 04/10/26 19:55:02 - 0:44:00 - Direct:  K=91
INFO - 04/10/26 19:55:02 - 0:44:00 - Direct: secret not predicted. (true secret = [ 0 -1 -1  0  0  0  0  1  0  0 -1  1 -1  0  0  0  0  1  0  0  0  0  1  0
                                       0  0 -1  0  1  0], predicted secret = [0 0 1 0 0 0 0 0 0 0 0 1 0 0 0 0 1 0 0 0 0 0 0 1 0 1 0 0 0 1], true support = [0 1 1 0 0 0 0 1 0 0 1 1 1 0 0 0 0 1 0 0 0 0 1 0 0 0 1 0 1 0], predicted support = [0 0 1 0 0 0 0 0 0 0 0 1 0 0 0 0 1 0 0 0 0 0 0 1 0 1 0 0 0 1])
INFO - 04/10/26 19:55:14 - 0:44:13 - CA: secret not predicted. (true secret = [ 0 -1 -1  0  0  0  0  1  0  0 -1  1 -1  0  0  0  0  1  0  0  0  0  1  0
                                       0  0 -1  0  1  0], predicted secret = [0 1 1 0 0 0 0 0 0 0 0 1 1 0 1 0 0 1 0 0 0 0 0 0 0 0 0 0 0 0], true support = [0 1 1 0 0 0 0 1 0 0 1 1 1 0 0 0 0 1 0 0 0 0 1 0 0 0 1 0 1 0], predicted support = [0 1 1 0 0 0 0 0 0 0 0 1 1 0 1 0 0 1 0 0 0 0 0 0 0 0 0 0 0 0])
INFO - 04/10/26 19:55:14 - 0:44:13 - CA: secret not predicted. (true secret = [ 0 -1 -1  0  0  0  0  1  0  0 -1  1 -1  0  0  0  0  1  0  0  0  0  1  0
                                       0  0 -1  0  1  0], predicted secret = [0 0 0 0 0 0 0 1 0 0 1 1 0 0 0 0 0 1 0 0 0 0 0 0 0 0 0 1 1 0], true support = [0 1 1 0 0 0 0 1 0 0 1 1 1 0 0 0 0 1 0 0 0 0 1 0 0 0 1 0 1 0], predicted support = [0 0 0 0 0 0 0 1 0 0 1 1 0 0 0 0 0 1 0 0 0 0 0 0 0 0 0 1 1 0])
INFO - 04/10/26 19:55:14 - 0:44:13 - Hybrid: direct, ca
INFO - 04/10/26 19:55:14 - 0:44:13 - direct, ca - Sum Normalized: secret not predicted. (true secret = [ 0 -1 -1  0  0  0  0  1  0  0 -1  1 -1  0  0  0  0  1  0  0  0  0  1  0
                                       0  0 -1  0  1  0], predicted secret = [0 1 1 0 0 0 0 0 0 0 0 1 0 0 0 0 0 1 0 0 0 0 0 1 0 0 0 0 1 0], true support = [0 1 1 0 0 0 0 1 0 0 1 1 1 0 0 0 0 1 0 0 0 0 1 0 0 0 1 0 1 0], predicted support = [0 1 1 0 0 0 0 0 0 0 0 1 0 0 0 0 0 1 0 0 0 0 0 1 0 0 0 0 1 0])
INFO - 04/10/26 19:55:14 - 0:44:13 - direct, ca - Max Normalized: secret not predicted. (true secret = [ 0 -1 -1  0  0  0  0  1  0  0 -1  1 -1  0  0  0  0  1  0  0  0  0  1  0
                                       0  0 -1  0  1  0], predicted secret = [0 1 1 0 0 0 0 0 0 0 0 1 0 0 0 0 0 1 0 0 0 0 0 1 0 0 0 0 1 0], true support = [0 1 1 0 0 0 0 1 0 0 1 1 1 0 0 0 0 1 0 0 0 0 1 0 0 0 1 0 1 0], predicted support = [0 1 1 0 0 0 0 0 0 0 0 1 0 0 0 0 0 1 0 0 0 0 0 1 0 0 0 0 1 0])
INFO - 04/10/26 19:55:14 - 0:44:13 - direct, ca - Sum Rank: secret not predicted. (true secret = [ 0 -1 -1  0  0  0  0  1  0  0 -1  1 -1  0  0  0  0  1  0  0  0  0  1  0
                                       0  0 -1  0  1  0], predicted secret = [0 0 1 0 0 1 0 1 0 0 0 1 1 0 0 0 0 0 0 0 0 0 0 1 0 0 0 0 0 0], true support = [0 1 1 0 0 0 0 1 0 0 1 1 1 0 0 0 0 1 0 0 0 0 1 0 0 0 1 0 1 0], predicted support = [0 0 1 0 0 1 0 1 0 0 0 1 1 0 0 0 0 0 0 0 0 0 0 1 0 0 0 0 0 0])
INFO - 04/10/26 19:55:14 - 0:44:13 - direct, ca - Max Rank: secret not predicted. (true secret = [ 0 -1 -1  0  0  0  0  1  0  0 -1  1 -1  0  0  0  0  1  0  0  0  0  1  0
                                       0  0 -1  0  1  0], predicted secret = [0 1 1 0 0 0 0 0 0 0 0 1 0 0 0 0 0 1 0 0 0 0 0 1 0 1 0 0 0 0], true support = [0 1 1 0 0 0 0 1 0 0 1 1 1 0 0 0 0 1 0 0 0 0 1 0 0 0 1 0 1 0], predicted support = [0 1 1 0 0 0 0 0 0 0 0 1 0 0 0 0 0 1 0 0 0 0 0 1 0 1 0 0 0 0])
INFO - 04/10/26 19:55:14 - 0:44:13 - Hybrid: direct, distinguisher
INFO - 04/10/26 19:55:14 - 0:44:13 - direct, distinguisher - Sum Normalized: secret not predicted. (true secret = [ 0 -1 -1  0  0  0  0  1  0  0 -1  1 -1  0  0  0  0  1  0  0  0  0  1  0
                                       0  0 -1  0  1  0], predicted secret = [0 0 1 0 0 0 0 1 0 0 0 1 0 0 0 0 0 1 0 0 0 0 0 1 0 0 0 0 1 0], true support = [0 1 1 0 0 0 0 1 0 0 1 1 1 0 0 0 0 1 0 0 0 0 1 0 0 0 1 0 1 0], predicted support = [0 0 1 0 0 0 0 1 0 0 0 1 0 0 0 0 0 1 0 0 0 0 0 1 0 0 0 0 1 0])
INFO - 04/10/26 19:55:14 - 0:44:13 - direct, distinguisher - Max Normalized: secret not predicted. (true secret = [ 0 -1 -1  0  0  0  0  1  0  0 -1  1 -1  0  0  0  0  1  0  0  0  0  1  0
                                       0  0 -1  0  1  0], predicted secret = [0 0 1 0 0 0 0 0 0 0 0 1 0 0 0 0 0 1 0 0 0 0 1 1 0 0 0 0 1 0], true support = [0 1 1 0 0 0 0 1 0 0 1 1 1 0 0 0 0 1 0 0 0 0 1 0 0 0 1 0 1 0], predicted support = [0 0 1 0 0 0 0 0 0 0 0 1 0 0 0 0 0 1 0 0 0 0 1 1 0 0 0 0 1 0])
INFO - 04/10/26 19:55:14 - 0:44:13 - direct, distinguisher - Sum Rank: secret not predicted. (true secret = [ 0 -1 -1  0  0  0  0  1  0  0 -1  1 -1  0  0  0  0  1  0  0  0  0  1  0
                                       0  0 -1  0  1  0], predicted secret = [0 0 1 0 0 1 0 1 0 0 0 1 1 0 0 0 0 0 0 0 0 0 0 1 0 0 0 0 0 0], true support = [0 1 1 0 0 0 0 1 0 0 1 1 1 0 0 0 0 1 0 0 0 0 1 0 0 0 1 0 1 0], predicted support = [0 0 1 0 0 1 0 1 0 0 0 1 1 0 0 0 0 0 0 0 0 0 0 1 0 0 0 0 0 0])
INFO - 04/10/26 19:55:14 - 0:44:13 - direct, distinguisher - Max Rank: secret not predicted. (true secret = [ 0 -1 -1  0  0  0  0  1  0  0 -1  1 -1  0  0  0  0  1  0  0  0  0  1  0
                                       0  0 -1  0  1  0], predicted secret = [0 0 1 0 0 0 0 0 0 0 0 1 0 0 0 0 0 1 0 0 0 0 0 1 0 1 0 0 1 0], true support = [0 1 1 0 0 0 0 1 0 0 1 1 1 0 0 0 0 1 0 0 0 0 1 0 0 0 1 0 1 0], predicted support = [0 0 1 0 0 0 0 0 0 0 0 1 0 0 0 0 0 1 0 0 0 0 0 1 0 1 0 0 1 0])
INFO - 04/10/26 19:55:14 - 0:44:13 - Hybrid: ca, distinguisher
INFO - 04/10/26 19:55:14 - 0:44:13 - ca, distinguisher - Sum Normalized: secret not predicted. (true secret = [ 0 -1 -1  0  0  0  0  1  0  0 -1  1 -1  0  0  0  0  1  0  0  0  0  1  0
                                       0  0 -1  0  1  0], predicted secret = [0 1 1 0 0 0 0 0 0 0 1 1 0 0 0 0 0 1 0 0 0 0 0 0 0 0 0 0 1 0], true support = [0 1 1 0 0 0 0 1 0 0 1 1 1 0 0 0 0 1 0 0 0 0 1 0 0 0 1 0 1 0], predicted support = [0 1 1 0 0 0 0 0 0 0 1 1 0 0 0 0 0 1 0 0 0 0 0 0 0 0 0 0 1 0])
INFO - 04/10/26 19:55:14 - 0:44:13 - ca, distinguisher - Max Normalized: secret not predicted. (true secret = [ 0 -1 -1  0  0  0  0  1  0  0 -1  1 -1  0  0  0  0  1  0  0  0  0  1  0
                                       0  0 -1  0  1  0], predicted secret = [0 0 1 0 0 0 0 0 0 0 0 1 0 0 0 0 0 1 0 0 0 0 1 0 0 0 1 0 1 0], true support = [0 1 1 0 0 0 0 1 0 0 1 1 1 0 0 0 0 1 0 0 0 0 1 0 0 0 1 0 1 0], predicted support = [0 0 1 0 0 0 0 0 0 0 0 1 0 0 0 0 0 1 0 0 0 0 1 0 0 0 1 0 1 0])
INFO - 04/10/26 19:55:14 - 0:44:13 - ca, distinguisher - Sum Rank: secret not predicted. (true secret = [ 0 -1 -1  0  0  0  0  1  0  0 -1  1 -1  0  0  0  0  1  0  0  0  0  1  0
                                       0  0 -1  0  1  0], predicted secret = [0 1 1 0 0 0 0 0 0 0 1 1 0 0 0 0 0 1 0 0 0 0 0 0 0 0 0 0 1 0], true support = [0 1 1 0 0 0 0 1 0 0 1 1 1 0 0 0 0 1 0 0 0 0 1 0 0 0 1 0 1 0], predicted support = [0 1 1 0 0 0 0 0 0 0 1 1 0 0 0 0 0 1 0 0 0 0 0 0 0 0 0 0 1 0])
INFO - 04/10/26 19:55:14 - 0:44:13 - ca, distinguisher - Max Rank: secret not predicted. (true secret = [ 0 -1 -1  0  0  0  0  1  0  0 -1  1 -1  0  0  0  0  1  0  0  0  0  1  0
                                       0  0 -1  0  1  0], predicted secret = [0 1 1 0 0 0 0 0 0 0 1 1 0 0 0 0 0 1 0 0 0 0 0 0 0 0 0 0 1 0], true support = [0 1 1 0 0 0 0 1 0 0 1 1 1 0 0 0 0 1 0 0 0 0 1 0 0 0 1 0 1 0], predicted support = [0 1 1 0 0 0 0 0 0 0 1 1 0 0 0 0 0 1 0 0 0 0 0 0 0 0 0 0 1 0])
INFO - 04/10/26 19:55:14 - 0:44:13 - Hybrid: direct, ca, distinguisher
INFO - 04/10/26 19:55:14 - 0:44:13 - direct, ca, distinguisher - Sum Normalized: secret not predicted. (true secret = [ 0 -1 -1  0  0  0  0  1  0  0 -1  1 -1  0  0  0  0  1  0  0  0  0  1  0
                                       0  0 -1  0  1  0], predicted secret = [0 1 1 0 0 0 0 0 0 0 1 1 0 0 0 0 0 1 0 0 0 0 0 0 0 0 0 0 1 0], true support = [0 1 1 0 0 0 0 1 0 0 1 1 1 0 0 0 0 1 0 0 0 0 1 0 0 0 1 0 1 0], predicted support = [0 1 1 0 0 0 0 0 0 0 1 1 0 0 0 0 0 1 0 0 0 0 0 0 0 0 0 0 1 0])
INFO - 04/10/26 19:55:14 - 0:44:13 - direct, ca, distinguisher - Max Normalized: secret not predicted. (true secret = [ 0 -1 -1  0  0  0  0  1  0  0 -1  1 -1  0  0  0  0  1  0  0  0  0  1  0
                                       0  0 -1  0  1  0], predicted secret = [0 0 1 0 0 0 0 0 0 0 0 1 0 0 0 0 0 1 0 0 0 0 1 1 0 0 0 0 1 0], true support = [0 1 1 0 0 0 0 1 0 0 1 1 1 0 0 0 0 1 0 0 0 0 1 0 0 0 1 0 1 0], predicted support = [0 0 1 0 0 0 0 0 0 0 0 1 0 0 0 0 0 1 0 0 0 0 1 1 0 0 0 0 1 0])
INFO - 04/10/26 19:55:14 - 0:44:13 - direct, ca, distinguisher - Sum Rank: secret not predicted. (true secret = [ 0 -1 -1  0  0  0  0  1  0  0 -1  1 -1  0  0  0  0  1  0  0  0  0  1  0
                                       0  0 -1  0  1  0], predicted secret = [0 0 1 0 0 0 0 1 0 0 0 1 1 0 0 0 0 1 0 0 0 0 0 1 0 0 0 0 0 0], true support = [0 1 1 0 0 0 0 1 0 0 1 1 1 0 0 0 0 1 0 0 0 0 1 0 0 0 1 0 1 0], predicted support = [0 0 1 0 0 0 0 1 0 0 0 1 1 0 0 0 0 1 0 0 0 0 0 1 0 0 0 0 0 0])
INFO - 04/10/26 19:55:14 - 0:44:13 - direct, ca, distinguisher - Max Rank: secret not predicted. (true secret = [ 0 -1 -1  0  0  0  0  1  0  0 -1  1 -1  0  0  0  0  1  0  0  0  0  1  0
                                       0  0 -1  0  1  0], predicted secret = [0 1 1 0 0 0 0 0 0 0 0 1 0 0 0 0 0 1 0 0 0 0 0 1 0 0 0 0 1 0], true support = [0 1 1 0 0 0 0 1 0 0 1 1 1 0 0 0 0 1 0 0 0 0 1 0 0 0 1 0 1 0], predicted support = [0 1 1 0 0 0 0 0 0 0 0 1 0 0 0 0 0 1 0 0 0 0 0 1 0 0 0 0 1 0])
INFO - 04/10/26 19:55:14 - 0:44:13 - Epoch 13 metrics | train_loss: 1.442616 | train_acc1: 32.954954 | train_acc2: 41.511716 | valid_xe_loss: 1.523134 | valid_acc1: 26.819620 | valid_acc2: 32.674051
INFO - 04/10/26 19:55:14 - 0:44:13 - __log__:{"train_loss": 1.44261624587322, "train_acc1": 32.954954414587334, "train_acc2": 41.51171625079974, "epoch": 13, "valid_xe_loss": 1.523133890538276, "valid_acc1": 26.819620253164558, "valid_acc2": 32.674050632911396}
INFO - 04/10/26 19:55:14 - 0:44:13 - Saving checkpoint to /home/yu_mcc/PQC_salsa/runs/n30_q127_h3_1m/train_gpu_ternary_h10_secret0_init0_epoch200000/checkpoint.pth ...
WARNING - 04/10/26 19:55:14 - 0:44:13 - Saving encoder parameters ...
WARNING - 04/10/26 19:55:14 - 0:44:13 - Saving decoder parameters ...
WARNING - 04/10/26 19:55:14 - 0:44:13 - Saving optimizer ...
INFO - 04/10/26 19:55:15 - 0:44:13 - ============ Starting epoch 14 ... ============
INFO - 04/10/26 19:55:16 - 0:44:15 -   21900 -   80.21 equations/s -  5133.14 words/s - MEM: 1.36 GB - LOSS:  1.4385 || ACC1: 33.5938 || ACC2: 43.0990 - LR: 1.0000e-05
INFO - 04/10/26 19:55:21 - 0:44:19 -   21950 - 1446.23 equations/s - 92558.96 words/s - MEM: 1.36 GB - LOSS:  1.4378 || ACC1: 33.6562 || ACC2: 42.4062 - LR: 1.0000e-05
INFO - 04/10/26 19:55:26 - 0:44:24 -   22000 - 1285.82 equations/s - 82292.70 words/s - MEM: 1.36 GB - LOSS:  1.4324 || ACC1: 33.6094 || ACC2: 43.2500 - LR: 1.0000e-05
INFO - 04/10/26 19:55:30 - 0:44:29 -   22050 - 1385.97 equations/s - 88702.34 words/s - MEM: 1.36 GB - LOSS:  1.4370 || ACC1: 33.3281 || ACC2: 41.7031 - LR: 1.0000e-05
INFO - 04/10/26 19:55:35 - 0:44:33 -   22100 - 1428.00 equations/s - 91392.07 words/s - MEM: 1.36 GB - LOSS:  1.4341 || ACC1: 32.9688 || ACC2: 41.9688 - LR: 1.0000e-05
INFO - 04/10/26 19:55:40 - 0:44:38 -   22150 - 1330.21 equations/s - 85133.74 words/s - MEM: 1.36 GB - LOSS:  1.4387 || ACC1: 32.6875 || ACC2: 42.1094 - LR: 1.0000e-05
INFO - 04/10/26 19:55:48 - 0:44:46 -   22200 -  782.37 equations/s - 50071.64 words/s - MEM: 1.36 GB - LOSS:  1.4346 || ACC1: 33.5469 || ACC2: 41.9688 - LR: 1.0000e-05
INFO - 04/10/26 19:55:52 - 0:44:51 -   22250 - 1417.38 equations/s - 90712.09 words/s - MEM: 1.36 GB - LOSS:  1.4280 || ACC1: 34.4688 || ACC2: 43.0625 - LR: 1.0000e-05
INFO - 04/10/26 19:55:57 - 0:44:56 -   22300 - 1350.64 equations/s - 86440.98 words/s - MEM: 1.36 GB - LOSS:  1.4342 || ACC1: 33.6250 || ACC2: 42.1406 - LR: 1.0000e-05
INFO - 04/10/26 19:56:02 - 0:45:00 -   22350 - 1402.91 equations/s - 89786.42 words/s - MEM: 1.36 GB - LOSS:  1.4332 || ACC1: 33.4219 || ACC2: 42.5312 - LR: 1.0000e-05
INFO - 04/10/26 19:56:06 - 0:45:05 -   22400 - 1401.43 equations/s - 89691.41 words/s - MEM: 1.36 GB - LOSS:  1.4337 || ACC1: 33.4219 || ACC2: 42.9688 - LR: 1.0000e-05
INFO - 04/10/26 19:56:11 - 0:45:10 -   22450 - 1347.32 equations/s - 86228.31 words/s - MEM: 1.36 GB - LOSS:  1.4373 || ACC1: 32.5938 || ACC2: 42.4531 - LR: 1.0000e-05
INFO - 04/10/26 19:56:16 - 0:45:14 -   22500 - 1368.31 equations/s - 87571.89 words/s - MEM: 1.36 GB - LOSS:  1.4300 || ACC1: 34.7656 || ACC2: 43.8281 - LR: 1.0000e-05
INFO - 04/10/26 19:56:24 - 0:45:22 -   22550 -  791.83 equations/s - 50676.83 words/s - MEM: 1.36 GB - LOSS:  1.4397 || ACC1: 33.3594 || ACC2: 42.4531 - LR: 1.0000e-05
INFO - 04/10/26 19:56:28 - 0:45:27 -   22600 - 1376.88 equations/s - 88120.12 words/s - MEM: 1.36 GB - LOSS:  1.4282 || ACC1: 33.8750 || ACC2: 43.4531 - LR: 1.0000e-05
INFO - 04/10/26 19:56:33 - 0:45:32 -   22650 - 1381.02 equations/s - 88385.27 words/s - MEM: 1.36 GB - LOSS:  1.4342 || ACC1: 32.8594 || ACC2: 41.8438 - LR: 1.0000e-05
INFO - 04/10/26 19:56:37 - 0:45:36 -   22700 - 1403.70 equations/s - 89836.83 words/s - MEM: 1.36 GB - LOSS:  1.4360 || ACC1: 32.9531 || ACC2: 42.1094 - LR: 1.0000e-05
INFO - 04/10/26 19:56:42 - 0:45:41 -   22750 - 1402.66 equations/s - 89770.40 words/s - MEM: 1.36 GB - LOSS:  1.4243 || ACC1: 35.2500 || ACC2: 44.4219 - LR: 1.0000e-05
INFO - 04/10/26 19:56:47 - 0:45:45 -   22800 - 1411.35 equations/s - 90326.49 words/s - MEM: 1.36 GB - LOSS:  1.4323 || ACC1: 33.8906 || ACC2: 42.8438 - LR: 1.0000e-05
INFO - 04/10/26 19:56:51 - 0:45:50 -   22850 - 1389.27 equations/s - 88913.50 words/s - MEM: 1.36 GB - LOSS:  1.4273 || ACC1: 34.1094 || ACC2: 43.6875 - LR: 1.0000e-05
INFO - 04/10/26 19:56:59 - 0:45:58 -   22900 -  799.59 equations/s - 51173.61 words/s - MEM: 1.36 GB - LOSS:  1.4250 || ACC1: 33.7656 || ACC2: 43.1250 - LR: 1.0000e-05
INFO - 04/10/26 19:57:04 - 0:46:02 -   22950 - 1391.56 equations/s - 89060.00 words/s - MEM: 1.36 GB - LOSS:  1.4295 || ACC1: 34.0000 || ACC2: 43.7500 - LR: 1.0000e-05
INFO - 04/10/26 19:57:08 - 0:46:07 -   23000 - 1371.11 equations/s - 87751.24 words/s - MEM: 1.36 GB - LOSS:  1.4281 || ACC1: 34.3125 || ACC2: 43.7969 - LR: 1.0000e-05
INFO - 04/10/26 19:57:13 - 0:46:12 -   23050 - 1397.97 equations/s - 89469.92 words/s - MEM: 1.36 GB - LOSS:  1.4279 || ACC1: 32.7031 || ACC2: 42.3906 - LR: 1.0000e-05
INFO - 04/10/26 19:57:18 - 0:46:16 -   23100 - 1368.52 equations/s - 87585.36 words/s - MEM: 1.36 GB - LOSS:  1.4286 || ACC1: 34.0938 || ACC2: 42.8125 - LR: 1.0000e-05
INFO - 04/10/26 19:57:22 - 0:46:21 -   23150 - 1433.12 equations/s - 91719.80 words/s - MEM: 1.36 GB - LOSS:  1.4271 || ACC1: 33.3125 || ACC2: 43.1250 - LR: 1.0000e-05
INFO - 04/10/26 19:57:27 - 0:46:25 -   23200 - 1453.02 equations/s - 92993.09 words/s - MEM: 1.36 GB - LOSS:  1.4304 || ACC1: 33.6875 || ACC2: 42.9375 - LR: 1.0000e-05
INFO - 04/10/26 19:57:35 - 0:46:33 -   23250 -  787.23 equations/s - 50382.75 words/s - MEM: 1.36 GB - LOSS:  1.4277 || ACC1: 33.5781 || ACC2: 43.0781 - LR: 1.0000e-05
INFO - 04/10/26 19:57:39 - 0:46:38 -   23300 - 1452.70 equations/s - 92972.55 words/s - MEM: 1.36 GB - LOSS:  1.4260 || ACC1: 34.4375 || ACC2: 43.8281 - LR: 1.0000e-05
INFO - 04/10/26 19:57:44 - 0:46:42 -   23350 - 1410.67 equations/s - 90282.96 words/s - MEM: 1.36 GB - LOSS:  1.4200 || ACC1: 34.8594 || ACC2: 43.6406 - LR: 1.0000e-05
INFO - 04/10/26 19:57:48 - 0:46:47 -   23400 - 1368.04 equations/s - 87554.65 words/s - MEM: 1.36 GB - LOSS:  1.4303 || ACC1: 33.6250 || ACC2: 43.2969 - LR: 1.0000e-05
INFO - 04/10/26 19:57:52 - 0:46:51 -   23445 - 1426.85 equations/s - 91318.13 words/s - MEM: 1.36 GB - LOSS:  1.4224 || ACC1: 34.0451 || ACC2: 43.9583 - LR: 1.0000e-05
INFO - 04/10/26 19:57:52 - 0:46:51 - ============ End of epoch 14 ============
INFO - 04/10/26 19:57:52 - 0:46:51 - Starting Distinguisher Method
INFO - 04/10/26 19:58:04 - 0:47:03 - Distinguishing 0s using the emd. 
INFO - 04/10/26 19:58:04 - 0:47:03 - Distinguishing +/-1s using the emd. 
INFO - 04/10/26 19:58:04 - 0:47:03 - Real secret: -1: {np.int64(1), np.int64(2), np.int64(10), np.int64(12), np.int64(26)}, 1: {np.int64(7), np.int64(11), np.int64(17), np.int64(22), np.int64(28)}
INFO - 04/10/26 19:58:04 - 0:47:03 - Distinguishing +/-1s using the mean. 
INFO - 04/10/26 19:58:04 - 0:47:03 - Real secret: -1: {np.int64(1), np.int64(2), np.int64(10), np.int64(12), np.int64(26)}, 1: {np.int64(7), np.int64(11), np.int64(17), np.int64(22), np.int64(28)}
INFO - 04/10/26 19:58:04 - 0:47:03 - Distinguishing 0s using the mean. 
INFO - 04/10/26 19:58:04 - 0:47:03 - Distinguishing +/-1s using the emd. 
INFO - 04/10/26 19:58:04 - 0:47:03 - Real secret: -1: {np.int64(1), np.int64(2), np.int64(10), np.int64(12), np.int64(26)}, 1: {np.int64(7), np.int64(11), np.int64(17), np.int64(22), np.int64(28)}
INFO - 04/10/26 19:58:04 - 0:47:03 - Distinguishing +/-1s using the mean. 
INFO - 04/10/26 19:58:04 - 0:47:03 - Real secret: -1: {np.int64(1), np.int64(2), np.int64(10), np.int64(12), np.int64(26)}, 1: {np.int64(7), np.int64(11), np.int64(17), np.int64(22), np.int64(28)}
INFO - 04/10/26 19:58:04 - 0:47:03 - Starting Direct Method
INFO - 04/10/26 19:58:04 - 0:47:03 - Direct:  K=57
INFO - 04/10/26 19:58:04 - 0:47:03 - Direct:  K=53
INFO - 04/10/26 19:58:04 - 0:47:03 - Direct:  K=92
INFO - 04/10/26 19:58:04 - 0:47:03 - Direct:  K=54
INFO - 04/10/26 19:58:04 - 0:47:03 - Direct:  K=43
INFO - 04/10/26 19:58:05 - 0:47:03 - Direct:  K=65
INFO - 04/10/26 19:58:05 - 0:47:03 - Direct:  K=84
INFO - 04/10/26 19:58:05 - 0:47:04 - Direct:  K=80
INFO - 04/10/26 19:58:05 - 0:47:04 - Direct:  K=35
INFO - 04/10/26 19:58:05 - 0:47:04 - Direct:  K=88
INFO - 04/10/26 19:58:05 - 0:47:04 - Direct:  K=35
INFO - 04/10/26 19:58:05 - 0:47:04 - Direct:  K=35
INFO - 04/10/26 19:58:05 - 0:47:04 - Direct:  K=67
INFO - 04/10/26 19:58:05 - 0:47:04 - Direct:  K=36
INFO - 04/10/26 19:58:06 - 0:47:04 - Direct:  K=54
INFO - 04/10/26 19:58:06 - 0:47:04 - Direct: secret not predicted. (true secret = [ 0 -1 -1  0  0  0  0  1  0  0 -1  1 -1  0  0  0  0  1  0  0  0  0  1  0
                                       0  0 -1  0  1  0], predicted secret = [0 0 0 0 0 1 0 0 0 0 0 0 0 0 0 0 1 0 0 0 0 0 1 1 1 0 0 0 0 1], true support = [0 1 1 0 0 0 0 1 0 0 1 1 1 0 0 0 0 1 0 0 0 0 1 0 0 0 1 0 1 0], predicted support = [0 0 0 0 0 1 0 0 0 0 0 0 0 0 0 0 1 0 0 0 0 0 1 1 1 0 0 0 0 1])
INFO - 04/10/26 19:58:18 - 0:47:17 - CA: secret not predicted. (true secret = [ 0 -1 -1  0  0  0  0  1  0  0 -1  1 -1  0  0  0  0  1  0  0  0  0  1  0
                                       0  0 -1  0  1  0], predicted secret = [0 1 1 0 0 0 0 0 0 0 0 1 1 0 0 0 0 1 0 0 0 0 0 0 0 0 1 0 0 0], true support = [0 1 1 0 0 0 0 1 0 0 1 1 1 0 0 0 0 1 0 0 0 0 1 0 0 0 1 0 1 0], predicted support = [0 1 1 0 0 0 0 0 0 0 0 1 1 0 0 0 0 1 0 0 0 0 0 0 0 0 1 0 0 0])
INFO - 04/10/26 19:58:18 - 0:47:17 - CA: secret not predicted. (true secret = [ 0 -1 -1  0  0  0  0  1  0  0 -1  1 -1  0  0  0  0  1  0  0  0  0  1  0
                                       0  0 -1  0  1  0], predicted secret = [0 0 0 0 0 0 0 1 0 0 1 0 0 0 0 0 1 1 0 0 0 0 0 0 0 0 0 1 1 0], true support = [0 1 1 0 0 0 0 1 0 0 1 1 1 0 0 0 0 1 0 0 0 0 1 0 0 0 1 0 1 0], predicted support = [0 0 0 0 0 0 0 1 0 0 1 0 0 0 0 0 1 1 0 0 0 0 0 0 0 0 0 1 1 0])
INFO - 04/10/26 19:58:18 - 0:47:17 - Hybrid: direct, ca
INFO - 04/10/26 19:58:18 - 0:47:17 - direct, ca - Sum Normalized: secret not predicted. (true secret = [ 0 -1 -1  0  0  0  0  1  0  0 -1  1 -1  0  0  0  0  1  0  0  0  0  1  0
                                       0  0 -1  0  1  0], predicted secret = [0 0 0 0 0 0 0 0 0 0 0 1 0 0 0 0 1 1 0 0 0 0 1 1 0 0 0 0 1 0], true support = [0 1 1 0 0 0 0 1 0 0 1 1 1 0 0 0 0 1 0 0 0 0 1 0 0 0 1 0 1 0], predicted support = [0 0 0 0 0 0 0 0 0 0 0 1 0 0 0 0 1 1 0 0 0 0 1 1 0 0 0 0 1 0])
INFO - 04/10/26 19:58:18 - 0:47:17 - direct, ca - Max Normalized: secret not predicted. (true secret = [ 0 -1 -1  0  0  0  0  1  0  0 -1  1 -1  0  0  0  0  1  0  0  0  0  1  0
                                       0  0 -1  0  1  0], predicted secret = [0 1 0 0 0 0 0 0 0 0 0 0 0 0 0 0 1 1 0 0 0 0 1 1 1 0 0 0 0 0], true support = [0 1 1 0 0 0 0 1 0 0 1 1 1 0 0 0 0 1 0 0 0 0 1 0 0 0 1 0 1 0], predicted support = [0 1 0 0 0 0 0 0 0 0 0 0 0 0 0 0 1 1 0 0 0 0 1 1 1 0 0 0 0 0])
INFO - 04/10/26 19:58:18 - 0:47:17 - direct, ca - Sum Rank: secret not predicted. (true secret = [ 0 -1 -1  0  0  0  0  1  0  0 -1  1 -1  0  0  0  0  1  0  0  0  0  1  0
                                       0  0 -1  0  1  0], predicted secret = [0 0 0 0 0 1 0 0 0 0 0 1 0 0 0 0 0 1 0 0 0 0 1 1 0 0 0 0 1 0], true support = [0 1 1 0 0 0 0 1 0 0 1 1 1 0 0 0 0 1 0 0 0 0 1 0 0 0 1 0 1 0], predicted support = [0 0 0 0 0 1 0 0 0 0 0 1 0 0 0 0 0 1 0 0 0 0 1 1 0 0 0 0 1 0])
INFO - 04/10/26 19:58:18 - 0:47:17 - direct, ca - Max Rank: secret not predicted. (true secret = [ 0 -1 -1  0  0  0  0  1  0  0 -1  1 -1  0  0  0  0  1  0  0  0  0  1  0
                                       0  0 -1  0  1  0], predicted secret = [0 1 0 0 0 0 0 0 0 0 0 1 0 0 0 0 0 1 0 0 0 0 1 1 1 0 0 0 0 0], true support = [0 1 1 0 0 0 0 1 0 0 1 1 1 0 0 0 0 1 0 0 0 0 1 0 0 0 1 0 1 0], predicted support = [0 1 0 0 0 0 0 0 0 0 0 1 0 0 0 0 0 1 0 0 0 0 1 1 1 0 0 0 0 0])
INFO - 04/10/26 19:58:18 - 0:47:17 - Hybrid: direct, distinguisher
INFO - 04/10/26 19:58:18 - 0:47:17 - direct, distinguisher - Sum Normalized: secret not predicted. (true secret = [ 0 -1 -1  0  0  0  0  1  0  0 -1  1 -1  0  0  0  0  1  0  0  0  0  1  0
                                       0  0 -1  0  1  0], predicted secret = [0 0 0 0 0 0 0 1 0 0 0 1 0 0 0 0 0 1 0 0 0 0 1 1 0 0 0 0 1 0], true support = [0 1 1 0 0 0 0 1 0 0 1 1 1 0 0 0 0 1 0 0 0 0 1 0 0 0 1 0 1 0], predicted support = [0 0 0 0 0 0 0 1 0 0 0 1 0 0 0 0 0 1 0 0 0 0 1 1 0 0 0 0 1 0])
INFO - 04/10/26 19:58:18 - 0:47:17 - direct, distinguisher - Max Normalized: secret not predicted. (true secret = [ 0 -1 -1  0  0  0  0  1  0  0 -1  1 -1  0  0  0  0  1  0  0  0  0  1  0
                                       0  0 -1  0  1  0], predicted secret = [0 0 1 0 0 0 0 0 0 0 1 1 0 0 0 0 0 0 0 0 0 0 1 1 0 0 0 0 1 0], true support = [0 1 1 0 0 0 0 1 0 0 1 1 1 0 0 0 0 1 0 0 0 0 1 0 0 0 1 0 1 0], predicted support = [0 0 1 0 0 0 0 0 0 0 1 1 0 0 0 0 0 0 0 0 0 0 1 1 0 0 0 0 1 0])
INFO - 04/10/26 19:58:18 - 0:47:17 - direct, distinguisher - Sum Rank: secret not predicted. (true secret = [ 0 -1 -1  0  0  0  0  1  0  0 -1  1 -1  0  0  0  0  1  0  0  0  0  1  0
                                       0  0 -1  0  1  0], predicted secret = [0 0 0 0 0 0 0 1 0 0 0 1 0 0 0 0 0 0 0 0 0 1 1 1 0 0 0 0 1 0], true support = [0 1 1 0 0 0 0 1 0 0 1 1 1 0 0 0 0 1 0 0 0 0 1 0 0 0 1 0 1 0], predicted support = [0 0 0 0 0 0 0 1 0 0 0 1 0 0 0 0 0 0 0 0 0 1 1 1 0 0 0 0 1 0])
INFO - 04/10/26 19:58:18 - 0:47:17 - direct, distinguisher - Max Rank: secret not predicted. (true secret = [ 0 -1 -1  0  0  0  0  1  0  0 -1  1 -1  0  0  0  0  1  0  0  0  0  1  0
                                       0  0 -1  0  1  0], predicted secret = [0 0 0 0 0 0 0 0 0 0 1 1 0 0 0 0 0 0 0 0 0 0 1 1 1 0 0 0 1 0], true support = [0 1 1 0 0 0 0 1 0 0 1 1 1 0 0 0 0 1 0 0 0 0 1 0 0 0 1 0 1 0], predicted support = [0 0 0 0 0 0 0 0 0 0 1 1 0 0 0 0 0 0 0 0 0 0 1 1 1 0 0 0 1 0])
INFO - 04/10/26 19:58:18 - 0:47:17 - Hybrid: ca, distinguisher
INFO - 04/10/26 19:58:18 - 0:47:17 - ca, distinguisher - Sum Normalized: secret not predicted. (true secret = [ 0 -1 -1  0  0  0  0  1  0  0 -1  1 -1  0  0  0  0  1  0  0  0  0  1  0
                                       0  0 -1  0  1  0], predicted secret = [0 1 1 0 0 0 0 0 0 0 1 1 0 0 0 0 0 1 0 0 0 0 0 0 0 0 0 0 1 0], true support = [0 1 1 0 0 0 0 1 0 0 1 1 1 0 0 0 0 1 0 0 0 0 1 0 0 0 1 0 1 0], predicted support = [0 1 1 0 0 0 0 0 0 0 1 1 0 0 0 0 0 1 0 0 0 0 0 0 0 0 0 0 1 0])
INFO - 04/10/26 19:58:18 - 0:47:17 - ca, distinguisher - Max Normalized: secret not predicted. (true secret = [ 0 -1 -1  0  0  0  0  1  0  0 -1  1 -1  0  0  0  0  1  0  0  0  0  1  0
                                       0  0 -1  0  1  0], predicted secret = [0 0 1 0 0 0 0 1 0 0 1 1 0 0 0 0 0 1 0 0 0 0 0 0 0 0 0 0 1 0], true support = [0 1 1 0 0 0 0 1 0 0 1 1 1 0 0 0 0 1 0 0 0 0 1 0 0 0 1 0 1 0], predicted support = [0 0 1 0 0 0 0 1 0 0 1 1 0 0 0 0 0 1 0 0 0 0 0 0 0 0 0 0 1 0])
INFO - 04/10/26 19:58:18 - 0:47:17 - ca, distinguisher - Sum Rank: secret not predicted. (true secret = [ 0 -1 -1  0  0  0  0  1  0  0 -1  1 -1  0  0  0  0  1  0  0  0  0  1  0
                                       0  0 -1  0  1  0], predicted secret = [0 1 1 0 0 0 0 0 0 0 1 1 0 0 0 0 0 1 0 0 0 0 0 0 0 0 0 0 1 0], true support = [0 1 1 0 0 0 0 1 0 0 1 1 1 0 0 0 0 1 0 0 0 0 1 0 0 0 1 0 1 0], predicted support = [0 1 1 0 0 0 0 0 0 0 1 1 0 0 0 0 0 1 0 0 0 0 0 0 0 0 0 0 1 0])
INFO - 04/10/26 19:58:18 - 0:47:17 - ca, distinguisher - Max Rank: secret not predicted. (true secret = [ 0 -1 -1  0  0  0  0  1  0  0 -1  1 -1  0  0  0  0  1  0  0  0  0  1  0
                                       0  0 -1  0  1  0], predicted secret = [0 1 1 0 0 0 0 0 0 0 1 1 0 0 0 0 0 1 0 0 0 0 0 0 0 0 0 0 1 0], true support = [0 1 1 0 0 0 0 1 0 0 1 1 1 0 0 0 0 1 0 0 0 0 1 0 0 0 1 0 1 0], predicted support = [0 1 1 0 0 0 0 0 0 0 1 1 0 0 0 0 0 1 0 0 0 0 0 0 0 0 0 0 1 0])
INFO - 04/10/26 19:58:18 - 0:47:17 - Hybrid: direct, ca, distinguisher
INFO - 04/10/26 19:58:18 - 0:47:17 - direct, ca, distinguisher - Sum Normalized: secret not predicted. (true secret = [ 0 -1 -1  0  0  0  0  1  0  0 -1  1 -1  0  0  0  0  1  0  0  0  0  1  0
                                       0  0 -1  0  1  0], predicted secret = [0 1 1 0 0 0 0 0 0 0 0 1 0 0 0 0 0 1 0 0 0 0 1 0 0 0 0 0 1 0], true support = [0 1 1 0 0 0 0 1 0 0 1 1 1 0 0 0 0 1 0 0 0 0 1 0 0 0 1 0 1 0], predicted support = [0 1 1 0 0 0 0 0 0 0 0 1 0 0 0 0 0 1 0 0 0 0 1 0 0 0 0 0 1 0])
INFO - 04/10/26 19:58:18 - 0:47:17 - direct, ca, distinguisher - Max Normalized: secret not predicted. (true secret = [ 0 -1 -1  0  0  0  0  1  0  0 -1  1 -1  0  0  0  0  1  0  0  0  0  1  0
                                       0  0 -1  0  1  0], predicted secret = [0 0 0 0 0 0 0 0 0 0 1 1 0 0 0 0 0 1 0 0 0 0 1 1 0 0 0 0 1 0], true support = [0 1 1 0 0 0 0 1 0 0 1 1 1 0 0 0 0 1 0 0 0 0 1 0 0 0 1 0 1 0], predicted support = [0 0 0 0 0 0 0 0 0 0 1 1 0 0 0 0 0 1 0 0 0 0 1 1 0 0 0 0 1 0])
INFO - 04/10/26 19:58:18 - 0:47:17 - direct, ca, distinguisher - Sum Rank: secret not predicted. (true secret = [ 0 -1 -1  0  0  0  0  1  0  0 -1  1 -1  0  0  0  0  1  0  0  0  0  1  0
                                       0  0 -1  0  1  0], predicted secret = [0 0 0 0 0 0 0 1 0 0 0 1 0 0 0 0 0 1 0 0 0 0 1 1 0 0 0 0 1 0], true support = [0 1 1 0 0 0 0 1 0 0 1 1 1 0 0 0 0 1 0 0 0 0 1 0 0 0 1 0 1 0], predicted support = [0 0 0 0 0 0 0 1 0 0 0 1 0 0 0 0 0 1 0 0 0 0 1 1 0 0 0 0 1 0])
INFO - 04/10/26 19:58:18 - 0:47:17 - direct, ca, distinguisher - Max Rank: secret not predicted. (true secret = [ 0 -1 -1  0  0  0  0  1  0  0 -1  1 -1  0  0  0  0  1  0  0  0  0  1  0
                                       0  0 -1  0  1  0], predicted secret = [0 1 0 0 0 0 0 0 0 0 1 0 0 0 0 0 0 1 0 0 0 0 1 1 0 0 0 0 1 0], true support = [0 1 1 0 0 0 0 1 0 0 1 1 1 0 0 0 0 1 0 0 0 0 1 0 0 0 1 0 1 0], predicted support = [0 1 0 0 0 0 0 0 0 0 1 0 0 0 0 0 0 1 0 0 0 0 1 1 0 0 0 0 1 0])
INFO - 04/10/26 19:58:18 - 0:47:17 - Epoch 14 metrics | train_loss: 1.430954 | train_acc1: 33.701216 | train_acc2: 42.932262 | valid_xe_loss: 1.540816 | valid_acc1: 26.869066 | valid_acc2: 31.764241
INFO - 04/10/26 19:58:18 - 0:47:17 - __log__:{"train_loss": 1.4309537493107187, "train_acc1": 33.70121561100448, "train_acc2": 42.93226167626359, "epoch": 14, "valid_xe_loss": 1.5408162663254557, "valid_acc1": 26.869066455696203, "valid_acc2": 31.764240506329113}
INFO - 04/10/26 19:58:18 - 0:47:17 - Saving checkpoint to /home/yu_mcc/PQC_salsa/runs/n30_q127_h3_1m/train_gpu_ternary_h10_secret0_init0_epoch200000/checkpoint.pth ...
WARNING - 04/10/26 19:58:18 - 0:47:17 - Saving encoder parameters ...
WARNING - 04/10/26 19:58:18 - 0:47:17 - Saving decoder parameters ...
WARNING - 04/10/26 19:58:18 - 0:47:17 - Saving optimizer ...
INFO - 04/10/26 19:58:18 - 0:47:17 - ============ Starting epoch 15 ... ============
INFO - 04/10/26 19:58:19 - 0:47:17 -   23450 -   24.37 equations/s -  1559.63 words/s - MEM: 1.36 GB - LOSS:  1.4056 || ACC1: 38.1250 || ACC2: 48.1250 - LR: 1.0000e-05
INFO - 04/10/26 19:58:23 - 0:47:22 -   23500 - 1401.38 equations/s - 89688.54 words/s - MEM: 1.36 GB - LOSS:  1.4236 || ACC1: 34.5312 || ACC2: 43.9688 - LR: 1.0000e-05
INFO - 04/10/26 19:58:27 - 0:47:26 -   23550 - 1556.47 equations/s - 99614.24 words/s - MEM: 1.36 GB - LOSS:  1.4136 || ACC1: 35.0469 || ACC2: 44.9688 - LR: 1.0000e-05
INFO - 04/10/26 19:58:32 - 0:47:31 -   23600 - 1318.14 equations/s - 84361.27 words/s - MEM: 1.36 GB - LOSS:  1.4183 || ACC1: 34.9688 || ACC2: 44.6875 - LR: 1.0000e-05
INFO - 04/10/26 19:58:37 - 0:47:36 -   23650 - 1377.63 equations/s - 88168.52 words/s - MEM: 1.36 GB - LOSS:  1.4174 || ACC1: 34.4375 || ACC2: 44.3281 - LR: 1.0000e-05
INFO - 04/10/26 19:58:41 - 0:47:40 -   23700 - 1385.25 equations/s - 88656.18 words/s - MEM: 1.36 GB - LOSS:  1.4200 || ACC1: 33.4531 || ACC2: 43.6562 - LR: 1.0000e-05
INFO - 04/10/26 19:58:50 - 0:47:49 -   23750 -  760.64 equations/s - 48681.20 words/s - MEM: 1.36 GB - LOSS:  1.4148 || ACC1: 35.8125 || ACC2: 44.9531 - LR: 1.0000e-05
INFO - 04/10/26 19:58:54 - 0:47:53 -   23800 - 1362.64 equations/s - 87209.00 words/s - MEM: 1.36 GB - LOSS:  1.4247 || ACC1: 34.3594 || ACC2: 43.5781 - LR: 1.0000e-05
INFO - 04/10/26 19:58:59 - 0:47:58 -   23850 - 1408.46 equations/s - 90141.47 words/s - MEM: 1.36 GB - LOSS:  1.4231 || ACC1: 33.5938 || ACC2: 42.5156 - LR: 1.0000e-05
INFO - 04/10/26 19:59:04 - 0:48:02 -   23900 - 1363.16 equations/s - 87242.52 words/s - MEM: 1.36 GB - LOSS:  1.4195 || ACC1: 34.2344 || ACC2: 44.2500 - LR: 1.0000e-05
INFO - 04/10/26 19:59:08 - 0:48:07 -   23950 - 1391.34 equations/s - 89045.54 words/s - MEM: 1.36 GB - LOSS:  1.4196 || ACC1: 33.9375 || ACC2: 43.8750 - LR: 1.0000e-05
INFO - 04/10/26 19:59:13 - 0:48:12 -   24000 - 1371.32 equations/s - 87764.28 words/s - MEM: 1.36 GB - LOSS:  1.4237 || ACC1: 34.7812 || ACC2: 44.2500 - LR: 1.0000e-05
INFO - 04/10/26 19:59:21 - 0:48:20 -   24050 -  774.40 equations/s - 49561.53 words/s - MEM: 1.36 GB - LOSS:  1.4189 || ACC1: 33.8750 || ACC2: 44.3281 - LR: 1.0000e-05
INFO - 04/10/26 19:59:26 - 0:48:25 -   24100 - 1418.01 equations/s - 90752.43 words/s - MEM: 1.36 GB - LOSS:  1.4148 || ACC1: 34.4062 || ACC2: 44.4688 - LR: 1.0000e-05
INFO - 04/10/26 19:59:30 - 0:48:29 -   24150 - 1360.22 equations/s - 87054.04 words/s - MEM: 1.36 GB - LOSS:  1.4163 || ACC1: 34.1250 || ACC2: 44.6875 - LR: 1.0000e-05
INFO - 04/10/26 19:59:35 - 0:48:34 -   24200 - 1347.30 equations/s - 86226.96 words/s - MEM: 1.36 GB - LOSS:  1.4138 || ACC1: 34.7188 || ACC2: 44.4844 - LR: 1.0000e-05
INFO - 04/10/26 19:59:40 - 0:48:39 -   24250 - 1346.44 equations/s - 86172.29 words/s - MEM: 1.36 GB - LOSS:  1.4182 || ACC1: 35.4375 || ACC2: 45.5469 - LR: 1.0000e-05
INFO - 04/10/26 19:59:45 - 0:48:43 -   24300 - 1351.32 equations/s - 86484.74 words/s - MEM: 1.36 GB - LOSS:  1.4131 || ACC1: 35.0938 || ACC2: 44.7812 - LR: 1.0000e-05
INFO - 04/10/26 19:59:49 - 0:48:48 -   24350 - 1366.57 equations/s - 87460.76 words/s - MEM: 1.36 GB - LOSS:  1.4189 || ACC1: 34.3438 || ACC2: 44.2188 - LR: 1.0000e-05
INFO - 04/10/26 19:59:58 - 0:48:56 -   24400 -  774.15 equations/s - 49545.88 words/s - MEM: 1.36 GB - LOSS:  1.4171 || ACC1: 33.8906 || ACC2: 43.9531 - LR: 1.0000e-05
INFO - 04/10/26 20:00:02 - 0:49:01 -   24450 - 1433.32 equations/s - 91732.61 words/s - MEM: 1.36 GB - LOSS:  1.4152 || ACC1: 36.1094 || ACC2: 45.7812 - LR: 1.0000e-05
INFO - 04/10/26 20:00:07 - 0:49:05 -   24500 - 1394.81 equations/s - 89268.06 words/s - MEM: 1.36 GB - LOSS:  1.4156 || ACC1: 35.0312 || ACC2: 45.0469 - LR: 1.0000e-05
INFO - 04/10/26 20:00:11 - 0:49:10 -   24550 - 1381.41 equations/s - 88410.28 words/s - MEM: 1.36 GB - LOSS:  1.4169 || ACC1: 33.9375 || ACC2: 44.2656 - LR: 1.0000e-05
INFO - 04/10/26 20:00:16 - 0:49:15 -   24600 - 1400.17 equations/s - 89611.05 words/s - MEM: 1.36 GB - LOSS:  1.4124 || ACC1: 34.1094 || ACC2: 44.4062 - LR: 1.0000e-05
INFO - 04/10/26 20:00:21 - 0:49:19 -   24650 - 1384.58 equations/s - 88613.37 words/s - MEM: 1.36 GB - LOSS:  1.4121 || ACC1: 35.0156 || ACC2: 45.5469 - LR: 1.0000e-05
INFO - 04/10/26 20:00:25 - 0:49:24 -   24700 - 1377.39 equations/s - 88153.12 words/s - MEM: 1.36 GB - LOSS:  1.4178 || ACC1: 34.1406 || ACC2: 44.1562 - LR: 1.0000e-05
INFO - 04/10/26 20:00:33 - 0:49:32 -   24750 -  789.25 equations/s - 50512.17 words/s - MEM: 1.36 GB - LOSS:  1.4100 || ACC1: 35.1719 || ACC2: 45.2188 - LR: 1.0000e-05
INFO - 04/10/26 20:00:38 - 0:49:37 -   24800 - 1372.98 equations/s - 87870.78 words/s - MEM: 1.36 GB - LOSS:  1.4098 || ACC1: 34.8281 || ACC2: 44.9219 - LR: 1.0000e-05
INFO - 04/10/26 20:00:43 - 0:49:41 -   24850 - 1366.92 equations/s - 87482.57 words/s - MEM: 1.36 GB - LOSS:  1.4053 || ACC1: 34.9531 || ACC2: 45.0000 - LR: 1.0000e-05
INFO - 04/10/26 20:00:47 - 0:49:46 -   24900 - 1415.73 equations/s - 90606.79 words/s - MEM: 1.36 GB - LOSS:  1.4106 || ACC1: 34.9062 || ACC2: 45.5938 - LR: 1.0000e-05
INFO - 04/10/26 20:00:52 - 0:49:51 -   24950 - 1332.83 equations/s - 85301.43 words/s - MEM: 1.36 GB - LOSS:  1.4003 || ACC1: 36.1094 || ACC2: 45.7969 - LR: 1.0000e-05
INFO - 04/10/26 20:00:56 - 0:49:55 -   25000 - 1500.28 equations/s - 96018.12 words/s - MEM: 1.36 GB - LOSS:  1.4039 || ACC1: 35.2812 || ACC2: 45.4688 - LR: 1.0000e-05
INFO - 04/10/26 20:00:57 - 0:49:56 -   25008 - 1221.33 equations/s - 78165.04 words/s - MEM: 1.36 GB - LOSS:  1.4139 || ACC1: 35.0586 || ACC2: 47.3633 - LR: 1.0000e-05
INFO - 04/10/26 20:00:57 - 0:49:56 - ============ End of epoch 15 ============
INFO - 04/10/26 20:00:57 - 0:49:56 - Starting Distinguisher Method
INFO - 04/10/26 20:01:15 - 0:50:13 - Distinguishing 0s using the emd. 
INFO - 04/10/26 20:01:15 - 0:50:13 - Distinguishing +/-1s using the emd. 
INFO - 04/10/26 20:01:15 - 0:50:13 - Real secret: -1: {np.int64(1), np.int64(2), np.int64(10), np.int64(12), np.int64(26)}, 1: {np.int64(7), np.int64(11), np.int64(17), np.int64(22), np.int64(28)}
INFO - 04/10/26 20:01:15 - 0:50:13 - Nonzero bits not identified. Guess: [ 3  2  1  7 12 11 26 22 28 17]
INFO - 04/10/26 20:01:15 - 0:50:13 - Distinguishing +/-1s using the mean. 
INFO - 04/10/26 20:01:15 - 0:50:13 - Real secret: -1: {np.int64(1), np.int64(2), np.int64(10), np.int64(12), np.int64(26)}, 1: {np.int64(7), np.int64(11), np.int64(17), np.int64(22), np.int64(28)}
INFO - 04/10/26 20:01:15 - 0:50:13 - Nonzero bits not identified. Guess: [ 3  2  1  7 12 11 26 22 28 17]
INFO - 04/10/26 20:01:15 - 0:50:13 - Distinguishing 0s using the mean. 
INFO - 04/10/26 20:01:15 - 0:50:13 - Distinguishing +/-1s using the emd. 
INFO - 04/10/26 20:01:15 - 0:50:13 - Real secret: -1: {np.int64(1), np.int64(2), np.int64(10), np.int64(12), np.int64(26)}, 1: {np.int64(7), np.int64(11), np.int64(17), np.int64(22), np.int64(28)}
INFO - 04/10/26 20:01:15 - 0:50:13 - Distinguishing +/-1s using the mean. 
INFO - 04/10/26 20:01:15 - 0:50:13 - Real secret: -1: {np.int64(1), np.int64(2), np.int64(10), np.int64(12), np.int64(26)}, 1: {np.int64(7), np.int64(11), np.int64(17), np.int64(22), np.int64(28)}
INFO - 04/10/26 20:01:15 - 0:50:13 - Starting Direct Method
INFO - 04/10/26 20:01:15 - 0:50:13 - Direct:  K=86
INFO - 04/10/26 20:01:15 - 0:50:13 - Direct:  K=35
INFO - 04/10/26 20:01:15 - 0:50:14 - Direct:  K=63
INFO - 04/10/26 20:01:15 - 0:50:14 - Direct:  K=61
INFO - 04/10/26 20:01:15 - 0:50:14 - Direct:  K=80
INFO - 04/10/26 20:01:15 - 0:50:14 - Direct:  K=84
INFO - 04/10/26 20:01:15 - 0:50:14 - Direct:  K=90
INFO - 04/10/26 20:01:15 - 0:50:14 - Direct:  K=41
INFO - 04/10/26 20:01:15 - 0:50:14 - Direct:  K=45
INFO - 04/10/26 20:01:16 - 0:50:14 - Direct:  K=69
INFO - 04/10/26 20:01:16 - 0:50:14 - Direct:  K=51
INFO - 04/10/26 20:01:16 - 0:50:14 - Direct:  K=77
INFO - 04/10/26 20:01:16 - 0:50:15 - Direct:  K=87
INFO - 04/10/26 20:01:16 - 0:50:15 - Direct:  K=85
INFO - 04/10/26 20:01:16 - 0:50:15 - Direct:  K=48
INFO - 04/10/26 20:01:16 - 0:50:15 - Direct: secret not predicted. (true secret = [ 0 -1 -1  0  0  0  0  1  0  0 -1  1 -1  0  0  0  0  1  0  0  0  0  1  0
                                       0  0 -1  0  1  0], predicted secret = [0 0 1 0 0 1 0 0 0 0 0 0 0 0 0 0 0 0 0 0 0 0 1 1 0 1 0 0 0 1], true support = [0 1 1 0 0 0 0 1 0 0 1 1 1 0 0 0 0 1 0 0 0 0 1 0 0 0 1 0 1 0], predicted support = [0 0 1 0 0 1 0 0 0 0 0 0 0 0 0 0 0 0 0 0 0 0 1 1 0 1 0 0 0 1])
INFO - 04/10/26 20:01:25 - 0:50:24 - CA: secret not predicted. (true secret = [ 0 -1 -1  0  0  0  0  1  0  0 -1  1 -1  0  0  0  0  1  0  0  0  0  1  0
                                       0  0 -1  0  1  0], predicted secret = [0 1 1 0 0 0 0 0 0 0 0 1 1 0 0 0 0 1 0 0 0 0 0 1 0 0 0 0 0 0], true support = [0 1 1 0 0 0 0 1 0 0 1 1 1 0 0 0 0 1 0 0 0 0 1 0 0 0 1 0 1 0], predicted support = [0 1 1 0 0 0 0 0 0 0 0 1 1 0 0 0 0 1 0 0 0 0 0 1 0 0 0 0 0 0])
INFO - 04/10/26 20:01:25 - 0:50:24 - CA: secret not predicted. (true secret = [ 0 -1 -1  0  0  0  0  1  0  0 -1  1 -1  0  0  0  0  1  0  0  0  0  1  0
                                       0  0 -1  0  1  0], predicted secret = [0 0 0 0 0 0 0 1 0 0 1 0 0 0 0 0 1 1 0 0 0 0 0 0 0 0 0 1 1 0], true support = [0 1 1 0 0 0 0 1 0 0 1 1 1 0 0 0 0 1 0 0 0 0 1 0 0 0 1 0 1 0], predicted support = [0 0 0 0 0 0 0 1 0 0 1 0 0 0 0 0 1 1 0 0 0 0 0 0 0 0 0 1 1 0])
INFO - 04/10/26 20:01:25 - 0:50:24 - Hybrid: direct, ca
INFO - 04/10/26 20:01:25 - 0:50:24 - direct, ca - Sum Normalized: secret not predicted. (true secret = [ 0 -1 -1  0  0  0  0  1  0  0 -1  1 -1  0  0  0  0  1  0  0  0  0  1  0
                                       0  0 -1  0  1  0], predicted secret = [0 1 1 0 0 0 0 0 0 0 0 0 0 0 0 0 0 1 0 0 0 0 0 1 0 1 0 0 1 0], true support = [0 1 1 0 0 0 0 1 0 0 1 1 1 0 0 0 0 1 0 0 0 0 1 0 0 0 1 0 1 0], predicted support = [0 1 1 0 0 0 0 0 0 0 0 0 0 0 0 0 0 1 0 0 0 0 0 1 0 1 0 0 1 0])
INFO - 04/10/26 20:01:25 - 0:50:24 - direct, ca - Max Normalized: secret not predicted. (true secret = [ 0 -1 -1  0  0  0  0  1  0  0 -1  1 -1  0  0  0  0  1  0  0  0  0  1  0
                                       0  0 -1  0  1  0], predicted secret = [0 1 0 0 0 0 0 0 0 0 0 1 0 0 0 0 0 1 0 0 0 0 0 1 0 1 0 0 1 0], true support = [0 1 1 0 0 0 0 1 0 0 1 1 1 0 0 0 0 1 0 0 0 0 1 0 0 0 1 0 1 0], predicted support = [0 1 0 0 0 0 0 0 0 0 0 1 0 0 0 0 0 1 0 0 0 0 0 1 0 1 0 0 1 0])
INFO - 04/10/26 20:01:25 - 0:50:24 - direct, ca - Sum Rank: secret not predicted. (true secret = [ 0 -1 -1  0  0  0  0  1  0  0 -1  1 -1  0  0  0  0  1  0  0  0  0  1  0
                                       0  0 -1  0  1  0], predicted secret = [0 0 1 0 0 1 0 0 0 0 0 0 1 0 0 0 0 0 0 0 0 0 1 1 0 0 0 0 1 0], true support = [0 1 1 0 0 0 0 1 0 0 1 1 1 0 0 0 0 1 0 0 0 0 1 0 0 0 1 0 1 0], predicted support = [0 0 1 0 0 1 0 0 0 0 0 0 1 0 0 0 0 0 0 0 0 0 1 1 0 0 0 0 1 0])
INFO - 04/10/26 20:01:25 - 0:50:24 - direct, ca - Max Rank: secret not predicted. (true secret = [ 0 -1 -1  0  0  0  0  1  0  0 -1  1 -1  0  0  0  0  1  0  0  0  0  1  0
                                       0  0 -1  0  1  0], predicted secret = [0 1 0 0 0 0 0 0 0 0 0 0 0 0 0 0 0 1 0 0 0 0 0 1 0 1 0 0 1 1], true support = [0 1 1 0 0 0 0 1 0 0 1 1 1 0 0 0 0 1 0 0 0 0 1 0 0 0 1 0 1 0], predicted support = [0 1 0 0 0 0 0 0 0 0 0 0 0 0 0 0 0 1 0 0 0 0 0 1 0 1 0 0 1 1])
INFO - 04/10/26 20:01:25 - 0:50:24 - Hybrid: direct, distinguisher
INFO - 04/10/26 20:01:25 - 0:50:24 - direct, distinguisher - Sum Normalized: secret not predicted. (true secret = [ 0 -1 -1  0  0  0  0  1  0  0 -1  1 -1  0  0  0  0  1  0  0  0  0  1  0
                                       0  0 -1  0  1  0], predicted secret = [0 0 1 0 0 0 0 1 0 0 0 0 1 0 0 0 0 0 0 0 0 0 1 0 0 1 0 0 1 0], true support = [0 1 1 0 0 0 0 1 0 0 1 1 1 0 0 0 0 1 0 0 0 0 1 0 0 0 1 0 1 0], predicted support = [0 0 1 0 0 0 0 1 0 0 0 0 1 0 0 0 0 0 0 0 0 0 1 0 0 1 0 0 1 0])
INFO - 04/10/26 20:01:25 - 0:50:24 - direct, distinguisher - Max Normalized: secret not predicted. (true secret = [ 0 -1 -1  0  0  0  0  1  0  0 -1  1 -1  0  0  0  0  1  0  0  0  0  1  0
                                       0  0 -1  0  1  0], predicted secret = [0 1 1 0 0 0 0 0 0 0 0 0 1 0 0 0 0 1 0 0 0 0 0 0 0 1 0 0 1 0], true support = [0 1 1 0 0 0 0 1 0 0 1 1 1 0 0 0 0 1 0 0 0 0 1 0 0 0 1 0 1 0], predicted support = [0 1 1 0 0 0 0 0 0 0 0 0 1 0 0 0 0 1 0 0 0 0 0 0 0 1 0 0 1 0])
INFO - 04/10/26 20:01:25 - 0:50:24 - direct, distinguisher - Sum Rank: secret not predicted. (true secret = [ 0 -1 -1  0  0  0  0  1  0  0 -1  1 -1  0  0  0  0  1  0  0  0  0  1  0
                                       0  0 -1  0  1  0], predicted secret = [0 0 1 0 0 0 0 0 0 0 0 0 1 0 0 0 0 0 0 0 0 0 1 1 0 1 0 0 0 1], true support = [0 1 1 0 0 0 0 1 0 0 1 1 1 0 0 0 0 1 0 0 0 0 1 0 0 0 1 0 1 0], predicted support = [0 0 1 0 0 0 0 0 0 0 0 0 1 0 0 0 0 0 0 0 0 0 1 1 0 1 0 0 0 1])
INFO - 04/10/26 20:01:25 - 0:50:24 - direct, distinguisher - Max Rank: secret not predicted. (true secret = [ 0 -1 -1  0  0  0  0  1  0  0 -1  1 -1  0  0  0  0  1  0  0  0  0  1  0
                                       0  0 -1  0  1  0], predicted secret = [0 1 0 0 0 0 0 0 0 0 0 0 0 0 0 0 0 1 0 0 0 0 0 1 0 1 0 0 1 1], true support = [0 1 1 0 0 0 0 1 0 0 1 1 1 0 0 0 0 1 0 0 0 0 1 0 0 0 1 0 1 0], predicted support = [0 1 0 0 0 0 0 0 0 0 0 0 0 0 0 0 0 1 0 0 0 0 0 1 0 1 0 0 1 1])
INFO - 04/10/26 20:01:25 - 0:50:24 - Hybrid: ca, distinguisher
INFO - 04/10/26 20:01:25 - 0:50:24 - ca, distinguisher - Sum Normalized: secret not predicted. (true secret = [ 0 -1 -1  0  0  0  0  1  0  0 -1  1 -1  0  0  0  0  1  0  0  0  0  1  0
                                       0  0 -1  0  1  0], predicted secret = [0 1 1 0 0 0 0 0 0 0 0 1 1 0 0 0 0 1 0 0 0 0 0 0 0 0 0 0 1 0], true support = [0 1 1 0 0 0 0 1 0 0 1 1 1 0 0 0 0 1 0 0 0 0 1 0 0 0 1 0 1 0], predicted support = [0 1 1 0 0 0 0 0 0 0 0 1 1 0 0 0 0 1 0 0 0 0 0 0 0 0 0 0 1 0])
INFO - 04/10/26 20:01:25 - 0:50:24 - ca, distinguisher - Max Normalized: secret not predicted. (true secret = [ 0 -1 -1  0  0  0  0  1  0  0 -1  1 -1  0  0  0  0  1  0  0  0  0  1  0
                                       0  0 -1  0  1  0], predicted secret = [0 1 1 0 0 0 0 0 0 0 0 0 1 0 0 0 0 1 0 0 0 0 1 0 0 0 0 0 1 0], true support = [0 1 1 0 0 0 0 1 0 0 1 1 1 0 0 0 0 1 0 0 0 0 1 0 0 0 1 0 1 0], predicted support = [0 1 1 0 0 0 0 0 0 0 0 0 1 0 0 0 0 1 0 0 0 0 1 0 0 0 0 0 1 0])
INFO - 04/10/26 20:01:25 - 0:50:24 - ca, distinguisher - Sum Rank: secret not predicted. (true secret = [ 0 -1 -1  0  0  0  0  1  0  0 -1  1 -1  0  0  0  0  1  0  0  0  0  1  0
                                       0  0 -1  0  1  0], predicted secret = [0 1 1 0 0 0 0 0 0 0 0 1 1 0 0 0 0 1 0 0 0 0 0 0 0 0 0 0 1 0], true support = [0 1 1 0 0 0 0 1 0 0 1 1 1 0 0 0 0 1 0 0 0 0 1 0 0 0 1 0 1 0], predicted support = [0 1 1 0 0 0 0 0 0 0 0 1 1 0 0 0 0 1 0 0 0 0 0 0 0 0 0 0 1 0])
INFO - 04/10/26 20:01:25 - 0:50:24 - ca, distinguisher - Max Rank: secret not predicted. (true secret = [ 0 -1 -1  0  0  0  0  1  0  0 -1  1 -1  0  0  0  0  1  0  0  0  0  1  0
                                       0  0 -1  0  1  0], predicted secret = [0 1 1 0 0 0 0 0 0 0 0 1 1 0 0 0 0 1 0 0 0 0 0 0 0 0 0 0 1 0], true support = [0 1 1 0 0 0 0 1 0 0 1 1 1 0 0 0 0 1 0 0 0 0 1 0 0 0 1 0 1 0], predicted support = [0 1 1 0 0 0 0 0 0 0 0 1 1 0 0 0 0 1 0 0 0 0 0 0 0 0 0 0 1 0])
INFO - 04/10/26 20:01:25 - 0:50:24 - Hybrid: direct, ca, distinguisher
INFO - 04/10/26 20:01:25 - 0:50:24 - direct, ca, distinguisher - Sum Normalized: secret not predicted. (true secret = [ 0 -1 -1  0  0  0  0  1  0  0 -1  1 -1  0  0  0  0  1  0  0  0  0  1  0
                                       0  0 -1  0  1  0], predicted secret = [0 1 1 0 0 0 0 0 0 0 0 1 1 0 0 0 0 1 0 0 0 0 0 0 0 0 0 0 1 0], true support = [0 1 1 0 0 0 0 1 0 0 1 1 1 0 0 0 0 1 0 0 0 0 1 0 0 0 1 0 1 0], predicted support = [0 1 1 0 0 0 0 0 0 0 0 1 1 0 0 0 0 1 0 0 0 0 0 0 0 0 0 0 1 0])
INFO - 04/10/26 20:01:25 - 0:50:24 - direct, ca, distinguisher - Max Normalized: secret not predicted. (true secret = [ 0 -1 -1  0  0  0  0  1  0  0 -1  1 -1  0  0  0  0  1  0  0  0  0  1  0
                                       0  0 -1  0  1  0], predicted secret = [0 1 1 0 0 0 0 0 0 0 0 0 1 0 0 0 0 1 0 0 0 0 0 0 0 1 0 0 1 0], true support = [0 1 1 0 0 0 0 1 0 0 1 1 1 0 0 0 0 1 0 0 0 0 1 0 0 0 1 0 1 0], predicted support = [0 1 1 0 0 0 0 0 0 0 0 0 1 0 0 0 0 1 0 0 0 0 0 0 0 1 0 0 1 0])
INFO - 04/10/26 20:01:25 - 0:50:24 - direct, ca, distinguisher - Sum Rank: secret not predicted. (true secret = [ 0 -1 -1  0  0  0  0  1  0  0 -1  1 -1  0  0  0  0  1  0  0  0  0  1  0
                                       0  0 -1  0  1  0], predicted secret = [0 0 1 0 0 0 0 0 0 0 1 0 1 0 0 0 0 0 0 0 0 0 1 1 0 0 0 0 1 0], true support = [0 1 1 0 0 0 0 1 0 0 1 1 1 0 0 0 0 1 0 0 0 0 1 0 0 0 1 0 1 0], predicted support = [0 0 1 0 0 0 0 0 0 0 1 0 1 0 0 0 0 0 0 0 0 0 1 1 0 0 0 0 1 0])
INFO - 04/10/26 20:01:25 - 0:50:24 - direct, ca, distinguisher - Max Rank: secret not predicted. (true secret = [ 0 -1 -1  0  0  0  0  1  0  0 -1  1 -1  0  0  0  0  1  0  0  0  0  1  0
                                       0  0 -1  0  1  0], predicted secret = [0 1 0 0 0 0 0 0 0 0 0 0 0 0 0 0 0 1 0 0 0 0 0 1 0 1 0 0 1 1], true support = [0 1 1 0 0 0 0 1 0 0 1 1 1 0 0 0 0 1 0 0 0 0 1 0 0 0 1 0 1 0], predicted support = [0 1 0 0 0 0 0 0 0 0 0 0 0 0 0 0 0 1 0 0 0 0 0 1 0 1 0 0 1 1])
INFO - 04/10/26 20:01:25 - 0:50:24 - Epoch 15 metrics | train_loss: 1.415419 | train_acc1: 34.678903 | train_acc2: 44.628719 | valid_xe_loss: 1.547572 | valid_acc1: 26.928402 | valid_acc2: 31.902690
INFO - 04/10/26 20:01:25 - 0:50:24 - __log__:{"train_loss": 1.4154187887048997, "train_acc1": 34.678902751119644, "train_acc2": 44.6287188099808, "epoch": 15, "valid_xe_loss": 1.5475723592540886, "valid_acc1": 26.928401898734176, "valid_acc2": 31.90268987341772}
INFO - 04/10/26 20:01:25 - 0:50:24 - Saving checkpoint to /home/yu_mcc/PQC_salsa/runs/n30_q127_h3_1m/train_gpu_ternary_h10_secret0_init0_epoch200000/checkpoint.pth ...
WARNING - 04/10/26 20:01:25 - 0:50:24 - Saving encoder parameters ...
WARNING - 04/10/26 20:01:25 - 0:50:24 - Saving decoder parameters ...
WARNING - 04/10/26 20:01:25 - 0:50:24 - Saving optimizer ...
INFO - 04/10/26 20:01:26 - 0:50:24 - ============ Starting epoch 16 ... ============
INFO - 04/10/26 20:01:29 - 0:50:28 -   25050 -  167.98 equations/s - 10750.51 words/s - MEM: 1.36 GB - LOSS:  1.4005 || ACC1: 34.8958 || ACC2: 45.7961 - LR: 1.0000e-05
INFO - 04/10/26 20:01:34 - 0:50:32 -   25100 - 1395.63 equations/s - 89320.62 words/s - MEM: 1.36 GB - LOSS:  1.4032 || ACC1: 35.4219 || ACC2: 46.2656 - LR: 1.0000e-05
INFO - 04/10/26 20:01:38 - 0:50:37 -   25150 - 1365.90 equations/s - 87417.52 words/s - MEM: 1.36 GB - LOSS:  1.4128 || ACC1: 34.8906 || ACC2: 45.6875 - LR: 1.0000e-05
INFO - 04/10/26 20:01:46 - 0:50:45 -   25200 -  793.94 equations/s - 50811.86 words/s - MEM: 1.36 GB - LOSS:  1.4007 || ACC1: 35.4688 || ACC2: 46.5156 - LR: 1.0000e-05
INFO - 04/10/26 20:01:51 - 0:50:50 -   25250 - 1398.09 equations/s - 89477.79 words/s - MEM: 1.36 GB - LOSS:  1.4057 || ACC1: 34.8125 || ACC2: 45.6719 - LR: 1.0000e-05
INFO - 04/10/26 20:01:56 - 0:50:54 -   25300 - 1378.31 equations/s - 88211.69 words/s - MEM: 1.36 GB - LOSS:  1.4013 || ACC1: 35.0312 || ACC2: 45.9375 - LR: 1.0000e-05
INFO - 04/10/26 20:02:00 - 0:50:59 -   25350 - 1388.11 equations/s - 88839.26 words/s - MEM: 1.36 GB - LOSS:  1.3965 || ACC1: 35.5781 || ACC2: 46.1406 - LR: 1.0000e-05
INFO - 04/10/26 20:02:05 - 0:51:03 -   25400 - 1451.88 equations/s - 92920.61 words/s - MEM: 1.36 GB - LOSS:  1.3996 || ACC1: 36.1406 || ACC2: 46.4375 - LR: 1.0000e-05
INFO - 04/10/26 20:02:09 - 0:51:08 -   25450 - 1429.86 equations/s - 91511.24 words/s - MEM: 1.36 GB - LOSS:  1.4023 || ACC1: 35.8594 || ACC2: 46.5000 - LR: 1.0000e-05
INFO - 04/10/26 20:02:14 - 0:51:12 -   25500 - 1393.75 equations/s - 89200.00 words/s - MEM: 1.36 GB - LOSS:  1.4019 || ACC1: 35.8750 || ACC2: 46.3438 - LR: 1.0000e-05
INFO - 04/10/26 20:02:22 - 0:51:21 -   25550 -  781.24 equations/s - 49999.23 words/s - MEM: 1.36 GB - LOSS:  1.3987 || ACC1: 35.2500 || ACC2: 46.8594 - LR: 1.0000e-05
INFO - 04/10/26 20:02:27 - 0:51:25 -   25600 - 1365.97 equations/s - 87421.77 words/s - MEM: 1.36 GB - LOSS:  1.3954 || ACC1: 35.6562 || ACC2: 46.5000 - LR: 1.0000e-05
INFO - 04/10/26 20:02:31 - 0:51:30 -   25650 - 1429.04 equations/s - 91458.83 words/s - MEM: 1.36 GB - LOSS:  1.3977 || ACC1: 35.5469 || ACC2: 46.2344 - LR: 1.0000e-05
INFO - 04/10/26 20:02:36 - 0:51:34 -   25700 - 1412.44 equations/s - 90395.87 words/s - MEM: 1.36 GB - LOSS:  1.3917 || ACC1: 35.9375 || ACC2: 46.9375 - LR: 1.0000e-05
INFO - 04/10/26 20:02:40 - 0:51:39 -   25750 - 1377.62 equations/s - 88167.52 words/s - MEM: 1.36 GB - LOSS:  1.3962 || ACC1: 36.3438 || ACC2: 46.8281 - LR: 1.0000e-05
INFO - 04/10/26 20:02:45 - 0:51:44 -   25800 - 1401.86 equations/s - 89719.02 words/s - MEM: 1.36 GB - LOSS:  1.3997 || ACC1: 35.0938 || ACC2: 46.1406 - LR: 1.0000e-05
INFO - 04/10/26 20:02:49 - 0:51:48 -   25850 - 1449.55 equations/s - 92771.24 words/s - MEM: 1.36 GB - LOSS:  1.4001 || ACC1: 36.8906 || ACC2: 47.1875 - LR: 1.0000e-05
INFO - 04/10/26 20:02:57 - 0:51:56 -   25900 -  784.09 equations/s - 50181.61 words/s - MEM: 1.36 GB - LOSS:  1.3958 || ACC1: 35.5781 || ACC2: 47.1406 - LR: 1.0000e-05
INFO - 04/10/26 20:03:02 - 0:52:01 -   25950 - 1417.99 equations/s - 90751.39 words/s - MEM: 1.36 GB - LOSS:  1.3937 || ACC1: 36.9531 || ACC2: 47.6094 - LR: 1.0000e-05
INFO - 04/10/26 20:03:07 - 0:52:05 -   26000 - 1365.94 equations/s - 87420.37 words/s - MEM: 1.36 GB - LOSS:  1.3940 || ACC1: 36.0469 || ACC2: 47.2969 - LR: 1.0000e-05
INFO - 04/10/26 20:03:11 - 0:52:10 -   26050 - 1406.76 equations/s - 90032.59 words/s - MEM: 1.36 GB - LOSS:  1.3977 || ACC1: 34.7969 || ACC2: 46.2031 - LR: 1.0000e-05
INFO - 04/10/26 20:03:16 - 0:52:15 -   26100 - 1356.57 equations/s - 86820.47 words/s - MEM: 1.36 GB - LOSS:  1.3969 || ACC1: 34.9375 || ACC2: 46.1562 - LR: 1.0000e-05
INFO - 04/10/26 20:03:21 - 0:52:19 -   26150 - 1339.69 equations/s - 85740.27 words/s - MEM: 1.36 GB - LOSS:  1.3912 || ACC1: 36.3438 || ACC2: 46.8281 - LR: 1.0000e-05
INFO - 04/10/26 20:03:25 - 0:52:24 -   26200 - 1410.94 equations/s - 90300.00 words/s - MEM: 1.36 GB - LOSS:  1.3930 || ACC1: 36.9844 || ACC2: 48.3438 - LR: 1.0000e-05
INFO - 04/10/26 20:03:33 - 0:52:32 -   26250 -  789.33 equations/s - 50517.23 words/s - MEM: 1.36 GB - LOSS:  1.3937 || ACC1: 35.0312 || ACC2: 46.4219 - LR: 1.0000e-05
INFO - 04/10/26 20:03:38 - 0:52:37 -   26300 - 1433.62 equations/s - 91751.39 words/s - MEM: 1.36 GB - LOSS:  1.3928 || ACC1: 35.3125 || ACC2: 47.0469 - LR: 1.0000e-05
INFO - 04/10/26 20:03:42 - 0:52:41 -   26350 - 1387.92 equations/s - 88827.02 words/s - MEM: 1.36 GB - LOSS:  1.3867 || ACC1: 36.0156 || ACC2: 47.5938 - LR: 1.0000e-05
INFO - 04/10/26 20:03:47 - 0:52:46 -   26400 - 1394.11 equations/s - 89222.83 words/s - MEM: 1.36 GB - LOSS:  1.3913 || ACC1: 35.6875 || ACC2: 47.1250 - LR: 1.0000e-05
INFO - 04/10/26 20:03:52 - 0:52:50 -   26450 - 1386.83 equations/s - 88757.06 words/s - MEM: 1.36 GB - LOSS:  1.3884 || ACC1: 36.6406 || ACC2: 47.9531 - LR: 1.0000e-05
INFO - 04/10/26 20:03:56 - 0:52:55 -   26500 - 1425.73 equations/s - 91246.86 words/s - MEM: 1.36 GB - LOSS:  1.3809 || ACC1: 35.7969 || ACC2: 48.0625 - LR: 1.0000e-05
INFO - 04/10/26 20:04:01 - 0:53:00 -   26550 - 1352.61 equations/s - 86567.25 words/s - MEM: 1.36 GB - LOSS:  1.3841 || ACC1: 36.8594 || ACC2: 49.0781 - LR: 1.0000e-05
INFO - 04/10/26 20:04:03 - 0:53:01 -   26571 - 1431.05 equations/s - 91587.32 words/s - MEM: 1.36 GB - LOSS:  1.3789 || ACC1: 37.9836 || ACC2: 49.0699 - LR: 1.0000e-05
INFO - 04/10/26 20:04:03 - 0:53:01 - ============ End of epoch 16 ============
INFO - 04/10/26 20:04:03 - 0:53:01 - Starting Distinguisher Method
INFO - 04/10/26 20:04:20 - 0:53:18 - Distinguishing 0s using the emd. 
INFO - 04/10/26 20:04:20 - 0:53:18 - Distinguishing +/-1s using the emd. 
INFO - 04/10/26 20:04:20 - 0:53:18 - Real secret: -1: {np.int64(1), np.int64(2), np.int64(10), np.int64(12), np.int64(26)}, 1: {np.int64(7), np.int64(11), np.int64(17), np.int64(22), np.int64(28)}
INFO - 04/10/26 20:04:20 - 0:53:18 - Distinguishing +/-1s using the mean. 
INFO - 04/10/26 20:04:20 - 0:53:18 - Real secret: -1: {np.int64(1), np.int64(2), np.int64(10), np.int64(12), np.int64(26)}, 1: {np.int64(7), np.int64(11), np.int64(17), np.int64(22), np.int64(28)}
INFO - 04/10/26 20:04:20 - 0:53:18 - Distinguishing 0s using the mean. 
INFO - 04/10/26 20:04:20 - 0:53:18 - Distinguishing +/-1s using the emd. 
INFO - 04/10/26 20:04:20 - 0:53:18 - Real secret: -1: {np.int64(1), np.int64(2), np.int64(10), np.int64(12), np.int64(26)}, 1: {np.int64(7), np.int64(11), np.int64(17), np.int64(22), np.int64(28)}
INFO - 04/10/26 20:04:20 - 0:53:18 - Distinguishing +/-1s using the mean. 
INFO - 04/10/26 20:04:20 - 0:53:18 - Real secret: -1: {np.int64(1), np.int64(2), np.int64(10), np.int64(12), np.int64(26)}, 1: {np.int64(7), np.int64(11), np.int64(17), np.int64(22), np.int64(28)}
INFO - 04/10/26 20:04:20 - 0:53:18 - Starting Direct Method
INFO - 04/10/26 20:04:20 - 0:53:18 - Direct:  K=67
INFO - 04/10/26 20:04:20 - 0:53:18 - Direct:  K=61
INFO - 04/10/26 20:04:20 - 0:53:19 - Direct:  K=54
INFO - 04/10/26 20:04:20 - 0:53:19 - Direct:  K=50
INFO - 04/10/26 20:04:20 - 0:53:19 - Direct:  K=50
INFO - 04/10/26 20:04:20 - 0:53:19 - Direct:  K=53
INFO - 04/10/26 20:04:20 - 0:53:19 - Direct:  K=89
INFO - 04/10/26 20:04:20 - 0:53:19 - Direct:  K=48
INFO - 04/10/26 20:04:20 - 0:53:19 - Direct:  K=36
INFO - 04/10/26 20:04:21 - 0:53:19 - Direct:  K=69
INFO - 04/10/26 20:04:21 - 0:53:20 - Direct:  K=71
INFO - 04/10/26 20:04:21 - 0:53:20 - Direct:  K=48
INFO - 04/10/26 20:04:21 - 0:53:20 - Direct:  K=64
INFO - 04/10/26 20:04:22 - 0:53:20 - Direct:  K=42
INFO - 04/10/26 20:04:22 - 0:53:21 - Direct:  K=82
INFO - 04/10/26 20:04:22 - 0:53:21 - Direct: secret not predicted. (true secret = [ 0 -1 -1  0  0  0  0  1  0  0 -1  1 -1  0  0  0  0  1  0  0  0  0  1  0
                                       0  0 -1  0  1  0], predicted secret = [0 0 1 0 0 0 0 0 0 0 0 1 0 0 1 0 0 0 0 0 0 0 1 1 1 0 0 0 0 0], true support = [0 1 1 0 0 0 0 1 0 0 1 1 1 0 0 0 0 1 0 0 0 0 1 0 0 0 1 0 1 0], predicted support = [0 0 1 0 0 0 0 0 0 0 0 1 0 0 1 0 0 0 0 0 0 0 1 1 1 0 0 0 0 0])
INFO - 04/10/26 20:04:32 - 0:53:30 - CA: secret not predicted. (true secret = [ 0 -1 -1  0  0  0  0  1  0  0 -1  1 -1  0  0  0  0  1  0  0  0  0  1  0
                                       0  0 -1  0  1  0], predicted secret = [0 1 1 0 0 0 0 0 0 0 0 1 1 0 0 0 0 1 0 0 0 0 0 1 0 0 0 0 0 0], true support = [0 1 1 0 0 0 0 1 0 0 1 1 1 0 0 0 0 1 0 0 0 0 1 0 0 0 1 0 1 0], predicted support = [0 1 1 0 0 0 0 0 0 0 0 1 1 0 0 0 0 1 0 0 0 0 0 1 0 0 0 0 0 0])
INFO - 04/10/26 20:04:32 - 0:53:30 - CA: secret not predicted. (true secret = [ 0 -1 -1  0  0  0  0  1  0  0 -1  1 -1  0  0  0  0  1  0  0  0  0  1  0
                                       0  0 -1  0  1  0], predicted secret = [0 0 0 0 0 0 0 1 0 0 1 1 0 0 0 0 0 1 0 0 0 0 0 0 0 0 0 1 1 0], true support = [0 1 1 0 0 0 0 1 0 0 1 1 1 0 0 0 0 1 0 0 0 0 1 0 0 0 1 0 1 0], predicted support = [0 0 0 0 0 0 0 1 0 0 1 1 0 0 0 0 0 1 0 0 0 0 0 0 0 0 0 1 1 0])
INFO - 04/10/26 20:04:32 - 0:53:30 - Hybrid: direct, ca
INFO - 04/10/26 20:04:32 - 0:53:30 - direct, ca - Sum Normalized: secret not predicted. (true secret = [ 0 -1 -1  0  0  0  0  1  0  0 -1  1 -1  0  0  0  0  1  0  0  0  0  1  0
                                       0  0 -1  0  1  0], predicted secret = [0 1 1 0 0 0 0 0 0 0 0 1 0 0 0 0 0 1 0 0 0 0 1 1 0 0 0 0 0 0], true support = [0 1 1 0 0 0 0 1 0 0 1 1 1 0 0 0 0 1 0 0 0 0 1 0 0 0 1 0 1 0], predicted support = [0 1 1 0 0 0 0 0 0 0 0 1 0 0 0 0 0 1 0 0 0 0 1 1 0 0 0 0 0 0])
INFO - 04/10/26 20:04:32 - 0:53:30 - direct, ca - Max Normalized: secret not predicted. (true secret = [ 0 -1 -1  0  0  0  0  1  0  0 -1  1 -1  0  0  0  0  1  0  0  0  0  1  0
                                       0  0 -1  0  1  0], predicted secret = [0 1 1 0 0 0 0 0 0 0 0 1 0 0 0 0 0 1 0 0 0 0 1 0 0 0 0 0 1 0], true support = [0 1 1 0 0 0 0 1 0 0 1 1 1 0 0 0 0 1 0 0 0 0 1 0 0 0 1 0 1 0], predicted support = [0 1 1 0 0 0 0 0 0 0 0 1 0 0 0 0 0 1 0 0 0 0 1 0 0 0 0 0 1 0])
INFO - 04/10/26 20:04:32 - 0:53:30 - direct, ca - Sum Rank: secret not predicted. (true secret = [ 0 -1 -1  0  0  0  0  1  0  0 -1  1 -1  0  0  0  0  1  0  0  0  0  1  0
                                       0  0 -1  0  1  0], predicted secret = [0 0 1 0 0 0 0 1 0 0 0 1 0 0 0 0 0 1 0 0 0 0 1 1 0 0 0 0 0 0], true support = [0 1 1 0 0 0 0 1 0 0 1 1 1 0 0 0 0 1 0 0 0 0 1 0 0 0 1 0 1 0], predicted support = [0 0 1 0 0 0 0 1 0 0 0 1 0 0 0 0 0 1 0 0 0 0 1 1 0 0 0 0 0 0])
INFO - 04/10/26 20:04:32 - 0:53:30 - direct, ca - Max Rank: secret not predicted. (true secret = [ 0 -1 -1  0  0  0  0  1  0  0 -1  1 -1  0  0  0  0  1  0  0  0  0  1  0
                                       0  0 -1  0  1  0], predicted secret = [0 1 1 0 0 0 0 0 0 0 0 1 0 0 1 0 0 1 0 0 0 0 1 0 0 0 0 0 0 0], true support = [0 1 1 0 0 0 0 1 0 0 1 1 1 0 0 0 0 1 0 0 0 0 1 0 0 0 1 0 1 0], predicted support = [0 1 1 0 0 0 0 0 0 0 0 1 0 0 1 0 0 1 0 0 0 0 1 0 0 0 0 0 0 0])
INFO - 04/10/26 20:04:32 - 0:53:30 - Hybrid: direct, distinguisher
INFO - 04/10/26 20:04:32 - 0:53:30 - direct, distinguisher - Sum Normalized: secret not predicted. (true secret = [ 0 -1 -1  0  0  0  0  1  0  0 -1  1 -1  0  0  0  0  1  0  0  0  0  1  0
                                       0  0 -1  0  1  0], predicted secret = [0 0 1 0 0 0 0 1 0 0 0 1 0 0 0 0 0 1 0 0 0 0 1 0 0 0 0 0 1 0], true support = [0 1 1 0 0 0 0 1 0 0 1 1 1 0 0 0 0 1 0 0 0 0 1 0 0 0 1 0 1 0], predicted support = [0 0 1 0 0 0 0 1 0 0 0 1 0 0 0 0 0 1 0 0 0 0 1 0 0 0 0 0 1 0])
INFO - 04/10/26 20:04:32 - 0:53:30 - direct, distinguisher - Max Normalized: secret not predicted. (true secret = [ 0 -1 -1  0  0  0  0  1  0  0 -1  1 -1  0  0  0  0  1  0  0  0  0  1  0
                                       0  0 -1  0  1  0], predicted secret = [0 0 0 0 0 0 0 1 0 0 1 1 0 0 0 0 0 1 0 0 0 0 1 0 0 0 0 0 1 0], true support = [0 1 1 0 0 0 0 1 0 0 1 1 1 0 0 0 0 1 0 0 0 0 1 0 0 0 1 0 1 0], predicted support = [0 0 0 0 0 0 0 1 0 0 1 1 0 0 0 0 0 1 0 0 0 0 1 0 0 0 0 0 1 0])
INFO - 04/10/26 20:04:32 - 0:53:30 - direct, distinguisher - Sum Rank: secret not predicted. (true secret = [ 0 -1 -1  0  0  0  0  1  0  0 -1  1 -1  0  0  0  0  1  0  0  0  0  1  0
                                       0  0 -1  0  1  0], predicted secret = [0 0 1 0 0 0 0 1 0 0 0 1 0 0 0 0 0 0 0 0 0 0 1 1 1 0 0 0 0 0], true support = [0 1 1 0 0 0 0 1 0 0 1 1 1 0 0 0 0 1 0 0 0 0 1 0 0 0 1 0 1 0], predicted support = [0 0 1 0 0 0 0 1 0 0 0 1 0 0 0 0 0 0 0 0 0 0 1 1 1 0 0 0 0 0])
INFO - 04/10/26 20:04:32 - 0:53:30 - direct, distinguisher - Max Rank: secret not predicted. (true secret = [ 0 -1 -1  0  0  0  0  1  0  0 -1  1 -1  0  0  0  0  1  0  0  0  0  1  0
                                       0  0 -1  0  1  0], predicted secret = [0 0 1 0 0 0 0 0 0 0 1 1 0 0 1 0 0 0 0 0 0 0 1 0 0 0 0 0 1 0], true support = [0 1 1 0 0 0 0 1 0 0 1 1 1 0 0 0 0 1 0 0 0 0 1 0 0 0 1 0 1 0], predicted support = [0 0 1 0 0 0 0 0 0 0 1 1 0 0 1 0 0 0 0 0 0 0 1 0 0 0 0 0 1 0])
INFO - 04/10/26 20:04:32 - 0:53:30 - Hybrid: ca, distinguisher
INFO - 04/10/26 20:04:32 - 0:53:30 - ca, distinguisher - Sum Normalized: secret not predicted. (true secret = [ 0 -1 -1  0  0  0  0  1  0  0 -1  1 -1  0  0  0  0  1  0  0  0  0  1  0
                                       0  0 -1  0  1  0], predicted secret = [0 1 1 0 0 0 0 0 0 0 1 1 0 0 0 0 0 1 0 0 0 0 0 0 0 0 0 0 1 0], true support = [0 1 1 0 0 0 0 1 0 0 1 1 1 0 0 0 0 1 0 0 0 0 1 0 0 0 1 0 1 0], predicted support = [0 1 1 0 0 0 0 0 0 0 1 1 0 0 0 0 0 1 0 0 0 0 0 0 0 0 0 0 1 0])
INFO - 04/10/26 20:04:32 - 0:53:30 - ca, distinguisher - Max Normalized: secret not predicted. (true secret = [ 0 -1 -1  0  0  0  0  1  0  0 -1  1 -1  0  0  0  0  1  0  0  0  0  1  0
                                       0  0 -1  0  1  0], predicted secret = [0 0 0 0 0 0 0 1 0 0 1 1 0 0 0 0 0 1 0 0 0 0 1 0 0 0 0 0 1 0], true support = [0 1 1 0 0 0 0 1 0 0 1 1 1 0 0 0 0 1 0 0 0 0 1 0 0 0 1 0 1 0], predicted support = [0 0 0 0 0 0 0 1 0 0 1 1 0 0 0 0 0 1 0 0 0 0 1 0 0 0 0 0 1 0])
INFO - 04/10/26 20:04:32 - 0:53:30 - ca, distinguisher - Sum Rank: secret not predicted. (true secret = [ 0 -1 -1  0  0  0  0  1  0  0 -1  1 -1  0  0  0  0  1  0  0  0  0  1  0
                                       0  0 -1  0  1  0], predicted secret = [0 1 1 0 0 0 0 0 0 0 1 1 0 0 0 0 0 1 0 0 0 0 0 0 0 0 0 0 1 0], true support = [0 1 1 0 0 0 0 1 0 0 1 1 1 0 0 0 0 1 0 0 0 0 1 0 0 0 1 0 1 0], predicted support = [0 1 1 0 0 0 0 0 0 0 1 1 0 0 0 0 0 1 0 0 0 0 0 0 0 0 0 0 1 0])
INFO - 04/10/26 20:04:32 - 0:53:30 - ca, distinguisher - Max Rank: secret not predicted. (true secret = [ 0 -1 -1  0  0  0  0  1  0  0 -1  1 -1  0  0  0  0  1  0  0  0  0  1  0
                                       0  0 -1  0  1  0], predicted secret = [0 1 0 0 0 0 0 0 0 0 1 1 0 0 0 0 0 1 0 0 0 0 1 0 0 0 0 0 1 0], true support = [0 1 1 0 0 0 0 1 0 0 1 1 1 0 0 0 0 1 0 0 0 0 1 0 0 0 1 0 1 0], predicted support = [0 1 0 0 0 0 0 0 0 0 1 1 0 0 0 0 0 1 0 0 0 0 1 0 0 0 0 0 1 0])
INFO - 04/10/26 20:04:32 - 0:53:30 - Hybrid: direct, ca, distinguisher
INFO - 04/10/26 20:04:32 - 0:53:30 - direct, ca, distinguisher - Sum Normalized: secret not predicted. (true secret = [ 0 -1 -1  0  0  0  0  1  0  0 -1  1 -1  0  0  0  0  1  0  0  0  0  1  0
                                       0  0 -1  0  1  0], predicted secret = [0 1 1 0 0 0 0 0 0 0 0 1 0 0 0 0 0 1 0 0 0 0 1 0 0 0 0 0 1 0], true support = [0 1 1 0 0 0 0 1 0 0 1 1 1 0 0 0 0 1 0 0 0 0 1 0 0 0 1 0 1 0], predicted support = [0 1 1 0 0 0 0 0 0 0 0 1 0 0 0 0 0 1 0 0 0 0 1 0 0 0 0 0 1 0])
INFO - 04/10/26 20:04:32 - 0:53:30 - direct, ca, distinguisher - Max Normalized: secret not predicted. (true secret = [ 0 -1 -1  0  0  0  0  1  0  0 -1  1 -1  0  0  0  0  1  0  0  0  0  1  0
                                       0  0 -1  0  1  0], predicted secret = [0 0 0 0 0 0 0 1 0 0 1 1 0 0 0 0 0 1 0 0 0 0 1 0 0 0 0 0 1 0], true support = [0 1 1 0 0 0 0 1 0 0 1 1 1 0 0 0 0 1 0 0 0 0 1 0 0 0 1 0 1 0], predicted support = [0 0 0 0 0 0 0 1 0 0 1 1 0 0 0 0 0 1 0 0 0 0 1 0 0 0 0 0 1 0])
INFO - 04/10/26 20:04:32 - 0:53:30 - direct, ca, distinguisher - Sum Rank: secret not predicted. (true secret = [ 0 -1 -1  0  0  0  0  1  0  0 -1  1 -1  0  0  0  0  1  0  0  0  0  1  0
                                       0  0 -1  0  1  0], predicted secret = [0 0 1 0 0 0 0 1 0 0 0 1 0 0 0 0 0 1 0 0 0 0 1 0 0 0 0 0 1 0], true support = [0 1 1 0 0 0 0 1 0 0 1 1 1 0 0 0 0 1 0 0 0 0 1 0 0 0 1 0 1 0], predicted support = [0 0 1 0 0 0 0 1 0 0 0 1 0 0 0 0 0 1 0 0 0 0 1 0 0 0 0 0 1 0])
INFO - 04/10/26 20:04:32 - 0:53:30 - direct, ca, distinguisher - Max Rank: secret not predicted. (true secret = [ 0 -1 -1  0  0  0  0  1  0  0 -1  1 -1  0  0  0  0  1  0  0  0  0  1  0
                                       0  0 -1  0  1  0], predicted secret = [0 1 1 0 0 0 0 0 0 0 1 0 0 0 0 0 0 1 0 0 0 0 1 0 0 0 0 0 1 0], true support = [0 1 1 0 0 0 0 1 0 0 1 1 1 0 0 0 0 1 0 0 0 0 1 0 0 0 1 0 1 0], predicted support = [0 1 1 0 0 0 0 0 0 0 1 0 0 0 0 0 0 1 0 0 0 0 1 0 0 0 0 0 1 0])
INFO - 04/10/26 20:04:32 - 0:53:30 - Epoch 16 metrics | train_loss: 1.396012 | train_acc1: 35.766055 | train_acc2: 46.837012 | valid_xe_loss: 1.555693 | valid_acc1: 26.117484 | valid_acc2: 31.428006
INFO - 04/10/26 20:04:32 - 0:53:30 - __log__:{"train_loss": 1.3960120680236083, "train_acc1": 35.766054862444015, "train_acc2": 46.83701215611004, "epoch": 16, "valid_xe_loss": 1.5556925067418739, "valid_acc1": 26.11748417721519, "valid_acc2": 31.428006329113924}
INFO - 04/10/26 20:04:32 - 0:53:30 - Saving checkpoint to /home/yu_mcc/PQC_salsa/runs/n30_q127_h3_1m/train_gpu_ternary_h10_secret0_init0_epoch200000/checkpoint.pth ...
WARNING - 04/10/26 20:04:32 - 0:53:30 - Saving encoder parameters ...
WARNING - 04/10/26 20:04:32 - 0:53:30 - Saving decoder parameters ...
WARNING - 04/10/26 20:04:32 - 0:53:30 - Saving optimizer ...
INFO - 04/10/26 20:04:32 - 0:53:31 - ============ Starting epoch 17 ... ============
INFO - 04/10/26 20:04:35 - 0:53:33 -   26600 -  116.20 equations/s -  7436.70 words/s - MEM: 1.36 GB - LOSS:  1.3970 || ACC1: 34.8060 || ACC2: 47.1983 - LR: 1.0000e-05
INFO - 04/10/26 20:04:39 - 0:53:38 -   26650 - 1454.58 equations/s - 93093.39 words/s - MEM: 1.36 GB - LOSS:  1.3894 || ACC1: 36.6562 || ACC2: 47.7188 - LR: 1.0000e-05
INFO - 04/10/26 20:04:47 - 0:53:46 -   26700 -  776.48 equations/s - 49694.64 words/s - MEM: 1.36 GB - LOSS:  1.3890 || ACC1: 36.0000 || ACC2: 47.6250 - LR: 1.0000e-05
INFO - 04/10/26 20:04:52 - 0:53:51 -   26750 - 1353.75 equations/s - 86640.23 words/s - MEM: 1.36 GB - LOSS:  1.3820 || ACC1: 35.2344 || ACC2: 47.3438 - LR: 1.0000e-05
INFO - 04/10/26 20:04:57 - 0:53:55 -   26800 - 1381.29 equations/s - 88402.84 words/s - MEM: 1.36 GB - LOSS:  1.3871 || ACC1: 35.3750 || ACC2: 47.1875 - LR: 1.0000e-05
INFO - 04/10/26 20:05:01 - 0:54:00 -   26850 - 1324.66 equations/s - 84778.07 words/s - MEM: 1.36 GB - LOSS:  1.3810 || ACC1: 35.9844 || ACC2: 48.5000 - LR: 1.0000e-05
INFO - 04/10/26 20:05:06 - 0:54:05 -   26900 - 1400.04 equations/s - 89602.37 words/s - MEM: 1.36 GB - LOSS:  1.3855 || ACC1: 35.3906 || ACC2: 47.1094 - LR: 1.0000e-05
INFO - 04/10/26 20:05:11 - 0:54:09 -   26950 - 1361.68 equations/s - 87147.21 words/s - MEM: 1.36 GB - LOSS:  1.3852 || ACC1: 36.5938 || ACC2: 48.0781 - LR: 1.0000e-05
INFO - 04/10/26 20:05:15 - 0:54:14 -   27000 - 1394.97 equations/s - 89278.04 words/s - MEM: 1.36 GB - LOSS:  1.3725 || ACC1: 37.4219 || ACC2: 49.4531 - LR: 1.0000e-05
INFO - 04/10/26 20:05:24 - 0:54:22 -   27050 -  770.22 equations/s - 49294.23 words/s - MEM: 1.36 GB - LOSS:  1.3823 || ACC1: 35.5000 || ACC2: 47.4844 - LR: 1.0000e-05
INFO - 04/10/26 20:05:28 - 0:54:27 -   27100 - 1407.99 equations/s - 90111.18 words/s - MEM: 1.36 GB - LOSS:  1.3828 || ACC1: 36.1250 || ACC2: 48.4062 - LR: 1.0000e-05
INFO - 04/10/26 20:05:33 - 0:54:32 -   27150 - 1365.14 equations/s - 87368.65 words/s - MEM: 1.36 GB - LOSS:  1.3797 || ACC1: 36.5156 || ACC2: 47.9844 - LR: 1.0000e-05
INFO - 04/10/26 20:05:38 - 0:54:36 -   27200 - 1330.74 equations/s - 85167.14 words/s - MEM: 1.36 GB - LOSS:  1.3752 || ACC1: 36.0781 || ACC2: 47.9375 - LR: 1.0000e-05
INFO - 04/10/26 20:05:42 - 0:54:41 -   27250 - 1404.61 equations/s - 89895.23 words/s - MEM: 1.36 GB - LOSS:  1.3800 || ACC1: 36.6094 || ACC2: 48.2656 - LR: 1.0000e-05
INFO - 04/10/26 20:05:47 - 0:54:45 -   27300 - 1427.51 equations/s - 91360.53 words/s - MEM: 1.36 GB - LOSS:  1.3745 || ACC1: 36.5312 || ACC2: 48.8750 - LR: 1.0000e-05
INFO - 04/10/26 20:05:52 - 0:54:50 -   27350 - 1299.48 equations/s - 83166.53 words/s - MEM: 1.36 GB - LOSS:  1.3701 || ACC1: 37.9375 || ACC2: 50.7969 - LR: 1.0000e-05
INFO - 04/10/26 20:06:00 - 0:54:59 -   27400 -  786.45 equations/s - 50332.67 words/s - MEM: 1.36 GB - LOSS:  1.3764 || ACC1: 35.7969 || ACC2: 48.6250 - LR: 1.0000e-05
INFO - 04/10/26 20:06:04 - 0:55:03 -   27450 - 1357.52 equations/s - 86881.22 words/s - MEM: 1.36 GB - LOSS:  1.3749 || ACC1: 36.1875 || ACC2: 48.3125 - LR: 1.0000e-05
INFO - 04/10/26 20:06:09 - 0:55:08 -   27500 - 1444.00 equations/s - 92415.96 words/s - MEM: 1.36 GB - LOSS:  1.3719 || ACC1: 36.8125 || ACC2: 49.1562 - LR: 1.0000e-05
INFO - 04/10/26 20:06:13 - 0:55:12 -   27550 - 1477.71 equations/s - 94573.61 words/s - MEM: 1.36 GB - LOSS:  1.3703 || ACC1: 36.7188 || ACC2: 48.8281 - LR: 1.0000e-05
INFO - 04/10/26 20:06:18 - 0:55:16 -   27600 - 1426.14 equations/s - 91273.07 words/s - MEM: 1.36 GB - LOSS:  1.3774 || ACC1: 36.4375 || ACC2: 49.3438 - LR: 1.0000e-05
INFO - 04/10/26 20:06:22 - 0:55:21 -   27650 - 1472.46 equations/s - 94237.33 words/s - MEM: 1.36 GB - LOSS:  1.3713 || ACC1: 36.4688 || ACC2: 49.3438 - LR: 1.0000e-05
INFO - 04/10/26 20:06:26 - 0:55:25 -   27700 - 1479.80 equations/s - 94707.25 words/s - MEM: 1.36 GB - LOSS:  1.3726 || ACC1: 36.3281 || ACC2: 48.9062 - LR: 1.0000e-05
INFO - 04/10/26 20:06:35 - 0:55:33 -   27750 -  784.33 equations/s - 50197.41 words/s - MEM: 1.36 GB - LOSS:  1.3674 || ACC1: 36.7031 || ACC2: 49.1719 - LR: 1.0000e-05
INFO - 04/10/26 20:06:39 - 0:55:38 -   27800 - 1373.34 equations/s - 87893.49 words/s - MEM: 1.36 GB - LOSS:  1.3678 || ACC1: 36.6406 || ACC2: 49.4375 - LR: 1.0000e-05
INFO - 04/10/26 20:06:44 - 0:55:43 -   27850 - 1393.82 equations/s - 89204.16 words/s - MEM: 1.36 GB - LOSS:  1.3683 || ACC1: 36.4062 || ACC2: 49.1250 - LR: 1.0000e-05
INFO - 04/10/26 20:06:49 - 0:55:47 -   27900 - 1351.75 equations/s - 86511.70 words/s - MEM: 1.36 GB - LOSS:  1.3687 || ACC1: 36.9062 || ACC2: 49.0938 - LR: 1.0000e-05
INFO - 04/10/26 20:06:53 - 0:55:52 -   27950 - 1409.76 equations/s - 90224.80 words/s - MEM: 1.36 GB - LOSS:  1.3702 || ACC1: 36.0000 || ACC2: 48.6562 - LR: 1.0000e-05
INFO - 04/10/26 20:06:58 - 0:55:56 -   28000 - 1420.21 equations/s - 90893.56 words/s - MEM: 1.36 GB - LOSS:  1.3637 || ACC1: 37.4219 || ACC2: 49.8125 - LR: 1.0000e-05
INFO - 04/10/26 20:07:02 - 0:56:01 -   28050 - 1381.49 equations/s - 88415.57 words/s - MEM: 1.36 GB - LOSS:  1.3637 || ACC1: 37.1719 || ACC2: 50.7656 - LR: 1.0000e-05
INFO - 04/10/26 20:07:10 - 0:56:09 -   28100 -  793.64 equations/s - 50793.22 words/s - MEM: 1.36 GB - LOSS:  1.3644 || ACC1: 36.6406 || ACC2: 49.2188 - LR: 1.0000e-05
INFO - 04/10/26 20:07:14 - 0:56:12 -   28134 - 1355.99 equations/s - 86783.68 words/s - MEM: 1.36 GB - LOSS:  1.3664 || ACC1: 36.5579 || ACC2: 49.6553 - LR: 1.0000e-05
INFO - 04/10/26 20:07:14 - 0:56:12 - ============ End of epoch 17 ============
INFO - 04/10/26 20:07:14 - 0:56:12 - Starting Distinguisher Method
INFO - 04/10/26 20:07:26 - 0:56:24 - Distinguishing 0s using the emd. 
INFO - 04/10/26 20:07:26 - 0:56:24 - Distinguishing +/-1s using the emd. 
INFO - 04/10/26 20:07:26 - 0:56:24 - Real secret: -1: {np.int64(1), np.int64(2), np.int64(10), np.int64(12), np.int64(26)}, 1: {np.int64(7), np.int64(11), np.int64(17), np.int64(22), np.int64(28)}
INFO - 04/10/26 20:07:26 - 0:56:24 - Nonzero bits not identified. Guess: [18  1  2 26 10 22 11  7 28 17]
INFO - 04/10/26 20:07:26 - 0:56:24 - Distinguishing +/-1s using the mean. 
INFO - 04/10/26 20:07:26 - 0:56:24 - Real secret: -1: {np.int64(1), np.int64(2), np.int64(10), np.int64(12), np.int64(26)}, 1: {np.int64(7), np.int64(11), np.int64(17), np.int64(22), np.int64(28)}
INFO - 04/10/26 20:07:26 - 0:56:24 - Nonzero bits not identified. Guess: [18  1  2 26 10 22 11  7 28 17]
INFO - 04/10/26 20:07:26 - 0:56:24 - Distinguishing 0s using the mean. 
INFO - 04/10/26 20:07:26 - 0:56:24 - Distinguishing +/-1s using the emd. 
INFO - 04/10/26 20:07:26 - 0:56:24 - Real secret: -1: {np.int64(1), np.int64(2), np.int64(10), np.int64(12), np.int64(26)}, 1: {np.int64(7), np.int64(11), np.int64(17), np.int64(22), np.int64(28)}
INFO - 04/10/26 20:07:26 - 0:56:24 - Distinguishing +/-1s using the mean. 
INFO - 04/10/26 20:07:26 - 0:56:24 - Real secret: -1: {np.int64(1), np.int64(2), np.int64(10), np.int64(12), np.int64(26)}, 1: {np.int64(7), np.int64(11), np.int64(17), np.int64(22), np.int64(28)}
INFO - 04/10/26 20:07:26 - 0:56:24 - Starting Direct Method
INFO - 04/10/26 20:07:26 - 0:56:24 - Direct:  K=48
INFO - 04/10/26 20:07:26 - 0:56:25 - Direct:  K=76
INFO - 04/10/26 20:07:26 - 0:56:25 - Direct:  K=57
INFO - 04/10/26 20:07:26 - 0:56:25 - Direct:  K=46
INFO - 04/10/26 20:07:26 - 0:56:25 - Direct:  K=44
INFO - 04/10/26 20:07:26 - 0:56:25 - Direct:  K=57
INFO - 04/10/26 20:07:26 - 0:56:25 - Direct:  K=75
INFO - 04/10/26 20:07:26 - 0:56:25 - Direct:  K=59
INFO - 04/10/26 20:07:26 - 0:56:25 - Direct:  K=36
INFO - 04/10/26 20:07:27 - 0:56:25 - Direct:  K=60
INFO - 04/10/26 20:07:27 - 0:56:25 - Direct:  K=58
INFO - 04/10/26 20:07:27 - 0:56:25 - Direct:  K=45
INFO - 04/10/26 20:07:27 - 0:56:26 - Direct:  K=63
INFO - 04/10/26 20:07:27 - 0:56:26 - Direct:  K=66
INFO - 04/10/26 20:07:27 - 0:56:26 - Direct:  K=33
INFO - 04/10/26 20:07:27 - 0:56:26 - Direct: secret not predicted. (true secret = [ 0 -1 -1  0  0  0  0  1  0  0 -1  1 -1  0  0  0  0  1  0  0  0  0  1  0
                                       0  0 -1  0  1  0], predicted secret = [0 0 1 0 0 0 0 1 0 0 1 0 1 0 0 0 0 1 0 0 0 0 1 0 0 0 0 0 0 0], true support = [0 1 1 0 0 0 0 1 0 0 1 1 1 0 0 0 0 1 0 0 0 0 1 0 0 0 1 0 1 0], predicted support = [0 0 1 0 0 0 0 1 0 0 1 0 1 0 0 0 0 1 0 0 0 0 1 0 0 0 0 0 0 0])
INFO - 04/10/26 20:07:36 - 0:56:35 - CA: secret not predicted. (true secret = [ 0 -1 -1  0  0  0  0  1  0  0 -1  1 -1  0  0  0  0  1  0  0  0  0  1  0
                                       0  0 -1  0  1  0], predicted secret = [0 1 1 0 0 0 0 0 0 0 0 1 1 0 0 0 0 1 0 0 0 0 0 1 0 0 0 0 0 0], true support = [0 1 1 0 0 0 0 1 0 0 1 1 1 0 0 0 0 1 0 0 0 0 1 0 0 0 1 0 1 0], predicted support = [0 1 1 0 0 0 0 0 0 0 0 1 1 0 0 0 0 1 0 0 0 0 0 1 0 0 0 0 0 0])
INFO - 04/10/26 20:07:36 - 0:56:35 - CA: secret not predicted. (true secret = [ 0 -1 -1  0  0  0  0  1  0  0 -1  1 -1  0  0  0  0  1  0  0  0  0  1  0
                                       0  0 -1  0  1  0], predicted secret = [0 0 0 0 0 0 0 1 0 0 1 1 0 0 0 0 0 1 0 0 0 0 0 0 0 0 0 1 1 0], true support = [0 1 1 0 0 0 0 1 0 0 1 1 1 0 0 0 0 1 0 0 0 0 1 0 0 0 1 0 1 0], predicted support = [0 0 0 0 0 0 0 1 0 0 1 1 0 0 0 0 0 1 0 0 0 0 0 0 0 0 0 1 1 0])
INFO - 04/10/26 20:07:36 - 0:56:35 - Hybrid: direct, ca
INFO - 04/10/26 20:07:36 - 0:56:35 - direct, ca - Sum Normalized: secret not predicted. (true secret = [ 0 -1 -1  0  0  0  0  1  0  0 -1  1 -1  0  0  0  0  1  0  0  0  0  1  0
                                       0  0 -1  0  1  0], predicted secret = [0 1 1 0 0 0 0 1 0 0 0 0 1 0 0 0 0 1 0 0 0 0 1 0 0 0 0 0 0 0], true support = [0 1 1 0 0 0 0 1 0 0 1 1 1 0 0 0 0 1 0 0 0 0 1 0 0 0 1 0 1 0], predicted support = [0 1 1 0 0 0 0 1 0 0 0 0 1 0 0 0 0 1 0 0 0 0 1 0 0 0 0 0 0 0])
INFO - 04/10/26 20:07:36 - 0:56:35 - direct, ca - Max Normalized: secret not predicted. (true secret = [ 0 -1 -1  0  0  0  0  1  0  0 -1  1 -1  0  0  0  0  1  0  0  0  0  1  0
                                       0  0 -1  0  1  0], predicted secret = [0 1 1 0 0 0 0 0 0 0 0 1 0 0 0 0 0 1 0 0 0 0 1 0 0 0 0 0 1 0], true support = [0 1 1 0 0 0 0 1 0 0 1 1 1 0 0 0 0 1 0 0 0 0 1 0 0 0 1 0 1 0], predicted support = [0 1 1 0 0 0 0 0 0 0 0 1 0 0 0 0 0 1 0 0 0 0 1 0 0 0 0 0 1 0])
INFO - 04/10/26 20:07:36 - 0:56:35 - direct, ca - Sum Rank: secret not predicted. (true secret = [ 0 -1 -1  0  0  0  0  1  0  0 -1  1 -1  0  0  0  0  1  0  0  0  0  1  0
                                       0  0 -1  0  1  0], predicted secret = [0 0 1 0 0 0 0 1 0 0 1 0 1 0 0 0 0 1 0 0 0 0 1 0 0 0 0 0 0 0], true support = [0 1 1 0 0 0 0 1 0 0 1 1 1 0 0 0 0 1 0 0 0 0 1 0 0 0 1 0 1 0], predicted support = [0 0 1 0 0 0 0 1 0 0 1 0 1 0 0 0 0 1 0 0 0 0 1 0 0 0 0 0 0 0])
INFO - 04/10/26 20:07:36 - 0:56:35 - direct, ca - Max Rank: secret not predicted. (true secret = [ 0 -1 -1  0  0  0  0  1  0  0 -1  1 -1  0  0  0  0  1  0  0  0  0  1  0
                                       0  0 -1  0  1  0], predicted secret = [0 1 0 0 0 0 0 1 0 0 0 1 1 0 0 0 0 1 0 0 0 0 1 0 0 0 0 0 0 0], true support = [0 1 1 0 0 0 0 1 0 0 1 1 1 0 0 0 0 1 0 0 0 0 1 0 0 0 1 0 1 0], predicted support = [0 1 0 0 0 0 0 1 0 0 0 1 1 0 0 0 0 1 0 0 0 0 1 0 0 0 0 0 0 0])
INFO - 04/10/26 20:07:36 - 0:56:35 - Hybrid: direct, distinguisher
INFO - 04/10/26 20:07:36 - 0:56:35 - direct, distinguisher - Sum Normalized: secret not predicted. (true secret = [ 0 -1 -1  0  0  0  0  1  0  0 -1  1 -1  0  0  0  0  1  0  0  0  0  1  0
                                       0  0 -1  0  1  0], predicted secret = [0 0 0 0 0 0 0 1 0 0 1 1 1 0 0 0 0 1 0 0 0 0 1 0 0 0 0 0 0 0], true support = [0 1 1 0 0 0 0 1 0 0 1 1 1 0 0 0 0 1 0 0 0 0 1 0 0 0 1 0 1 0], predicted support = [0 0 0 0 0 0 0 1 0 0 1 1 1 0 0 0 0 1 0 0 0 0 1 0 0 0 0 0 0 0])
INFO - 04/10/26 20:07:36 - 0:56:35 - direct, distinguisher - Max Normalized: secret not predicted. (true secret = [ 0 -1 -1  0  0  0  0  1  0  0 -1  1 -1  0  0  0  0  1  0  0  0  0  1  0
                                       0  0 -1  0  1  0], predicted secret = [0 0 0 0 0 0 0 1 0 0 1 1 0 0 0 0 0 1 0 0 0 0 1 0 0 0 0 0 1 0], true support = [0 1 1 0 0 0 0 1 0 0 1 1 1 0 0 0 0 1 0 0 0 0 1 0 0 0 1 0 1 0], predicted support = [0 0 0 0 0 0 0 1 0 0 1 1 0 0 0 0 0 1 0 0 0 0 1 0 0 0 0 0 1 0])
INFO - 04/10/26 20:07:36 - 0:56:35 - direct, distinguisher - Sum Rank: secret not predicted. (true secret = [ 0 -1 -1  0  0  0  0  1  0  0 -1  1 -1  0  0  0  0  1  0  0  0  0  1  0
                                       0  0 -1  0  1  0], predicted secret = [0 0 1 0 0 0 0 1 0 0 1 0 1 0 0 0 0 1 0 0 0 0 1 0 0 0 0 0 0 0], true support = [0 1 1 0 0 0 0 1 0 0 1 1 1 0 0 0 0 1 0 0 0 0 1 0 0 0 1 0 1 0], predicted support = [0 0 1 0 0 0 0 1 0 0 1 0 1 0 0 0 0 1 0 0 0 0 1 0 0 0 0 0 0 0])
INFO - 04/10/26 20:07:36 - 0:56:35 - direct, distinguisher - Max Rank: secret not predicted. (true secret = [ 0 -1 -1  0  0  0  0  1  0  0 -1  1 -1  0  0  0  0  1  0  0  0  0  1  0
                                       0  0 -1  0  1  0], predicted secret = [0 0 0 0 0 0 0 1 0 0 0 1 1 0 0 0 0 1 0 0 0 0 1 0 0 0 0 0 1 0], true support = [0 1 1 0 0 0 0 1 0 0 1 1 1 0 0 0 0 1 0 0 0 0 1 0 0 0 1 0 1 0], predicted support = [0 0 0 0 0 0 0 1 0 0 0 1 1 0 0 0 0 1 0 0 0 0 1 0 0 0 0 0 1 0])
INFO - 04/10/26 20:07:36 - 0:56:35 - Hybrid: ca, distinguisher
INFO - 04/10/26 20:07:36 - 0:56:35 - ca, distinguisher - Sum Normalized: secret not predicted. (true secret = [ 0 -1 -1  0  0  0  0  1  0  0 -1  1 -1  0  0  0  0  1  0  0  0  0  1  0
                                       0  0 -1  0  1  0], predicted secret = [0 1 1 0 0 0 0 0 0 0 1 1 0 0 0 0 0 1 0 0 0 0 0 0 0 0 0 0 1 0], true support = [0 1 1 0 0 0 0 1 0 0 1 1 1 0 0 0 0 1 0 0 0 0 1 0 0 0 1 0 1 0], predicted support = [0 1 1 0 0 0 0 0 0 0 1 1 0 0 0 0 0 1 0 0 0 0 0 0 0 0 0 0 1 0])
INFO - 04/10/26 20:07:36 - 0:56:35 - ca, distinguisher - Max Normalized: secret not predicted. (true secret = [ 0 -1 -1  0  0  0  0  1  0  0 -1  1 -1  0  0  0  0  1  0  0  0  0  1  0
                                       0  0 -1  0  1  0], predicted secret = [0 0 0 0 0 0 0 1 0 0 1 1 0 0 0 0 0 1 0 0 0 0 1 0 0 0 0 0 1 0], true support = [0 1 1 0 0 0 0 1 0 0 1 1 1 0 0 0 0 1 0 0 0 0 1 0 0 0 1 0 1 0], predicted support = [0 0 0 0 0 0 0 1 0 0 1 1 0 0 0 0 0 1 0 0 0 0 1 0 0 0 0 0 1 0])
INFO - 04/10/26 20:07:36 - 0:56:35 - ca, distinguisher - Sum Rank: secret not predicted. (true secret = [ 0 -1 -1  0  0  0  0  1  0  0 -1  1 -1  0  0  0  0  1  0  0  0  0  1  0
                                       0  0 -1  0  1  0], predicted secret = [0 1 1 0 0 0 0 1 0 0 0 1 0 0 0 0 0 1 0 0 0 0 0 0 0 0 0 0 1 0], true support = [0 1 1 0 0 0 0 1 0 0 1 1 1 0 0 0 0 1 0 0 0 0 1 0 0 0 1 0 1 0], predicted support = [0 1 1 0 0 0 0 1 0 0 0 1 0 0 0 0 0 1 0 0 0 0 0 0 0 0 0 0 1 0])
INFO - 04/10/26 20:07:36 - 0:56:35 - ca, distinguisher - Max Rank: secret not predicted. (true secret = [ 0 -1 -1  0  0  0  0  1  0  0 -1  1 -1  0  0  0  0  1  0  0  0  0  1  0
                                       0  0 -1  0  1  0], predicted secret = [0 1 1 0 0 0 0 1 0 0 0 1 0 0 0 0 0 1 0 0 0 0 1 0 0 0 0 0 0 0], true support = [0 1 1 0 0 0 0 1 0 0 1 1 1 0 0 0 0 1 0 0 0 0 1 0 0 0 1 0 1 0], predicted support = [0 1 1 0 0 0 0 1 0 0 0 1 0 0 0 0 0 1 0 0 0 0 1 0 0 0 0 0 0 0])
INFO - 04/10/26 20:07:36 - 0:56:35 - Hybrid: direct, ca, distinguisher
INFO - 04/10/26 20:07:36 - 0:56:35 - direct, ca, distinguisher - Sum Normalized: secret not predicted. (true secret = [ 0 -1 -1  0  0  0  0  1  0  0 -1  1 -1  0  0  0  0  1  0  0  0  0  1  0
                                       0  0 -1  0  1  0], predicted secret = [0 0 1 0 0 0 0 1 0 0 0 1 1 0 0 0 0 1 0 0 0 0 1 0 0 0 0 0 0 0], true support = [0 1 1 0 0 0 0 1 0 0 1 1 1 0 0 0 0 1 0 0 0 0 1 0 0 0 1 0 1 0], predicted support = [0 0 1 0 0 0 0 1 0 0 0 1 1 0 0 0 0 1 0 0 0 0 1 0 0 0 0 0 0 0])
INFO - 04/10/26 20:07:36 - 0:56:35 - direct, ca, distinguisher - Max Normalized: secret not predicted. (true secret = [ 0 -1 -1  0  0  0  0  1  0  0 -1  1 -1  0  0  0  0  1  0  0  0  0  1  0
                                       0  0 -1  0  1  0], predicted secret = [0 0 0 0 0 0 0 1 0 0 1 1 0 0 0 0 0 1 0 0 0 0 1 0 0 0 0 0 1 0], true support = [0 1 1 0 0 0 0 1 0 0 1 1 1 0 0 0 0 1 0 0 0 0 1 0 0 0 1 0 1 0], predicted support = [0 0 0 0 0 0 0 1 0 0 1 1 0 0 0 0 0 1 0 0 0 0 1 0 0 0 0 0 1 0])
INFO - 04/10/26 20:07:36 - 0:56:35 - direct, ca, distinguisher - Sum Rank: secret not predicted. (true secret = [ 0 -1 -1  0  0  0  0  1  0  0 -1  1 -1  0  0  0  0  1  0  0  0  0  1  0
                                       0  0 -1  0  1  0], predicted secret = [0 0 1 0 0 0 0 1 0 0 1 0 1 0 0 0 0 1 0 0 0 0 1 0 0 0 0 0 0 0], true support = [0 1 1 0 0 0 0 1 0 0 1 1 1 0 0 0 0 1 0 0 0 0 1 0 0 0 1 0 1 0], predicted support = [0 0 1 0 0 0 0 1 0 0 1 0 1 0 0 0 0 1 0 0 0 0 1 0 0 0 0 0 0 0])
INFO - 04/10/26 20:07:36 - 0:56:35 - direct, ca, distinguisher - Max Rank: secret not predicted. (true secret = [ 0 -1 -1  0  0  0  0  1  0  0 -1  1 -1  0  0  0  0  1  0  0  0  0  1  0
                                       0  0 -1  0  1  0], predicted secret = [0 1 0 0 0 0 0 1 0 0 0 1 1 0 0 0 0 1 0 0 0 0 1 0 0 0 0 0 0 0], true support = [0 1 1 0 0 0 0 1 0 0 1 1 1 0 0 0 0 1 0 0 0 0 1 0 0 0 1 0 1 0], predicted support = [0 1 0 0 0 0 0 1 0 0 0 1 1 0 0 0 0 1 0 0 0 0 1 0 0 0 0 0 0 0])
INFO - 04/10/26 20:07:36 - 0:56:35 - Epoch 17 metrics | train_loss: 1.375707 | train_acc1: 36.392854 | train_acc2: 48.678923 | valid_xe_loss: 1.565358 | valid_acc1: 27.264636 | valid_acc2: 32.090585
INFO - 04/10/26 20:07:36 - 0:56:35 - __log__:{"train_loss": 1.375706661914452, "train_acc1": 36.39285428662828, "train_acc2": 48.67892274472169, "epoch": 17, "valid_xe_loss": 1.5653583762011951, "valid_acc1": 27.264636075949365, "valid_acc2": 32.09058544303797}
INFO - 04/10/26 20:07:36 - 0:56:35 - Saving checkpoint to /home/yu_mcc/PQC_salsa/runs/n30_q127_h3_1m/train_gpu_ternary_h10_secret0_init0_epoch200000/checkpoint.pth ...
WARNING - 04/10/26 20:07:36 - 0:56:35 - Saving encoder parameters ...
WARNING - 04/10/26 20:07:36 - 0:56:35 - Saving decoder parameters ...
WARNING - 04/10/26 20:07:36 - 0:56:35 - Saving optimizer ...
INFO - 04/10/26 20:07:36 - 0:56:35 - ============ Starting epoch 18 ... ============
INFO - 04/10/26 20:07:38 - 0:56:37 -   28150 -   83.52 equations/s -  5345.25 words/s - MEM: 1.36 GB - LOSS:  1.3658 || ACC1: 38.7207 || ACC2: 50.0977 - LR: 1.0000e-05
INFO - 04/10/26 20:07:46 - 0:56:45 -   28200 -  808.43 equations/s - 51739.57 words/s - MEM: 1.36 GB - LOSS:  1.3573 || ACC1: 37.2344 || ACC2: 50.4688 - LR: 1.0000e-05
INFO - 04/10/26 20:07:50 - 0:56:49 -   28250 - 1423.85 equations/s - 91126.65 words/s - MEM: 1.36 GB - LOSS:  1.3597 || ACC1: 37.7188 || ACC2: 50.3906 - LR: 1.0000e-05
INFO - 04/10/26 20:07:55 - 0:56:54 -   28300 - 1377.36 equations/s - 88151.05 words/s - MEM: 1.36 GB - LOSS:  1.3505 || ACC1: 38.6562 || ACC2: 51.1719 - LR: 1.0000e-05
INFO - 04/10/26 20:08:00 - 0:56:59 -   28350 - 1290.76 equations/s - 82608.88 words/s - MEM: 1.36 GB - LOSS:  1.3661 || ACC1: 36.6719 || ACC2: 49.8438 - LR: 1.0000e-05
INFO - 04/10/26 20:08:04 - 0:57:03 -   28400 - 1433.75 equations/s - 91759.78 words/s - MEM: 1.36 GB - LOSS:  1.3542 || ACC1: 38.9062 || ACC2: 51.2812 - LR: 1.0000e-05
INFO - 04/10/26 20:08:09 - 0:57:08 -   28450 - 1333.65 equations/s - 85353.57 words/s - MEM: 1.36 GB - LOSS:  1.3636 || ACC1: 37.7656 || ACC2: 50.7812 - LR: 1.0000e-05
INFO - 04/10/26 20:08:14 - 0:57:13 -   28500 - 1372.41 equations/s - 87833.94 words/s - MEM: 1.36 GB - LOSS:  1.3599 || ACC1: 37.6562 || ACC2: 49.6094 - LR: 1.0000e-05
INFO - 04/10/26 20:08:22 - 0:57:21 -   28550 -  799.35 equations/s - 51158.21 words/s - MEM: 1.36 GB - LOSS:  1.3523 || ACC1: 37.5938 || ACC2: 50.5000 - LR: 1.0000e-05
INFO - 04/10/26 20:08:27 - 0:57:25 -   28600 - 1394.09 equations/s - 89222.04 words/s - MEM: 1.36 GB - LOSS:  1.3536 || ACC1: 38.6250 || ACC2: 51.7812 - LR: 1.0000e-05
INFO - 04/10/26 20:08:31 - 0:57:30 -   28650 - 1376.11 equations/s - 88070.82 words/s - MEM: 1.36 GB - LOSS:  1.3480 || ACC1: 38.1406 || ACC2: 51.6719 - LR: 1.0000e-05
INFO - 04/10/26 20:08:36 - 0:57:35 -   28700 - 1357.09 equations/s - 86853.94 words/s - MEM: 1.36 GB - LOSS:  1.3493 || ACC1: 38.7344 || ACC2: 52.0625 - LR: 1.0000e-05
INFO - 04/10/26 20:08:41 - 0:57:39 -   28750 - 1380.26 equations/s - 88336.40 words/s - MEM: 1.36 GB - LOSS:  1.3538 || ACC1: 37.9531 || ACC2: 51.1094 - LR: 1.0000e-05
INFO - 04/10/26 20:08:45 - 0:57:44 -   28800 - 1368.34 equations/s - 87573.87 words/s - MEM: 1.36 GB - LOSS:  1.3471 || ACC1: 38.1250 || ACC2: 51.1094 - LR: 1.0000e-05
INFO - 04/10/26 20:08:50 - 0:57:48 -   28850 - 1431.04 equations/s - 91586.54 words/s - MEM: 1.36 GB - LOSS:  1.3490 || ACC1: 38.1250 || ACC2: 51.4531 - LR: 1.0000e-05
INFO - 04/10/26 20:08:58 - 0:57:57 -   28900 -  776.90 equations/s - 49721.45 words/s - MEM: 1.36 GB - LOSS:  1.3557 || ACC1: 37.6875 || ACC2: 50.1875 - LR: 1.0000e-05
INFO - 04/10/26 20:09:03 - 0:58:01 -   28950 - 1380.46 equations/s - 88349.45 words/s - MEM: 1.36 GB - LOSS:  1.3399 || ACC1: 38.2031 || ACC2: 52.0938 - LR: 1.0000e-05
INFO - 04/10/26 20:09:07 - 0:58:06 -   29000 - 1418.08 equations/s - 90757.03 words/s - MEM: 1.36 GB - LOSS:  1.3454 || ACC1: 38.2031 || ACC2: 52.5000 - LR: 1.0000e-05
INFO - 04/10/26 20:09:12 - 0:58:11 -   29050 - 1373.31 equations/s - 87891.95 words/s - MEM: 1.36 GB - LOSS:  1.3528 || ACC1: 37.8125 || ACC2: 51.2969 - LR: 1.0000e-05
INFO - 04/10/26 20:09:16 - 0:58:15 -   29100 - 1385.69 equations/s - 88684.06 words/s - MEM: 1.36 GB - LOSS:  1.3451 || ACC1: 38.7344 || ACC2: 51.9844 - LR: 1.0000e-05
INFO - 04/10/26 20:09:21 - 0:58:20 -   29150 - 1375.38 equations/s - 88024.35 words/s - MEM: 1.36 GB - LOSS:  1.3444 || ACC1: 38.0156 || ACC2: 51.2344 - LR: 1.0000e-05
INFO - 04/10/26 20:09:26 - 0:58:24 -   29200 - 1389.18 equations/s - 88907.37 words/s - MEM: 1.36 GB - LOSS:  1.3463 || ACC1: 38.3906 || ACC2: 51.8906 - LR: 1.0000e-05
INFO - 04/10/26 20:09:34 - 0:58:32 -   29250 -  808.25 equations/s - 51728.08 words/s - MEM: 1.36 GB - LOSS:  1.3428 || ACC1: 38.7344 || ACC2: 52.2188 - LR: 1.0000e-05
INFO - 04/10/26 20:09:38 - 0:58:37 -   29300 - 1415.81 equations/s - 90612.00 words/s - MEM: 1.36 GB - LOSS:  1.3423 || ACC1: 38.1250 || ACC2: 51.7188 - LR: 1.0000e-05
INFO - 04/10/26 20:09:43 - 0:58:41 -   29350 - 1380.11 equations/s - 88327.07 words/s - MEM: 1.36 GB - LOSS:  1.3415 || ACC1: 39.2812 || ACC2: 52.5000 - LR: 1.0000e-05
INFO - 04/10/26 20:09:47 - 0:58:46 -   29400 - 1391.46 equations/s - 89053.74 words/s - MEM: 1.36 GB - LOSS:  1.3407 || ACC1: 37.9688 || ACC2: 52.4375 - LR: 1.0000e-05
INFO - 04/10/26 20:09:52 - 0:58:51 -   29450 - 1415.66 equations/s - 90602.38 words/s - MEM: 1.36 GB - LOSS:  1.3446 || ACC1: 39.1250 || ACC2: 52.9219 - LR: 1.0000e-05
INFO - 04/10/26 20:09:57 - 0:58:55 -   29500 - 1330.79 equations/s - 85170.87 words/s - MEM: 1.36 GB - LOSS:  1.3516 || ACC1: 37.2969 || ACC2: 50.9844 - LR: 1.0000e-05
INFO - 04/10/26 20:10:01 - 0:59:00 -   29550 - 1418.95 equations/s - 90813.09 words/s - MEM: 1.36 GB - LOSS:  1.3389 || ACC1: 37.1719 || ACC2: 51.7188 - LR: 1.0000e-05
INFO - 04/10/26 20:10:09 - 0:59:08 -   29600 -  799.64 equations/s - 51176.71 words/s - MEM: 1.36 GB - LOSS:  1.3351 || ACC1: 38.5156 || ACC2: 53.0312 - LR: 1.0000e-05
INFO - 04/10/26 20:10:14 - 0:59:13 -   29650 - 1379.96 equations/s - 88317.71 words/s - MEM: 1.36 GB - LOSS:  1.3429 || ACC1: 37.3750 || ACC2: 51.0469 - LR: 1.0000e-05
INFO - 04/10/26 20:10:18 - 0:59:17 -   29697 - 1444.49 equations/s - 92447.23 words/s - MEM: 1.36 GB - LOSS:  1.3251 || ACC1: 39.2287 || ACC2: 53.2746 - LR: 1.0000e-05
INFO - 04/10/26 20:10:18 - 0:59:17 - ============ End of epoch 18 ============
INFO - 04/10/26 20:10:18 - 0:59:17 - Starting Distinguisher Method
INFO - 04/10/26 20:10:31 - 0:59:30 - Distinguishing 0s using the emd. 
INFO - 04/10/26 20:10:31 - 0:59:30 - Distinguishing +/-1s using the emd. 
INFO - 04/10/26 20:10:31 - 0:59:30 - Real secret: -1: {np.int64(1), np.int64(2), np.int64(10), np.int64(12), np.int64(26)}, 1: {np.int64(7), np.int64(11), np.int64(17), np.int64(22), np.int64(28)}
INFO - 04/10/26 20:10:31 - 0:59:30 - Distinguishing +/-1s using the mean. 
INFO - 04/10/26 20:10:31 - 0:59:30 - Real secret: -1: {np.int64(1), np.int64(2), np.int64(10), np.int64(12), np.int64(26)}, 1: {np.int64(7), np.int64(11), np.int64(17), np.int64(22), np.int64(28)}
INFO - 04/10/26 20:10:31 - 0:59:30 - Distinguishing 0s using the mean. 
INFO - 04/10/26 20:10:31 - 0:59:30 - Distinguishing +/-1s using the emd. 
INFO - 04/10/26 20:10:31 - 0:59:30 - Real secret: -1: {np.int64(1), np.int64(2), np.int64(10), np.int64(12), np.int64(26)}, 1: {np.int64(7), np.int64(11), np.int64(17), np.int64(22), np.int64(28)}
INFO - 04/10/26 20:10:31 - 0:59:30 - Distinguishing +/-1s using the mean. 
INFO - 04/10/26 20:10:31 - 0:59:30 - Real secret: -1: {np.int64(1), np.int64(2), np.int64(10), np.int64(12), np.int64(26)}, 1: {np.int64(7), np.int64(11), np.int64(17), np.int64(22), np.int64(28)}
INFO - 04/10/26 20:10:31 - 0:59:30 - Starting Direct Method
INFO - 04/10/26 20:10:31 - 0:59:30 - Direct:  K=38
INFO - 04/10/26 20:10:32 - 0:59:30 - Direct:  K=89
INFO - 04/10/26 20:10:32 - 0:59:31 - Direct:  K=60
INFO - 04/10/26 20:10:32 - 0:59:31 - Direct:  K=69
INFO - 04/10/26 20:10:32 - 0:59:31 - Direct:  K=72
INFO - 04/10/26 20:10:32 - 0:59:31 - Direct:  K=46
INFO - 04/10/26 20:10:33 - 0:59:31 - Direct:  K=71
INFO - 04/10/26 20:10:33 - 0:59:32 - Direct:  K=71
INFO - 04/10/26 20:10:33 - 0:59:32 - Direct:  K=32
INFO - 04/10/26 20:10:33 - 0:59:32 - Direct:  K=65
INFO - 04/10/26 20:10:33 - 0:59:32 - Direct:  K=44
INFO - 04/10/26 20:10:33 - 0:59:32 - Direct:  K=33
INFO - 04/10/26 20:10:33 - 0:59:32 - Direct:  K=84
INFO - 04/10/26 20:10:34 - 0:59:32 - Direct:  K=77
INFO - 04/10/26 20:10:34 - 0:59:33 - Direct:  K=41
INFO - 04/10/26 20:10:34 - 0:59:33 - Direct: secret not predicted. (true secret = [ 0 -1 -1  0  0  0  0  1  0  0 -1  1 -1  0  0  0  0  1  0  0  0  0  1  0
                                       0  0 -1  0  1  0], predicted secret = [0 0 0 0 0 1 0 1 0 0 0 1 0 0 0 1 1 0 0 0 0 0 1 0 0 0 0 0 0 0], true support = [0 1 1 0 0 0 0 1 0 0 1 1 1 0 0 0 0 1 0 0 0 0 1 0 0 0 1 0 1 0], predicted support = [0 0 0 0 0 1 0 1 0 0 0 1 0 0 0 1 1 0 0 0 0 0 1 0 0 0 0 0 0 0])
INFO - 04/10/26 20:10:47 - 0:59:45 - CA: secret not predicted. (true secret = [ 0 -1 -1  0  0  0  0  1  0  0 -1  1 -1  0  0  0  0  1  0  0  0  0  1  0
                                       0  0 -1  0  1  0], predicted secret = [0 1 1 0 0 0 0 0 0 0 0 1 1 0 0 0 0 1 0 0 0 0 0 1 0 0 0 0 0 0], true support = [0 1 1 0 0 0 0 1 0 0 1 1 1 0 0 0 0 1 0 0 0 0 1 0 0 0 1 0 1 0], predicted support = [0 1 1 0 0 0 0 0 0 0 0 1 1 0 0 0 0 1 0 0 0 0 0 1 0 0 0 0 0 0])
INFO - 04/10/26 20:10:47 - 0:59:45 - CA: secret not predicted. (true secret = [ 0 -1 -1  0  0  0  0  1  0  0 -1  1 -1  0  0  0  0  1  0  0  0  0  1  0
                                       0  0 -1  0  1  0], predicted secret = [0 0 0 0 0 0 0 1 0 0 1 0 0 0 0 0 1 1 0 0 0 0 0 0 0 0 0 1 1 0], true support = [0 1 1 0 0 0 0 1 0 0 1 1 1 0 0 0 0 1 0 0 0 0 1 0 0 0 1 0 1 0], predicted support = [0 0 0 0 0 0 0 1 0 0 1 0 0 0 0 0 1 1 0 0 0 0 0 0 0 0 0 1 1 0])
INFO - 04/10/26 20:10:47 - 0:59:45 - Hybrid: direct, ca
INFO - 04/10/26 20:10:47 - 0:59:45 - direct, ca - Sum Normalized: secret not predicted. (true secret = [ 0 -1 -1  0  0  0  0  1  0  0 -1  1 -1  0  0  0  0  1  0  0  0  0  1  0
                                       0  0 -1  0  1  0], predicted secret = [0 1 1 0 0 0 0 1 0 0 0 1 0 0 0 0 0 1 0 0 0 0 1 0 0 0 0 0 0 0], true support = [0 1 1 0 0 0 0 1 0 0 1 1 1 0 0 0 0 1 0 0 0 0 1 0 0 0 1 0 1 0], predicted support = [0 1 1 0 0 0 0 1 0 0 0 1 0 0 0 0 0 1 0 0 0 0 1 0 0 0 0 0 0 0])
INFO - 04/10/26 20:10:47 - 0:59:45 - direct, ca - Max Normalized: secret not predicted. (true secret = [ 0 -1 -1  0  0  0  0  1  0  0 -1  1 -1  0  0  0  0  1  0  0  0  0  1  0
                                       0  0 -1  0  1  0], predicted secret = [0 1 1 0 0 0 0 1 0 0 0 1 0 0 0 0 0 1 0 0 0 0 1 0 0 0 0 0 0 0], true support = [0 1 1 0 0 0 0 1 0 0 1 1 1 0 0 0 0 1 0 0 0 0 1 0 0 0 1 0 1 0], predicted support = [0 1 1 0 0 0 0 1 0 0 0 1 0 0 0 0 0 1 0 0 0 0 1 0 0 0 0 0 0 0])
INFO - 04/10/26 20:10:47 - 0:59:45 - direct, ca - Sum Rank: secret not predicted. (true secret = [ 0 -1 -1  0  0  0  0  1  0  0 -1  1 -1  0  0  0  0  1  0  0  0  0  1  0
                                       0  0 -1  0  1  0], predicted secret = [0 0 0 0 0 1 0 1 0 0 0 1 0 0 0 0 0 1 0 0 0 0 1 1 0 0 0 0 0 0], true support = [0 1 1 0 0 0 0 1 0 0 1 1 1 0 0 0 0 1 0 0 0 0 1 0 0 0 1 0 1 0], predicted support = [0 0 0 0 0 1 0 1 0 0 0 1 0 0 0 0 0 1 0 0 0 0 1 1 0 0 0 0 0 0])
INFO - 04/10/26 20:10:47 - 0:59:45 - direct, ca - Max Rank: secret not predicted. (true secret = [ 0 -1 -1  0  0  0  0  1  0  0 -1  1 -1  0  0  0  0  1  0  0  0  0  1  0
                                       0  0 -1  0  1  0], predicted secret = [0 1 0 0 0 0 0 1 0 0 0 1 0 0 0 1 0 1 0 0 0 0 1 0 0 0 0 0 0 0], true support = [0 1 1 0 0 0 0 1 0 0 1 1 1 0 0 0 0 1 0 0 0 0 1 0 0 0 1 0 1 0], predicted support = [0 1 0 0 0 0 0 1 0 0 0 1 0 0 0 1 0 1 0 0 0 0 1 0 0 0 0 0 0 0])
INFO - 04/10/26 20:10:47 - 0:59:45 - Hybrid: direct, distinguisher
INFO - 04/10/26 20:10:47 - 0:59:45 - direct, distinguisher - Sum Normalized: secret not predicted. (true secret = [ 0 -1 -1  0  0  0  0  1  0  0 -1  1 -1  0  0  0  0  1  0  0  0  0  1  0
                                       0  0 -1  0  1  0], predicted secret = [0 0 1 0 0 0 0 1 0 0 0 1 0 0 0 0 0 1 0 0 0 0 1 0 0 0 0 0 1 0], true support = [0 1 1 0 0 0 0 1 0 0 1 1 1 0 0 0 0 1 0 0 0 0 1 0 0 0 1 0 1 0], predicted support = [0 0 1 0 0 0 0 1 0 0 0 1 0 0 0 0 0 1 0 0 0 0 1 0 0 0 0 0 1 0])
INFO - 04/10/26 20:10:47 - 0:59:45 - direct, distinguisher - Max Normalized: secret not predicted. (true secret = [ 0 -1 -1  0  0  0  0  1  0  0 -1  1 -1  0  0  0  0  1  0  0  0  0  1  0
                                       0  0 -1  0  1  0], predicted secret = [0 0 1 0 0 0 0 1 0 0 0 1 0 0 0 0 0 1 0 0 0 0 1 0 0 0 0 0 1 0], true support = [0 1 1 0 0 0 0 1 0 0 1 1 1 0 0 0 0 1 0 0 0 0 1 0 0 0 1 0 1 0], predicted support = [0 0 1 0 0 0 0 1 0 0 0 1 0 0 0 0 0 1 0 0 0 0 1 0 0 0 0 0 1 0])
INFO - 04/10/26 20:10:47 - 0:59:45 - direct, distinguisher - Sum Rank: secret not predicted. (true secret = [ 0 -1 -1  0  0  0  0  1  0  0 -1  1 -1  0  0  0  0  1  0  0  0  0  1  0
                                       0  0 -1  0  1  0], predicted secret = [0 0 0 0 1 0 0 1 0 0 0 1 0 0 0 0 1 1 0 0 0 0 1 0 0 0 0 0 0 0], true support = [0 1 1 0 0 0 0 1 0 0 1 1 1 0 0 0 0 1 0 0 0 0 1 0 0 0 1 0 1 0], predicted support = [0 0 0 0 1 0 0 1 0 0 0 1 0 0 0 0 1 1 0 0 0 0 1 0 0 0 0 0 0 0])
INFO - 04/10/26 20:10:47 - 0:59:45 - direct, distinguisher - Max Rank: secret not predicted. (true secret = [ 0 -1 -1  0  0  0  0  1  0  0 -1  1 -1  0  0  0  0  1  0  0  0  0  1  0
                                       0  0 -1  0  1  0], predicted secret = [0 0 0 0 0 0 0 1 0 0 0 1 0 0 0 1 0 1 0 0 0 0 1 0 0 0 0 0 1 0], true support = [0 1 1 0 0 0 0 1 0 0 1 1 1 0 0 0 0 1 0 0 0 0 1 0 0 0 1 0 1 0], predicted support = [0 0 0 0 0 0 0 1 0 0 0 1 0 0 0 1 0 1 0 0 0 0 1 0 0 0 0 0 1 0])
INFO - 04/10/26 20:10:47 - 0:59:45 - Hybrid: ca, distinguisher
INFO - 04/10/26 20:10:47 - 0:59:45 - ca, distinguisher - Sum Normalized: secret not predicted. (true secret = [ 0 -1 -1  0  0  0  0  1  0  0 -1  1 -1  0  0  0  0  1  0  0  0  0  1  0
                                       0  0 -1  0  1  0], predicted secret = [0 1 1 0 0 0 0 1 0 0 0 1 0 0 0 0 0 1 0 0 0 0 0 0 0 0 0 0 1 0], true support = [0 1 1 0 0 0 0 1 0 0 1 1 1 0 0 0 0 1 0 0 0 0 1 0 0 0 1 0 1 0], predicted support = [0 1 1 0 0 0 0 1 0 0 0 1 0 0 0 0 0 1 0 0 0 0 0 0 0 0 0 0 1 0])
INFO - 04/10/26 20:10:47 - 0:59:45 - ca, distinguisher - Max Normalized: secret not predicted. (true secret = [ 0 -1 -1  0  0  0  0  1  0  0 -1  1 -1  0  0  0  0  1  0  0  0  0  1  0
                                       0  0 -1  0  1  0], predicted secret = [0 0 1 0 0 0 0 1 0 0 0 1 0 0 0 0 0 1 0 0 0 0 1 0 0 0 0 0 1 0], true support = [0 1 1 0 0 0 0 1 0 0 1 1 1 0 0 0 0 1 0 0 0 0 1 0 0 0 1 0 1 0], predicted support = [0 0 1 0 0 0 0 1 0 0 0 1 0 0 0 0 0 1 0 0 0 0 1 0 0 0 0 0 1 0])
INFO - 04/10/26 20:10:47 - 0:59:45 - ca, distinguisher - Sum Rank: secret not predicted. (true secret = [ 0 -1 -1  0  0  0  0  1  0  0 -1  1 -1  0  0  0  0  1  0  0  0  0  1  0
                                       0  0 -1  0  1  0], predicted secret = [0 1 1 0 0 0 0 1 0 0 0 1 0 0 0 0 0 1 0 0 0 0 0 0 0 0 0 0 1 0], true support = [0 1 1 0 0 0 0 1 0 0 1 1 1 0 0 0 0 1 0 0 0 0 1 0 0 0 1 0 1 0], predicted support = [0 1 1 0 0 0 0 1 0 0 0 1 0 0 0 0 0 1 0 0 0 0 0 0 0 0 0 0 1 0])
INFO - 04/10/26 20:10:47 - 0:59:45 - ca, distinguisher - Max Rank: secret not predicted. (true secret = [ 0 -1 -1  0  0  0  0  1  0  0 -1  1 -1  0  0  0  0  1  0  0  0  0  1  0
                                       0  0 -1  0  1  0], predicted secret = [0 1 1 0 0 0 0 1 0 0 0 1 0 0 0 0 0 1 0 0 0 0 0 0 0 0 0 0 1 0], true support = [0 1 1 0 0 0 0 1 0 0 1 1 1 0 0 0 0 1 0 0 0 0 1 0 0 0 1 0 1 0], predicted support = [0 1 1 0 0 0 0 1 0 0 0 1 0 0 0 0 0 1 0 0 0 0 0 0 0 0 0 0 1 0])
INFO - 04/10/26 20:10:47 - 0:59:45 - Hybrid: direct, ca, distinguisher
INFO - 04/10/26 20:10:47 - 0:59:45 - direct, ca, distinguisher - Sum Normalized: secret not predicted. (true secret = [ 0 -1 -1  0  0  0  0  1  0  0 -1  1 -1  0  0  0  0  1  0  0  0  0  1  0
                                       0  0 -1  0  1  0], predicted secret = [0 0 1 0 0 0 0 1 0 0 0 1 0 0 0 0 0 1 0 0 0 0 1 0 0 0 0 0 1 0], true support = [0 1 1 0 0 0 0 1 0 0 1 1 1 0 0 0 0 1 0 0 0 0 1 0 0 0 1 0 1 0], predicted support = [0 0 1 0 0 0 0 1 0 0 0 1 0 0 0 0 0 1 0 0 0 0 1 0 0 0 0 0 1 0])
INFO - 04/10/26 20:10:47 - 0:59:45 - direct, ca, distinguisher - Max Normalized: secret not predicted. (true secret = [ 0 -1 -1  0  0  0  0  1  0  0 -1  1 -1  0  0  0  0  1  0  0  0  0  1  0
                                       0  0 -1  0  1  0], predicted secret = [0 0 1 0 0 0 0 1 0 0 0 1 0 0 0 0 0 1 0 0 0 0 1 0 0 0 0 0 1 0], true support = [0 1 1 0 0 0 0 1 0 0 1 1 1 0 0 0 0 1 0 0 0 0 1 0 0 0 1 0 1 0], predicted support = [0 0 1 0 0 0 0 1 0 0 0 1 0 0 0 0 0 1 0 0 0 0 1 0 0 0 0 0 1 0])
INFO - 04/10/26 20:10:47 - 0:59:45 - direct, ca, distinguisher - Sum Rank: secret not predicted. (true secret = [ 0 -1 -1  0  0  0  0  1  0  0 -1  1 -1  0  0  0  0  1  0  0  0  0  1  0
                                       0  0 -1  0  1  0], predicted secret = [0 0 1 0 0 0 0 1 0 0 0 1 0 0 0 0 0 1 0 0 0 0 1 1 0 0 0 0 0 0], true support = [0 1 1 0 0 0 0 1 0 0 1 1 1 0 0 0 0 1 0 0 0 0 1 0 0 0 1 0 1 0], predicted support = [0 0 1 0 0 0 0 1 0 0 0 1 0 0 0 0 0 1 0 0 0 0 1 1 0 0 0 0 0 0])
INFO - 04/10/26 20:10:47 - 0:59:45 - direct, ca, distinguisher - Max Rank: secret not predicted. (true secret = [ 0 -1 -1  0  0  0  0  1  0  0 -1  1 -1  0  0  0  0  1  0  0  0  0  1  0
                                       0  0 -1  0  1  0], predicted secret = [0 1 0 0 0 0 0 1 0 0 0 1 0 0 0 1 0 1 0 0 0 0 1 0 0 0 0 0 0 0], true support = [0 1 1 0 0 0 0 1 0 0 1 1 1 0 0 0 0 1 0 0 0 0 1 0 0 0 1 0 1 0], predicted support = [0 1 0 0 0 0 0 1 0 0 0 1 0 0 0 1 0 1 0 0 0 0 1 0 0 0 0 0 0 0])
INFO - 04/10/26 20:10:47 - 0:59:45 - Epoch 18 metrics | train_loss: 1.348599 | train_acc1: 38.125800 | train_acc2: 51.475028 | valid_xe_loss: 1.590690 | valid_acc1: 24.821994 | valid_acc2: 29.984177
INFO - 04/10/26 20:10:47 - 0:59:45 - __log__:{"train_loss": 1.3485986057642707, "train_acc1": 38.125799744081895, "train_acc2": 51.475027991042865, "epoch": 18, "valid_xe_loss": 1.5906904030449782, "valid_acc1": 24.821993670886076, "valid_acc2": 29.984177215189874}
INFO - 04/10/26 20:10:47 - 0:59:45 - Saving checkpoint to /home/yu_mcc/PQC_salsa/runs/n30_q127_h3_1m/train_gpu_ternary_h10_secret0_init0_epoch200000/checkpoint.pth ...
WARNING - 04/10/26 20:10:47 - 0:59:45 - Saving encoder parameters ...
WARNING - 04/10/26 20:10:47 - 0:59:45 - Saving decoder parameters ...
WARNING - 04/10/26 20:10:47 - 0:59:45 - Saving optimizer ...
INFO - 04/10/26 20:10:47 - 0:59:46 - ============ Starting epoch 19 ... ============
INFO - 04/10/26 20:10:47 - 0:59:46 -   29700 -   13.11 equations/s -   839.24 words/s - MEM: 1.36 GB - LOSS:  1.3132 || ACC1: 42.7083 || ACC2: 54.6875 - LR: 1.0000e-05
INFO - 04/10/26 20:10:52 - 0:59:50 -   29750 - 1437.68 equations/s - 92011.33 words/s - MEM: 1.36 GB - LOSS:  1.3464 || ACC1: 35.8281 || ACC2: 51.1094 - LR: 1.0000e-05
INFO - 04/10/26 20:10:56 - 0:59:55 -   29800 - 1353.18 equations/s - 86603.74 words/s - MEM: 1.36 GB - LOSS:  1.3289 || ACC1: 39.5469 || ACC2: 53.7031 - LR: 1.0000e-05
INFO - 04/10/26 20:11:01 - 1:00:00 -   29850 - 1335.48 equations/s - 85470.44 words/s - MEM: 1.36 GB - LOSS:  1.3323 || ACC1: 39.6562 || ACC2: 53.2656 - LR: 1.0000e-05
INFO - 04/10/26 20:11:06 - 1:00:05 -   29900 - 1345.02 equations/s - 86081.03 words/s - MEM: 1.36 GB - LOSS:  1.3351 || ACC1: 38.6094 || ACC2: 52.5312 - LR: 1.0000e-05
INFO - 04/10/26 20:11:11 - 1:00:09 -   29950 - 1406.43 equations/s - 90011.50 words/s - MEM: 1.36 GB - LOSS:  1.3355 || ACC1: 38.2812 || ACC2: 52.6406 - LR: 1.0000e-05
INFO - 04/10/26 20:11:19 - 1:00:18 -   30000 -  770.07 equations/s - 49284.25 words/s - MEM: 1.36 GB - LOSS:  1.3271 || ACC1: 38.4531 || ACC2: 53.2500 - LR: 1.0000e-05
INFO - 04/10/26 20:11:24 - 1:00:22 -   30050 - 1315.21 equations/s - 84173.42 words/s - MEM: 1.36 GB - LOSS:  1.3298 || ACC1: 38.3594 || ACC2: 52.9531 - LR: 1.0000e-05
INFO - 04/10/26 20:11:29 - 1:00:27 -   30100 - 1302.15 equations/s - 83337.33 words/s - MEM: 1.36 GB - LOSS:  1.3316 || ACC1: 38.8281 || ACC2: 53.5000 - LR: 1.0000e-05
INFO - 04/10/26 20:11:34 - 1:00:32 -   30150 - 1295.43 equations/s - 82907.73 words/s - MEM: 1.36 GB - LOSS:  1.3283 || ACC1: 38.5781 || ACC2: 53.3750 - LR: 1.0000e-05
INFO - 04/10/26 20:11:39 - 1:00:37 -   30200 - 1268.29 equations/s - 81170.69 words/s - MEM: 1.36 GB - LOSS:  1.3229 || ACC1: 39.2812 || ACC2: 52.9531 - LR: 1.0000e-05
INFO - 04/10/26 20:11:44 - 1:00:42 -   30250 - 1277.41 equations/s - 81754.51 words/s - MEM: 1.36 GB - LOSS:  1.3251 || ACC1: 39.4844 || ACC2: 53.7031 - LR: 1.0000e-05
INFO - 04/10/26 20:11:49 - 1:00:47 -   30300 - 1294.03 equations/s - 82817.87 words/s - MEM: 1.36 GB - LOSS:  1.3283 || ACC1: 38.5156 || ACC2: 52.4375 - LR: 1.0000e-05
INFO - 04/10/26 20:11:57 - 1:00:56 -   30350 -  755.51 equations/s - 48352.73 words/s - MEM: 1.36 GB - LOSS:  1.3203 || ACC1: 38.6094 || ACC2: 53.1406 - LR: 1.0000e-05
INFO - 04/10/26 20:12:02 - 1:01:01 -   30400 - 1355.31 equations/s - 86739.69 words/s - MEM: 1.36 GB - LOSS:  1.3209 || ACC1: 38.4375 || ACC2: 53.2500 - LR: 1.0000e-05
INFO - 04/10/26 20:12:06 - 1:01:05 -   30450 - 1349.31 equations/s - 86355.66 words/s - MEM: 1.36 GB - LOSS:  1.3224 || ACC1: 40.4062 || ACC2: 54.5469 - LR: 1.0000e-05
INFO - 04/10/26 20:12:11 - 1:01:10 -   30500 - 1280.98 equations/s - 81982.44 words/s - MEM: 1.36 GB - LOSS:  1.3108 || ACC1: 38.6719 || ACC2: 53.8281 - LR: 1.0000e-05
INFO - 04/10/26 20:12:16 - 1:01:15 -   30550 - 1307.86 equations/s - 83703.04 words/s - MEM: 1.36 GB - LOSS:  1.3196 || ACC1: 39.2656 || ACC2: 54.1406 - LR: 1.0000e-05
INFO - 04/10/26 20:12:21 - 1:01:20 -   30600 - 1312.58 equations/s - 84005.16 words/s - MEM: 1.36 GB - LOSS:  1.3260 || ACC1: 38.5156 || ACC2: 53.0312 - LR: 1.0000e-05
INFO - 04/10/26 20:12:30 - 1:01:28 -   30650 -  761.52 equations/s - 48737.44 words/s - MEM: 1.36 GB - LOSS:  1.3205 || ACC1: 40.0625 || ACC2: 54.5469 - LR: 1.0000e-05
INFO - 04/10/26 20:12:34 - 1:01:33 -   30700 - 1335.89 equations/s - 85496.79 words/s - MEM: 1.36 GB - LOSS:  1.3126 || ACC1: 40.6094 || ACC2: 54.4844 - LR: 1.0000e-05
INFO - 04/10/26 20:12:39 - 1:01:38 -   30750 - 1382.03 equations/s - 88450.05 words/s - MEM: 1.36 GB - LOSS:  1.3224 || ACC1: 38.2656 || ACC2: 52.7969 - LR: 1.0000e-05
INFO - 04/10/26 20:12:44 - 1:01:43 -   30800 - 1334.64 equations/s - 85416.76 words/s - MEM: 1.36 GB - LOSS:  1.3127 || ACC1: 39.5312 || ACC2: 54.6406 - LR: 1.0000e-05
INFO - 04/10/26 20:12:49 - 1:01:47 -   30850 - 1368.08 equations/s - 87556.87 words/s - MEM: 1.36 GB - LOSS:  1.3125 || ACC1: 38.6875 || ACC2: 54.6406 - LR: 1.0000e-05
INFO - 04/10/26 20:12:53 - 1:01:52 -   30900 - 1329.75 equations/s - 85103.91 words/s - MEM: 1.36 GB - LOSS:  1.3124 || ACC1: 39.8906 || ACC2: 55.1094 - LR: 1.0000e-05
INFO - 04/10/26 20:12:58 - 1:01:57 -   30950 - 1339.55 equations/s - 85731.35 words/s - MEM: 1.36 GB - LOSS:  1.3105 || ACC1: 39.7656 || ACC2: 54.6406 - LR: 1.0000e-05
INFO - 04/10/26 20:13:06 - 1:02:05 -   31000 -  779.85 equations/s - 49910.39 words/s - MEM: 1.36 GB - LOSS:  1.3174 || ACC1: 38.4688 || ACC2: 53.7969 - LR: 1.0000e-05
INFO - 04/10/26 20:13:11 - 1:02:10 -   31050 - 1334.69 equations/s - 85420.00 words/s - MEM: 1.36 GB - LOSS:  1.3153 || ACC1: 39.7656 || ACC2: 54.1250 - LR: 1.0000e-05
INFO - 04/10/26 20:13:16 - 1:02:15 -   31100 - 1294.50 equations/s - 82848.08 words/s - MEM: 1.36 GB - LOSS:  1.3200 || ACC1: 38.6094 || ACC2: 53.3281 - LR: 1.0000e-05
INFO - 04/10/26 20:13:21 - 1:02:20 -   31150 - 1300.70 equations/s - 83244.66 words/s - MEM: 1.36 GB - LOSS:  1.3092 || ACC1: 38.9219 || ACC2: 54.4062 - LR: 1.0000e-05
INFO - 04/10/26 20:13:26 - 1:02:25 -   31200 - 1351.92 equations/s - 86522.73 words/s - MEM: 1.36 GB - LOSS:  1.3003 || ACC1: 40.7344 || ACC2: 56.0625 - LR: 1.0000e-05
INFO - 04/10/26 20:13:30 - 1:02:29 -   31250 - 1408.10 equations/s - 90118.39 words/s - MEM: 1.36 GB - LOSS:  1.3096 || ACC1: 39.7500 || ACC2: 53.8281 - LR: 1.0000e-05
INFO - 04/10/26 20:13:31 - 1:02:30 -   31260 - 1339.70 equations/s - 85740.51 words/s - MEM: 1.36 GB - LOSS:  1.3062 || ACC1: 39.8438 || ACC2: 54.7656 - LR: 1.0000e-05
INFO - 04/10/26 20:13:31 - 1:02:30 - ============ End of epoch 19 ============
INFO - 04/10/26 20:13:31 - 1:02:30 - Starting Distinguisher Method
INFO - 04/10/26 20:13:48 - 1:02:47 - Distinguishing 0s using the emd. 
INFO - 04/10/26 20:13:48 - 1:02:47 - Distinguishing +/-1s using the emd. 
INFO - 04/10/26 20:13:48 - 1:02:47 - Real secret: -1: {np.int64(1), np.int64(2), np.int64(10), np.int64(12), np.int64(26)}, 1: {np.int64(7), np.int64(11), np.int64(17), np.int64(22), np.int64(28)}
INFO - 04/10/26 20:13:48 - 1:02:47 - Distinguishing +/-1s using the mean. 
INFO - 04/10/26 20:13:48 - 1:02:47 - Real secret: -1: {np.int64(1), np.int64(2), np.int64(10), np.int64(12), np.int64(26)}, 1: {np.int64(7), np.int64(11), np.int64(17), np.int64(22), np.int64(28)}
INFO - 04/10/26 20:13:48 - 1:02:47 - Distinguishing 0s using the mean. 
INFO - 04/10/26 20:13:48 - 1:02:47 - Distinguishing +/-1s using the emd. 
INFO - 04/10/26 20:13:48 - 1:02:47 - Real secret: -1: {np.int64(1), np.int64(2), np.int64(10), np.int64(12), np.int64(26)}, 1: {np.int64(7), np.int64(11), np.int64(17), np.int64(22), np.int64(28)}
INFO - 04/10/26 20:13:48 - 1:02:47 - Distinguishing +/-1s using the mean. 
INFO - 04/10/26 20:13:48 - 1:02:47 - Real secret: -1: {np.int64(1), np.int64(2), np.int64(10), np.int64(12), np.int64(26)}, 1: {np.int64(7), np.int64(11), np.int64(17), np.int64(22), np.int64(28)}
INFO - 04/10/26 20:13:48 - 1:02:47 - Starting Direct Method
INFO - 04/10/26 20:13:48 - 1:02:47 - Direct:  K=72
INFO - 04/10/26 20:13:48 - 1:02:47 - Direct:  K=85
INFO - 04/10/26 20:13:49 - 1:02:47 - Direct:  K=71
INFO - 04/10/26 20:13:49 - 1:02:47 - Direct:  K=35
INFO - 04/10/26 20:13:49 - 1:02:47 - Direct:  K=76
INFO - 04/10/26 20:13:49 - 1:02:48 - Direct:  K=53
INFO - 04/10/26 20:13:49 - 1:02:48 - Direct:  K=93
INFO - 04/10/26 20:13:49 - 1:02:48 - Direct:  K=59
INFO - 04/10/26 20:13:49 - 1:02:48 - Direct:  K=48
INFO - 04/10/26 20:13:50 - 1:02:48 - Direct:  K=76
INFO - 04/10/26 20:13:50 - 1:02:49 - Direct:  K=91
INFO - 04/10/26 20:13:50 - 1:02:49 - Direct:  K=71
INFO - 04/10/26 20:13:50 - 1:02:49 - Direct:  K=48
INFO - 04/10/26 20:13:50 - 1:02:49 - Direct:  K=70
INFO - 04/10/26 20:13:50 - 1:02:49 - Direct:  K=63
INFO - 04/10/26 20:13:50 - 1:02:49 - Direct: secret not predicted. (true secret = [ 0 -1 -1  0  0  0  0  1  0  0 -1  1 -1  0  0  0  0  1  0  0  0  0  1  0
                                       0  0 -1  0  1  0], predicted secret = [0 0 0 0 0 0 0 1 0 1 0 0 1 0 0 0 0 0 0 0 0 0 1 1 0 1 0 0 0 0], true support = [0 1 1 0 0 0 0 1 0 0 1 1 1 0 0 0 0 1 0 0 0 0 1 0 0 0 1 0 1 0], predicted support = [0 0 0 0 0 0 0 1 0 1 0 0 1 0 0 0 0 0 0 0 0 0 1 1 0 1 0 0 0 0])
INFO - 04/10/26 20:13:59 - 1:02:58 - CA: secret not predicted. (true secret = [ 0 -1 -1  0  0  0  0  1  0  0 -1  1 -1  0  0  0  0  1  0  0  0  0  1  0
                                       0  0 -1  0  1  0], predicted secret = [0 1 1 0 0 0 0 0 0 0 0 1 1 0 0 0 0 1 0 0 0 0 0 1 0 0 0 0 0 0], true support = [0 1 1 0 0 0 0 1 0 0 1 1 1 0 0 0 0 1 0 0 0 0 1 0 0 0 1 0 1 0], predicted support = [0 1 1 0 0 0 0 0 0 0 0 1 1 0 0 0 0 1 0 0 0 0 0 1 0 0 0 0 0 0])
INFO - 04/10/26 20:13:59 - 1:02:58 - CA: secret not predicted. (true secret = [ 0 -1 -1  0  0  0  0  1  0  0 -1  1 -1  0  0  0  0  1  0  0  0  0  1  0
                                       0  0 -1  0  1  0], predicted secret = [0 0 0 0 0 0 0 1 0 0 1 1 0 0 0 0 0 1 0 0 0 0 0 0 0 0 0 1 1 0], true support = [0 1 1 0 0 0 0 1 0 0 1 1 1 0 0 0 0 1 0 0 0 0 1 0 0 0 1 0 1 0], predicted support = [0 0 0 0 0 0 0 1 0 0 1 1 0 0 0 0 0 1 0 0 0 0 0 0 0 0 0 1 1 0])
INFO - 04/10/26 20:13:59 - 1:02:58 - Hybrid: direct, ca
INFO - 04/10/26 20:13:59 - 1:02:58 - direct, ca - Sum Normalized: secret not predicted. (true secret = [ 0 -1 -1  0  0  0  0  1  0  0 -1  1 -1  0  0  0  0  1  0  0  0  0  1  0
                                       0  0 -1  0  1  0], predicted secret = [0 1 1 0 0 0 0 1 0 0 0 0 0 0 0 0 0 1 0 0 0 0 1 1 0 0 0 0 0 0], true support = [0 1 1 0 0 0 0 1 0 0 1 1 1 0 0 0 0 1 0 0 0 0 1 0 0 0 1 0 1 0], predicted support = [0 1 1 0 0 0 0 1 0 0 0 0 0 0 0 0 0 1 0 0 0 0 1 1 0 0 0 0 0 0])
INFO - 04/10/26 20:13:59 - 1:02:58 - direct, ca - Max Normalized: secret not predicted. (true secret = [ 0 -1 -1  0  0  0  0  1  0  0 -1  1 -1  0  0  0  0  1  0  0  0  0  1  0
                                       0  0 -1  0  1  0], predicted secret = [0 1 1 0 0 0 0 0 0 0 1 1 0 0 0 0 0 1 0 0 0 0 1 0 0 0 0 0 0 0], true support = [0 1 1 0 0 0 0 1 0 0 1 1 1 0 0 0 0 1 0 0 0 0 1 0 0 0 1 0 1 0], predicted support = [0 1 1 0 0 0 0 0 0 0 1 1 0 0 0 0 0 1 0 0 0 0 1 0 0 0 0 0 0 0])
INFO - 04/10/26 20:13:59 - 1:02:58 - direct, ca - Sum Rank: secret not predicted. (true secret = [ 0 -1 -1  0  0  0  0  1  0  0 -1  1 -1  0  0  0  0  1  0  0  0  0  1  0
                                       0  0 -1  0  1  0], predicted secret = [0 0 1 0 0 0 0 1 0 0 0 0 1 0 0 0 0 0 0 0 0 0 1 1 0 1 0 0 0 0], true support = [0 1 1 0 0 0 0 1 0 0 1 1 1 0 0 0 0 1 0 0 0 0 1 0 0 0 1 0 1 0], predicted support = [0 0 1 0 0 0 0 1 0 0 0 0 1 0 0 0 0 0 0 0 0 0 1 1 0 1 0 0 0 0])
INFO - 04/10/26 20:13:59 - 1:02:58 - direct, ca - Max Rank: secret not predicted. (true secret = [ 0 -1 -1  0  0  0  0  1  0  0 -1  1 -1  0  0  0  0  1  0  0  0  0  1  0
                                       0  0 -1  0  1  0], predicted secret = [0 1 0 0 0 0 0 1 0 0 0 1 0 0 0 0 0 1 0 0 0 0 1 0 0 1 0 0 0 0], true support = [0 1 1 0 0 0 0 1 0 0 1 1 1 0 0 0 0 1 0 0 0 0 1 0 0 0 1 0 1 0], predicted support = [0 1 0 0 0 0 0 1 0 0 0 1 0 0 0 0 0 1 0 0 0 0 1 0 0 1 0 0 0 0])
INFO - 04/10/26 20:13:59 - 1:02:58 - Hybrid: direct, distinguisher
INFO - 04/10/26 20:13:59 - 1:02:58 - direct, distinguisher - Sum Normalized: secret not predicted. (true secret = [ 0 -1 -1  0  0  0  0  1  0  0 -1  1 -1  0  0  0  0  1  0  0  0  0  1  0
                                       0  0 -1  0  1  0], predicted secret = [0 1 1 0 0 0 0 1 0 0 0 0 1 0 0 0 0 0 0 0 0 0 1 0 0 0 0 0 1 0], true support = [0 1 1 0 0 0 0 1 0 0 1 1 1 0 0 0 0 1 0 0 0 0 1 0 0 0 1 0 1 0], predicted support = [0 1 1 0 0 0 0 1 0 0 0 0 1 0 0 0 0 0 0 0 0 0 1 0 0 0 0 0 1 0])
INFO - 04/10/26 20:13:59 - 1:02:58 - direct, distinguisher - Max Normalized: secret not predicted. (true secret = [ 0 -1 -1  0  0  0  0  1  0  0 -1  1 -1  0  0  0  0  1  0  0  0  0  1  0
                                       0  0 -1  0  1  0], predicted secret = [0 1 1 0 0 0 0 0 0 0 1 1 0 0 0 0 0 1 0 0 0 0 1 0 0 0 0 0 0 0], true support = [0 1 1 0 0 0 0 1 0 0 1 1 1 0 0 0 0 1 0 0 0 0 1 0 0 0 1 0 1 0], predicted support = [0 1 1 0 0 0 0 0 0 0 1 1 0 0 0 0 0 1 0 0 0 0 1 0 0 0 0 0 0 0])
INFO - 04/10/26 20:13:59 - 1:02:58 - direct, distinguisher - Sum Rank: secret not predicted. (true secret = [ 0 -1 -1  0  0  0  0  1  0  0 -1  1 -1  0  0  0  0  1  0  0  0  0  1  0
                                       0  0 -1  0  1  0], predicted secret = [0 1 1 0 0 0 0 1 0 0 0 0 1 0 0 0 0 0 0 0 0 0 1 1 0 0 0 0 0 0], true support = [0 1 1 0 0 0 0 1 0 0 1 1 1 0 0 0 0 1 0 0 0 0 1 0 0 0 1 0 1 0], predicted support = [0 1 1 0 0 0 0 1 0 0 0 0 1 0 0 0 0 0 0 0 0 0 1 1 0 0 0 0 0 0])
INFO - 04/10/26 20:13:59 - 1:02:58 - direct, distinguisher - Max Rank: secret not predicted. (true secret = [ 0 -1 -1  0  0  0  0  1  0  0 -1  1 -1  0  0  0  0  1  0  0  0  0  1  0
                                       0  0 -1  0  1  0], predicted secret = [0 1 1 0 0 0 0 1 0 0 0 1 0 0 0 0 0 0 0 0 0 0 1 0 0 1 0 0 0 0], true support = [0 1 1 0 0 0 0 1 0 0 1 1 1 0 0 0 0 1 0 0 0 0 1 0 0 0 1 0 1 0], predicted support = [0 1 1 0 0 0 0 1 0 0 0 1 0 0 0 0 0 0 0 0 0 0 1 0 0 1 0 0 0 0])
INFO - 04/10/26 20:13:59 - 1:02:58 - Hybrid: ca, distinguisher
INFO - 04/10/26 20:13:59 - 1:02:58 - ca, distinguisher - Sum Normalized: secret not predicted. (true secret = [ 0 -1 -1  0  0  0  0  1  0  0 -1  1 -1  0  0  0  0  1  0  0  0  0  1  0
                                       0  0 -1  0  1  0], predicted secret = [0 1 1 0 0 0 0 0 0 0 1 1 0 0 0 0 0 1 0 0 0 0 0 0 0 0 0 0 1 0], true support = [0 1 1 0 0 0 0 1 0 0 1 1 1 0 0 0 0 1 0 0 0 0 1 0 0 0 1 0 1 0], predicted support = [0 1 1 0 0 0 0 0 0 0 1 1 0 0 0 0 0 1 0 0 0 0 0 0 0 0 0 0 1 0])
INFO - 04/10/26 20:13:59 - 1:02:58 - ca, distinguisher - Max Normalized: secret not predicted. (true secret = [ 0 -1 -1  0  0  0  0  1  0  0 -1  1 -1  0  0  0  0  1  0  0  0  0  1  0
                                       0  0 -1  0  1  0], predicted secret = [0 1 1 0 0 0 0 0 0 0 1 1 0 0 0 0 0 1 0 0 0 0 0 0 0 0 0 0 1 0], true support = [0 1 1 0 0 0 0 1 0 0 1 1 1 0 0 0 0 1 0 0 0 0 1 0 0 0 1 0 1 0], predicted support = [0 1 1 0 0 0 0 0 0 0 1 1 0 0 0 0 0 1 0 0 0 0 0 0 0 0 0 0 1 0])
INFO - 04/10/26 20:13:59 - 1:02:58 - ca, distinguisher - Sum Rank: secret not predicted. (true secret = [ 0 -1 -1  0  0  0  0  1  0  0 -1  1 -1  0  0  0  0  1  0  0  0  0  1  0
                                       0  0 -1  0  1  0], predicted secret = [0 1 1 0 0 0 0 0 0 0 1 1 0 0 0 0 0 1 0 0 0 0 0 0 0 0 0 0 1 0], true support = [0 1 1 0 0 0 0 1 0 0 1 1 1 0 0 0 0 1 0 0 0 0 1 0 0 0 1 0 1 0], predicted support = [0 1 1 0 0 0 0 0 0 0 1 1 0 0 0 0 0 1 0 0 0 0 0 0 0 0 0 0 1 0])
INFO - 04/10/26 20:13:59 - 1:02:58 - ca, distinguisher - Max Rank: secret not predicted. (true secret = [ 0 -1 -1  0  0  0  0  1  0  0 -1  1 -1  0  0  0  0  1  0  0  0  0  1  0
                                       0  0 -1  0  1  0], predicted secret = [0 1 1 0 0 0 0 0 0 0 1 1 0 0 0 0 0 1 0 0 0 0 0 0 0 0 0 0 1 0], true support = [0 1 1 0 0 0 0 1 0 0 1 1 1 0 0 0 0 1 0 0 0 0 1 0 0 0 1 0 1 0], predicted support = [0 1 1 0 0 0 0 0 0 0 1 1 0 0 0 0 0 1 0 0 0 0 0 0 0 0 0 0 1 0])
INFO - 04/10/26 20:13:59 - 1:02:58 - Hybrid: direct, ca, distinguisher
INFO - 04/10/26 20:13:59 - 1:02:58 - direct, ca, distinguisher - Sum Normalized: secret not predicted. (true secret = [ 0 -1 -1  0  0  0  0  1  0  0 -1  1 -1  0  0  0  0  1  0  0  0  0  1  0
                                       0  0 -1  0  1  0], predicted secret = [0 1 1 0 0 0 0 1 0 0 0 1 0 0 0 0 0 1 0 0 0 0 1 0 0 0 0 0 0 0], true support = [0 1 1 0 0 0 0 1 0 0 1 1 1 0 0 0 0 1 0 0 0 0 1 0 0 0 1 0 1 0], predicted support = [0 1 1 0 0 0 0 1 0 0 0 1 0 0 0 0 0 1 0 0 0 0 1 0 0 0 0 0 0 0])
INFO - 04/10/26 20:13:59 - 1:02:58 - direct, ca, distinguisher - Max Normalized: secret not predicted. (true secret = [ 0 -1 -1  0  0  0  0  1  0  0 -1  1 -1  0  0  0  0  1  0  0  0  0  1  0
                                       0  0 -1  0  1  0], predicted secret = [0 1 1 0 0 0 0 0 0 0 1 1 0 0 0 0 0 1 0 0 0 0 1 0 0 0 0 0 0 0], true support = [0 1 1 0 0 0 0 1 0 0 1 1 1 0 0 0 0 1 0 0 0 0 1 0 0 0 1 0 1 0], predicted support = [0 1 1 0 0 0 0 0 0 0 1 1 0 0 0 0 0 1 0 0 0 0 1 0 0 0 0 0 0 0])
INFO - 04/10/26 20:13:59 - 1:02:58 - direct, ca, distinguisher - Sum Rank: secret not predicted. (true secret = [ 0 -1 -1  0  0  0  0  1  0  0 -1  1 -1  0  0  0  0  1  0  0  0  0  1  0
                                       0  0 -1  0  1  0], predicted secret = [0 1 1 0 0 0 0 1 0 0 0 0 1 0 0 0 0 0 0 0 0 0 1 1 0 0 0 0 0 0], true support = [0 1 1 0 0 0 0 1 0 0 1 1 1 0 0 0 0 1 0 0 0 0 1 0 0 0 1 0 1 0], predicted support = [0 1 1 0 0 0 0 1 0 0 0 0 1 0 0 0 0 0 0 0 0 0 1 1 0 0 0 0 0 0])
INFO - 04/10/26 20:13:59 - 1:02:58 - direct, ca, distinguisher - Max Rank: secret not predicted. (true secret = [ 0 -1 -1  0  0  0  0  1  0  0 -1  1 -1  0  0  0  0  1  0  0  0  0  1  0
                                       0  0 -1  0  1  0], predicted secret = [0 1 1 0 0 0 0 1 0 0 0 1 0 0 0 0 0 1 0 0 0 0 1 0 0 0 0 0 0 0], true support = [0 1 1 0 0 0 0 1 0 0 1 1 1 0 0 0 0 1 0 0 0 0 1 0 0 0 1 0 1 0], predicted support = [0 1 1 0 0 0 0 1 0 0 0 1 0 0 0 0 0 1 0 0 0 0 1 0 0 0 0 0 0 0])
INFO - 04/10/26 20:13:59 - 1:02:58 - Epoch 19 metrics | train_loss: 1.321386 | train_acc1: 39.057002 | train_acc2: 53.678823 | valid_xe_loss: 1.605194 | valid_acc1: 27.076741 | valid_acc2: 31.576345
INFO - 04/10/26 20:13:59 - 1:02:58 - __log__:{"train_loss": 1.3213862439263577, "train_acc1": 39.05700175943698, "train_acc2": 53.67882277671145, "epoch": 19, "valid_xe_loss": 1.6051940480365028, "valid_acc1": 27.076740506329113, "valid_acc2": 31.57634493670886}
INFO - 04/10/26 20:13:59 - 1:02:58 - Saving checkpoint to /home/yu_mcc/PQC_salsa/runs/n30_q127_h3_1m/train_gpu_ternary_h10_secret0_init0_epoch200000/checkpoint.pth ...
WARNING - 04/10/26 20:13:59 - 1:02:58 - Saving encoder parameters ...
WARNING - 04/10/26 20:13:59 - 1:02:58 - Saving decoder parameters ...
WARNING - 04/10/26 20:13:59 - 1:02:58 - Saving optimizer ...
INFO - 04/10/26 20:14:00 - 1:02:58 - ============ Starting epoch 20 ... ============
INFO - 04/10/26 20:14:04 - 1:03:02 -   31300 -  158.75 equations/s - 10159.96 words/s - MEM: 1.36 GB - LOSS:  1.3056 || ACC1: 38.9258 || ACC2: 54.1406 - LR: 1.0000e-05
INFO - 04/10/26 20:14:08 - 1:03:07 -   31350 - 1328.59 equations/s - 85030.03 words/s - MEM: 1.36 GB - LOSS:  1.3044 || ACC1: 39.6094 || ACC2: 55.2969 - LR: 1.0000e-05
INFO - 04/10/26 20:14:13 - 1:03:12 -   31400 - 1332.32 equations/s - 85268.74 words/s - MEM: 1.36 GB - LOSS:  1.3062 || ACC1: 40.7969 || ACC2: 55.1719 - LR: 1.0000e-05
INFO - 04/10/26 20:14:22 - 1:03:20 -   31450 -  763.81 equations/s - 48883.88 words/s - MEM: 1.36 GB - LOSS:  1.3052 || ACC1: 40.5312 || ACC2: 56.3594 - LR: 1.0000e-05
INFO - 04/10/26 20:14:26 - 1:03:25 -   31500 - 1348.71 equations/s - 86317.27 words/s - MEM: 1.36 GB - LOSS:  1.3004 || ACC1: 39.7812 || ACC2: 55.0781 - LR: 1.0000e-05
INFO - 04/10/26 20:14:31 - 1:03:30 -   31550 - 1293.94 equations/s - 82811.89 words/s - MEM: 1.36 GB - LOSS:  1.3017 || ACC1: 40.0469 || ACC2: 55.3750 - LR: 1.0000e-05
INFO - 04/10/26 20:14:36 - 1:03:35 -   31600 - 1322.05 equations/s - 84611.06 words/s - MEM: 1.36 GB - LOSS:  1.2961 || ACC1: 40.1250 || ACC2: 55.2344 - LR: 1.0000e-05
INFO - 04/10/26 20:14:41 - 1:03:40 -   31650 - 1328.51 equations/s - 85024.39 words/s - MEM: 1.36 GB - LOSS:  1.2979 || ACC1: 39.7500 || ACC2: 55.3594 - LR: 1.0000e-05
INFO - 04/10/26 20:14:46 - 1:03:44 -   31700 - 1343.10 equations/s - 85958.31 words/s - MEM: 1.36 GB - LOSS:  1.2966 || ACC1: 40.3750 || ACC2: 55.2188 - LR: 1.0000e-05
INFO - 04/10/26 20:14:54 - 1:03:53 -   31750 -  751.50 equations/s - 48096.30 words/s - MEM: 1.36 GB - LOSS:  1.2963 || ACC1: 39.1250 || ACC2: 54.8750 - LR: 1.0000e-05
INFO - 04/10/26 20:14:59 - 1:03:58 -   31800 - 1293.39 equations/s - 82776.89 words/s - MEM: 1.36 GB - LOSS:  1.2927 || ACC1: 38.5781 || ACC2: 55.5000 - LR: 1.0000e-05
INFO - 04/10/26 20:15:04 - 1:04:03 -   31850 - 1310.80 equations/s - 83890.95 words/s - MEM: 1.36 GB - LOSS:  1.2910 || ACC1: 40.8438 || ACC2: 56.2500 - LR: 1.0000e-05
INFO - 04/10/26 20:15:09 - 1:04:08 -   31900 - 1322.24 equations/s - 84623.34 words/s - MEM: 1.36 GB - LOSS:  1.2970 || ACC1: 40.5000 || ACC2: 55.9062 - LR: 1.0000e-05
INFO - 04/10/26 20:15:14 - 1:04:12 -   31950 - 1313.62 equations/s - 84071.92 words/s - MEM: 1.36 GB - LOSS:  1.2928 || ACC1: 40.5312 || ACC2: 56.3750 - LR: 1.0000e-05
INFO - 04/10/26 20:15:19 - 1:04:17 -   32000 - 1314.92 equations/s - 84154.61 words/s - MEM: 1.36 GB - LOSS:  1.2806 || ACC1: 42.2812 || ACC2: 57.7812 - LR: 1.0000e-05
INFO - 04/10/26 20:15:23 - 1:04:22 -   32050 - 1373.26 equations/s - 87888.95 words/s - MEM: 1.36 GB - LOSS:  1.2906 || ACC1: 40.3125 || ACC2: 56.0625 - LR: 1.0000e-05
INFO - 04/10/26 20:15:32 - 1:04:30 -   32100 -  766.05 equations/s - 49027.46 words/s - MEM: 1.36 GB - LOSS:  1.2874 || ACC1: 40.8750 || ACC2: 57.0781 - LR: 1.0000e-05
INFO - 04/10/26 20:15:37 - 1:04:35 -   32150 - 1266.98 equations/s - 81086.51 words/s - MEM: 1.36 GB - LOSS:  1.2875 || ACC1: 41.0156 || ACC2: 56.7812 - LR: 1.0000e-05
INFO - 04/10/26 20:15:42 - 1:04:40 -   32200 - 1285.91 equations/s - 82298.10 words/s - MEM: 1.36 GB - LOSS:  1.2807 || ACC1: 40.4844 || ACC2: 56.5938 - LR: 1.0000e-05
INFO - 04/10/26 20:15:47 - 1:04:45 -   32250 - 1277.56 equations/s - 81763.98 words/s - MEM: 1.36 GB - LOSS:  1.2844 || ACC1: 40.4219 || ACC2: 55.9844 - LR: 1.0000e-05
INFO - 04/10/26 20:15:51 - 1:04:50 -   32300 - 1362.13 equations/s - 87176.36 words/s - MEM: 1.36 GB - LOSS:  1.2819 || ACC1: 40.3594 || ACC2: 56.6875 - LR: 1.0000e-05
INFO - 04/10/26 20:15:56 - 1:04:55 -   32350 - 1264.10 equations/s - 80902.57 words/s - MEM: 1.36 GB - LOSS:  1.2828 || ACC1: 41.2344 || ACC2: 56.3125 - LR: 1.0000e-05
INFO - 04/10/26 20:16:05 - 1:05:04 -   32400 -  741.15 equations/s - 47433.66 words/s - MEM: 1.36 GB - LOSS:  1.2800 || ACC1: 41.0938 || ACC2: 56.7969 - LR: 1.0000e-05
INFO - 04/10/26 20:16:10 - 1:05:09 -   32450 - 1328.06 equations/s - 84995.74 words/s - MEM: 1.36 GB - LOSS:  1.2776 || ACC1: 41.6875 || ACC2: 57.1094 - LR: 1.0000e-05
INFO - 04/10/26 20:16:15 - 1:05:14 -   32500 - 1292.47 equations/s - 82718.08 words/s - MEM: 1.36 GB - LOSS:  1.2829 || ACC1: 41.4375 || ACC2: 57.0625 - LR: 1.0000e-05
INFO - 04/10/26 20:16:20 - 1:05:18 -   32550 - 1293.33 equations/s - 82773.03 words/s - MEM: 1.36 GB - LOSS:  1.2802 || ACC1: 41.0156 || ACC2: 57.5469 - LR: 1.0000e-05
INFO - 04/10/26 20:16:25 - 1:05:23 -   32600 - 1291.71 equations/s - 82669.58 words/s - MEM: 1.36 GB - LOSS:  1.2791 || ACC1: 41.1875 || ACC2: 56.6094 - LR: 1.0000e-05
INFO - 04/10/26 20:16:29 - 1:05:28 -   32650 - 1352.47 equations/s - 86558.07 words/s - MEM: 1.36 GB - LOSS:  1.2784 || ACC1: 40.7500 || ACC2: 57.1250 - LR: 1.0000e-05
INFO - 04/10/26 20:16:34 - 1:05:33 -   32700 - 1325.54 equations/s - 84834.28 words/s - MEM: 1.36 GB - LOSS:  1.2714 || ACC1: 40.7969 || ACC2: 56.4062 - LR: 1.0000e-05
INFO - 04/10/26 20:16:43 - 1:05:41 -   32750 -  759.00 equations/s - 48575.73 words/s - MEM: 1.36 GB - LOSS:  1.2776 || ACC1: 40.8281 || ACC2: 57.3594 - LR: 1.0000e-05
INFO - 04/10/26 20:16:47 - 1:05:46 -   32800 - 1403.80 equations/s - 89842.92 words/s - MEM: 1.36 GB - LOSS:  1.2778 || ACC1: 41.3125 || ACC2: 56.6719 - LR: 1.0000e-05
INFO - 04/10/26 20:16:49 - 1:05:48 -   32823 - 1306.04 equations/s - 83586.60 words/s - MEM: 1.36 GB - LOSS:  1.2756 || ACC1: 40.1834 || ACC2: 56.9633 - LR: 1.0000e-05
INFO - 04/10/26 20:16:49 - 1:05:48 - ============ End of epoch 20 ============
INFO - 04/10/26 20:16:49 - 1:05:48 - Starting Distinguisher Method
INFO - 04/10/26 20:17:04 - 1:06:03 - Distinguishing 0s using the emd. 
INFO - 04/10/26 20:17:04 - 1:06:03 - Distinguishing +/-1s using the emd. 
INFO - 04/10/26 20:17:04 - 1:06:03 - Real secret: -1: {np.int64(1), np.int64(2), np.int64(10), np.int64(12), np.int64(26)}, 1: {np.int64(7), np.int64(11), np.int64(17), np.int64(22), np.int64(28)}
INFO - 04/10/26 20:17:04 - 1:06:03 - Nonzero bits not identified. Guess: [12 10  1  9 22 26 11 28  7 17]
INFO - 04/10/26 20:17:04 - 1:06:03 - Distinguishing +/-1s using the mean. 
INFO - 04/10/26 20:17:04 - 1:06:03 - Real secret: -1: {np.int64(1), np.int64(2), np.int64(10), np.int64(12), np.int64(26)}, 1: {np.int64(7), np.int64(11), np.int64(17), np.int64(22), np.int64(28)}
INFO - 04/10/26 20:17:04 - 1:06:03 - Nonzero bits not identified. Guess: [12 10  1  9 22 26 11 28  7 17]
INFO - 04/10/26 20:17:04 - 1:06:03 - Distinguishing 0s using the mean. 
INFO - 04/10/26 20:17:04 - 1:06:03 - Distinguishing +/-1s using the emd. 
INFO - 04/10/26 20:17:04 - 1:06:03 - Real secret: -1: {np.int64(1), np.int64(2), np.int64(10), np.int64(12), np.int64(26)}, 1: {np.int64(7), np.int64(11), np.int64(17), np.int64(22), np.int64(28)}
INFO - 04/10/26 20:17:04 - 1:06:03 - Distinguishing +/-1s using the mean. 
INFO - 04/10/26 20:17:04 - 1:06:03 - Real secret: -1: {np.int64(1), np.int64(2), np.int64(10), np.int64(12), np.int64(26)}, 1: {np.int64(7), np.int64(11), np.int64(17), np.int64(22), np.int64(28)}
INFO - 04/10/26 20:17:04 - 1:06:03 - Starting Direct Method
INFO - 04/10/26 20:17:04 - 1:06:03 - Direct:  K=69
INFO - 04/10/26 20:17:05 - 1:06:03 - Direct:  K=32
INFO - 04/10/26 20:17:05 - 1:06:03 - Direct:  K=90
INFO - 04/10/26 20:17:05 - 1:06:04 - Direct:  K=90
INFO - 04/10/26 20:17:05 - 1:06:04 - Direct:  K=89
INFO - 04/10/26 20:17:05 - 1:06:04 - Direct:  K=85
INFO - 04/10/26 20:17:05 - 1:06:04 - Direct:  K=89
INFO - 04/10/26 20:17:05 - 1:06:04 - Direct:  K=51
INFO - 04/10/26 20:17:06 - 1:06:04 - Direct:  K=37
INFO - 04/10/26 20:17:06 - 1:06:04 - Direct:  K=91
INFO - 04/10/26 20:17:06 - 1:06:04 - Direct:  K=61
INFO - 04/10/26 20:17:06 - 1:06:05 - Direct:  K=31
INFO - 04/10/26 20:17:06 - 1:06:05 - Direct:  K=53
INFO - 04/10/26 20:17:06 - 1:06:05 - Direct:  K=89
INFO - 04/10/26 20:17:06 - 1:06:05 - Direct:  K=56
INFO - 04/10/26 20:17:06 - 1:06:05 - Direct: secret not predicted. (true secret = [ 0 -1 -1  0  0  0  0  1  0  0 -1  1 -1  0  0  0  0  1  0  0  0  0  1  0
                                       0  0 -1  0  1  0], predicted secret = [0 0 1 0 0 0 0 1 0 0 0 0 0 0 0 0 0 1 0 0 0 0 0 1 1 0 0 0 0 1], true support = [0 1 1 0 0 0 0 1 0 0 1 1 1 0 0 0 0 1 0 0 0 0 1 0 0 0 1 0 1 0], predicted support = [0 0 1 0 0 0 0 1 0 0 0 0 0 0 0 0 0 1 0 0 0 0 0 1 1 0 0 0 0 1])
INFO - 04/10/26 20:17:19 - 1:06:18 - CA: secret not predicted. (true secret = [ 0 -1 -1  0  0  0  0  1  0  0 -1  1 -1  0  0  0  0  1  0  0  0  0  1  0
                                       0  0 -1  0  1  0], predicted secret = [0 1 1 0 0 0 0 0 0 0 0 1 1 0 0 0 0 1 0 0 0 0 0 1 0 0 0 0 0 0], true support = [0 1 1 0 0 0 0 1 0 0 1 1 1 0 0 0 0 1 0 0 0 0 1 0 0 0 1 0 1 0], predicted support = [0 1 1 0 0 0 0 0 0 0 0 1 1 0 0 0 0 1 0 0 0 0 0 1 0 0 0 0 0 0])
INFO - 04/10/26 20:17:19 - 1:06:18 - CA: secret not predicted. (true secret = [ 0 -1 -1  0  0  0  0  1  0  0 -1  1 -1  0  0  0  0  1  0  0  0  0  1  0
                                       0  0 -1  0  1  0], predicted secret = [0 0 0 0 0 0 0 1 0 0 1 1 0 0 0 0 1 1 0 0 0 0 0 0 0 0 0 0 1 0], true support = [0 1 1 0 0 0 0 1 0 0 1 1 1 0 0 0 0 1 0 0 0 0 1 0 0 0 1 0 1 0], predicted support = [0 0 0 0 0 0 0 1 0 0 1 1 0 0 0 0 1 1 0 0 0 0 0 0 0 0 0 0 1 0])
INFO - 04/10/26 20:17:19 - 1:06:18 - Hybrid: direct, ca
INFO - 04/10/26 20:17:19 - 1:06:18 - direct, ca - Sum Normalized: secret not predicted. (true secret = [ 0 -1 -1  0  0  0  0  1  0  0 -1  1 -1  0  0  0  0  1  0  0  0  0  1  0
                                       0  0 -1  0  1  0], predicted secret = [0 1 1 0 0 0 0 1 0 0 0 0 0 0 0 0 0 1 0 0 0 0 0 1 1 0 0 0 0 0], true support = [0 1 1 0 0 0 0 1 0 0 1 1 1 0 0 0 0 1 0 0 0 0 1 0 0 0 1 0 1 0], predicted support = [0 1 1 0 0 0 0 1 0 0 0 0 0 0 0 0 0 1 0 0 0 0 0 1 1 0 0 0 0 0])
INFO - 04/10/26 20:17:19 - 1:06:18 - direct, ca - Max Normalized: secret not predicted. (true secret = [ 0 -1 -1  0  0  0  0  1  0  0 -1  1 -1  0  0  0  0  1  0  0  0  0  1  0
                                       0  0 -1  0  1  0], predicted secret = [0 1 1 0 0 0 0 0 0 0 0 1 0 0 0 0 0 1 0 0 0 0 0 1 0 0 0 0 1 0], true support = [0 1 1 0 0 0 0 1 0 0 1 1 1 0 0 0 0 1 0 0 0 0 1 0 0 0 1 0 1 0], predicted support = [0 1 1 0 0 0 0 0 0 0 0 1 0 0 0 0 0 1 0 0 0 0 0 1 0 0 0 0 1 0])
INFO - 04/10/26 20:17:19 - 1:06:18 - direct, ca - Sum Rank: secret not predicted. (true secret = [ 0 -1 -1  0  0  0  0  1  0  0 -1  1 -1  0  0  0  0  1  0  0  0  0  1  0
                                       0  0 -1  0  1  0], predicted secret = [0 0 1 0 0 0 0 1 0 0 0 1 0 0 0 0 0 1 0 0 0 0 0 1 0 1 0 0 0 0], true support = [0 1 1 0 0 0 0 1 0 0 1 1 1 0 0 0 0 1 0 0 0 0 1 0 0 0 1 0 1 0], predicted support = [0 0 1 0 0 0 0 1 0 0 0 1 0 0 0 0 0 1 0 0 0 0 0 1 0 1 0 0 0 0])
INFO - 04/10/26 20:17:19 - 1:06:18 - direct, ca - Max Rank: secret not predicted. (true secret = [ 0 -1 -1  0  0  0  0  1  0  0 -1  1 -1  0  0  0  0  1  0  0  0  0  1  0
                                       0  0 -1  0  1  0], predicted secret = [0 1 1 0 0 0 0 0 0 0 0 1 0 0 0 0 0 1 0 0 0 0 0 1 1 0 0 0 0 0], true support = [0 1 1 0 0 0 0 1 0 0 1 1 1 0 0 0 0 1 0 0 0 0 1 0 0 0 1 0 1 0], predicted support = [0 1 1 0 0 0 0 0 0 0 0 1 0 0 0 0 0 1 0 0 0 0 0 1 1 0 0 0 0 0])
INFO - 04/10/26 20:17:19 - 1:06:18 - Hybrid: direct, distinguisher
INFO - 04/10/26 20:17:19 - 1:06:18 - direct, distinguisher - Sum Normalized: secret not predicted. (true secret = [ 0 -1 -1  0  0  0  0  1  0  0 -1  1 -1  0  0  0  0  1  0  0  0  0  1  0
                                       0  0 -1  0  1  0], predicted secret = [0 0 1 0 0 0 0 1 0 0 1 1 0 0 0 0 0 1 0 0 0 0 0 1 0 0 0 0 0 0], true support = [0 1 1 0 0 0 0 1 0 0 1 1 1 0 0 0 0 1 0 0 0 0 1 0 0 0 1 0 1 0], predicted support = [0 0 1 0 0 0 0 1 0 0 1 1 0 0 0 0 0 1 0 0 0 0 0 1 0 0 0 0 0 0])
INFO - 04/10/26 20:17:19 - 1:06:18 - direct, distinguisher - Max Normalized: secret not predicted. (true secret = [ 0 -1 -1  0  0  0  0  1  0  0 -1  1 -1  0  0  0  0  1  0  0  0  0  1  0
                                       0  0 -1  0  1  0], predicted secret = [0 0 1 0 0 0 0 1 0 0 1 1 0 0 0 0 0 1 0 0 0 0 0 1 0 0 0 0 0 0], true support = [0 1 1 0 0 0 0 1 0 0 1 1 1 0 0 0 0 1 0 0 0 0 1 0 0 0 1 0 1 0], predicted support = [0 0 1 0 0 0 0 1 0 0 1 1 0 0 0 0 0 1 0 0 0 0 0 1 0 0 0 0 0 0])
INFO - 04/10/26 20:17:19 - 1:06:18 - direct, distinguisher - Sum Rank: secret not predicted. (true secret = [ 0 -1 -1  0  0  0  0  1  0  0 -1  1 -1  0  0  0  0  1  0  0  0  0  1  0
                                       0  0 -1  0  1  0], predicted secret = [0 0 1 0 0 0 0 1 0 0 0 1 0 0 0 0 0 1 0 0 0 0 0 1 1 0 0 0 0 0], true support = [0 1 1 0 0 0 0 1 0 0 1 1 1 0 0 0 0 1 0 0 0 0 1 0 0 0 1 0 1 0], predicted support = [0 0 1 0 0 0 0 1 0 0 0 1 0 0 0 0 0 1 0 0 0 0 0 1 1 0 0 0 0 0])
INFO - 04/10/26 20:17:19 - 1:06:18 - direct, distinguisher - Max Rank: secret not predicted. (true secret = [ 0 -1 -1  0  0  0  0  1  0  0 -1  1 -1  0  0  0  0  1  0  0  0  0  1  0
                                       0  0 -1  0  1  0], predicted secret = [0 0 1 0 0 0 0 1 0 0 1 0 0 0 0 0 0 1 0 0 0 0 0 1 1 0 0 0 0 0], true support = [0 1 1 0 0 0 0 1 0 0 1 1 1 0 0 0 0 1 0 0 0 0 1 0 0 0 1 0 1 0], predicted support = [0 0 1 0 0 0 0 1 0 0 1 0 0 0 0 0 0 1 0 0 0 0 0 1 1 0 0 0 0 0])
INFO - 04/10/26 20:17:19 - 1:06:18 - Hybrid: ca, distinguisher
INFO - 04/10/26 20:17:19 - 1:06:18 - ca, distinguisher - Sum Normalized: secret not predicted. (true secret = [ 0 -1 -1  0  0  0  0  1  0  0 -1  1 -1  0  0  0  0  1  0  0  0  0  1  0
                                       0  0 -1  0  1  0], predicted secret = [0 1 1 0 0 0 0 0 0 0 1 1 0 0 0 0 0 1 0 0 0 0 0 0 0 0 0 0 1 0], true support = [0 1 1 0 0 0 0 1 0 0 1 1 1 0 0 0 0 1 0 0 0 0 1 0 0 0 1 0 1 0], predicted support = [0 1 1 0 0 0 0 0 0 0 1 1 0 0 0 0 0 1 0 0 0 0 0 0 0 0 0 0 1 0])
INFO - 04/10/26 20:17:19 - 1:06:18 - ca, distinguisher - Max Normalized: secret not predicted. (true secret = [ 0 -1 -1  0  0  0  0  1  0  0 -1  1 -1  0  0  0  0  1  0  0  0  0  1  0
                                       0  0 -1  0  1  0], predicted secret = [0 0 1 0 0 0 0 1 0 0 1 1 0 0 0 0 0 1 0 0 0 0 0 0 0 0 1 0 0 0], true support = [0 1 1 0 0 0 0 1 0 0 1 1 1 0 0 0 0 1 0 0 0 0 1 0 0 0 1 0 1 0], predicted support = [0 0 1 0 0 0 0 1 0 0 1 1 0 0 0 0 0 1 0 0 0 0 0 0 0 0 1 0 0 0])
INFO - 04/10/26 20:17:19 - 1:06:18 - ca, distinguisher - Sum Rank: secret not predicted. (true secret = [ 0 -1 -1  0  0  0  0  1  0  0 -1  1 -1  0  0  0  0  1  0  0  0  0  1  0
                                       0  0 -1  0  1  0], predicted secret = [0 1 1 0 0 0 0 0 0 0 1 1 0 0 0 0 0 1 0 0 0 0 0 0 0 0 0 0 1 0], true support = [0 1 1 0 0 0 0 1 0 0 1 1 1 0 0 0 0 1 0 0 0 0 1 0 0 0 1 0 1 0], predicted support = [0 1 1 0 0 0 0 0 0 0 1 1 0 0 0 0 0 1 0 0 0 0 0 0 0 0 0 0 1 0])
INFO - 04/10/26 20:17:19 - 1:06:18 - ca, distinguisher - Max Rank: secret not predicted. (true secret = [ 0 -1 -1  0  0  0  0  1  0  0 -1  1 -1  0  0  0  0  1  0  0  0  0  1  0
                                       0  0 -1  0  1  0], predicted secret = [0 1 1 0 0 0 0 1 0 0 1 1 0 0 0 0 0 1 0 0 0 0 0 0 0 0 0 0 0 0], true support = [0 1 1 0 0 0 0 1 0 0 1 1 1 0 0 0 0 1 0 0 0 0 1 0 0 0 1 0 1 0], predicted support = [0 1 1 0 0 0 0 1 0 0 1 1 0 0 0 0 0 1 0 0 0 0 0 0 0 0 0 0 0 0])
INFO - 04/10/26 20:17:19 - 1:06:18 - Hybrid: direct, ca, distinguisher
INFO - 04/10/26 20:17:19 - 1:06:18 - direct, ca, distinguisher - Sum Normalized: secret not predicted. (true secret = [ 0 -1 -1  0  0  0  0  1  0  0 -1  1 -1  0  0  0  0  1  0  0  0  0  1  0
                                       0  0 -1  0  1  0], predicted secret = [0 1 1 0 0 0 0 1 0 0 0 1 0 0 0 0 0 1 0 0 0 0 0 1 0 0 0 0 0 0], true support = [0 1 1 0 0 0 0 1 0 0 1 1 1 0 0 0 0 1 0 0 0 0 1 0 0 0 1 0 1 0], predicted support = [0 1 1 0 0 0 0 1 0 0 0 1 0 0 0 0 0 1 0 0 0 0 0 1 0 0 0 0 0 0])
INFO - 04/10/26 20:17:19 - 1:06:18 - direct, ca, distinguisher - Max Normalized: secret not predicted. (true secret = [ 0 -1 -1  0  0  0  0  1  0  0 -1  1 -1  0  0  0  0  1  0  0  0  0  1  0
                                       0  0 -1  0  1  0], predicted secret = [0 0 1 0 0 0 0 1 0 0 1 1 0 0 0 0 0 1 0 0 0 0 0 1 0 0 0 0 0 0], true support = [0 1 1 0 0 0 0 1 0 0 1 1 1 0 0 0 0 1 0 0 0 0 1 0 0 0 1 0 1 0], predicted support = [0 0 1 0 0 0 0 1 0 0 1 1 0 0 0 0 0 1 0 0 0 0 0 1 0 0 0 0 0 0])
INFO - 04/10/26 20:17:19 - 1:06:18 - direct, ca, distinguisher - Sum Rank: secret not predicted. (true secret = [ 0 -1 -1  0  0  0  0  1  0  0 -1  1 -1  0  0  0  0  1  0  0  0  0  1  0
                                       0  0 -1  0  1  0], predicted secret = [0 1 1 0 0 0 0 1 0 0 0 1 0 0 0 0 0 1 0 0 0 0 0 1 0 0 0 0 0 0], true support = [0 1 1 0 0 0 0 1 0 0 1 1 1 0 0 0 0 1 0 0 0 0 1 0 0 0 1 0 1 0], predicted support = [0 1 1 0 0 0 0 1 0 0 0 1 0 0 0 0 0 1 0 0 0 0 0 1 0 0 0 0 0 0])
INFO - 04/10/26 20:17:19 - 1:06:18 - direct, ca, distinguisher - Max Rank: secret not predicted. (true secret = [ 0 -1 -1  0  0  0  0  1  0  0 -1  1 -1  0  0  0  0  1  0  0  0  0  1  0
                                       0  0 -1  0  1  0], predicted secret = [0 1 1 0 0 0 0 1 0 0 0 1 0 0 0 0 0 1 0 0 0 0 0 1 0 0 0 0 0 0], true support = [0 1 1 0 0 0 0 1 0 0 1 1 1 0 0 0 0 1 0 0 0 0 1 0 0 0 1 0 1 0], predicted support = [0 1 1 0 0 0 0 1 0 0 0 1 0 0 0 0 0 1 0 0 0 0 0 1 0 0 0 0 0 0])
INFO - 04/10/26 20:17:19 - 1:06:18 - Epoch 20 metrics | train_loss: 1.288885 | train_acc1: 40.541027 | train_acc2: 56.221509 | valid_xe_loss: 1.623707 | valid_acc1: 26.087816 | valid_acc2: 31.131329
INFO - 04/10/26 20:17:19 - 1:06:18 - __log__:{"train_loss": 1.2888847040352116, "train_acc1": 40.54102687140115, "train_acc2": 56.22150911708253, "epoch": 20, "valid_xe_loss": 1.623706963997853, "valid_acc1": 26.087816455696203, "valid_acc2": 31.13132911392405}
INFO - 04/10/26 20:17:19 - 1:06:18 - Saving checkpoint to /home/yu_mcc/PQC_salsa/runs/n30_q127_h3_1m/train_gpu_ternary_h10_secret0_init0_epoch200000/checkpoint.pth ...
WARNING - 04/10/26 20:17:19 - 1:06:18 - Saving encoder parameters ...
WARNING - 04/10/26 20:17:19 - 1:06:18 - Saving decoder parameters ...
WARNING - 04/10/26 20:17:19 - 1:06:18 - Saving optimizer ...
INFO - 04/10/26 20:17:20 - 1:06:19 - ============ Starting epoch 21 ... ============
INFO - 04/10/26 20:17:23 - 1:06:21 -   32850 -  104.58 equations/s -  6692.95 words/s - MEM: 1.36 GB - LOSS:  1.2794 || ACC1: 40.9144 || ACC2: 56.5683 - LR: 1.0000e-05
INFO - 04/10/26 20:17:27 - 1:06:26 -   32900 - 1289.44 equations/s - 82524.13 words/s - MEM: 1.36 GB - LOSS:  1.2692 || ACC1: 40.9375 || ACC2: 57.7812 - LR: 1.0000e-05
INFO - 04/10/26 20:17:32 - 1:06:31 -   32950 - 1329.39 equations/s - 85081.12 words/s - MEM: 1.36 GB - LOSS:  1.2658 || ACC1: 41.7500 || ACC2: 58.2969 - LR: 1.0000e-05
INFO - 04/10/26 20:17:37 - 1:06:36 -   33000 - 1337.80 equations/s - 85618.97 words/s - MEM: 1.36 GB - LOSS:  1.2747 || ACC1: 40.8594 || ACC2: 57.1250 - LR: 1.0000e-05
INFO - 04/10/26 20:17:42 - 1:06:41 -   33050 - 1336.59 equations/s - 85541.75 words/s - MEM: 1.36 GB - LOSS:  1.2645 || ACC1: 41.8594 || ACC2: 58.7344 - LR: 1.0000e-05
INFO - 04/10/26 20:17:47 - 1:06:46 -   33100 - 1296.22 equations/s - 82957.80 words/s - MEM: 1.36 GB - LOSS:  1.2569 || ACC1: 42.5312 || ACC2: 58.7188 - LR: 1.0000e-05
INFO - 04/10/26 20:17:55 - 1:06:54 -   33150 -  767.12 equations/s - 49095.46 words/s - MEM: 1.36 GB - LOSS:  1.2719 || ACC1: 41.1562 || ACC2: 57.6406 - LR: 1.0000e-05
INFO - 04/10/26 20:18:00 - 1:06:59 -   33200 - 1334.46 equations/s - 85405.73 words/s - MEM: 1.36 GB - LOSS:  1.2563 || ACC1: 41.6406 || ACC2: 58.5938 - LR: 1.0000e-05
INFO - 04/10/26 20:18:05 - 1:07:04 -   33250 - 1332.03 equations/s - 85249.63 words/s - MEM: 1.36 GB - LOSS:  1.2573 || ACC1: 42.2812 || ACC2: 58.5312 - LR: 1.0000e-05
INFO - 04/10/26 20:18:10 - 1:07:08 -   33300 - 1316.30 equations/s - 84243.41 words/s - MEM: 1.36 GB - LOSS:  1.2657 || ACC1: 41.5781 || ACC2: 58.2500 - LR: 1.0000e-05
INFO - 04/10/26 20:18:15 - 1:07:13 -   33350 - 1286.73 equations/s - 82350.41 words/s - MEM: 1.36 GB - LOSS:  1.2601 || ACC1: 41.2969 || ACC2: 57.9688 - LR: 1.0000e-05
INFO - 04/10/26 20:18:19 - 1:07:18 -   33400 - 1347.01 equations/s - 86208.50 words/s - MEM: 1.36 GB - LOSS:  1.2636 || ACC1: 41.5625 || ACC2: 57.9375 - LR: 1.0000e-05
INFO - 04/10/26 20:18:28 - 1:07:27 -   33450 -  745.69 equations/s - 47724.30 words/s - MEM: 1.36 GB - LOSS:  1.2525 || ACC1: 40.8125 || ACC2: 59.0625 - LR: 1.0000e-05
INFO - 04/10/26 20:18:33 - 1:07:31 -   33500 - 1348.45 equations/s - 86301.00 words/s - MEM: 1.36 GB - LOSS:  1.2527 || ACC1: 41.4844 || ACC2: 58.7812 - LR: 1.0000e-05
INFO - 04/10/26 20:18:38 - 1:07:36 -   33550 - 1265.75 equations/s - 81008.01 words/s - MEM: 1.36 GB - LOSS:  1.2534 || ACC1: 42.4688 || ACC2: 59.5312 - LR: 1.0000e-05
INFO - 04/10/26 20:18:42 - 1:07:41 -   33600 - 1357.91 equations/s - 86906.50 words/s - MEM: 1.36 GB - LOSS:  1.2536 || ACC1: 43.2031 || ACC2: 60.4531 - LR: 1.0000e-05
INFO - 04/10/26 20:18:47 - 1:07:46 -   33650 - 1309.44 equations/s - 83804.12 words/s - MEM: 1.36 GB - LOSS:  1.2514 || ACC1: 41.5312 || ACC2: 58.4531 - LR: 1.0000e-05
INFO - 04/10/26 20:18:52 - 1:07:51 -   33700 - 1315.73 equations/s - 84206.46 words/s - MEM: 1.36 GB - LOSS:  1.2511 || ACC1: 42.4844 || ACC2: 59.4062 - LR: 1.0000e-05
INFO - 04/10/26 20:18:57 - 1:07:56 -   33750 - 1327.22 equations/s - 84942.25 words/s - MEM: 1.36 GB - LOSS:  1.2538 || ACC1: 41.8906 || ACC2: 59.5156 - LR: 1.0000e-05
INFO - 04/10/26 20:19:05 - 1:08:04 -   33800 -  766.52 equations/s - 49057.04 words/s - MEM: 1.36 GB - LOSS:  1.2539 || ACC1: 41.8281 || ACC2: 58.6406 - LR: 1.0000e-05
INFO - 04/10/26 20:19:10 - 1:08:09 -   33850 - 1344.85 equations/s - 86070.39 words/s - MEM: 1.36 GB - LOSS:  1.2408 || ACC1: 42.7344 || ACC2: 60.2812 - LR: 1.0000e-05
INFO - 04/10/26 20:19:15 - 1:08:14 -   33900 - 1334.66 equations/s - 85418.41 words/s - MEM: 1.36 GB - LOSS:  1.2515 || ACC1: 41.2344 || ACC2: 58.5156 - LR: 1.0000e-05
INFO - 04/10/26 20:19:20 - 1:08:19 -   33950 - 1246.00 equations/s - 79744.22 words/s - MEM: 1.36 GB - LOSS:  1.2448 || ACC1: 41.9375 || ACC2: 59.4844 - LR: 1.0000e-05
INFO - 04/10/26 20:19:25 - 1:08:24 -   34000 - 1315.65 equations/s - 84201.54 words/s - MEM: 1.36 GB - LOSS:  1.2402 || ACC1: 42.1875 || ACC2: 58.4688 - LR: 1.0000e-05
INFO - 04/10/26 20:19:30 - 1:08:29 -   34050 - 1316.57 equations/s - 84260.25 words/s - MEM: 1.36 GB - LOSS:  1.2462 || ACC1: 42.2188 || ACC2: 59.8906 - LR: 1.0000e-05
INFO - 04/10/26 20:19:35 - 1:08:33 -   34100 - 1340.88 equations/s - 85816.34 words/s - MEM: 1.36 GB - LOSS:  1.2362 || ACC1: 42.3281 || ACC2: 60.3750 - LR: 1.0000e-05
INFO - 04/10/26 20:19:43 - 1:08:42 -   34150 -  761.68 equations/s - 48747.39 words/s - MEM: 1.36 GB - LOSS:  1.2437 || ACC1: 42.7500 || ACC2: 59.3438 - LR: 1.0000e-05
INFO - 04/10/26 20:19:48 - 1:08:47 -   34200 - 1314.71 equations/s - 84141.60 words/s - MEM: 1.36 GB - LOSS:  1.2317 || ACC1: 42.9688 || ACC2: 60.9844 - LR: 1.0000e-05
INFO - 04/10/26 20:19:53 - 1:08:51 -   34250 - 1312.35 equations/s - 83990.17 words/s - MEM: 1.36 GB - LOSS:  1.2397 || ACC1: 42.9688 || ACC2: 60.1562 - LR: 1.0000e-05
INFO - 04/10/26 20:19:57 - 1:08:56 -   34300 - 1393.69 equations/s - 89196.30 words/s - MEM: 1.36 GB - LOSS:  1.2414 || ACC1: 42.3438 || ACC2: 59.3594 - LR: 1.0000e-05
INFO - 04/10/26 20:20:02 - 1:09:01 -   34350 - 1290.47 equations/s - 82589.80 words/s - MEM: 1.36 GB - LOSS:  1.2379 || ACC1: 42.7031 || ACC2: 60.2500 - LR: 1.0000e-05
INFO - 04/10/26 20:20:05 - 1:09:04 -   34386 - 1440.17 equations/s - 92171.12 words/s - MEM: 1.36 GB - LOSS:  1.2326 || ACC1: 42.0356 || ACC2: 61.0026 - LR: 1.0000e-05
INFO - 04/10/26 20:20:05 - 1:09:04 - ============ End of epoch 21 ============
INFO - 04/10/26 20:20:05 - 1:09:04 - Starting Distinguisher Method
INFO - 04/10/26 20:20:22 - 1:09:20 - Distinguishing 0s using the emd. 
INFO - 04/10/26 20:20:22 - 1:09:20 - Distinguishing +/-1s using the emd. 
INFO - 04/10/26 20:20:22 - 1:09:20 - Real secret: -1: {np.int64(1), np.int64(2), np.int64(10), np.int64(12), np.int64(26)}, 1: {np.int64(7), np.int64(11), np.int64(17), np.int64(22), np.int64(28)}
INFO - 04/10/26 20:20:22 - 1:09:20 - Distinguishing +/-1s using the mean. 
INFO - 04/10/26 20:20:22 - 1:09:20 - Real secret: -1: {np.int64(1), np.int64(2), np.int64(10), np.int64(12), np.int64(26)}, 1: {np.int64(7), np.int64(11), np.int64(17), np.int64(22), np.int64(28)}
INFO - 04/10/26 20:20:22 - 1:09:20 - Distinguishing 0s using the mean. 
INFO - 04/10/26 20:20:22 - 1:09:20 - Distinguishing +/-1s using the emd. 
INFO - 04/10/26 20:20:22 - 1:09:20 - Real secret: -1: {np.int64(1), np.int64(2), np.int64(10), np.int64(12), np.int64(26)}, 1: {np.int64(7), np.int64(11), np.int64(17), np.int64(22), np.int64(28)}
INFO - 04/10/26 20:20:22 - 1:09:20 - Distinguishing +/-1s using the mean. 
INFO - 04/10/26 20:20:22 - 1:09:20 - Real secret: -1: {np.int64(1), np.int64(2), np.int64(10), np.int64(12), np.int64(26)}, 1: {np.int64(7), np.int64(11), np.int64(17), np.int64(22), np.int64(28)}
INFO - 04/10/26 20:20:22 - 1:09:20 - Starting Direct Method
INFO - 04/10/26 20:20:22 - 1:09:20 - Direct:  K=79
INFO - 04/10/26 20:20:22 - 1:09:21 - Direct:  K=43
INFO - 04/10/26 20:20:22 - 1:09:21 - Direct:  K=68
INFO - 04/10/26 20:20:22 - 1:09:21 - Direct:  K=55
INFO - 04/10/26 20:20:22 - 1:09:21 - Direct:  K=74
INFO - 04/10/26 20:20:22 - 1:09:21 - Direct:  K=85
INFO - 04/10/26 20:20:22 - 1:09:21 - Direct:  K=74
INFO - 04/10/26 20:20:23 - 1:09:21 - Direct:  K=40
INFO - 04/10/26 20:20:23 - 1:09:22 - Direct:  K=93
INFO - 04/10/26 20:20:23 - 1:09:22 - Direct:  K=81
INFO - 04/10/26 20:20:23 - 1:09:22 - Direct:  K=86
INFO - 04/10/26 20:20:23 - 1:09:22 - Direct:  K=47
INFO - 04/10/26 20:20:23 - 1:09:22 - Direct:  K=44
INFO - 04/10/26 20:20:23 - 1:09:22 - Direct:  K=49
INFO - 04/10/26 20:20:24 - 1:09:22 - Direct:  K=86
INFO - 04/10/26 20:20:24 - 1:09:22 - Direct: secret not predicted. (true secret = [ 0 -1 -1  0  0  0  0  1  0  0 -1  1 -1  0  0  0  0  1  0  0  0  0  1  0
                                       0  0 -1  0  1  0], predicted secret = [0 0 1 0 0 0 0 1 1 0 0 0 0 0 0 0 0 0 0 0 0 0 1 1 1 0 0 0 0 0], true support = [0 1 1 0 0 0 0 1 0 0 1 1 1 0 0 0 0 1 0 0 0 0 1 0 0 0 1 0 1 0], predicted support = [0 0 1 0 0 0 0 1 1 0 0 0 0 0 0 0 0 0 0 0 0 0 1 1 1 0 0 0 0 0])
INFO - 04/10/26 20:20:33 - 1:09:32 - CA: secret not predicted. (true secret = [ 0 -1 -1  0  0  0  0  1  0  0 -1  1 -1  0  0  0  0  1  0  0  0  0  1  0
                                       0  0 -1  0  1  0], predicted secret = [0 1 1 0 0 0 0 0 0 0 0 1 1 0 0 0 0 1 0 0 0 0 0 1 0 0 0 0 0 0], true support = [0 1 1 0 0 0 0 1 0 0 1 1 1 0 0 0 0 1 0 0 0 0 1 0 0 0 1 0 1 0], predicted support = [0 1 1 0 0 0 0 0 0 0 0 1 1 0 0 0 0 1 0 0 0 0 0 1 0 0 0 0 0 0])
INFO - 04/10/26 20:20:33 - 1:09:32 - CA: secret not predicted. (true secret = [ 0 -1 -1  0  0  0  0  1  0  0 -1  1 -1  0  0  0  0  1  0  0  0  0  1  0
                                       0  0 -1  0  1  0], predicted secret = [0 0 0 0 0 1 0 0 0 0 1 0 0 0 0 0 0 1 0 0 0 0 0 0 0 1 0 1 1 0], true support = [0 1 1 0 0 0 0 1 0 0 1 1 1 0 0 0 0 1 0 0 0 0 1 0 0 0 1 0 1 0], predicted support = [0 0 0 0 0 1 0 0 0 0 1 0 0 0 0 0 0 1 0 0 0 0 0 0 0 1 0 1 1 0])
INFO - 04/10/26 20:20:33 - 1:09:32 - Hybrid: direct, ca
INFO - 04/10/26 20:20:33 - 1:09:32 - direct, ca - Sum Normalized: secret not predicted. (true secret = [ 0 -1 -1  0  0  0  0  1  0  0 -1  1 -1  0  0  0  0  1  0  0  0  0  1  0
                                       0  0 -1  0  1  0], predicted secret = [0 1 1 0 0 0 0 1 0 0 1 0 0 0 0 0 0 1 0 0 0 0 1 0 0 0 0 0 0 0], true support = [0 1 1 0 0 0 0 1 0 0 1 1 1 0 0 0 0 1 0 0 0 0 1 0 0 0 1 0 1 0], predicted support = [0 1 1 0 0 0 0 1 0 0 1 0 0 0 0 0 0 1 0 0 0 0 1 0 0 0 0 0 0 0])
INFO - 04/10/26 20:20:33 - 1:09:32 - direct, ca - Max Normalized: secret not predicted. (true secret = [ 0 -1 -1  0  0  0  0  1  0  0 -1  1 -1  0  0  0  0  1  0  0  0  0  1  0
                                       0  0 -1  0  1  0], predicted secret = [0 1 0 0 0 0 0 1 0 0 1 1 0 0 0 0 0 1 0 0 0 0 1 0 0 0 0 0 0 0], true support = [0 1 1 0 0 0 0 1 0 0 1 1 1 0 0 0 0 1 0 0 0 0 1 0 0 0 1 0 1 0], predicted support = [0 1 0 0 0 0 0 1 0 0 1 1 0 0 0 0 0 1 0 0 0 0 1 0 0 0 0 0 0 0])
INFO - 04/10/26 20:20:33 - 1:09:32 - direct, ca - Sum Rank: secret not predicted. (true secret = [ 0 -1 -1  0  0  0  0  1  0  0 -1  1 -1  0  0  0  0  1  0  0  0  0  1  0
                                       0  0 -1  0  1  0], predicted secret = [0 1 1 0 0 0 0 1 0 0 1 0 0 0 0 0 0 1 0 0 0 0 1 0 0 0 0 0 0 0], true support = [0 1 1 0 0 0 0 1 0 0 1 1 1 0 0 0 0 1 0 0 0 0 1 0 0 0 1 0 1 0], predicted support = [0 1 1 0 0 0 0 1 0 0 1 0 0 0 0 0 0 1 0 0 0 0 1 0 0 0 0 0 0 0])
INFO - 04/10/26 20:20:33 - 1:09:32 - direct, ca - Max Rank: secret not predicted. (true secret = [ 0 -1 -1  0  0  0  0  1  0  0 -1  1 -1  0  0  0  0  1  0  0  0  0  1  0
                                       0  0 -1  0  1  0], predicted secret = [0 1 0 0 0 0 0 1 1 0 0 1 0 0 0 0 0 1 0 0 0 0 1 0 0 0 0 0 0 0], true support = [0 1 1 0 0 0 0 1 0 0 1 1 1 0 0 0 0 1 0 0 0 0 1 0 0 0 1 0 1 0], predicted support = [0 1 0 0 0 0 0 1 1 0 0 1 0 0 0 0 0 1 0 0 0 0 1 0 0 0 0 0 0 0])
INFO - 04/10/26 20:20:33 - 1:09:32 - Hybrid: direct, distinguisher
INFO - 04/10/26 20:20:33 - 1:09:32 - direct, distinguisher - Sum Normalized: secret not predicted. (true secret = [ 0 -1 -1  0  0  0  0  1  0  0 -1  1 -1  0  0  0  0  1  0  0  0  0  1  0
                                       0  0 -1  0  1  0], predicted secret = [0 0 1 0 0 0 0 1 0 0 1 1 0 0 0 0 0 1 0 0 0 0 1 0 0 0 0 0 0 0], true support = [0 1 1 0 0 0 0 1 0 0 1 1 1 0 0 0 0 1 0 0 0 0 1 0 0 0 1 0 1 0], predicted support = [0 0 1 0 0 0 0 1 0 0 1 1 0 0 0 0 0 1 0 0 0 0 1 0 0 0 0 0 0 0])
INFO - 04/10/26 20:20:33 - 1:09:32 - direct, distinguisher - Max Normalized: secret not predicted. (true secret = [ 0 -1 -1  0  0  0  0  1  0  0 -1  1 -1  0  0  0  0  1  0  0  0  0  1  0
                                       0  0 -1  0  1  0], predicted secret = [0 0 1 0 0 0 0 1 0 0 1 1 0 0 0 0 0 1 0 0 0 0 1 0 0 0 0 0 0 0], true support = [0 1 1 0 0 0 0 1 0 0 1 1 1 0 0 0 0 1 0 0 0 0 1 0 0 0 1 0 1 0], predicted support = [0 0 1 0 0 0 0 1 0 0 1 1 0 0 0 0 0 1 0 0 0 0 1 0 0 0 0 0 0 0])
INFO - 04/10/26 20:20:33 - 1:09:32 - direct, distinguisher - Sum Rank: secret not predicted. (true secret = [ 0 -1 -1  0  0  0  0  1  0  0 -1  1 -1  0  0  0  0  1  0  0  0  0  1  0
                                       0  0 -1  0  1  0], predicted secret = [0 0 1 0 0 0 0 1 0 0 1 0 0 0 0 0 0 1 0 0 0 0 1 1 0 0 0 0 0 0], true support = [0 1 1 0 0 0 0 1 0 0 1 1 1 0 0 0 0 1 0 0 0 0 1 0 0 0 1 0 1 0], predicted support = [0 0 1 0 0 0 0 1 0 0 1 0 0 0 0 0 0 1 0 0 0 0 1 1 0 0 0 0 0 0])
INFO - 04/10/26 20:20:33 - 1:09:32 - direct, distinguisher - Max Rank: secret not predicted. (true secret = [ 0 -1 -1  0  0  0  0  1  0  0 -1  1 -1  0  0  0  0  1  0  0  0  0  1  0
                                       0  0 -1  0  1  0], predicted secret = [0 0 1 0 0 0 0 1 1 0 1 1 0 0 0 0 0 0 0 0 0 0 1 0 0 0 0 0 0 0], true support = [0 1 1 0 0 0 0 1 0 0 1 1 1 0 0 0 0 1 0 0 0 0 1 0 0 0 1 0 1 0], predicted support = [0 0 1 0 0 0 0 1 1 0 1 1 0 0 0 0 0 0 0 0 0 0 1 0 0 0 0 0 0 0])
INFO - 04/10/26 20:20:33 - 1:09:32 - Hybrid: ca, distinguisher
INFO - 04/10/26 20:20:33 - 1:09:32 - ca, distinguisher - Sum Normalized: secret not predicted. (true secret = [ 0 -1 -1  0  0  0  0  1  0  0 -1  1 -1  0  0  0  0  1  0  0  0  0  1  0
                                       0  0 -1  0  1  0], predicted secret = [0 1 1 0 0 0 0 0 0 0 1 1 0 0 0 0 0 1 0 0 0 0 0 0 0 0 0 0 1 0], true support = [0 1 1 0 0 0 0 1 0 0 1 1 1 0 0 0 0 1 0 0 0 0 1 0 0 0 1 0 1 0], predicted support = [0 1 1 0 0 0 0 0 0 0 1 1 0 0 0 0 0 1 0 0 0 0 0 0 0 0 0 0 1 0])
INFO - 04/10/26 20:20:33 - 1:09:32 - ca, distinguisher - Max Normalized: secret not predicted. (true secret = [ 0 -1 -1  0  0  0  0  1  0  0 -1  1 -1  0  0  0  0  1  0  0  0  0  1  0
                                       0  0 -1  0  1  0], predicted secret = [0 0 1 0 0 0 0 1 0 0 1 1 0 0 0 0 0 1 0 0 0 0 1 0 0 0 0 0 0 0], true support = [0 1 1 0 0 0 0 1 0 0 1 1 1 0 0 0 0 1 0 0 0 0 1 0 0 0 1 0 1 0], predicted support = [0 0 1 0 0 0 0 1 0 0 1 1 0 0 0 0 0 1 0 0 0 0 1 0 0 0 0 0 0 0])
INFO - 04/10/26 20:20:33 - 1:09:32 - ca, distinguisher - Sum Rank: secret not predicted. (true secret = [ 0 -1 -1  0  0  0  0  1  0  0 -1  1 -1  0  0  0  0  1  0  0  0  0  1  0
                                       0  0 -1  0  1  0], predicted secret = [0 1 1 0 0 0 0 0 0 0 1 1 0 0 0 0 0 1 0 0 0 0 0 0 0 0 0 0 1 0], true support = [0 1 1 0 0 0 0 1 0 0 1 1 1 0 0 0 0 1 0 0 0 0 1 0 0 0 1 0 1 0], predicted support = [0 1 1 0 0 0 0 0 0 0 1 1 0 0 0 0 0 1 0 0 0 0 0 0 0 0 0 0 1 0])
INFO - 04/10/26 20:20:33 - 1:09:32 - ca, distinguisher - Max Rank: secret not predicted. (true secret = [ 0 -1 -1  0  0  0  0  1  0  0 -1  1 -1  0  0  0  0  1  0  0  0  0  1  0
                                       0  0 -1  0  1  0], predicted secret = [0 1 1 0 0 0 0 1 0 0 1 1 0 0 0 0 0 1 0 0 0 0 0 0 0 0 0 0 0 0], true support = [0 1 1 0 0 0 0 1 0 0 1 1 1 0 0 0 0 1 0 0 0 0 1 0 0 0 1 0 1 0], predicted support = [0 1 1 0 0 0 0 1 0 0 1 1 0 0 0 0 0 1 0 0 0 0 0 0 0 0 0 0 0 0])
INFO - 04/10/26 20:20:33 - 1:09:32 - Hybrid: direct, ca, distinguisher
INFO - 04/10/26 20:20:33 - 1:09:32 - direct, ca, distinguisher - Sum Normalized: secret not predicted. (true secret = [ 0 -1 -1  0  0  0  0  1  0  0 -1  1 -1  0  0  0  0  1  0  0  0  0  1  0
                                       0  0 -1  0  1  0], predicted secret = [0 1 1 0 0 0 0 1 0 0 0 1 0 0 0 0 0 1 0 0 0 0 1 0 0 0 0 0 0 0], true support = [0 1 1 0 0 0 0 1 0 0 1 1 1 0 0 0 0 1 0 0 0 0 1 0 0 0 1 0 1 0], predicted support = [0 1 1 0 0 0 0 1 0 0 0 1 0 0 0 0 0 1 0 0 0 0 1 0 0 0 0 0 0 0])
INFO - 04/10/26 20:20:33 - 1:09:32 - direct, ca, distinguisher - Max Normalized: secret not predicted. (true secret = [ 0 -1 -1  0  0  0  0  1  0  0 -1  1 -1  0  0  0  0  1  0  0  0  0  1  0
                                       0  0 -1  0  1  0], predicted secret = [0 0 1 0 0 0 0 1 0 0 1 1 0 0 0 0 0 1 0 0 0 0 1 0 0 0 0 0 0 0], true support = [0 1 1 0 0 0 0 1 0 0 1 1 1 0 0 0 0 1 0 0 0 0 1 0 0 0 1 0 1 0], predicted support = [0 0 1 0 0 0 0 1 0 0 1 1 0 0 0 0 0 1 0 0 0 0 1 0 0 0 0 0 0 0])
INFO - 04/10/26 20:20:33 - 1:09:32 - direct, ca, distinguisher - Sum Rank: secret not predicted. (true secret = [ 0 -1 -1  0  0  0  0  1  0  0 -1  1 -1  0  0  0  0  1  0  0  0  0  1  0
                                       0  0 -1  0  1  0], predicted secret = [0 1 1 0 0 0 0 1 0 0 1 0 0 0 0 0 0 1 0 0 0 0 1 0 0 0 0 0 0 0], true support = [0 1 1 0 0 0 0 1 0 0 1 1 1 0 0 0 0 1 0 0 0 0 1 0 0 0 1 0 1 0], predicted support = [0 1 1 0 0 0 0 1 0 0 1 0 0 0 0 0 0 1 0 0 0 0 1 0 0 0 0 0 0 0])
INFO - 04/10/26 20:20:33 - 1:09:32 - direct, ca, distinguisher - Max Rank: secret not predicted. (true secret = [ 0 -1 -1  0  0  0  0  1  0  0 -1  1 -1  0  0  0  0  1  0  0  0  0  1  0
                                       0  0 -1  0  1  0], predicted secret = [0 1 1 0 0 0 0 1 0 0 0 1 0 0 0 0 0 1 0 0 0 0 1 0 0 0 0 0 0 0], true support = [0 1 1 0 0 0 0 1 0 0 1 1 1 0 0 0 0 1 0 0 0 0 1 0 0 0 1 0 1 0], predicted support = [0 1 1 0 0 0 0 1 0 0 0 1 0 0 0 0 0 1 0 0 0 0 1 0 0 0 0 0 0 0])
INFO - 04/10/26 20:20:33 - 1:09:32 - Epoch 21 metrics | train_loss: 1.252744 | train_acc1: 41.967071 | train_acc2: 59.021113 | valid_xe_loss: 1.646230 | valid_acc1: 25.682358 | valid_acc2: 31.071994
INFO - 04/10/26 20:20:33 - 1:09:32 - __log__:{"train_loss": 1.2527439922227817, "train_acc1": 41.96707053742802, "train_acc2": 59.021113243761995, "epoch": 21, "valid_xe_loss": 1.6462300985674314, "valid_acc1": 25.682357594936708, "valid_acc2": 31.071993670886076}
INFO - 04/10/26 20:20:33 - 1:09:32 - Saving checkpoint to /home/yu_mcc/PQC_salsa/runs/n30_q127_h3_1m/train_gpu_ternary_h10_secret0_init0_epoch200000/checkpoint.pth ...
WARNING - 04/10/26 20:20:33 - 1:09:32 - Saving encoder parameters ...
WARNING - 04/10/26 20:20:33 - 1:09:32 - Saving decoder parameters ...
WARNING - 04/10/26 20:20:33 - 1:09:32 - Saving optimizer ...
INFO - 04/10/26 20:20:34 - 1:09:32 - ============ Starting epoch 22 ... ============
INFO - 04/10/26 20:20:35 - 1:09:34 -   34400 -   61.07 equations/s -  3908.59 words/s - MEM: 1.36 GB - LOSS:  1.2446 || ACC1: 41.7969 || ACC2: 59.0402 - LR: 1.0000e-05
INFO - 04/10/26 20:20:40 - 1:09:38 -   34450 - 1332.67 equations/s - 85290.87 words/s - MEM: 1.36 GB - LOSS:  1.2311 || ACC1: 42.3906 || ACC2: 60.0312 - LR: 1.0000e-05
INFO - 04/10/26 20:20:44 - 1:09:43 -   34500 - 1326.11 equations/s - 84871.25 words/s - MEM: 1.36 GB - LOSS:  1.2334 || ACC1: 41.8438 || ACC2: 60.6094 - LR: 1.0000e-05
INFO - 04/10/26 20:20:53 - 1:09:52 -   34550 -  762.31 equations/s - 48787.69 words/s - MEM: 1.36 GB - LOSS:  1.2381 || ACC1: 43.4844 || ACC2: 60.6094 - LR: 1.0000e-05
INFO - 04/10/26 20:20:58 - 1:09:56 -   34600 - 1300.72 equations/s - 83246.27 words/s - MEM: 1.36 GB - LOSS:  1.2352 || ACC1: 42.1406 || ACC2: 59.9219 - LR: 1.0000e-05
INFO - 04/10/26 20:21:02 - 1:10:01 -   34650 - 1375.35 equations/s - 88022.71 words/s - MEM: 1.36 GB - LOSS:  1.2303 || ACC1: 42.4688 || ACC2: 60.2344 - LR: 1.0000e-05
INFO - 04/10/26 20:21:07 - 1:10:06 -   34700 - 1341.28 equations/s - 85841.83 words/s - MEM: 1.36 GB - LOSS:  1.2312 || ACC1: 43.4688 || ACC2: 60.7969 - LR: 1.0000e-05
INFO - 04/10/26 20:21:12 - 1:10:11 -   34750 - 1278.20 equations/s - 81804.85 words/s - MEM: 1.36 GB - LOSS:  1.2264 || ACC1: 43.2656 || ACC2: 61.2031 - LR: 1.0000e-05
INFO - 04/10/26 20:21:17 - 1:10:16 -   34800 - 1313.69 equations/s - 84075.90 words/s - MEM: 1.36 GB - LOSS:  1.2225 || ACC1: 43.4062 || ACC2: 60.6875 - LR: 1.0000e-05
INFO - 04/10/26 20:21:22 - 1:10:21 -   34850 - 1344.60 equations/s - 86054.65 words/s - MEM: 1.36 GB - LOSS:  1.2240 || ACC1: 43.2969 || ACC2: 60.8125 - LR: 1.0000e-05
INFO - 04/10/26 20:21:30 - 1:10:29 -   34900 -  754.43 equations/s - 48283.75 words/s - MEM: 1.36 GB - LOSS:  1.2187 || ACC1: 43.6250 || ACC2: 61.8281 - LR: 1.0000e-05
INFO - 04/10/26 20:21:35 - 1:10:34 -   34950 - 1267.55 equations/s - 81122.99 words/s - MEM: 1.36 GB - LOSS:  1.2216 || ACC1: 43.2656 || ACC2: 61.9062 - LR: 1.0000e-05
INFO - 04/10/26 20:21:40 - 1:10:39 -   35000 - 1358.12 equations/s - 86919.56 words/s - MEM: 1.36 GB - LOSS:  1.2147 || ACC1: 44.5781 || ACC2: 62.9844 - LR: 1.0000e-05
INFO - 04/10/26 20:21:45 - 1:10:44 -   35050 - 1294.01 equations/s - 82816.71 words/s - MEM: 1.36 GB - LOSS:  1.2142 || ACC1: 44.0625 || ACC2: 62.3438 - LR: 1.0000e-05
INFO - 04/10/26 20:21:50 - 1:10:49 -   35100 - 1298.87 equations/s - 83127.66 words/s - MEM: 1.36 GB - LOSS:  1.2258 || ACC1: 43.4062 || ACC2: 61.5469 - LR: 1.0000e-05
INFO - 04/10/26 20:21:55 - 1:10:53 -   35150 - 1338.45 equations/s - 85660.99 words/s - MEM: 1.36 GB - LOSS:  1.2195 || ACC1: 43.4531 || ACC2: 61.1250 - LR: 1.0000e-05
INFO - 04/10/26 20:22:03 - 1:11:02 -   35200 -  771.66 equations/s - 49386.31 words/s - MEM: 1.36 GB - LOSS:  1.2132 || ACC1: 44.1562 || ACC2: 61.9219 - LR: 1.0000e-05
INFO - 04/10/26 20:22:08 - 1:11:07 -   35250 - 1291.37 equations/s - 82647.89 words/s - MEM: 1.36 GB - LOSS:  1.2104 || ACC1: 44.0000 || ACC2: 62.1094 - LR: 1.0000e-05
INFO - 04/10/26 20:22:13 - 1:11:12 -   35300 - 1305.77 equations/s - 83569.58 words/s - MEM: 1.36 GB - LOSS:  1.2135 || ACC1: 43.9844 || ACC2: 62.4062 - LR: 1.0000e-05
INFO - 04/10/26 20:22:18 - 1:11:17 -   35350 - 1285.45 equations/s - 82269.10 words/s - MEM: 1.36 GB - LOSS:  1.2168 || ACC1: 42.7812 || ACC2: 61.4844 - LR: 1.0000e-05
INFO - 04/10/26 20:22:23 - 1:11:21 -   35400 - 1315.76 equations/s - 84208.84 words/s - MEM: 1.36 GB - LOSS:  1.2024 || ACC1: 44.7188 || ACC2: 62.8906 - LR: 1.0000e-05
INFO - 04/10/26 20:22:28 - 1:11:26 -   35450 - 1315.91 equations/s - 84218.48 words/s - MEM: 1.36 GB - LOSS:  1.2053 || ACC1: 44.6406 || ACC2: 62.2344 - LR: 1.0000e-05
INFO - 04/10/26 20:22:32 - 1:11:31 -   35500 - 1300.34 equations/s - 83221.73 words/s - MEM: 1.36 GB - LOSS:  1.2089 || ACC1: 43.5781 || ACC2: 62.5156 - LR: 1.0000e-05
INFO - 04/10/26 20:22:41 - 1:11:40 -   35550 -  759.23 equations/s - 48590.82 words/s - MEM: 1.36 GB - LOSS:  1.2165 || ACC1: 43.0781 || ACC2: 61.2812 - LR: 1.0000e-05
INFO - 04/10/26 20:22:46 - 1:11:44 -   35600 - 1338.36 equations/s - 85655.28 words/s - MEM: 1.36 GB - LOSS:  1.2055 || ACC1: 43.4688 || ACC2: 62.1562 - LR: 1.0000e-05
INFO - 04/10/26 20:22:50 - 1:11:49 -   35650 - 1342.35 equations/s - 85910.39 words/s - MEM: 1.36 GB - LOSS:  1.2017 || ACC1: 44.2344 || ACC2: 61.9531 - LR: 1.0000e-05
INFO - 04/10/26 20:22:55 - 1:11:54 -   35700 - 1316.62 equations/s - 84263.97 words/s - MEM: 1.36 GB - LOSS:  1.2000 || ACC1: 44.3594 || ACC2: 63.2031 - LR: 1.0000e-05
INFO - 04/10/26 20:23:00 - 1:11:59 -   35750 - 1342.63 equations/s - 85928.58 words/s - MEM: 1.36 GB - LOSS:  1.1968 || ACC1: 44.5469 || ACC2: 63.6406 - LR: 1.0000e-05
INFO - 04/10/26 20:23:05 - 1:12:04 -   35800 - 1317.55 equations/s - 84323.27 words/s - MEM: 1.36 GB - LOSS:  1.2008 || ACC1: 43.6094 || ACC2: 62.4844 - LR: 1.0000e-05
INFO - 04/10/26 20:23:10 - 1:12:08 -   35850 - 1391.61 equations/s - 89062.90 words/s - MEM: 1.36 GB - LOSS:  1.1985 || ACC1: 44.4375 || ACC2: 62.6719 - LR: 1.0000e-05
INFO - 04/10/26 20:23:18 - 1:12:17 -   35900 -  763.68 equations/s - 48875.59 words/s - MEM: 1.36 GB - LOSS:  1.1927 || ACC1: 44.2031 || ACC2: 62.6875 - LR: 1.0000e-05
INFO - 04/10/26 20:23:23 - 1:12:21 -   35949 - 1350.30 equations/s - 86419.20 words/s - MEM: 1.36 GB - LOSS:  1.1954 || ACC1: 44.9298 || ACC2: 64.0306 - LR: 1.0000e-05
INFO - 04/10/26 20:23:23 - 1:12:21 - ============ End of epoch 22 ============
INFO - 04/10/26 20:23:23 - 1:12:21 - Starting Distinguisher Method
INFO - 04/10/26 20:23:37 - 1:12:36 - Distinguishing 0s using the emd. 
INFO - 04/10/26 20:23:37 - 1:12:36 - Distinguishing +/-1s using the emd. 
INFO - 04/10/26 20:23:37 - 1:12:36 - Real secret: -1: {np.int64(1), np.int64(2), np.int64(10), np.int64(12), np.int64(26)}, 1: {np.int64(7), np.int64(11), np.int64(17), np.int64(22), np.int64(28)}
INFO - 04/10/26 20:23:37 - 1:12:36 - Nonzero bits not identified. Guess: [23 12  7 22  1 26 10 17 11 28]
INFO - 04/10/26 20:23:37 - 1:12:36 - Distinguishing +/-1s using the mean. 
INFO - 04/10/26 20:23:37 - 1:12:36 - Real secret: -1: {np.int64(1), np.int64(2), np.int64(10), np.int64(12), np.int64(26)}, 1: {np.int64(7), np.int64(11), np.int64(17), np.int64(22), np.int64(28)}
INFO - 04/10/26 20:23:37 - 1:12:36 - Nonzero bits not identified. Guess: [23 12  7 22  1 26 10 17 11 28]
INFO - 04/10/26 20:23:37 - 1:12:36 - Distinguishing 0s using the mean. 
INFO - 04/10/26 20:23:37 - 1:12:36 - Distinguishing +/-1s using the emd. 
INFO - 04/10/26 20:23:37 - 1:12:36 - Real secret: -1: {np.int64(1), np.int64(2), np.int64(10), np.int64(12), np.int64(26)}, 1: {np.int64(7), np.int64(11), np.int64(17), np.int64(22), np.int64(28)}
INFO - 04/10/26 20:23:37 - 1:12:36 - Distinguishing +/-1s using the mean. 
INFO - 04/10/26 20:23:37 - 1:12:36 - Real secret: -1: {np.int64(1), np.int64(2), np.int64(10), np.int64(12), np.int64(26)}, 1: {np.int64(7), np.int64(11), np.int64(17), np.int64(22), np.int64(28)}
INFO - 04/10/26 20:23:37 - 1:12:36 - Starting Direct Method
INFO - 04/10/26 20:23:37 - 1:12:36 - Direct:  K=62
INFO - 04/10/26 20:23:37 - 1:12:36 - Direct:  K=87
INFO - 04/10/26 20:23:38 - 1:12:36 - Direct:  K=34
INFO - 04/10/26 20:23:38 - 1:12:36 - Direct:  K=67
INFO - 04/10/26 20:23:38 - 1:12:37 - Direct:  K=87
INFO - 04/10/26 20:23:38 - 1:12:37 - Direct:  K=48
INFO - 04/10/26 20:23:38 - 1:12:37 - Direct:  K=32
INFO - 04/10/26 20:23:38 - 1:12:37 - Direct:  K=82
INFO - 04/10/26 20:23:38 - 1:12:37 - Direct:  K=46
INFO - 04/10/26 20:23:38 - 1:12:37 - Direct:  K=67
INFO - 04/10/26 20:23:39 - 1:12:37 - Direct:  K=33
INFO - 04/10/26 20:23:39 - 1:12:37 - Direct:  K=36
INFO - 04/10/26 20:23:39 - 1:12:38 - Direct:  K=61
INFO - 04/10/26 20:23:39 - 1:12:38 - Direct:  K=83
INFO - 04/10/26 20:23:39 - 1:12:38 - Direct:  K=47
INFO - 04/10/26 20:23:39 - 1:12:38 - Direct: secret not predicted. (true secret = [ 0 -1 -1  0  0  0  0  1  0  0 -1  1 -1  0  0  0  0  1  0  0  0  0  1  0
                                       0  0 -1  0  1  0], predicted secret = [0 0 1 0 0 0 0 1 0 1 0 0 0 0 0 1 0 0 0 0 0 0 0 1 1 0 0 0 0 0], true support = [0 1 1 0 0 0 0 1 0 0 1 1 1 0 0 0 0 1 0 0 0 0 1 0 0 0 1 0 1 0], predicted support = [0 0 1 0 0 0 0 1 0 1 0 0 0 0 0 1 0 0 0 0 0 0 0 1 1 0 0 0 0 0])
INFO - 04/10/26 20:23:52 - 1:12:51 - CA: secret not predicted. (true secret = [ 0 -1 -1  0  0  0  0  1  0  0 -1  1 -1  0  0  0  0  1  0  0  0  0  1  0
                                       0  0 -1  0  1  0], predicted secret = [0 1 1 0 0 0 0 0 0 0 0 1 1 0 0 0 0 1 0 0 0 0 0 1 0 0 0 0 0 0], true support = [0 1 1 0 0 0 0 1 0 0 1 1 1 0 0 0 0 1 0 0 0 0 1 0 0 0 1 0 1 0], predicted support = [0 1 1 0 0 0 0 0 0 0 0 1 1 0 0 0 0 1 0 0 0 0 0 1 0 0 0 0 0 0])
INFO - 04/10/26 20:23:52 - 1:12:51 - CA: secret not predicted. (true secret = [ 0 -1 -1  0  0  0  0  1  0  0 -1  1 -1  0  0  0  0  1  0  0  0  0  1  0
                                       0  0 -1  0  1  0], predicted secret = [0 0 0 0 0 1 0 1 0 0 1 1 0 0 0 0 0 1 0 0 0 0 0 0 0 1 0 0 0 0], true support = [0 1 1 0 0 0 0 1 0 0 1 1 1 0 0 0 0 1 0 0 0 0 1 0 0 0 1 0 1 0], predicted support = [0 0 0 0 0 1 0 1 0 0 1 1 0 0 0 0 0 1 0 0 0 0 0 0 0 1 0 0 0 0])
INFO - 04/10/26 20:23:52 - 1:12:51 - Hybrid: direct, ca
INFO - 04/10/26 20:23:52 - 1:12:51 - direct, ca - Sum Normalized: secret not predicted. (true secret = [ 0 -1 -1  0  0  0  0  1  0  0 -1  1 -1  0  0  0  0  1  0  0  0  0  1  0
                                       0  0 -1  0  1  0], predicted secret = [0 1 1 0 0 0 0 1 0 0 0 0 0 0 0 0 0 1 0 0 0 0 0 1 1 0 0 0 0 0], true support = [0 1 1 0 0 0 0 1 0 0 1 1 1 0 0 0 0 1 0 0 0 0 1 0 0 0 1 0 1 0], predicted support = [0 1 1 0 0 0 0 1 0 0 0 0 0 0 0 0 0 1 0 0 0 0 0 1 1 0 0 0 0 0])
INFO - 04/10/26 20:23:52 - 1:12:51 - direct, ca - Max Normalized: secret not predicted. (true secret = [ 0 -1 -1  0  0  0  0  1  0  0 -1  1 -1  0  0  0  0  1  0  0  0  0  1  0
                                       0  0 -1  0  1  0], predicted secret = [0 1 1 0 0 1 0 0 0 0 0 1 0 0 0 0 0 1 0 0 0 0 0 0 1 0 0 0 0 0], true support = [0 1 1 0 0 0 0 1 0 0 1 1 1 0 0 0 0 1 0 0 0 0 1 0 0 0 1 0 1 0], predicted support = [0 1 1 0 0 1 0 0 0 0 0 1 0 0 0 0 0 1 0 0 0 0 0 0 1 0 0 0 0 0])
INFO - 04/10/26 20:23:52 - 1:12:51 - direct, ca - Sum Rank: secret not predicted. (true secret = [ 0 -1 -1  0  0  0  0  1  0  0 -1  1 -1  0  0  0  0  1  0  0  0  0  1  0
                                       0  0 -1  0  1  0], predicted secret = [0 0 1 0 0 1 0 1 0 0 0 0 0 0 0 0 0 1 0 0 0 0 1 1 0 0 0 0 0 0], true support = [0 1 1 0 0 0 0 1 0 0 1 1 1 0 0 0 0 1 0 0 0 0 1 0 0 0 1 0 1 0], predicted support = [0 0 1 0 0 1 0 1 0 0 0 0 0 0 0 0 0 1 0 0 0 0 1 1 0 0 0 0 0 0])
INFO - 04/10/26 20:23:52 - 1:12:51 - direct, ca - Max Rank: secret not predicted. (true secret = [ 0 -1 -1  0  0  0  0  1  0  0 -1  1 -1  0  0  0  0  1  0  0  0  0  1  0
                                       0  0 -1  0  1  0], predicted secret = [0 1 1 0 0 0 0 1 0 0 0 1 0 0 0 0 0 1 0 0 0 0 0 0 1 0 0 0 0 0], true support = [0 1 1 0 0 0 0 1 0 0 1 1 1 0 0 0 0 1 0 0 0 0 1 0 0 0 1 0 1 0], predicted support = [0 1 1 0 0 0 0 1 0 0 0 1 0 0 0 0 0 1 0 0 0 0 0 0 1 0 0 0 0 0])
INFO - 04/10/26 20:23:52 - 1:12:51 - Hybrid: direct, distinguisher
INFO - 04/10/26 20:23:52 - 1:12:51 - direct, distinguisher - Sum Normalized: secret not predicted. (true secret = [ 0 -1 -1  0  0  0  0  1  0  0 -1  1 -1  0  0  0  0  1  0  0  0  0  1  0
                                       0  0 -1  0  1  0], predicted secret = [0 0 1 0 0 0 0 1 0 0 0 1 0 0 0 0 0 1 0 0 0 0 0 0 1 0 1 0 0 0], true support = [0 1 1 0 0 0 0 1 0 0 1 1 1 0 0 0 0 1 0 0 0 0 1 0 0 0 1 0 1 0], predicted support = [0 0 1 0 0 0 0 1 0 0 0 1 0 0 0 0 0 1 0 0 0 0 0 0 1 0 1 0 0 0])
INFO - 04/10/26 20:23:52 - 1:12:51 - direct, distinguisher - Max Normalized: secret not predicted. (true secret = [ 0 -1 -1  0  0  0  0  1  0  0 -1  1 -1  0  0  0  0  1  0  0  0  0  1  0
                                       0  0 -1  0  1  0], predicted secret = [0 0 1 0 0 0 0 1 0 0 1 1 0 0 0 0 0 0 0 0 0 0 0 0 1 0 1 0 0 0], true support = [0 1 1 0 0 0 0 1 0 0 1 1 1 0 0 0 0 1 0 0 0 0 1 0 0 0 1 0 1 0], predicted support = [0 0 1 0 0 0 0 1 0 0 1 1 0 0 0 0 0 0 0 0 0 0 0 0 1 0 1 0 0 0])
INFO - 04/10/26 20:23:52 - 1:12:51 - direct, distinguisher - Sum Rank: secret not predicted. (true secret = [ 0 -1 -1  0  0  0  0  1  0  0 -1  1 -1  0  0  0  0  1  0  0  0  0  1  0
                                       0  0 -1  0  1  0], predicted secret = [0 0 1 0 0 0 0 1 0 0 0 0 0 0 0 0 0 1 0 0 0 0 1 1 1 0 0 0 0 0], true support = [0 1 1 0 0 0 0 1 0 0 1 1 1 0 0 0 0 1 0 0 0 0 1 0 0 0 1 0 1 0], predicted support = [0 0 1 0 0 0 0 1 0 0 0 0 0 0 0 0 0 1 0 0 0 0 1 1 1 0 0 0 0 0])
INFO - 04/10/26 20:23:52 - 1:12:51 - direct, distinguisher - Max Rank: secret not predicted. (true secret = [ 0 -1 -1  0  0  0  0  1  0  0 -1  1 -1  0  0  0  0  1  0  0  0  0  1  0
                                       0  0 -1  0  1  0], predicted secret = [0 0 1 0 0 0 0 1 0 0 0 1 0 0 0 0 0 0 0 0 0 0 0 1 1 0 1 0 0 0], true support = [0 1 1 0 0 0 0 1 0 0 1 1 1 0 0 0 0 1 0 0 0 0 1 0 0 0 1 0 1 0], predicted support = [0 0 1 0 0 0 0 1 0 0 0 1 0 0 0 0 0 0 0 0 0 0 0 1 1 0 1 0 0 0])
INFO - 04/10/26 20:23:52 - 1:12:51 - Hybrid: ca, distinguisher
INFO - 04/10/26 20:23:52 - 1:12:51 - ca, distinguisher - Sum Normalized: secret not predicted. (true secret = [ 0 -1 -1  0  0  0  0  1  0  0 -1  1 -1  0  0  0  0  1  0  0  0  0  1  0
                                       0  0 -1  0  1  0], predicted secret = [0 1 1 0 0 0 0 0 0 0 1 1 0 0 0 0 0 1 0 0 0 0 0 0 0 0 0 0 1 0], true support = [0 1 1 0 0 0 0 1 0 0 1 1 1 0 0 0 0 1 0 0 0 0 1 0 0 0 1 0 1 0], predicted support = [0 1 1 0 0 0 0 0 0 0 1 1 0 0 0 0 0 1 0 0 0 0 0 0 0 0 0 0 1 0])
INFO - 04/10/26 20:23:52 - 1:12:51 - ca, distinguisher - Max Normalized: secret not predicted. (true secret = [ 0 -1 -1  0  0  0  0  1  0  0 -1  1 -1  0  0  0  0  1  0  0  0  0  1  0
                                       0  0 -1  0  1  0], predicted secret = [0 0 1 0 0 0 0 1 0 0 1 1 0 0 0 0 0 1 0 0 0 0 0 0 0 0 1 0 0 0], true support = [0 1 1 0 0 0 0 1 0 0 1 1 1 0 0 0 0 1 0 0 0 0 1 0 0 0 1 0 1 0], predicted support = [0 0 1 0 0 0 0 1 0 0 1 1 0 0 0 0 0 1 0 0 0 0 0 0 0 0 1 0 0 0])
INFO - 04/10/26 20:23:52 - 1:12:51 - ca, distinguisher - Sum Rank: secret not predicted. (true secret = [ 0 -1 -1  0  0  0  0  1  0  0 -1  1 -1  0  0  0  0  1  0  0  0  0  1  0
                                       0  0 -1  0  1  0], predicted secret = [0 1 1 0 0 0 0 1 0 0 1 1 0 0 0 0 0 1 0 0 0 0 0 0 0 0 0 0 0 0], true support = [0 1 1 0 0 0 0 1 0 0 1 1 1 0 0 0 0 1 0 0 0 0 1 0 0 0 1 0 1 0], predicted support = [0 1 1 0 0 0 0 1 0 0 1 1 0 0 0 0 0 1 0 0 0 0 0 0 0 0 0 0 0 0])
INFO - 04/10/26 20:23:52 - 1:12:51 - ca, distinguisher - Max Rank: secret not predicted. (true secret = [ 0 -1 -1  0  0  0  0  1  0  0 -1  1 -1  0  0  0  0  1  0  0  0  0  1  0
                                       0  0 -1  0  1  0], predicted secret = [0 1 1 0 0 1 0 0 0 0 0 1 0 0 0 0 0 1 0 0 0 0 0 0 0 0 1 0 0 0], true support = [0 1 1 0 0 0 0 1 0 0 1 1 1 0 0 0 0 1 0 0 0 0 1 0 0 0 1 0 1 0], predicted support = [0 1 1 0 0 1 0 0 0 0 0 1 0 0 0 0 0 1 0 0 0 0 0 0 0 0 1 0 0 0])
INFO - 04/10/26 20:23:52 - 1:12:51 - Hybrid: direct, ca, distinguisher
INFO - 04/10/26 20:23:52 - 1:12:51 - direct, ca, distinguisher - Sum Normalized: secret not predicted. (true secret = [ 0 -1 -1  0  0  0  0  1  0  0 -1  1 -1  0  0  0  0  1  0  0  0  0  1  0
                                       0  0 -1  0  1  0], predicted secret = [0 1 1 0 0 0 0 1 0 0 1 1 0 0 0 0 0 1 0 0 0 0 0 0 0 0 0 0 0 0], true support = [0 1 1 0 0 0 0 1 0 0 1 1 1 0 0 0 0 1 0 0 0 0 1 0 0 0 1 0 1 0], predicted support = [0 1 1 0 0 0 0 1 0 0 1 1 0 0 0 0 0 1 0 0 0 0 0 0 0 0 0 0 0 0])
INFO - 04/10/26 20:23:52 - 1:12:51 - direct, ca, distinguisher - Max Normalized: secret not predicted. (true secret = [ 0 -1 -1  0  0  0  0  1  0  0 -1  1 -1  0  0  0  0  1  0  0  0  0  1  0
                                       0  0 -1  0  1  0], predicted secret = [0 0 1 0 0 0 0 1 0 0 0 1 0 0 0 0 0 1 0 0 0 0 0 0 1 0 1 0 0 0], true support = [0 1 1 0 0 0 0 1 0 0 1 1 1 0 0 0 0 1 0 0 0 0 1 0 0 0 1 0 1 0], predicted support = [0 0 1 0 0 0 0 1 0 0 0 1 0 0 0 0 0 1 0 0 0 0 0 0 1 0 1 0 0 0])
INFO - 04/10/26 20:23:52 - 1:12:51 - direct, ca, distinguisher - Sum Rank: secret not predicted. (true secret = [ 0 -1 -1  0  0  0  0  1  0  0 -1  1 -1  0  0  0  0  1  0  0  0  0  1  0
                                       0  0 -1  0  1  0], predicted secret = [0 0 1 0 0 1 0 1 0 0 0 0 0 0 0 0 0 1 0 0 0 0 1 1 0 0 0 0 0 0], true support = [0 1 1 0 0 0 0 1 0 0 1 1 1 0 0 0 0 1 0 0 0 0 1 0 0 0 1 0 1 0], predicted support = [0 0 1 0 0 1 0 1 0 0 0 0 0 0 0 0 0 1 0 0 0 0 1 1 0 0 0 0 0 0])
INFO - 04/10/26 20:23:52 - 1:12:51 - direct, ca, distinguisher - Max Rank: secret not predicted. (true secret = [ 0 -1 -1  0  0  0  0  1  0  0 -1  1 -1  0  0  0  0  1  0  0  0  0  1  0
                                       0  0 -1  0  1  0], predicted secret = [0 1 1 0 0 0 0 1 0 0 0 0 0 0 0 0 0 1 0 0 0 0 0 0 1 0 1 0 0 0], true support = [0 1 1 0 0 0 0 1 0 0 1 1 1 0 0 0 0 1 0 0 0 0 1 0 0 0 1 0 1 0], predicted support = [0 1 1 0 0 0 0 1 0 0 0 0 0 0 0 0 0 1 0 0 0 0 0 0 1 0 1 0 0 0])
INFO - 04/10/26 20:23:52 - 1:12:51 - Epoch 22 metrics | train_loss: 1.215287 | train_acc1: 43.624040 | train_acc2: 61.790227 | valid_xe_loss: 1.670412 | valid_acc1: 25.998813 | valid_acc2: 31.576345
INFO - 04/10/26 20:23:52 - 1:12:51 - __log__:{"train_loss": 1.215287343554213, "train_acc1": 43.62404030710173, "train_acc2": 61.790227127319255, "epoch": 22, "valid_xe_loss": 1.6704118976110145, "valid_acc1": 25.99881329113924, "valid_acc2": 31.57634493670886}
INFO - 04/10/26 20:23:52 - 1:12:51 - Saving checkpoint to /home/yu_mcc/PQC_salsa/runs/n30_q127_h3_1m/train_gpu_ternary_h10_secret0_init0_epoch200000/checkpoint.pth ...
WARNING - 04/10/26 20:23:52 - 1:12:51 - Saving encoder parameters ...
WARNING - 04/10/26 20:23:52 - 1:12:51 - Saving decoder parameters ...
WARNING - 04/10/26 20:23:52 - 1:12:51 - Saving optimizer ...
INFO - 04/10/26 20:23:52 - 1:12:51 - ============ Starting epoch 23 ... ============
INFO - 04/10/26 20:23:52 - 1:12:51 -   35950 -    4.28 equations/s -   274.10 words/s - MEM: 1.36 GB - LOSS:  1.2124 || ACC1: 45.3125 || ACC2: 63.2812 - LR: 1.0000e-05
INFO - 04/10/26 20:23:57 - 1:12:56 -   36000 - 1341.47 equations/s - 85854.08 words/s - MEM: 1.36 GB - LOSS:  1.2027 || ACC1: 43.5938 || ACC2: 62.2656 - LR: 1.0000e-05
INFO - 04/10/26 20:24:02 - 1:13:01 -   36050 - 1315.75 equations/s - 84207.99 words/s - MEM: 1.36 GB - LOSS:  1.1931 || ACC1: 44.8281 || ACC2: 63.0312 - LR: 1.0000e-05
INFO - 04/10/26 20:24:07 - 1:13:06 -   36100 - 1273.63 equations/s - 81512.63 words/s - MEM: 1.36 GB - LOSS:  1.1841 || ACC1: 44.6250 || ACC2: 63.0625 - LR: 1.0000e-05
INFO - 04/10/26 20:24:12 - 1:13:11 -   36150 - 1291.73 equations/s - 82670.43 words/s - MEM: 1.36 GB - LOSS:  1.1976 || ACC1: 44.0469 || ACC2: 62.8906 - LR: 1.0000e-05
INFO - 04/10/26 20:24:17 - 1:13:16 -   36200 - 1271.57 equations/s - 81380.31 words/s - MEM: 1.36 GB - LOSS:  1.1896 || ACC1: 43.6094 || ACC2: 62.9844 - LR: 1.0000e-05
INFO - 04/10/26 20:24:22 - 1:13:21 -   36250 - 1332.24 equations/s - 85263.63 words/s - MEM: 1.36 GB - LOSS:  1.1893 || ACC1: 44.5469 || ACC2: 63.7031 - LR: 1.0000e-05
INFO - 04/10/26 20:24:30 - 1:13:29 -   36300 -  747.77 equations/s - 47857.06 words/s - MEM: 1.36 GB - LOSS:  1.1929 || ACC1: 45.9844 || ACC2: 63.7344 - LR: 1.0000e-05
INFO - 04/10/26 20:24:35 - 1:13:34 -   36350 - 1297.25 equations/s - 83024.03 words/s - MEM: 1.36 GB - LOSS:  1.1804 || ACC1: 45.5781 || ACC2: 64.1406 - LR: 1.0000e-05
INFO - 04/10/26 20:24:40 - 1:13:39 -   36400 - 1338.57 equations/s - 85668.43 words/s - MEM: 1.36 GB - LOSS:  1.1779 || ACC1: 45.6250 || ACC2: 65.1562 - LR: 1.0000e-05
INFO - 04/10/26 20:24:45 - 1:13:44 -   36450 - 1320.99 equations/s - 84543.58 words/s - MEM: 1.36 GB - LOSS:  1.1761 || ACC1: 45.2812 || ACC2: 63.7188 - LR: 1.0000e-05
INFO - 04/10/26 20:24:50 - 1:13:49 -   36500 - 1306.86 equations/s - 83639.17 words/s - MEM: 1.36 GB - LOSS:  1.1787 || ACC1: 45.1875 || ACC2: 64.3281 - LR: 1.0000e-05
INFO - 04/10/26 20:24:55 - 1:13:53 -   36550 - 1362.27 equations/s - 87184.98 words/s - MEM: 1.36 GB - LOSS:  1.1803 || ACC1: 45.1406 || ACC2: 64.6875 - LR: 1.0000e-05
INFO - 04/10/26 20:25:03 - 1:14:02 -   36600 -  747.92 equations/s - 47866.59 words/s - MEM: 1.36 GB - LOSS:  1.1754 || ACC1: 45.4062 || ACC2: 65.1094 - LR: 1.0000e-05
INFO - 04/10/26 20:25:08 - 1:14:07 -   36650 - 1347.58 equations/s - 86245.23 words/s - MEM: 1.36 GB - LOSS:  1.1741 || ACC1: 44.7031 || ACC2: 64.0000 - LR: 1.0000e-05
INFO - 04/10/26 20:25:13 - 1:14:11 -   36700 - 1335.13 equations/s - 85448.54 words/s - MEM: 1.36 GB - LOSS:  1.1728 || ACC1: 45.5312 || ACC2: 64.2344 - LR: 1.0000e-05
INFO - 04/10/26 20:25:18 - 1:14:16 -   36750 - 1285.02 equations/s - 82241.47 words/s - MEM: 1.36 GB - LOSS:  1.1766 || ACC1: 45.8750 || ACC2: 64.8750 - LR: 1.0000e-05
INFO - 04/10/26 20:25:22 - 1:14:21 -   36800 - 1378.10 equations/s - 88198.67 words/s - MEM: 1.36 GB - LOSS:  1.1751 || ACC1: 45.5156 || ACC2: 64.4844 - LR: 1.0000e-05
INFO - 04/10/26 20:25:27 - 1:14:26 -   36850 - 1284.83 equations/s - 82229.10 words/s - MEM: 1.36 GB - LOSS:  1.1824 || ACC1: 45.1719 || ACC2: 63.7812 - LR: 1.0000e-05
INFO - 04/10/26 20:25:32 - 1:14:31 -   36900 - 1338.92 equations/s - 85691.18 words/s - MEM: 1.36 GB - LOSS:  1.1724 || ACC1: 45.7500 || ACC2: 65.5469 - LR: 1.0000e-05
INFO - 04/10/26 20:25:41 - 1:14:39 -   36950 -  750.98 equations/s - 48062.53 words/s - MEM: 1.36 GB - LOSS:  1.1641 || ACC1: 45.2188 || ACC2: 65.1719 - LR: 1.0000e-05
INFO - 04/10/26 20:25:45 - 1:14:44 -   37000 - 1356.97 equations/s - 86846.28 words/s - MEM: 1.36 GB - LOSS:  1.1706 || ACC1: 44.5781 || ACC2: 65.0781 - LR: 1.0000e-05
INFO - 04/10/26 20:25:50 - 1:14:49 -   37050 - 1317.15 equations/s - 84297.63 words/s - MEM: 1.36 GB - LOSS:  1.1617 || ACC1: 45.6719 || ACC2: 65.3438 - LR: 1.0000e-05
INFO - 04/10/26 20:25:55 - 1:14:54 -   37100 - 1314.10 equations/s - 84102.50 words/s - MEM: 1.36 GB - LOSS:  1.1619 || ACC1: 45.8438 || ACC2: 65.4219 - LR: 1.0000e-05
INFO - 04/10/26 20:26:00 - 1:14:59 -   37150 - 1294.82 equations/s - 82868.63 words/s - MEM: 1.36 GB - LOSS:  1.1619 || ACC1: 44.8125 || ACC2: 65.4375 - LR: 1.0000e-05
INFO - 04/10/26 20:26:05 - 1:15:03 -   37200 - 1383.56 equations/s - 88547.62 words/s - MEM: 1.36 GB - LOSS:  1.1634 || ACC1: 44.7031 || ACC2: 65.1406 - LR: 1.0000e-05
INFO - 04/10/26 20:26:10 - 1:15:08 -   37250 - 1285.22 equations/s - 82254.30 words/s - MEM: 1.36 GB - LOSS:  1.1657 || ACC1: 45.7344 || ACC2: 65.3438 - LR: 1.0000e-05
INFO - 04/10/26 20:26:18 - 1:15:17 -   37300 -  768.25 equations/s - 49167.82 words/s - MEM: 1.36 GB - LOSS:  1.1603 || ACC1: 45.8594 || ACC2: 65.5781 - LR: 1.0000e-05
INFO - 04/10/26 20:26:23 - 1:15:22 -   37350 - 1270.94 equations/s - 81340.26 words/s - MEM: 1.36 GB - LOSS:  1.1557 || ACC1: 45.5312 || ACC2: 65.3594 - LR: 1.0000e-05
INFO - 04/10/26 20:26:28 - 1:15:27 -   37400 - 1269.41 equations/s - 81242.03 words/s - MEM: 1.36 GB - LOSS:  1.1534 || ACC1: 46.5469 || ACC2: 66.0156 - LR: 1.0000e-05
INFO - 04/10/26 20:26:33 - 1:15:32 -   37450 - 1349.40 equations/s - 86361.55 words/s - MEM: 1.36 GB - LOSS:  1.1484 || ACC1: 46.3594 || ACC2: 66.4844 - LR: 1.0000e-05
INFO - 04/10/26 20:26:37 - 1:15:36 -   37500 - 1554.80 equations/s - 99507.03 words/s - MEM: 1.36 GB - LOSS:  1.1558 || ACC1: 46.0781 || ACC2: 65.6406 - LR: 1.0000e-05
INFO - 04/10/26 20:26:38 - 1:15:37 -   37512 - 1455.78 equations/s - 93169.77 words/s - MEM: 1.36 GB - LOSS:  1.1408 || ACC1: 45.3125 || ACC2: 66.2760 - LR: 1.0000e-05
INFO - 04/10/26 20:26:38 - 1:15:37 - ============ End of epoch 23 ============
INFO - 04/10/26 20:26:38 - 1:15:37 - Starting Distinguisher Method
INFO - 04/10/26 20:26:55 - 1:15:54 - Distinguishing 0s using the emd. 
INFO - 04/10/26 20:26:55 - 1:15:54 - Distinguishing +/-1s using the emd. 
INFO - 04/10/26 20:26:55 - 1:15:54 - Real secret: -1: {np.int64(1), np.int64(2), np.int64(10), np.int64(12), np.int64(26)}, 1: {np.int64(7), np.int64(11), np.int64(17), np.int64(22), np.int64(28)}
INFO - 04/10/26 20:26:55 - 1:15:54 - Nonzero bits not identified. Guess: [22 12  1  7 26  9 25 17 28 11]
INFO - 04/10/26 20:26:55 - 1:15:54 - Distinguishing +/-1s using the mean. 
INFO - 04/10/26 20:26:55 - 1:15:54 - Real secret: -1: {np.int64(1), np.int64(2), np.int64(10), np.int64(12), np.int64(26)}, 1: {np.int64(7), np.int64(11), np.int64(17), np.int64(22), np.int64(28)}
INFO - 04/10/26 20:26:55 - 1:15:54 - Nonzero bits not identified. Guess: [22 12  1  7 26  9 25 17 28 11]
INFO - 04/10/26 20:26:55 - 1:15:54 - Distinguishing 0s using the mean. 
INFO - 04/10/26 20:26:55 - 1:15:54 - Distinguishing +/-1s using the emd. 
INFO - 04/10/26 20:26:55 - 1:15:54 - Real secret: -1: {np.int64(1), np.int64(2), np.int64(10), np.int64(12), np.int64(26)}, 1: {np.int64(7), np.int64(11), np.int64(17), np.int64(22), np.int64(28)}
INFO - 04/10/26 20:26:55 - 1:15:54 - Distinguishing +/-1s using the mean. 
INFO - 04/10/26 20:26:55 - 1:15:54 - Real secret: -1: {np.int64(1), np.int64(2), np.int64(10), np.int64(12), np.int64(26)}, 1: {np.int64(7), np.int64(11), np.int64(17), np.int64(22), np.int64(28)}
INFO - 04/10/26 20:26:55 - 1:15:54 - Starting Direct Method
INFO - 04/10/26 20:26:55 - 1:15:54 - Direct:  K=90
INFO - 04/10/26 20:26:56 - 1:15:54 - Direct:  K=71
INFO - 04/10/26 20:26:56 - 1:15:55 - Direct:  K=32
INFO - 04/10/26 20:26:56 - 1:15:55 - Direct:  K=92
INFO - 04/10/26 20:26:56 - 1:15:55 - Direct:  K=63
INFO - 04/10/26 20:26:56 - 1:15:55 - Direct:  K=79
INFO - 04/10/26 20:26:56 - 1:15:55 - Direct:  K=46
INFO - 04/10/26 20:26:56 - 1:15:55 - Direct:  K=87
INFO - 04/10/26 20:26:57 - 1:15:55 - Direct:  K=75
INFO - 04/10/26 20:26:57 - 1:15:55 - Direct:  K=80
INFO - 04/10/26 20:26:57 - 1:15:56 - Direct:  K=54
INFO - 04/10/26 20:26:57 - 1:15:56 - Direct:  K=43
INFO - 04/10/26 20:26:57 - 1:15:56 - Direct:  K=73
INFO - 04/10/26 20:26:57 - 1:15:56 - Direct:  K=44
INFO - 04/10/26 20:26:57 - 1:15:56 - Direct:  K=81
INFO - 04/10/26 20:26:58 - 1:15:56 - Direct: secret not predicted. (true secret = [ 0 -1 -1  0  0  0  0  1  0  0 -1  1 -1  0  0  0  0  1  0  0  0  0  1  0
                                       0  0 -1  0  1  0], predicted secret = [0 0 1 0 0 0 0 1 1 0 0 0 0 0 0 0 0 0 0 0 0 0 1 1 1 0 0 0 0 0], true support = [0 1 1 0 0 0 0 1 0 0 1 1 1 0 0 0 0 1 0 0 0 0 1 0 0 0 1 0 1 0], predicted support = [0 0 1 0 0 0 0 1 1 0 0 0 0 0 0 0 0 0 0 0 0 0 1 1 1 0 0 0 0 0])
INFO - 04/10/26 20:27:06 - 1:16:05 - CA: secret not predicted. (true secret = [ 0 -1 -1  0  0  0  0  1  0  0 -1  1 -1  0  0  0  0  1  0  0  0  0  1  0
                                       0  0 -1  0  1  0], predicted secret = [0 1 1 0 0 0 0 0 0 0 0 1 1 0 0 0 0 1 0 0 0 0 0 1 0 0 0 0 0 0], true support = [0 1 1 0 0 0 0 1 0 0 1 1 1 0 0 0 0 1 0 0 0 0 1 0 0 0 1 0 1 0], predicted support = [0 1 1 0 0 0 0 0 0 0 0 1 1 0 0 0 0 1 0 0 0 0 0 1 0 0 0 0 0 0])
INFO - 04/10/26 20:27:06 - 1:16:05 - CA: secret not predicted. (true secret = [ 0 -1 -1  0  0  0  0  1  0  0 -1  1 -1  0  0  0  0  1  0  0  0  0  1  0
                                       0  0 -1  0  1  0], predicted secret = [0 1 0 0 0 1 0 1 0 0 1 0 0 0 0 0 0 1 0 0 0 0 0 0 0 1 0 0 0 0], true support = [0 1 1 0 0 0 0 1 0 0 1 1 1 0 0 0 0 1 0 0 0 0 1 0 0 0 1 0 1 0], predicted support = [0 1 0 0 0 1 0 1 0 0 1 0 0 0 0 0 0 1 0 0 0 0 0 0 0 1 0 0 0 0])
INFO - 04/10/26 20:27:06 - 1:16:05 - Hybrid: direct, ca
INFO - 04/10/26 20:27:06 - 1:16:05 - direct, ca - Sum Normalized: secret not predicted. (true secret = [ 0 -1 -1  0  0  0  0  1  0  0 -1  1 -1  0  0  0  0  1  0  0  0  0  1  0
                                       0  0 -1  0  1  0], predicted secret = [0 1 1 0 0 0 0 1 0 0 0 0 0 0 0 0 0 1 0 0 0 0 0 1 1 0 0 0 0 0], true support = [0 1 1 0 0 0 0 1 0 0 1 1 1 0 0 0 0 1 0 0 0 0 1 0 0 0 1 0 1 0], predicted support = [0 1 1 0 0 0 0 1 0 0 0 0 0 0 0 0 0 1 0 0 0 0 0 1 1 0 0 0 0 0])
INFO - 04/10/26 20:27:06 - 1:16:05 - direct, ca - Max Normalized: secret not predicted. (true secret = [ 0 -1 -1  0  0  0  0  1  0  0 -1  1 -1  0  0  0  0  1  0  0  0  0  1  0
                                       0  0 -1  0  1  0], predicted secret = [0 1 0 0 0 1 0 1 0 0 0 1 0 0 0 0 0 1 0 0 0 0 0 0 1 0 0 0 0 0], true support = [0 1 1 0 0 0 0 1 0 0 1 1 1 0 0 0 0 1 0 0 0 0 1 0 0 0 1 0 1 0], predicted support = [0 1 0 0 0 1 0 1 0 0 0 1 0 0 0 0 0 1 0 0 0 0 0 0 1 0 0 0 0 0])
INFO - 04/10/26 20:27:06 - 1:16:05 - direct, ca - Sum Rank: secret not predicted. (true secret = [ 0 -1 -1  0  0  0  0  1  0  0 -1  1 -1  0  0  0  0  1  0  0  0  0  1  0
                                       0  0 -1  0  1  0], predicted secret = [0 1 1 0 0 1 0 1 0 0 0 0 0 0 0 0 0 1 0 0 0 0 0 1 0 0 0 0 0 0], true support = [0 1 1 0 0 0 0 1 0 0 1 1 1 0 0 0 0 1 0 0 0 0 1 0 0 0 1 0 1 0], predicted support = [0 1 1 0 0 1 0 1 0 0 0 0 0 0 0 0 0 1 0 0 0 0 0 1 0 0 0 0 0 0])
INFO - 04/10/26 20:27:06 - 1:16:05 - direct, ca - Max Rank: secret not predicted. (true secret = [ 0 -1 -1  0  0  0  0  1  0  0 -1  1 -1  0  0  0  0  1  0  0  0  0  1  0
                                       0  0 -1  0  1  0], predicted secret = [0 1 1 0 0 0 0 1 0 0 0 1 0 0 0 0 0 1 0 0 0 0 0 0 1 0 0 0 0 0], true support = [0 1 1 0 0 0 0 1 0 0 1 1 1 0 0 0 0 1 0 0 0 0 1 0 0 0 1 0 1 0], predicted support = [0 1 1 0 0 0 0 1 0 0 0 1 0 0 0 0 0 1 0 0 0 0 0 0 1 0 0 0 0 0])
INFO - 04/10/26 20:27:06 - 1:16:05 - Hybrid: direct, distinguisher
INFO - 04/10/26 20:27:06 - 1:16:05 - direct, distinguisher - Sum Normalized: secret not predicted. (true secret = [ 0 -1 -1  0  0  0  0  1  0  0 -1  1 -1  0  0  0  0  1  0  0  0  0  1  0
                                       0  0 -1  0  1  0], predicted secret = [0 1 1 0 0 0 0 1 0 0 0 1 0 0 0 0 0 0 0 0 0 0 1 0 1 0 0 0 0 0], true support = [0 1 1 0 0 0 0 1 0 0 1 1 1 0 0 0 0 1 0 0 0 0 1 0 0 0 1 0 1 0], predicted support = [0 1 1 0 0 0 0 1 0 0 0 1 0 0 0 0 0 0 0 0 0 0 1 0 1 0 0 0 0 0])
INFO - 04/10/26 20:27:06 - 1:16:05 - direct, distinguisher - Max Normalized: secret not predicted. (true secret = [ 0 -1 -1  0  0  0  0  1  0  0 -1  1 -1  0  0  0  0  1  0  0  0  0  1  0
                                       0  0 -1  0  1  0], predicted secret = [0 0 1 0 0 0 0 1 0 0 1 1 0 0 0 0 0 0 0 0 0 0 0 0 1 0 0 0 1 0], true support = [0 1 1 0 0 0 0 1 0 0 1 1 1 0 0 0 0 1 0 0 0 0 1 0 0 0 1 0 1 0], predicted support = [0 0 1 0 0 0 0 1 0 0 1 1 0 0 0 0 0 0 0 0 0 0 0 0 1 0 0 0 1 0])
INFO - 04/10/26 20:27:06 - 1:16:05 - direct, distinguisher - Sum Rank: secret not predicted. (true secret = [ 0 -1 -1  0  0  0  0  1  0  0 -1  1 -1  0  0  0  0  1  0  0  0  0  1  0
                                       0  0 -1  0  1  0], predicted secret = [0 1 1 0 0 0 0 1 1 0 0 1 0 0 0 0 0 0 0 0 0 0 1 0 0 0 0 0 0 0], true support = [0 1 1 0 0 0 0 1 0 0 1 1 1 0 0 0 0 1 0 0 0 0 1 0 0 0 1 0 1 0], predicted support = [0 1 1 0 0 0 0 1 1 0 0 1 0 0 0 0 0 0 0 0 0 0 1 0 0 0 0 0 0 0])
INFO - 04/10/26 20:27:06 - 1:16:05 - direct, distinguisher - Max Rank: secret not predicted. (true secret = [ 0 -1 -1  0  0  0  0  1  0  0 -1  1 -1  0  0  0  0  1  0  0  0  0  1  0
                                       0  0 -1  0  1  0], predicted secret = [0 0 1 0 0 0 0 1 0 0 1 1 0 0 0 0 0 0 0 0 0 0 0 1 1 0 0 0 0 0], true support = [0 1 1 0 0 0 0 1 0 0 1 1 1 0 0 0 0 1 0 0 0 0 1 0 0 0 1 0 1 0], predicted support = [0 0 1 0 0 0 0 1 0 0 1 1 0 0 0 0 0 0 0 0 0 0 0 1 1 0 0 0 0 0])
INFO - 04/10/26 20:27:06 - 1:16:05 - Hybrid: ca, distinguisher
INFO - 04/10/26 20:27:06 - 1:16:05 - ca, distinguisher - Sum Normalized: secret not predicted. (true secret = [ 0 -1 -1  0  0  0  0  1  0  0 -1  1 -1  0  0  0  0  1  0  0  0  0  1  0
                                       0  0 -1  0  1  0], predicted secret = [0 1 1 0 0 0 0 0 0 0 1 1 0 0 0 0 0 1 0 0 0 0 0 0 0 0 0 0 1 0], true support = [0 1 1 0 0 0 0 1 0 0 1 1 1 0 0 0 0 1 0 0 0 0 1 0 0 0 1 0 1 0], predicted support = [0 1 1 0 0 0 0 0 0 0 1 1 0 0 0 0 0 1 0 0 0 0 0 0 0 0 0 0 1 0])
INFO - 04/10/26 20:27:06 - 1:16:05 - ca, distinguisher - Max Normalized: secret not predicted. (true secret = [ 0 -1 -1  0  0  0  0  1  0  0 -1  1 -1  0  0  0  0  1  0  0  0  0  1  0
                                       0  0 -1  0  1  0], predicted secret = [0 1 1 0 0 0 0 0 0 0 1 1 0 0 0 0 0 1 0 0 0 0 0 0 0 0 0 0 1 0], true support = [0 1 1 0 0 0 0 1 0 0 1 1 1 0 0 0 0 1 0 0 0 0 1 0 0 0 1 0 1 0], predicted support = [0 1 1 0 0 0 0 0 0 0 1 1 0 0 0 0 0 1 0 0 0 0 0 0 0 0 0 0 1 0])
INFO - 04/10/26 20:27:06 - 1:16:05 - ca, distinguisher - Sum Rank: secret not predicted. (true secret = [ 0 -1 -1  0  0  0  0  1  0  0 -1  1 -1  0  0  0  0  1  0  0  0  0  1  0
                                       0  0 -1  0  1  0], predicted secret = [0 1 1 0 0 0 0 0 0 0 1 1 0 0 0 0 0 1 0 0 0 0 0 0 0 0 0 0 1 0], true support = [0 1 1 0 0 0 0 1 0 0 1 1 1 0 0 0 0 1 0 0 0 0 1 0 0 0 1 0 1 0], predicted support = [0 1 1 0 0 0 0 0 0 0 1 1 0 0 0 0 0 1 0 0 0 0 0 0 0 0 0 0 1 0])
INFO - 04/10/26 20:27:06 - 1:16:05 - ca, distinguisher - Max Rank: secret not predicted. (true secret = [ 0 -1 -1  0  0  0  0  1  0  0 -1  1 -1  0  0  0  0  1  0  0  0  0  1  0
                                       0  0 -1  0  1  0], predicted secret = [0 1 1 0 0 1 0 0 0 0 1 1 0 0 0 0 0 1 0 0 0 0 0 0 0 0 0 0 0 0], true support = [0 1 1 0 0 0 0 1 0 0 1 1 1 0 0 0 0 1 0 0 0 0 1 0 0 0 1 0 1 0], predicted support = [0 1 1 0 0 1 0 0 0 0 1 1 0 0 0 0 0 1 0 0 0 0 0 0 0 0 0 0 0 0])
INFO - 04/10/26 20:27:06 - 1:16:05 - Hybrid: direct, ca, distinguisher
INFO - 04/10/26 20:27:06 - 1:16:05 - direct, ca, distinguisher - Sum Normalized: secret not predicted. (true secret = [ 0 -1 -1  0  0  0  0  1  0  0 -1  1 -1  0  0  0  0  1  0  0  0  0  1  0
                                       0  0 -1  0  1  0], predicted secret = [0 1 1 0 0 0 0 1 0 0 0 1 0 0 0 0 0 1 0 0 0 0 1 0 0 0 0 0 0 0], true support = [0 1 1 0 0 0 0 1 0 0 1 1 1 0 0 0 0 1 0 0 0 0 1 0 0 0 1 0 1 0], predicted support = [0 1 1 0 0 0 0 1 0 0 0 1 0 0 0 0 0 1 0 0 0 0 1 0 0 0 0 0 0 0])
INFO - 04/10/26 20:27:06 - 1:16:05 - direct, ca, distinguisher - Max Normalized: secret not predicted. (true secret = [ 0 -1 -1  0  0  0  0  1  0  0 -1  1 -1  0  0  0  0  1  0  0  0  0  1  0
                                       0  0 -1  0  1  0], predicted secret = [0 1 1 0 0 0 0 1 0 0 0 1 0 0 0 0 0 1 0 0 0 0 0 0 1 0 0 0 0 0], true support = [0 1 1 0 0 0 0 1 0 0 1 1 1 0 0 0 0 1 0 0 0 0 1 0 0 0 1 0 1 0], predicted support = [0 1 1 0 0 0 0 1 0 0 0 1 0 0 0 0 0 1 0 0 0 0 0 0 1 0 0 0 0 0])
INFO - 04/10/26 20:27:06 - 1:16:05 - direct, ca, distinguisher - Sum Rank: secret not predicted. (true secret = [ 0 -1 -1  0  0  0  0  1  0  0 -1  1 -1  0  0  0  0  1  0  0  0  0  1  0
                                       0  0 -1  0  1  0], predicted secret = [0 1 1 0 0 0 0 1 0 0 0 1 0 0 0 0 0 1 0 0 0 0 1 0 0 0 0 0 0 0], true support = [0 1 1 0 0 0 0 1 0 0 1 1 1 0 0 0 0 1 0 0 0 0 1 0 0 0 1 0 1 0], predicted support = [0 1 1 0 0 0 0 1 0 0 0 1 0 0 0 0 0 1 0 0 0 0 1 0 0 0 0 0 0 0])
INFO - 04/10/26 20:27:06 - 1:16:05 - direct, ca, distinguisher - Max Rank: secret not predicted. (true secret = [ 0 -1 -1  0  0  0  0  1  0  0 -1  1 -1  0  0  0  0  1  0  0  0  0  1  0
                                       0  0 -1  0  1  0], predicted secret = [0 1 1 0 0 0 0 1 0 0 0 1 0 0 0 0 0 1 0 0 0 0 0 0 1 0 0 0 0 0], true support = [0 1 1 0 0 0 0 1 0 0 1 1 1 0 0 0 0 1 0 0 0 0 1 0 0 0 1 0 1 0], predicted support = [0 1 1 0 0 0 0 1 0 0 0 1 0 0 0 0 0 1 0 0 0 0 0 0 1 0 0 0 0 0])
INFO - 04/10/26 20:27:06 - 1:16:05 - Epoch 23 metrics | train_loss: 1.173790 | train_acc1: 45.256518 | train_acc2: 64.584833 | valid_xe_loss: 1.703699 | valid_acc1: 25.385680 | valid_acc2: 30.231408
INFO - 04/10/26 20:27:06 - 1:16:05 - __log__:{"train_loss": 1.1737900197467817, "train_acc1": 45.256517914267434, "train_acc2": 64.58483285348689, "epoch": 23, "valid_xe_loss": 1.7036988871007026, "valid_acc1": 25.385680379746834, "valid_acc2": 30.2314082278481}
INFO - 04/10/26 20:27:06 - 1:16:05 - Saving checkpoint to /home/yu_mcc/PQC_salsa/runs/n30_q127_h3_1m/train_gpu_ternary_h10_secret0_init0_epoch200000/checkpoint.pth ...
WARNING - 04/10/26 20:27:06 - 1:16:05 - Saving encoder parameters ...
WARNING - 04/10/26 20:27:06 - 1:16:05 - Saving decoder parameters ...
WARNING - 04/10/26 20:27:06 - 1:16:05 - Saving optimizer ...
INFO - 04/10/26 20:27:07 - 1:16:06 - ============ Starting epoch 24 ... ============
INFO - 04/10/26 20:27:11 - 1:16:09 -   37550 -  149.21 equations/s -  9549.47 words/s - MEM: 1.36 GB - LOSS:  1.1549 || ACC1: 45.4770 || ACC2: 65.6250 - LR: 1.0000e-05
INFO - 04/10/26 20:27:16 - 1:16:14 -   37600 - 1273.09 equations/s - 81477.92 words/s - MEM: 1.36 GB - LOSS:  1.1533 || ACC1: 45.8594 || ACC2: 65.9688 - LR: 1.0000e-05
INFO - 04/10/26 20:27:20 - 1:16:19 -   37650 - 1383.84 equations/s - 88565.83 words/s - MEM: 1.36 GB - LOSS:  1.1512 || ACC1: 46.0312 || ACC2: 66.5000 - LR: 1.0000e-05
INFO - 04/10/26 20:27:29 - 1:16:27 -   37700 -  752.17 equations/s - 48138.72 words/s - MEM: 1.36 GB - LOSS:  1.1347 || ACC1: 46.9062 || ACC2: 67.5625 - LR: 1.0000e-05
INFO - 04/10/26 20:27:33 - 1:16:32 -   37750 - 1393.02 equations/s - 89153.13 words/s - MEM: 1.36 GB - LOSS:  1.1474 || ACC1: 46.0312 || ACC2: 66.0000 - LR: 1.0000e-05
INFO - 04/10/26 20:27:38 - 1:16:37 -   37800 - 1286.43 equations/s - 82331.44 words/s - MEM: 1.36 GB - LOSS:  1.1474 || ACC1: 45.4219 || ACC2: 65.3125 - LR: 1.0000e-05
INFO - 04/10/26 20:27:43 - 1:16:42 -   37850 - 1340.43 equations/s - 85787.71 words/s - MEM: 1.36 GB - LOSS:  1.1485 || ACC1: 46.2500 || ACC2: 66.2500 - LR: 1.0000e-05
INFO - 04/10/26 20:27:48 - 1:16:47 -   37900 - 1306.61 equations/s - 83622.96 words/s - MEM: 1.36 GB - LOSS:  1.1443 || ACC1: 47.5312 || ACC2: 66.8438 - LR: 1.0000e-05
INFO - 04/10/26 20:27:53 - 1:16:51 -   37950 - 1335.21 equations/s - 85453.74 words/s - MEM: 1.36 GB - LOSS:  1.1371 || ACC1: 47.3125 || ACC2: 67.2969 - LR: 1.0000e-05
INFO - 04/10/26 20:28:01 - 1:17:00 -   38000 -  753.06 equations/s - 48195.93 words/s - MEM: 1.36 GB - LOSS:  1.1395 || ACC1: 47.1875 || ACC2: 66.9062 - LR: 1.0000e-05
INFO - 04/10/26 20:28:06 - 1:17:05 -   38050 - 1309.17 equations/s - 83786.57 words/s - MEM: 1.36 GB - LOSS:  1.1362 || ACC1: 46.4375 || ACC2: 65.7031 - LR: 1.0000e-05
INFO - 04/10/26 20:28:11 - 1:17:10 -   38100 - 1365.32 equations/s - 87380.33 words/s - MEM: 1.36 GB - LOSS:  1.1355 || ACC1: 46.8750 || ACC2: 67.1406 - LR: 1.0000e-05
INFO - 04/10/26 20:28:16 - 1:17:14 -   38150 - 1338.96 equations/s - 85693.15 words/s - MEM: 1.36 GB - LOSS:  1.1398 || ACC1: 48.0312 || ACC2: 67.5625 - LR: 1.0000e-05
INFO - 04/10/26 20:28:21 - 1:17:19 -   38200 - 1303.15 equations/s - 83401.30 words/s - MEM: 1.36 GB - LOSS:  1.1370 || ACC1: 46.7656 || ACC2: 66.7344 - LR: 1.0000e-05
INFO - 04/10/26 20:28:25 - 1:17:24 -   38250 - 1307.60 equations/s - 83686.48 words/s - MEM: 1.36 GB - LOSS:  1.1362 || ACC1: 47.2812 || ACC2: 67.7500 - LR: 1.0000e-05
INFO - 04/10/26 20:28:30 - 1:17:29 -   38300 - 1284.28 equations/s - 82194.19 words/s - MEM: 1.36 GB - LOSS:  1.1300 || ACC1: 46.1719 || ACC2: 66.5312 - LR: 1.0000e-05
INFO - 04/10/26 20:28:39 - 1:17:37 -   38350 -  787.82 equations/s - 50420.22 words/s - MEM: 1.36 GB - LOSS:  1.1214 || ACC1: 47.0469 || ACC2: 67.8438 - LR: 1.0000e-05
INFO - 04/10/26 20:28:43 - 1:17:42 -   38400 - 1296.54 equations/s - 82978.74 words/s - MEM: 1.36 GB - LOSS:  1.1299 || ACC1: 47.2031 || ACC2: 68.1875 - LR: 1.0000e-05
INFO - 04/10/26 20:28:48 - 1:17:47 -   38450 - 1333.42 equations/s - 85338.76 words/s - MEM: 1.36 GB - LOSS:  1.1247 || ACC1: 45.9844 || ACC2: 67.9531 - LR: 1.0000e-05
INFO - 04/10/26 20:28:53 - 1:17:52 -   38500 - 1353.92 equations/s - 86650.78 words/s - MEM: 1.36 GB - LOSS:  1.1179 || ACC1: 46.5625 || ACC2: 67.9688 - LR: 1.0000e-05
INFO - 04/10/26 20:28:58 - 1:17:56 -   38550 - 1353.70 equations/s - 86636.76 words/s - MEM: 1.36 GB - LOSS:  1.1333 || ACC1: 45.9219 || ACC2: 67.2969 - LR: 1.0000e-05
INFO - 04/10/26 20:29:03 - 1:18:01 -   38600 - 1304.08 equations/s - 83461.23 words/s - MEM: 1.36 GB - LOSS:  1.1229 || ACC1: 47.3438 || ACC2: 68.0781 - LR: 1.0000e-05
INFO - 04/10/26 20:29:07 - 1:18:06 -   38650 - 1326.49 equations/s - 84895.21 words/s - MEM: 1.36 GB - LOSS:  1.1297 || ACC1: 47.4062 || ACC2: 68.1719 - LR: 1.0000e-05
INFO - 04/10/26 20:29:16 - 1:18:15 -   38700 -  744.79 equations/s - 47666.25 words/s - MEM: 1.36 GB - LOSS:  1.1196 || ACC1: 47.5312 || ACC2: 68.4531 - LR: 1.0000e-05
INFO - 04/10/26 20:29:21 - 1:18:20 -   38750 - 1265.79 equations/s - 81010.72 words/s - MEM: 1.36 GB - LOSS:  1.1171 || ACC1: 48.7031 || ACC2: 68.2031 - LR: 1.0000e-05
INFO - 04/10/26 20:29:26 - 1:18:25 -   38800 - 1330.05 equations/s - 85123.00 words/s - MEM: 1.36 GB - LOSS:  1.1209 || ACC1: 47.9062 || ACC2: 68.2812 - LR: 1.0000e-05
INFO - 04/10/26 20:29:31 - 1:18:29 -   38850 - 1349.28 equations/s - 86353.97 words/s - MEM: 1.36 GB - LOSS:  1.1187 || ACC1: 46.3594 || ACC2: 67.7188 - LR: 1.0000e-05
INFO - 04/10/26 20:29:35 - 1:18:34 -   38900 - 1334.43 equations/s - 85403.25 words/s - MEM: 1.36 GB - LOSS:  1.1083 || ACC1: 48.1406 || ACC2: 69.3906 - LR: 1.0000e-05
INFO - 04/10/26 20:29:40 - 1:18:39 -   38950 - 1307.01 equations/s - 83648.88 words/s - MEM: 1.36 GB - LOSS:  1.1149 || ACC1: 48.4688 || ACC2: 68.2031 - LR: 1.0000e-05
INFO - 04/10/26 20:29:49 - 1:18:48 -   39000 -  757.67 equations/s - 48490.68 words/s - MEM: 1.36 GB - LOSS:  1.1099 || ACC1: 48.0781 || ACC2: 69.3438 - LR: 1.0000e-05
INFO - 04/10/26 20:29:53 - 1:18:52 -   39050 - 1410.10 equations/s - 90246.54 words/s - MEM: 1.36 GB - LOSS:  1.1073 || ACC1: 47.8750 || ACC2: 68.3750 - LR: 1.0000e-05
INFO - 04/10/26 20:29:55 - 1:18:54 -   39075 - 1542.43 equations/s - 98715.53 words/s - MEM: 1.36 GB - LOSS:  1.1012 || ACC1: 46.9375 || ACC2: 68.1250 - LR: 1.0000e-05
INFO - 04/10/26 20:29:55 - 1:18:54 - ============ End of epoch 24 ============
INFO - 04/10/26 20:29:55 - 1:18:54 - Starting Distinguisher Method
INFO - 04/10/26 20:30:09 - 1:19:07 - Distinguishing 0s using the emd. 
INFO - 04/10/26 20:30:09 - 1:19:07 - Distinguishing +/-1s using the emd. 
INFO - 04/10/26 20:30:09 - 1:19:07 - Real secret: -1: {np.int64(1), np.int64(2), np.int64(10), np.int64(12), np.int64(26)}, 1: {np.int64(7), np.int64(11), np.int64(17), np.int64(22), np.int64(28)}
INFO - 04/10/26 20:30:09 - 1:19:07 - Distinguishing +/-1s using the mean. 
INFO - 04/10/26 20:30:09 - 1:19:07 - Real secret: -1: {np.int64(1), np.int64(2), np.int64(10), np.int64(12), np.int64(26)}, 1: {np.int64(7), np.int64(11), np.int64(17), np.int64(22), np.int64(28)}
INFO - 04/10/26 20:30:09 - 1:19:07 - Distinguishing 0s using the mean. 
INFO - 04/10/26 20:30:09 - 1:19:07 - Distinguishing +/-1s using the emd. 
INFO - 04/10/26 20:30:09 - 1:19:07 - Real secret: -1: {np.int64(1), np.int64(2), np.int64(10), np.int64(12), np.int64(26)}, 1: {np.int64(7), np.int64(11), np.int64(17), np.int64(22), np.int64(28)}
INFO - 04/10/26 20:30:09 - 1:19:07 - Distinguishing +/-1s using the mean. 
INFO - 04/10/26 20:30:09 - 1:19:07 - Real secret: -1: {np.int64(1), np.int64(2), np.int64(10), np.int64(12), np.int64(26)}, 1: {np.int64(7), np.int64(11), np.int64(17), np.int64(22), np.int64(28)}
INFO - 04/10/26 20:30:09 - 1:19:07 - Starting Direct Method
INFO - 04/10/26 20:30:09 - 1:19:07 - Direct:  K=56
INFO - 04/10/26 20:30:09 - 1:19:08 - Direct:  K=48
INFO - 04/10/26 20:30:09 - 1:19:08 - Direct:  K=70
INFO - 04/10/26 20:30:09 - 1:19:08 - Direct:  K=94
INFO - 04/10/26 20:30:09 - 1:19:08 - Direct:  K=83
INFO - 04/10/26 20:30:09 - 1:19:08 - Direct:  K=92
INFO - 04/10/26 20:30:10 - 1:19:08 - Direct:  K=72
INFO - 04/10/26 20:30:10 - 1:19:09 - Direct:  K=87
INFO - 04/10/26 20:30:10 - 1:19:09 - Direct:  K=64
INFO - 04/10/26 20:30:10 - 1:19:09 - Direct:  K=41
INFO - 04/10/26 20:30:10 - 1:19:09 - Direct:  K=87
INFO - 04/10/26 20:30:10 - 1:19:09 - Direct:  K=85
INFO - 04/10/26 20:30:10 - 1:19:09 - Direct:  K=81
INFO - 04/10/26 20:30:10 - 1:19:09 - Direct:  K=62
INFO - 04/10/26 20:30:11 - 1:19:09 - Direct:  K=59
INFO - 04/10/26 20:30:11 - 1:19:10 - Direct: secret not predicted. (true secret = [ 0 -1 -1  0  0  0  0  1  0  0 -1  1 -1  0  0  0  0  1  0  0  0  0  1  0
                                       0  0 -1  0  1  0], predicted secret = [0 1 1 0 1 0 0 1 0 0 0 0 0 0 0 0 0 0 0 0 0 0 1 1 0 0 0 0 0 0], true support = [0 1 1 0 0 0 0 1 0 0 1 1 1 0 0 0 0 1 0 0 0 0 1 0 0 0 1 0 1 0], predicted support = [0 1 1 0 1 0 0 1 0 0 0 0 0 0 0 0 0 0 0 0 0 0 1 1 0 0 0 0 0 0])
INFO - 04/10/26 20:30:20 - 1:19:19 - CA: secret not predicted. (true secret = [ 0 -1 -1  0  0  0  0  1  0  0 -1  1 -1  0  0  0  0  1  0  0  0  0  1  0
                                       0  0 -1  0  1  0], predicted secret = [0 1 1 0 0 0 0 0 0 0 0 1 1 0 0 0 0 1 0 0 0 0 0 1 0 0 0 0 0 0], true support = [0 1 1 0 0 0 0 1 0 0 1 1 1 0 0 0 0 1 0 0 0 0 1 0 0 0 1 0 1 0], predicted support = [0 1 1 0 0 0 0 0 0 0 0 1 1 0 0 0 0 1 0 0 0 0 0 1 0 0 0 0 0 0])
INFO - 04/10/26 20:30:20 - 1:19:19 - CA: secret not predicted. (true secret = [ 0 -1 -1  0  0  0  0  1  0  0 -1  1 -1  0  0  0  0  1  0  0  0  0  1  0
                                       0  0 -1  0  1  0], predicted secret = [0 1 0 0 0 1 0 0 0 0 1 0 0 0 0 0 0 0 0 0 0 0 0 0 0 1 0 1 1 0], true support = [0 1 1 0 0 0 0 1 0 0 1 1 1 0 0 0 0 1 0 0 0 0 1 0 0 0 1 0 1 0], predicted support = [0 1 0 0 0 1 0 0 0 0 1 0 0 0 0 0 0 0 0 0 0 0 0 0 0 1 0 1 1 0])
INFO - 04/10/26 20:30:20 - 1:19:19 - Hybrid: direct, ca
INFO - 04/10/26 20:30:20 - 1:19:19 - direct, ca - Sum Normalized: secret not predicted. (true secret = [ 0 -1 -1  0  0  0  0  1  0  0 -1  1 -1  0  0  0  0  1  0  0  0  0  1  0
                                       0  0 -1  0  1  0], predicted secret = [0 1 1 0 0 0 0 0 0 0 0 1 0 0 0 0 0 1 0 0 0 0 1 1 0 0 0 0 0 0], true support = [0 1 1 0 0 0 0 1 0 0 1 1 1 0 0 0 0 1 0 0 0 0 1 0 0 0 1 0 1 0], predicted support = [0 1 1 0 0 0 0 0 0 0 0 1 0 0 0 0 0 1 0 0 0 0 1 1 0 0 0 0 0 0])
INFO - 04/10/26 20:30:20 - 1:19:19 - direct, ca - Max Normalized: secret not predicted. (true secret = [ 0 -1 -1  0  0  0  0  1  0  0 -1  1 -1  0  0  0  0  1  0  0  0  0  1  0
                                       0  0 -1  0  1  0], predicted secret = [0 1 1 0 0 1 0 0 0 0 0 1 0 0 0 0 0 1 0 0 0 0 0 0 0 1 0 0 0 0], true support = [0 1 1 0 0 0 0 1 0 0 1 1 1 0 0 0 0 1 0 0 0 0 1 0 0 0 1 0 1 0], predicted support = [0 1 1 0 0 1 0 0 0 0 0 1 0 0 0 0 0 1 0 0 0 0 0 0 0 1 0 0 0 0])
INFO - 04/10/26 20:30:20 - 1:19:19 - direct, ca - Sum Rank: secret not predicted. (true secret = [ 0 -1 -1  0  0  0  0  1  0  0 -1  1 -1  0  0  0  0  1  0  0  0  0  1  0
                                       0  0 -1  0  1  0], predicted secret = [0 1 1 0 0 0 0 0 0 0 0 1 0 0 0 0 0 1 0 0 0 0 1 1 0 0 0 0 0 0], true support = [0 1 1 0 0 0 0 1 0 0 1 1 1 0 0 0 0 1 0 0 0 0 1 0 0 0 1 0 1 0], predicted support = [0 1 1 0 0 0 0 0 0 0 0 1 0 0 0 0 0 1 0 0 0 0 1 1 0 0 0 0 0 0])
INFO - 04/10/26 20:30:20 - 1:19:19 - direct, ca - Max Rank: secret not predicted. (true secret = [ 0 -1 -1  0  0  0  0  1  0  0 -1  1 -1  0  0  0  0  1  0  0  0  0  1  0
                                       0  0 -1  0  1  0], predicted secret = [0 1 1 0 0 1 0 0 0 0 0 0 0 0 0 0 0 1 0 0 0 0 1 1 0 0 0 0 0 0], true support = [0 1 1 0 0 0 0 1 0 0 1 1 1 0 0 0 0 1 0 0 0 0 1 0 0 0 1 0 1 0], predicted support = [0 1 1 0 0 1 0 0 0 0 0 0 0 0 0 0 0 1 0 0 0 0 1 1 0 0 0 0 0 0])
INFO - 04/10/26 20:30:20 - 1:19:19 - Hybrid: direct, distinguisher
INFO - 04/10/26 20:30:20 - 1:19:19 - direct, distinguisher - Sum Normalized: secret not predicted. (true secret = [ 0 -1 -1  0  0  0  0  1  0  0 -1  1 -1  0  0  0  0  1  0  0  0  0  1  0
                                       0  0 -1  0  1  0], predicted secret = [0 1 1 0 0 0 0 1 0 0 0 1 0 0 0 0 0 1 0 0 0 0 1 0 0 0 0 0 0 0], true support = [0 1 1 0 0 0 0 1 0 0 1 1 1 0 0 0 0 1 0 0 0 0 1 0 0 0 1 0 1 0], predicted support = [0 1 1 0 0 0 0 1 0 0 0 1 0 0 0 0 0 1 0 0 0 0 1 0 0 0 0 0 0 0])
INFO - 04/10/26 20:30:20 - 1:19:19 - direct, distinguisher - Max Normalized: secret not predicted. (true secret = [ 0 -1 -1  0  0  0  0  1  0  0 -1  1 -1  0  0  0  0  1  0  0  0  0  1  0
                                       0  0 -1  0  1  0], predicted secret = [0 1 1 0 0 0 0 1 0 0 0 1 0 0 0 0 0 1 0 0 0 0 1 0 0 0 0 0 0 0], true support = [0 1 1 0 0 0 0 1 0 0 1 1 1 0 0 0 0 1 0 0 0 0 1 0 0 0 1 0 1 0], predicted support = [0 1 1 0 0 0 0 1 0 0 0 1 0 0 0 0 0 1 0 0 0 0 1 0 0 0 0 0 0 0])
INFO - 04/10/26 20:30:20 - 1:19:19 - direct, distinguisher - Sum Rank: secret not predicted. (true secret = [ 0 -1 -1  0  0  0  0  1  0  0 -1  1 -1  0  0  0  0  1  0  0  0  0  1  0
                                       0  0 -1  0  1  0], predicted secret = [0 1 1 0 0 0 0 1 0 0 0 1 0 0 0 0 0 1 0 0 0 0 1 0 0 0 0 0 0 0], true support = [0 1 1 0 0 0 0 1 0 0 1 1 1 0 0 0 0 1 0 0 0 0 1 0 0 0 1 0 1 0], predicted support = [0 1 1 0 0 0 0 1 0 0 0 1 0 0 0 0 0 1 0 0 0 0 1 0 0 0 0 0 0 0])
INFO - 04/10/26 20:30:20 - 1:19:19 - direct, distinguisher - Max Rank: secret not predicted. (true secret = [ 0 -1 -1  0  0  0  0  1  0  0 -1  1 -1  0  0  0  0  1  0  0  0  0  1  0
                                       0  0 -1  0  1  0], predicted secret = [0 0 1 0 0 0 0 1 0 0 0 1 0 0 0 0 0 1 0 0 0 0 1 1 0 0 0 0 0 0], true support = [0 1 1 0 0 0 0 1 0 0 1 1 1 0 0 0 0 1 0 0 0 0 1 0 0 0 1 0 1 0], predicted support = [0 0 1 0 0 0 0 1 0 0 0 1 0 0 0 0 0 1 0 0 0 0 1 1 0 0 0 0 0 0])
INFO - 04/10/26 20:30:20 - 1:19:19 - Hybrid: ca, distinguisher
INFO - 04/10/26 20:30:20 - 1:19:19 - ca, distinguisher - Sum Normalized: secret not predicted. (true secret = [ 0 -1 -1  0  0  0  0  1  0  0 -1  1 -1  0  0  0  0  1  0  0  0  0  1  0
                                       0  0 -1  0  1  0], predicted secret = [0 1 1 0 0 0 0 0 0 0 1 1 0 0 0 0 0 1 0 0 0 0 0 0 0 0 0 0 1 0], true support = [0 1 1 0 0 0 0 1 0 0 1 1 1 0 0 0 0 1 0 0 0 0 1 0 0 0 1 0 1 0], predicted support = [0 1 1 0 0 0 0 0 0 0 1 1 0 0 0 0 0 1 0 0 0 0 0 0 0 0 0 0 1 0])
INFO - 04/10/26 20:30:20 - 1:19:19 - ca, distinguisher - Max Normalized: secret not predicted. (true secret = [ 0 -1 -1  0  0  0  0  1  0  0 -1  1 -1  0  0  0  0  1  0  0  0  0  1  0
                                       0  0 -1  0  1  0], predicted secret = [0 1 1 0 0 0 0 1 0 0 0 1 0 0 0 0 0 1 0 0 0 0 1 0 0 0 0 0 0 0], true support = [0 1 1 0 0 0 0 1 0 0 1 1 1 0 0 0 0 1 0 0 0 0 1 0 0 0 1 0 1 0], predicted support = [0 1 1 0 0 0 0 1 0 0 0 1 0 0 0 0 0 1 0 0 0 0 1 0 0 0 0 0 0 0])
INFO - 04/10/26 20:30:20 - 1:19:19 - ca, distinguisher - Sum Rank: secret not predicted. (true secret = [ 0 -1 -1  0  0  0  0  1  0  0 -1  1 -1  0  0  0  0  1  0  0  0  0  1  0
                                       0  0 -1  0  1  0], predicted secret = [0 1 1 0 0 0 0 0 0 0 1 1 0 0 0 0 0 1 0 0 0 0 1 0 0 0 0 0 0 0], true support = [0 1 1 0 0 0 0 1 0 0 1 1 1 0 0 0 0 1 0 0 0 0 1 0 0 0 1 0 1 0], predicted support = [0 1 1 0 0 0 0 0 0 0 1 1 0 0 0 0 0 1 0 0 0 0 1 0 0 0 0 0 0 0])
INFO - 04/10/26 20:30:20 - 1:19:19 - ca, distinguisher - Max Rank: secret not predicted. (true secret = [ 0 -1 -1  0  0  0  0  1  0  0 -1  1 -1  0  0  0  0  1  0  0  0  0  1  0
                                       0  0 -1  0  1  0], predicted secret = [0 1 1 0 0 1 0 0 0 0 0 1 0 0 0 0 0 1 0 0 0 0 1 0 0 0 0 0 0 0], true support = [0 1 1 0 0 0 0 1 0 0 1 1 1 0 0 0 0 1 0 0 0 0 1 0 0 0 1 0 1 0], predicted support = [0 1 1 0 0 1 0 0 0 0 0 1 0 0 0 0 0 1 0 0 0 0 1 0 0 0 0 0 0 0])
INFO - 04/10/26 20:30:20 - 1:19:19 - Hybrid: direct, ca, distinguisher
INFO - 04/10/26 20:30:20 - 1:19:19 - direct, ca, distinguisher - Sum Normalized: secret not predicted. (true secret = [ 0 -1 -1  0  0  0  0  1  0  0 -1  1 -1  0  0  0  0  1  0  0  0  0  1  0
                                       0  0 -1  0  1  0], predicted secret = [0 1 1 0 0 0 0 1 0 0 0 1 0 0 0 0 0 1 0 0 0 0 1 0 0 0 0 0 0 0], true support = [0 1 1 0 0 0 0 1 0 0 1 1 1 0 0 0 0 1 0 0 0 0 1 0 0 0 1 0 1 0], predicted support = [0 1 1 0 0 0 0 1 0 0 0 1 0 0 0 0 0 1 0 0 0 0 1 0 0 0 0 0 0 0])
INFO - 04/10/26 20:30:20 - 1:19:19 - direct, ca, distinguisher - Max Normalized: secret not predicted. (true secret = [ 0 -1 -1  0  0  0  0  1  0  0 -1  1 -1  0  0  0  0  1  0  0  0  0  1  0
                                       0  0 -1  0  1  0], predicted secret = [0 1 1 0 0 0 0 1 0 0 0 1 0 0 0 0 0 1 0 0 0 0 1 0 0 0 0 0 0 0], true support = [0 1 1 0 0 0 0 1 0 0 1 1 1 0 0 0 0 1 0 0 0 0 1 0 0 0 1 0 1 0], predicted support = [0 1 1 0 0 0 0 1 0 0 0 1 0 0 0 0 0 1 0 0 0 0 1 0 0 0 0 0 0 0])
INFO - 04/10/26 20:30:20 - 1:19:19 - direct, ca, distinguisher - Sum Rank: secret not predicted. (true secret = [ 0 -1 -1  0  0  0  0  1  0  0 -1  1 -1  0  0  0  0  1  0  0  0  0  1  0
                                       0  0 -1  0  1  0], predicted secret = [0 1 1 0 0 0 0 1 0 0 0 1 0 0 0 0 0 1 0 0 0 0 1 0 0 0 0 0 0 0], true support = [0 1 1 0 0 0 0 1 0 0 1 1 1 0 0 0 0 1 0 0 0 0 1 0 0 0 1 0 1 0], predicted support = [0 1 1 0 0 0 0 1 0 0 0 1 0 0 0 0 0 1 0 0 0 0 1 0 0 0 0 0 0 0])
INFO - 04/10/26 20:30:20 - 1:19:19 - direct, ca, distinguisher - Max Rank: secret not predicted. (true secret = [ 0 -1 -1  0  0  0  0  1  0  0 -1  1 -1  0  0  0  0  1  0  0  0  0  1  0
                                       0  0 -1  0  1  0], predicted secret = [0 1 1 0 0 1 0 0 0 0 0 0 0 0 0 0 0 1 0 0 0 0 1 1 0 0 0 0 0 0], true support = [0 1 1 0 0 0 0 1 0 0 1 1 1 0 0 0 0 1 0 0 0 0 1 0 0 0 1 0 1 0], predicted support = [0 1 1 0 0 1 0 0 0 0 0 0 0 0 0 0 0 1 0 0 0 0 1 1 0 0 0 0 0 0])
INFO - 04/10/26 20:30:20 - 1:19:19 - Epoch 24 metrics | train_loss: 1.130616 | train_acc1: 46.981966 | train_acc2: 67.417426 | valid_xe_loss: 1.752883 | valid_acc1: 24.248418 | valid_acc2: 29.598497
INFO - 04/10/26 20:30:20 - 1:19:19 - __log__:{"train_loss": 1.1306164039683815, "train_acc1": 46.981965770953295, "train_acc2": 67.41742642354447, "epoch": 24, "valid_xe_loss": 1.752883194368097, "valid_acc1": 24.248417721518987, "valid_acc2": 29.598496835443036}
INFO - 04/10/26 20:30:20 - 1:19:19 - Saving checkpoint to /home/yu_mcc/PQC_salsa/runs/n30_q127_h3_1m/train_gpu_ternary_h10_secret0_init0_epoch200000/checkpoint.pth ...
WARNING - 04/10/26 20:30:20 - 1:19:19 - Saving encoder parameters ...
WARNING - 04/10/26 20:30:20 - 1:19:19 - Saving decoder parameters ...
WARNING - 04/10/26 20:30:20 - 1:19:19 - Saving optimizer ...
INFO - 04/10/26 20:30:20 - 1:19:19 - ============ Starting epoch 25 ... ============
INFO - 04/10/26 20:30:26 - 1:19:25 -   39100 -  103.38 equations/s -  6616.62 words/s - MEM: 1.36 GB - LOSS:  1.1121 || ACC1: 47.8750 || ACC2: 68.7500 - LR: 1.0000e-05
INFO - 04/10/26 20:30:31 - 1:19:30 -   39150 - 1359.32 equations/s - 86996.65 words/s - MEM: 1.36 GB - LOSS:  1.1121 || ACC1: 47.3281 || ACC2: 68.3125 - LR: 1.0000e-05
INFO - 04/10/26 20:30:36 - 1:19:35 -   39200 - 1288.55 equations/s - 82466.95 words/s - MEM: 1.36 GB - LOSS:  1.1110 || ACC1: 47.3125 || ACC2: 68.5156 - LR: 1.0000e-05
INFO - 04/10/26 20:30:41 - 1:19:39 -   39250 - 1372.99 equations/s - 87871.19 words/s - MEM: 1.36 GB - LOSS:  1.1055 || ACC1: 48.0156 || ACC2: 68.6250 - LR: 1.0000e-05
INFO - 04/10/26 20:30:46 - 1:19:44 -   39300 - 1282.86 equations/s - 82102.88 words/s - MEM: 1.36 GB - LOSS:  1.0951 || ACC1: 48.5781 || ACC2: 69.2500 - LR: 1.0000e-05
INFO - 04/10/26 20:30:51 - 1:19:49 -   39350 - 1304.03 equations/s - 83458.00 words/s - MEM: 1.36 GB - LOSS:  1.1016 || ACC1: 47.4062 || ACC2: 69.0781 - LR: 1.0000e-05
INFO - 04/10/26 20:30:55 - 1:19:54 -   39400 - 1330.37 equations/s - 85143.73 words/s - MEM: 1.36 GB - LOSS:  1.0974 || ACC1: 47.3906 || ACC2: 68.8281 - LR: 1.0000e-05
INFO - 04/10/26 20:31:04 - 1:20:03 -   39450 -  739.88 equations/s - 47352.50 words/s - MEM: 1.36 GB - LOSS:  1.1026 || ACC1: 46.3438 || ACC2: 68.3906 - LR: 1.0000e-05
INFO - 04/10/26 20:31:09 - 1:20:08 -   39500 - 1356.99 equations/s - 86847.16 words/s - MEM: 1.36 GB - LOSS:  1.0968 || ACC1: 48.4375 || ACC2: 69.1406 - LR: 1.0000e-05
INFO - 04/10/26 20:31:14 - 1:20:12 -   39550 - 1311.64 equations/s - 83944.71 words/s - MEM: 1.36 GB - LOSS:  1.0979 || ACC1: 48.4531 || ACC2: 68.9062 - LR: 1.0000e-05
INFO - 04/10/26 20:31:19 - 1:20:17 -   39600 - 1253.47 equations/s - 80221.85 words/s - MEM: 1.36 GB - LOSS:  1.0918 || ACC1: 48.8125 || ACC2: 68.8906 - LR: 1.0000e-05
INFO - 04/10/26 20:31:24 - 1:20:22 -   39650 - 1301.58 equations/s - 83301.29 words/s - MEM: 1.36 GB - LOSS:  1.0924 || ACC1: 48.9688 || ACC2: 69.9375 - LR: 1.0000e-05
INFO - 04/10/26 20:31:28 - 1:20:27 -   39700 - 1380.50 equations/s - 88351.78 words/s - MEM: 1.36 GB - LOSS:  1.0836 || ACC1: 48.9531 || ACC2: 69.8125 - LR: 1.0000e-05
INFO - 04/10/26 20:31:37 - 1:20:35 -   39750 -  769.12 equations/s - 49223.73 words/s - MEM: 1.36 GB - LOSS:  1.0841 || ACC1: 48.1719 || ACC2: 69.9844 - LR: 1.0000e-05
INFO - 04/10/26 20:31:41 - 1:20:40 -   39800 - 1333.47 equations/s - 85341.89 words/s - MEM: 1.36 GB - LOSS:  1.0818 || ACC1: 48.1875 || ACC2: 70.3125 - LR: 1.0000e-05
INFO - 04/10/26 20:31:46 - 1:20:45 -   39850 - 1351.43 equations/s - 86491.58 words/s - MEM: 1.36 GB - LOSS:  1.0827 || ACC1: 48.8750 || ACC2: 69.9844 - LR: 1.0000e-05
INFO - 04/10/26 20:31:51 - 1:20:50 -   39900 - 1326.59 equations/s - 84902.02 words/s - MEM: 1.36 GB - LOSS:  1.0824 || ACC1: 49.2500 || ACC2: 71.2344 - LR: 1.0000e-05
INFO - 04/10/26 20:31:56 - 1:20:55 -   39950 - 1302.04 equations/s - 83330.53 words/s - MEM: 1.36 GB - LOSS:  1.0834 || ACC1: 47.8906 || ACC2: 70.0781 - LR: 1.0000e-05
INFO - 04/10/26 20:32:01 - 1:20:59 -   40000 - 1319.03 equations/s - 84417.77 words/s - MEM: 1.36 GB - LOSS:  1.0815 || ACC1: 48.5000 || ACC2: 69.3281 - LR: 1.0000e-05
INFO - 04/10/26 20:32:05 - 1:21:04 -   40050 - 1347.41 equations/s - 86234.14 words/s - MEM: 1.36 GB - LOSS:  1.0739 || ACC1: 48.2188 || ACC2: 70.6250 - LR: 1.0000e-05
INFO - 04/10/26 20:32:14 - 1:21:13 -   40100 -  762.08 equations/s - 48773.25 words/s - MEM: 1.36 GB - LOSS:  1.0763 || ACC1: 49.1719 || ACC2: 70.8281 - LR: 1.0000e-05
INFO - 04/10/26 20:32:19 - 1:21:17 -   40150 - 1316.53 equations/s - 84258.24 words/s - MEM: 1.36 GB - LOSS:  1.0740 || ACC1: 49.6406 || ACC2: 70.3125 - LR: 1.0000e-05
INFO - 04/10/26 20:32:24 - 1:21:22 -   40200 - 1292.39 equations/s - 82713.26 words/s - MEM: 1.36 GB - LOSS:  1.0757 || ACC1: 49.1875 || ACC2: 70.7188 - LR: 1.0000e-05
INFO - 04/10/26 20:32:29 - 1:21:27 -   40250 - 1313.93 equations/s - 84091.40 words/s - MEM: 1.36 GB - LOSS:  1.0742 || ACC1: 49.0469 || ACC2: 71.0312 - LR: 1.0000e-05
INFO - 04/10/26 20:32:34 - 1:21:32 -   40300 - 1297.80 equations/s - 83059.39 words/s - MEM: 1.36 GB - LOSS:  1.0781 || ACC1: 49.3594 || ACC2: 69.9688 - LR: 1.0000e-05
INFO - 04/10/26 20:32:39 - 1:21:37 -   40350 - 1263.85 equations/s - 80886.52 words/s - MEM: 1.36 GB - LOSS:  1.0733 || ACC1: 49.0312 || ACC2: 70.0469 - LR: 1.0000e-05
INFO - 04/10/26 20:32:44 - 1:21:42 -   40400 - 1290.19 equations/s - 82572.15 words/s - MEM: 1.36 GB - LOSS:  1.0628 || ACC1: 50.8906 || ACC2: 71.5312 - LR: 1.0000e-05
INFO - 04/10/26 20:32:52 - 1:21:51 -   40450 -  753.72 equations/s - 48238.34 words/s - MEM: 1.36 GB - LOSS:  1.0592 || ACC1: 50.0938 || ACC2: 71.5312 - LR: 1.0000e-05
INFO - 04/10/26 20:32:57 - 1:21:56 -   40500 - 1340.06 equations/s - 85763.68 words/s - MEM: 1.36 GB - LOSS:  1.0567 || ACC1: 49.5781 || ACC2: 71.6250 - LR: 1.0000e-05
INFO - 04/10/26 20:33:02 - 1:22:00 -   40550 - 1338.30 equations/s - 85651.08 words/s - MEM: 1.36 GB - LOSS:  1.0618 || ACC1: 49.9375 || ACC2: 70.7656 - LR: 1.0000e-05
INFO - 04/10/26 20:33:06 - 1:22:05 -   40600 - 1349.77 equations/s - 86385.49 words/s - MEM: 1.36 GB - LOSS:  1.0617 || ACC1: 49.1094 || ACC2: 70.7500 - LR: 1.0000e-05
INFO - 04/10/26 20:33:09 - 1:22:08 -   40638 - 1539.75 equations/s - 98544.07 words/s - MEM: 1.36 GB - LOSS:  1.0592 || ACC1: 50.3906 || ACC2: 71.6077 - LR: 1.0000e-05
INFO - 04/10/26 20:33:09 - 1:22:08 - ============ End of epoch 25 ============
INFO - 04/10/26 20:33:09 - 1:22:08 - Starting Distinguisher Method
INFO - 04/10/26 20:33:26 - 1:22:24 - Distinguishing 0s using the emd. 
INFO - 04/10/26 20:33:26 - 1:22:24 - Distinguishing +/-1s using the emd. 
INFO - 04/10/26 20:33:26 - 1:22:24 - Real secret: -1: {np.int64(1), np.int64(2), np.int64(10), np.int64(12), np.int64(26)}, 1: {np.int64(7), np.int64(11), np.int64(17), np.int64(22), np.int64(28)}
INFO - 04/10/26 20:33:26 - 1:22:24 - Nonzero bits not identified. Guess: [22 16 12 25  1 28  9  7 17 11]
INFO - 04/10/26 20:33:26 - 1:22:24 - Distinguishing +/-1s using the mean. 
INFO - 04/10/26 20:33:26 - 1:22:24 - Real secret: -1: {np.int64(1), np.int64(2), np.int64(10), np.int64(12), np.int64(26)}, 1: {np.int64(7), np.int64(11), np.int64(17), np.int64(22), np.int64(28)}
INFO - 04/10/26 20:33:26 - 1:22:24 - Nonzero bits not identified. Guess: [22 16 12 25  1 28  9  7 17 11]
INFO - 04/10/26 20:33:26 - 1:22:24 - Distinguishing 0s using the mean. 
INFO - 04/10/26 20:33:26 - 1:22:24 - Distinguishing +/-1s using the emd. 
INFO - 04/10/26 20:33:26 - 1:22:24 - Real secret: -1: {np.int64(1), np.int64(2), np.int64(10), np.int64(12), np.int64(26)}, 1: {np.int64(7), np.int64(11), np.int64(17), np.int64(22), np.int64(28)}
INFO - 04/10/26 20:33:26 - 1:22:24 - Distinguishing +/-1s using the mean. 
INFO - 04/10/26 20:33:26 - 1:22:24 - Real secret: -1: {np.int64(1), np.int64(2), np.int64(10), np.int64(12), np.int64(26)}, 1: {np.int64(7), np.int64(11), np.int64(17), np.int64(22), np.int64(28)}
INFO - 04/10/26 20:33:26 - 1:22:24 - Starting Direct Method
INFO - 04/10/26 20:33:26 - 1:22:24 - Direct:  K=86
INFO - 04/10/26 20:33:26 - 1:22:24 - Direct:  K=83
INFO - 04/10/26 20:33:26 - 1:22:25 - Direct:  K=43
INFO - 04/10/26 20:33:26 - 1:22:25 - Direct:  K=72
INFO - 04/10/26 20:33:26 - 1:22:25 - Direct:  K=83
INFO - 04/10/26 20:33:26 - 1:22:25 - Direct:  K=49
INFO - 04/10/26 20:33:26 - 1:22:25 - Direct:  K=61
INFO - 04/10/26 20:33:26 - 1:22:25 - Direct:  K=57
INFO - 04/10/26 20:33:27 - 1:22:25 - Direct:  K=58
INFO - 04/10/26 20:33:27 - 1:22:25 - Direct:  K=65
INFO - 04/10/26 20:33:27 - 1:22:26 - Direct:  K=61
INFO - 04/10/26 20:33:27 - 1:22:26 - Direct:  K=78
INFO - 04/10/26 20:33:27 - 1:22:26 - Direct:  K=90
INFO - 04/10/26 20:33:27 - 1:22:26 - Direct:  K=63
INFO - 04/10/26 20:33:27 - 1:22:26 - Direct:  K=91
INFO - 04/10/26 20:33:27 - 1:22:26 - Direct: secret not predicted. (true secret = [ 0 -1 -1  0  0  0  0  1  0  0 -1  1 -1  0  0  0  0  1  0  0  0  0  1  0
                                       0  0 -1  0  1  0], predicted secret = [0 1 0 0 0 0 0 1 0 0 0 1 0 0 0 0 0 0 0 0 0 0 1 0 1 1 0 0 0 0], true support = [0 1 1 0 0 0 0 1 0 0 1 1 1 0 0 0 0 1 0 0 0 0 1 0 0 0 1 0 1 0], predicted support = [0 1 0 0 0 0 0 1 0 0 0 1 0 0 0 0 0 0 0 0 0 0 1 0 1 1 0 0 0 0])
INFO - 04/10/26 20:33:37 - 1:22:35 - CA: secret not predicted. (true secret = [ 0 -1 -1  0  0  0  0  1  0  0 -1  1 -1  0  0  0  0  1  0  0  0  0  1  0
                                       0  0 -1  0  1  0], predicted secret = [0 1 1 0 0 0 0 0 0 0 0 1 1 0 0 0 0 1 0 0 0 0 0 1 0 0 0 0 0 0], true support = [0 1 1 0 0 0 0 1 0 0 1 1 1 0 0 0 0 1 0 0 0 0 1 0 0 0 1 0 1 0], predicted support = [0 1 1 0 0 0 0 0 0 0 0 1 1 0 0 0 0 1 0 0 0 0 0 1 0 0 0 0 0 0])
INFO - 04/10/26 20:33:37 - 1:22:35 - CA: secret not predicted. (true secret = [ 0 -1 -1  0  0  0  0  1  0  0 -1  1 -1  0  0  0  0  1  0  0  0  0  1  0
                                       0  0 -1  0  1  0], predicted secret = [0 1 0 0 0 1 0 1 0 0 1 0 0 0 0 0 0 1 0 0 0 0 0 0 0 1 0 0 0 0], true support = [0 1 1 0 0 0 0 1 0 0 1 1 1 0 0 0 0 1 0 0 0 0 1 0 0 0 1 0 1 0], predicted support = [0 1 0 0 0 1 0 1 0 0 1 0 0 0 0 0 0 1 0 0 0 0 0 0 0 1 0 0 0 0])
INFO - 04/10/26 20:33:37 - 1:22:35 - Hybrid: direct, ca
INFO - 04/10/26 20:33:37 - 1:22:35 - direct, ca - Sum Normalized: secret not predicted. (true secret = [ 0 -1 -1  0  0  0  0  1  0  0 -1  1 -1  0  0  0  0  1  0  0  0  0  1  0
                                       0  0 -1  0  1  0], predicted secret = [0 1 0 0 0 0 0 1 0 0 0 1 0 0 0 0 0 1 0 0 0 0 1 0 0 1 0 0 0 0], true support = [0 1 1 0 0 0 0 1 0 0 1 1 1 0 0 0 0 1 0 0 0 0 1 0 0 0 1 0 1 0], predicted support = [0 1 0 0 0 0 0 1 0 0 0 1 0 0 0 0 0 1 0 0 0 0 1 0 0 1 0 0 0 0])
INFO - 04/10/26 20:33:37 - 1:22:35 - direct, ca - Max Normalized: secret not predicted. (true secret = [ 0 -1 -1  0  0  0  0  1  0  0 -1  1 -1  0  0  0  0  1  0  0  0  0  1  0
                                       0  0 -1  0  1  0], predicted secret = [0 1 1 0 0 1 0 1 0 0 0 1 0 0 0 0 0 1 0 0 0 0 0 0 0 0 0 0 0 0], true support = [0 1 1 0 0 0 0 1 0 0 1 1 1 0 0 0 0 1 0 0 0 0 1 0 0 0 1 0 1 0], predicted support = [0 1 1 0 0 1 0 1 0 0 0 1 0 0 0 0 0 1 0 0 0 0 0 0 0 0 0 0 0 0])
INFO - 04/10/26 20:33:37 - 1:22:35 - direct, ca - Sum Rank: secret not predicted. (true secret = [ 0 -1 -1  0  0  0  0  1  0  0 -1  1 -1  0  0  0  0  1  0  0  0  0  1  0
                                       0  0 -1  0  1  0], predicted secret = [0 1 1 0 0 0 0 1 0 0 0 1 0 0 0 0 0 0 0 0 0 0 1 0 0 1 0 0 0 0], true support = [0 1 1 0 0 0 0 1 0 0 1 1 1 0 0 0 0 1 0 0 0 0 1 0 0 0 1 0 1 0], predicted support = [0 1 1 0 0 0 0 1 0 0 0 1 0 0 0 0 0 0 0 0 0 0 1 0 0 1 0 0 0 0])
INFO - 04/10/26 20:33:37 - 1:22:35 - direct, ca - Max Rank: secret not predicted. (true secret = [ 0 -1 -1  0  0  0  0  1  0  0 -1  1 -1  0  0  0  0  1  0  0  0  0  1  0
                                       0  0 -1  0  1  0], predicted secret = [0 1 0 0 0 1 0 1 0 0 0 0 0 0 0 0 0 1 0 0 0 0 1 0 0 1 0 0 0 0], true support = [0 1 1 0 0 0 0 1 0 0 1 1 1 0 0 0 0 1 0 0 0 0 1 0 0 0 1 0 1 0], predicted support = [0 1 0 0 0 1 0 1 0 0 0 0 0 0 0 0 0 1 0 0 0 0 1 0 0 1 0 0 0 0])
INFO - 04/10/26 20:33:37 - 1:22:35 - Hybrid: direct, distinguisher
INFO - 04/10/26 20:33:37 - 1:22:35 - direct, distinguisher - Sum Normalized: secret not predicted. (true secret = [ 0 -1 -1  0  0  0  0  1  0  0 -1  1 -1  0  0  0  0  1  0  0  0  0  1  0
                                       0  0 -1  0  1  0], predicted secret = [0 1 1 0 0 0 0 1 0 0 1 1 0 0 0 0 0 0 0 0 0 0 1 0 0 0 0 0 0 0], true support = [0 1 1 0 0 0 0 1 0 0 1 1 1 0 0 0 0 1 0 0 0 0 1 0 0 0 1 0 1 0], predicted support = [0 1 1 0 0 0 0 1 0 0 1 1 0 0 0 0 0 0 0 0 0 0 1 0 0 0 0 0 0 0])
INFO - 04/10/26 20:33:37 - 1:22:35 - direct, distinguisher - Max Normalized: secret not predicted. (true secret = [ 0 -1 -1  0  0  0  0  1  0  0 -1  1 -1  0  0  0  0  1  0  0  0  0  1  0
                                       0  0 -1  0  1  0], predicted secret = [0 0 1 0 0 0 0 1 0 0 1 0 0 0 0 0 0 1 0 0 0 0 0 0 0 0 1 0 1 0], true support = [0 1 1 0 0 0 0 1 0 0 1 1 1 0 0 0 0 1 0 0 0 0 1 0 0 0 1 0 1 0], predicted support = [0 0 1 0 0 0 0 1 0 0 1 0 0 0 0 0 0 1 0 0 0 0 0 0 0 0 1 0 1 0])
INFO - 04/10/26 20:33:37 - 1:22:35 - direct, distinguisher - Sum Rank: secret not predicted. (true secret = [ 0 -1 -1  0  0  0  0  1  0  0 -1  1 -1  0  0  0  0  1  0  0  0  0  1  0
                                       0  0 -1  0  1  0], predicted secret = [0 1 1 0 0 0 0 1 0 0 1 1 0 0 0 0 0 0 0 0 0 0 1 0 0 0 0 0 0 0], true support = [0 1 1 0 0 0 0 1 0 0 1 1 1 0 0 0 0 1 0 0 0 0 1 0 0 0 1 0 1 0], predicted support = [0 1 1 0 0 0 0 1 0 0 1 1 0 0 0 0 0 0 0 0 0 0 1 0 0 0 0 0 0 0])
INFO - 04/10/26 20:33:37 - 1:22:35 - direct, distinguisher - Max Rank: secret not predicted. (true secret = [ 0 -1 -1  0  0  0  0  1  0  0 -1  1 -1  0  0  0  0  1  0  0  0  0  1  0
                                       0  0 -1  0  1  0], predicted secret = [0 0 1 0 0 0 0 1 0 0 1 0 0 0 0 0 0 0 0 0 0 0 1 0 1 1 0 0 0 0], true support = [0 1 1 0 0 0 0 1 0 0 1 1 1 0 0 0 0 1 0 0 0 0 1 0 0 0 1 0 1 0], predicted support = [0 0 1 0 0 0 0 1 0 0 1 0 0 0 0 0 0 0 0 0 0 0 1 0 1 1 0 0 0 0])
INFO - 04/10/26 20:33:37 - 1:22:35 - Hybrid: ca, distinguisher
INFO - 04/10/26 20:33:37 - 1:22:35 - ca, distinguisher - Sum Normalized: secret not predicted. (true secret = [ 0 -1 -1  0  0  0  0  1  0  0 -1  1 -1  0  0  0  0  1  0  0  0  0  1  0
                                       0  0 -1  0  1  0], predicted secret = [0 1 1 0 0 0 0 0 0 0 1 1 0 0 0 0 0 1 0 0 0 0 0 0 0 0 0 0 1 0], true support = [0 1 1 0 0 0 0 1 0 0 1 1 1 0 0 0 0 1 0 0 0 0 1 0 0 0 1 0 1 0], predicted support = [0 1 1 0 0 0 0 0 0 0 1 1 0 0 0 0 0 1 0 0 0 0 0 0 0 0 0 0 1 0])
INFO - 04/10/26 20:33:37 - 1:22:35 - ca, distinguisher - Max Normalized: secret not predicted. (true secret = [ 0 -1 -1  0  0  0  0  1  0  0 -1  1 -1  0  0  0  0  1  0  0  0  0  1  0
                                       0  0 -1  0  1  0], predicted secret = [0 1 1 0 0 0 0 1 0 0 1 0 0 0 0 0 0 1 0 0 0 0 0 0 0 0 1 0 0 0], true support = [0 1 1 0 0 0 0 1 0 0 1 1 1 0 0 0 0 1 0 0 0 0 1 0 0 0 1 0 1 0], predicted support = [0 1 1 0 0 0 0 1 0 0 1 0 0 0 0 0 0 1 0 0 0 0 0 0 0 0 1 0 0 0])
INFO - 04/10/26 20:33:37 - 1:22:35 - ca, distinguisher - Sum Rank: secret not predicted. (true secret = [ 0 -1 -1  0  0  0  0  1  0  0 -1  1 -1  0  0  0  0  1  0  0  0  0  1  0
                                       0  0 -1  0  1  0], predicted secret = [0 1 1 0 0 0 0 0 0 0 1 1 0 0 0 0 0 1 0 0 0 0 0 0 0 0 0 0 1 0], true support = [0 1 1 0 0 0 0 1 0 0 1 1 1 0 0 0 0 1 0 0 0 0 1 0 0 0 1 0 1 0], predicted support = [0 1 1 0 0 0 0 0 0 0 1 1 0 0 0 0 0 1 0 0 0 0 0 0 0 0 0 0 1 0])
INFO - 04/10/26 20:33:37 - 1:22:35 - ca, distinguisher - Max Rank: secret not predicted. (true secret = [ 0 -1 -1  0  0  0  0  1  0  0 -1  1 -1  0  0  0  0  1  0  0  0  0  1  0
                                       0  0 -1  0  1  0], predicted secret = [0 1 1 0 0 1 0 1 0 0 1 0 0 0 0 0 0 1 0 0 0 0 0 0 0 0 0 0 0 0], true support = [0 1 1 0 0 0 0 1 0 0 1 1 1 0 0 0 0 1 0 0 0 0 1 0 0 0 1 0 1 0], predicted support = [0 1 1 0 0 1 0 1 0 0 1 0 0 0 0 0 0 1 0 0 0 0 0 0 0 0 0 0 0 0])
INFO - 04/10/26 20:33:37 - 1:22:35 - Hybrid: direct, ca, distinguisher
INFO - 04/10/26 20:33:37 - 1:22:35 - direct, ca, distinguisher - Sum Normalized: secret not predicted. (true secret = [ 0 -1 -1  0  0  0  0  1  0  0 -1  1 -1  0  0  0  0  1  0  0  0  0  1  0
                                       0  0 -1  0  1  0], predicted secret = [0 1 1 0 0 0 0 1 0 0 0 1 0 0 0 0 0 1 0 0 0 0 1 0 0 0 0 0 0 0], true support = [0 1 1 0 0 0 0 1 0 0 1 1 1 0 0 0 0 1 0 0 0 0 1 0 0 0 1 0 1 0], predicted support = [0 1 1 0 0 0 0 1 0 0 0 1 0 0 0 0 0 1 0 0 0 0 1 0 0 0 0 0 0 0])
INFO - 04/10/26 20:33:37 - 1:22:35 - direct, ca, distinguisher - Max Normalized: secret not predicted. (true secret = [ 0 -1 -1  0  0  0  0  1  0  0 -1  1 -1  0  0  0  0  1  0  0  0  0  1  0
                                       0  0 -1  0  1  0], predicted secret = [0 1 1 0 0 0 0 1 0 0 1 0 0 0 0 0 0 1 0 0 0 0 0 0 0 0 1 0 0 0], true support = [0 1 1 0 0 0 0 1 0 0 1 1 1 0 0 0 0 1 0 0 0 0 1 0 0 0 1 0 1 0], predicted support = [0 1 1 0 0 0 0 1 0 0 1 0 0 0 0 0 0 1 0 0 0 0 0 0 0 0 1 0 0 0])
INFO - 04/10/26 20:33:37 - 1:22:35 - direct, ca, distinguisher - Sum Rank: secret not predicted. (true secret = [ 0 -1 -1  0  0  0  0  1  0  0 -1  1 -1  0  0  0  0  1  0  0  0  0  1  0
                                       0  0 -1  0  1  0], predicted secret = [0 1 1 0 0 0 0 1 0 0 1 1 0 0 0 0 0 1 0 0 0 0 0 0 0 0 0 0 0 0], true support = [0 1 1 0 0 0 0 1 0 0 1 1 1 0 0 0 0 1 0 0 0 0 1 0 0 0 1 0 1 0], predicted support = [0 1 1 0 0 0 0 1 0 0 1 1 0 0 0 0 0 1 0 0 0 0 0 0 0 0 0 0 0 0])
INFO - 04/10/26 20:33:37 - 1:22:35 - direct, ca, distinguisher - Max Rank: secret not predicted. (true secret = [ 0 -1 -1  0  0  0  0  1  0  0 -1  1 -1  0  0  0  0  1  0  0  0  0  1  0
                                       0  0 -1  0  1  0], predicted secret = [0 1 1 0 0 0 0 1 0 0 1 0 0 0 0 0 0 1 0 0 0 0 1 0 0 0 0 0 0 0], true support = [0 1 1 0 0 0 0 1 0 0 1 1 1 0 0 0 0 1 0 0 0 0 1 0 0 0 1 0 1 0], predicted support = [0 1 1 0 0 0 0 1 0 0 1 0 0 0 0 0 0 1 0 0 0 0 1 0 0 0 0 0 0 0])
INFO - 04/10/26 20:33:37 - 1:22:35 - Epoch 25 metrics | train_loss: 1.083568 | train_acc1: 48.700416 | train_acc2: 69.966111 | valid_xe_loss: 1.803507 | valid_acc1: 25.435127 | valid_acc2: 30.992880
INFO - 04/10/26 20:33:37 - 1:22:35 - __log__:{"train_loss": 1.0835681082496107, "train_acc1": 48.70041586692258, "train_acc2": 69.96611084452975, "epoch": 25, "valid_xe_loss": 1.803506928154185, "valid_acc1": 25.435126582278482, "valid_acc2": 30.992879746835442}
INFO - 04/10/26 20:33:37 - 1:22:35 - Saving checkpoint to /home/yu_mcc/PQC_salsa/runs/n30_q127_h3_1m/train_gpu_ternary_h10_secret0_init0_epoch200000/checkpoint.pth ...
WARNING - 04/10/26 20:33:37 - 1:22:35 - Saving encoder parameters ...
WARNING - 04/10/26 20:33:37 - 1:22:35 - Saving decoder parameters ...
WARNING - 04/10/26 20:33:37 - 1:22:35 - Saving optimizer ...
INFO - 04/10/26 20:33:37 - 1:22:36 - ============ Starting epoch 26 ... ============
INFO - 04/10/26 20:33:38 - 1:22:37 -   40650 -   53.40 equations/s -  3417.72 words/s - MEM: 1.36 GB - LOSS:  1.0597 || ACC1: 47.6562 || ACC2: 69.9870 - LR: 1.0000e-05
INFO - 04/10/26 20:33:43 - 1:22:42 -   40700 - 1324.03 equations/s - 84737.87 words/s - MEM: 1.36 GB - LOSS:  1.0517 || ACC1: 50.0781 || ACC2: 71.8281 - LR: 1.0000e-05
INFO - 04/10/26 20:33:48 - 1:22:47 -   40750 - 1343.60 equations/s - 85990.49 words/s - MEM: 1.36 GB - LOSS:  1.0559 || ACC1: 49.3594 || ACC2: 71.2969 - LR: 1.0000e-05
INFO - 04/10/26 20:33:53 - 1:22:51 -   40800 - 1341.99 equations/s - 85887.43 words/s - MEM: 1.36 GB - LOSS:  1.0530 || ACC1: 49.4844 || ACC2: 71.5156 - LR: 1.0000e-05
INFO - 04/10/26 20:34:01 - 1:23:00 -   40850 -  751.96 equations/s - 48125.62 words/s - MEM: 1.36 GB - LOSS:  1.0603 || ACC1: 50.0469 || ACC2: 71.2188 - LR: 1.0000e-05
INFO - 04/10/26 20:34:06 - 1:23:05 -   40900 - 1259.16 equations/s - 80586.45 words/s - MEM: 1.36 GB - LOSS:  1.0554 || ACC1: 50.4688 || ACC2: 71.3750 - LR: 1.0000e-05
INFO - 04/10/26 20:34:11 - 1:23:10 -   40950 - 1327.91 equations/s - 84986.29 words/s - MEM: 1.36 GB - LOSS:  1.0466 || ACC1: 50.0000 || ACC2: 71.9219 - LR: 1.0000e-05
INFO - 04/10/26 20:34:16 - 1:23:14 -   41000 - 1380.73 equations/s - 88366.68 words/s - MEM: 1.36 GB - LOSS:  1.0519 || ACC1: 49.8594 || ACC2: 71.8281 - LR: 1.0000e-05
INFO - 04/10/26 20:34:20 - 1:23:19 -   41050 - 1325.54 equations/s - 84834.51 words/s - MEM: 1.36 GB - LOSS:  1.0495 || ACC1: 49.9375 || ACC2: 72.2188 - LR: 1.0000e-05
INFO - 04/10/26 20:34:25 - 1:23:24 -   41100 - 1298.23 equations/s - 83086.41 words/s - MEM: 1.36 GB - LOSS:  1.0416 || ACC1: 50.7969 || ACC2: 72.4688 - LR: 1.0000e-05
INFO - 04/10/26 20:34:30 - 1:23:29 -   41150 - 1303.67 equations/s - 83435.10 words/s - MEM: 1.36 GB - LOSS:  1.0429 || ACC1: 50.8125 || ACC2: 72.5156 - LR: 1.0000e-05
INFO - 04/10/26 20:34:39 - 1:23:37 -   41200 -  773.73 equations/s - 49518.41 words/s - MEM: 1.36 GB - LOSS:  1.0428 || ACC1: 50.0156 || ACC2: 73.3438 - LR: 1.0000e-05
INFO - 04/10/26 20:34:43 - 1:23:42 -   41250 - 1338.21 equations/s - 85645.71 words/s - MEM: 1.36 GB - LOSS:  1.0463 || ACC1: 50.3438 || ACC2: 71.8438 - LR: 1.0000e-05
INFO - 04/10/26 20:34:48 - 1:23:47 -   41300 - 1334.36 equations/s - 85399.09 words/s - MEM: 1.36 GB - LOSS:  1.0315 || ACC1: 50.4062 || ACC2: 72.8594 - LR: 1.0000e-05
INFO - 04/10/26 20:34:53 - 1:23:52 -   41350 - 1344.12 equations/s - 86023.52 words/s - MEM: 1.36 GB - LOSS:  1.0416 || ACC1: 49.8906 || ACC2: 72.1406 - LR: 1.0000e-05
INFO - 04/10/26 20:34:58 - 1:23:56 -   41400 - 1345.76 equations/s - 86128.93 words/s - MEM: 1.36 GB - LOSS:  1.0438 || ACC1: 50.8125 || ACC2: 72.0156 - LR: 1.0000e-05
INFO - 04/10/26 20:35:03 - 1:24:01 -   41450 - 1268.25 equations/s - 81167.88 words/s - MEM: 1.36 GB - LOSS:  1.0414 || ACC1: 50.7188 || ACC2: 72.4688 - LR: 1.0000e-05
INFO - 04/10/26 20:35:11 - 1:24:10 -   41500 -  747.19 equations/s - 47820.29 words/s - MEM: 1.36 GB - LOSS:  1.0330 || ACC1: 51.4375 || ACC2: 73.8125 - LR: 1.0000e-05
INFO - 04/10/26 20:35:16 - 1:24:15 -   41550 - 1336.92 equations/s - 85563.10 words/s - MEM: 1.36 GB - LOSS:  1.0275 || ACC1: 51.2969 || ACC2: 73.0938 - LR: 1.0000e-05
INFO - 04/10/26 20:35:21 - 1:24:19 -   41600 - 1380.57 equations/s - 88356.31 words/s - MEM: 1.36 GB - LOSS:  1.0280 || ACC1: 51.0781 || ACC2: 73.7188 - LR: 1.0000e-05
INFO - 04/10/26 20:35:25 - 1:24:24 -   41650 - 1369.13 equations/s - 87624.15 words/s - MEM: 1.36 GB - LOSS:  1.0301 || ACC1: 51.6406 || ACC2: 73.5156 - LR: 1.0000e-05
INFO - 04/10/26 20:35:30 - 1:24:29 -   41700 - 1335.15 equations/s - 85449.56 words/s - MEM: 1.36 GB - LOSS:  1.0341 || ACC1: 51.3594 || ACC2: 72.5625 - LR: 1.0000e-05
INFO - 04/10/26 20:35:35 - 1:24:34 -   41750 - 1344.49 equations/s - 86047.30 words/s - MEM: 1.36 GB - LOSS:  1.0290 || ACC1: 50.6562 || ACC2: 73.6406 - LR: 1.0000e-05
INFO - 04/10/26 20:35:40 - 1:24:38 -   41800 - 1383.44 equations/s - 88540.27 words/s - MEM: 1.36 GB - LOSS:  1.0288 || ACC1: 51.3281 || ACC2: 73.2031 - LR: 1.0000e-05
INFO - 04/10/26 20:35:48 - 1:24:47 -   41850 -  746.86 equations/s - 47799.17 words/s - MEM: 1.36 GB - LOSS:  1.0225 || ACC1: 51.3750 || ACC2: 73.5781 - LR: 1.0000e-05
INFO - 04/10/26 20:35:53 - 1:24:52 -   41900 - 1328.17 equations/s - 85002.65 words/s - MEM: 1.36 GB - LOSS:  1.0284 || ACC1: 50.1250 || ACC2: 72.5781 - LR: 1.0000e-05
INFO - 04/10/26 20:35:58 - 1:24:57 -   41950 - 1305.66 equations/s - 83562.46 words/s - MEM: 1.36 GB - LOSS:  1.0207 || ACC1: 51.1562 || ACC2: 73.0312 - LR: 1.0000e-05
INFO - 04/10/26 20:36:03 - 1:25:01 -   42000 - 1351.65 equations/s - 86505.33 words/s - MEM: 1.36 GB - LOSS:  1.0125 || ACC1: 51.7031 || ACC2: 74.0312 - LR: 1.0000e-05
INFO - 04/10/26 20:36:07 - 1:25:06 -   42050 - 1346.64 equations/s - 86185.06 words/s - MEM: 1.36 GB - LOSS:  1.0162 || ACC1: 51.4688 || ACC2: 73.1562 - LR: 1.0000e-05
INFO - 04/10/26 20:36:12 - 1:25:11 -   42100 - 1305.33 equations/s - 83541.19 words/s - MEM: 1.36 GB - LOSS:  1.0114 || ACC1: 51.9844 || ACC2: 74.1250 - LR: 1.0000e-05
INFO - 04/10/26 20:36:17 - 1:25:16 -   42150 - 1312.09 equations/s - 83973.70 words/s - MEM: 1.36 GB - LOSS:  1.0100 || ACC1: 52.1094 || ACC2: 74.8438 - LR: 1.0000e-05
INFO - 04/10/26 20:36:26 - 1:25:25 -   42200 -  740.17 equations/s - 47371.09 words/s - MEM: 1.36 GB - LOSS:  1.0236 || ACC1: 50.6562 || ACC2: 72.6562 - LR: 1.0000e-05
INFO - 04/10/26 20:36:26 - 1:25:25 -   42201 - 1341.70 equations/s - 85868.86 words/s - MEM: 1.36 GB - LOSS:  0.9722 || ACC1: 50.7812 || ACC2: 76.5625 - LR: 1.0000e-05
INFO - 04/10/26 20:36:26 - 1:25:25 - ============ End of epoch 26 ============
INFO - 04/10/26 20:36:26 - 1:25:25 - Starting Distinguisher Method
INFO - 04/10/26 20:36:39 - 1:25:38 - Distinguishing 0s using the emd. 
INFO - 04/10/26 20:36:39 - 1:25:38 - Distinguishing +/-1s using the emd. 
INFO - 04/10/26 20:36:39 - 1:25:38 - Real secret: -1: {np.int64(1), np.int64(2), np.int64(10), np.int64(12), np.int64(26)}, 1: {np.int64(7), np.int64(11), np.int64(17), np.int64(22), np.int64(28)}
INFO - 04/10/26 20:36:39 - 1:25:38 - Distinguishing +/-1s using the mean. 
INFO - 04/10/26 20:36:39 - 1:25:38 - Real secret: -1: {np.int64(1), np.int64(2), np.int64(10), np.int64(12), np.int64(26)}, 1: {np.int64(7), np.int64(11), np.int64(17), np.int64(22), np.int64(28)}
INFO - 04/10/26 20:36:39 - 1:25:38 - Distinguishing 0s using the mean. 
INFO - 04/10/26 20:36:39 - 1:25:38 - Distinguishing +/-1s using the emd. 
INFO - 04/10/26 20:36:39 - 1:25:38 - Real secret: -1: {np.int64(1), np.int64(2), np.int64(10), np.int64(12), np.int64(26)}, 1: {np.int64(7), np.int64(11), np.int64(17), np.int64(22), np.int64(28)}
INFO - 04/10/26 20:36:39 - 1:25:38 - Distinguishing +/-1s using the mean. 
INFO - 04/10/26 20:36:39 - 1:25:38 - Real secret: -1: {np.int64(1), np.int64(2), np.int64(10), np.int64(12), np.int64(26)}, 1: {np.int64(7), np.int64(11), np.int64(17), np.int64(22), np.int64(28)}
INFO - 04/10/26 20:36:39 - 1:25:38 - Starting Direct Method
INFO - 04/10/26 20:36:39 - 1:25:38 - Direct:  K=53
INFO - 04/10/26 20:36:39 - 1:25:38 - Direct:  K=80
INFO - 04/10/26 20:36:39 - 1:25:38 - Direct:  K=71
INFO - 04/10/26 20:36:39 - 1:25:38 - Direct:  K=93
INFO - 04/10/26 20:36:39 - 1:25:38 - Direct:  K=32
INFO - 04/10/26 20:36:39 - 1:25:38 - Direct:  K=76
INFO - 04/10/26 20:36:39 - 1:25:38 - Direct:  K=46
INFO - 04/10/26 20:36:40 - 1:25:38 - Direct:  K=90
INFO - 04/10/26 20:36:40 - 1:25:38 - Direct:  K=49
INFO - 04/10/26 20:36:40 - 1:25:38 - Direct:  K=32
INFO - 04/10/26 20:36:40 - 1:25:39 - Direct:  K=51
INFO - 04/10/26 20:36:40 - 1:25:39 - Direct:  K=92
INFO - 04/10/26 20:36:40 - 1:25:39 - Direct:  K=43
INFO - 04/10/26 20:36:40 - 1:25:39 - Direct:  K=43
INFO - 04/10/26 20:36:40 - 1:25:39 - Direct:  K=31
INFO - 04/10/26 20:36:40 - 1:25:39 - Direct: secret not predicted. (true secret = [ 0 -1 -1  0  0  0  0  1  0  0 -1  1 -1  0  0  0  0  1  0  0  0  0  1  0
                                       0  0 -1  0  1  0], predicted secret = [0 1 0 0 1 0 0 1 0 0 0 0 0 0 0 0 0 0 0 0 0 0 1 1 0 1 0 0 0 0], true support = [0 1 1 0 0 0 0 1 0 0 1 1 1 0 0 0 0 1 0 0 0 0 1 0 0 0 1 0 1 0], predicted support = [0 1 0 0 1 0 0 1 0 0 0 0 0 0 0 0 0 0 0 0 0 0 1 1 0 1 0 0 0 0])
INFO - 04/10/26 20:36:50 - 1:25:48 - CA: secret not predicted. (true secret = [ 0 -1 -1  0  0  0  0  1  0  0 -1  1 -1  0  0  0  0  1  0  0  0  0  1  0
                                       0  0 -1  0  1  0], predicted secret = [0 1 1 0 0 0 0 0 0 0 0 1 1 0 0 0 0 1 0 0 0 0 0 1 0 0 0 0 0 0], true support = [0 1 1 0 0 0 0 1 0 0 1 1 1 0 0 0 0 1 0 0 0 0 1 0 0 0 1 0 1 0], predicted support = [0 1 1 0 0 0 0 0 0 0 0 1 1 0 0 0 0 1 0 0 0 0 0 1 0 0 0 0 0 0])
INFO - 04/10/26 20:36:50 - 1:25:48 - CA: secret not predicted. (true secret = [ 0 -1 -1  0  0  0  0  1  0  0 -1  1 -1  0  0  0  0  1  0  0  0  0  1  0
                                       0  0 -1  0  1  0], predicted secret = [0 1 0 0 0 1 0 1 0 0 1 0 0 0 0 0 1 0 0 0 0 0 0 0 0 1 0 0 0 0], true support = [0 1 1 0 0 0 0 1 0 0 1 1 1 0 0 0 0 1 0 0 0 0 1 0 0 0 1 0 1 0], predicted support = [0 1 0 0 0 1 0 1 0 0 1 0 0 0 0 0 1 0 0 0 0 0 0 0 0 1 0 0 0 0])
INFO - 04/10/26 20:36:50 - 1:25:48 - Hybrid: direct, ca
INFO - 04/10/26 20:36:50 - 1:25:48 - direct, ca - Sum Normalized: secret not predicted. (true secret = [ 0 -1 -1  0  0  0  0  1  0  0 -1  1 -1  0  0  0  0  1  0  0  0  0  1  0
                                       0  0 -1  0  1  0], predicted secret = [0 1 1 0 0 0 0 1 0 0 0 0 0 0 0 0 0 1 0 0 0 0 0 1 0 1 0 0 0 0], true support = [0 1 1 0 0 0 0 1 0 0 1 1 1 0 0 0 0 1 0 0 0 0 1 0 0 0 1 0 1 0], predicted support = [0 1 1 0 0 0 0 1 0 0 0 0 0 0 0 0 0 1 0 0 0 0 0 1 0 1 0 0 0 0])
INFO - 04/10/26 20:36:50 - 1:25:48 - direct, ca - Max Normalized: secret not predicted. (true secret = [ 0 -1 -1  0  0  0  0  1  0  0 -1  1 -1  0  0  0  0  1  0  0  0  0  1  0
                                       0  0 -1  0  1  0], predicted secret = [0 1 1 0 0 1 0 1 0 0 0 1 0 0 0 0 0 1 0 0 0 0 0 0 0 0 0 0 0 0], true support = [0 1 1 0 0 0 0 1 0 0 1 1 1 0 0 0 0 1 0 0 0 0 1 0 0 0 1 0 1 0], predicted support = [0 1 1 0 0 1 0 1 0 0 0 1 0 0 0 0 0 1 0 0 0 0 0 0 0 0 0 0 0 0])
INFO - 04/10/26 20:36:50 - 1:25:48 - direct, ca - Sum Rank: secret not predicted. (true secret = [ 0 -1 -1  0  0  0  0  1  0  0 -1  1 -1  0  0  0  0  1  0  0  0  0  1  0
                                       0  0 -1  0  1  0], predicted secret = [0 1 1 0 0 0 0 1 0 0 0 0 0 0 0 0 0 1 0 0 0 0 0 1 0 1 0 0 0 0], true support = [0 1 1 0 0 0 0 1 0 0 1 1 1 0 0 0 0 1 0 0 0 0 1 0 0 0 1 0 1 0], predicted support = [0 1 1 0 0 0 0 1 0 0 0 0 0 0 0 0 0 1 0 0 0 0 0 1 0 1 0 0 0 0])
INFO - 04/10/26 20:36:50 - 1:25:48 - direct, ca - Max Rank: secret not predicted. (true secret = [ 0 -1 -1  0  0  0  0  1  0  0 -1  1 -1  0  0  0  0  1  0  0  0  0  1  0
                                       0  0 -1  0  1  0], predicted secret = [0 1 1 0 1 0 0 1 0 0 0 0 0 0 0 0 0 1 0 0 0 0 0 1 0 0 0 0 0 0], true support = [0 1 1 0 0 0 0 1 0 0 1 1 1 0 0 0 0 1 0 0 0 0 1 0 0 0 1 0 1 0], predicted support = [0 1 1 0 1 0 0 1 0 0 0 0 0 0 0 0 0 1 0 0 0 0 0 1 0 0 0 0 0 0])
INFO - 04/10/26 20:36:50 - 1:25:48 - Hybrid: direct, distinguisher
INFO - 04/10/26 20:36:50 - 1:25:48 - direct, distinguisher - Sum Normalized: secret not predicted. (true secret = [ 0 -1 -1  0  0  0  0  1  0  0 -1  1 -1  0  0  0  0  1  0  0  0  0  1  0
                                       0  0 -1  0  1  0], predicted secret = [0 1 1 0 0 0 0 1 0 0 0 1 0 0 0 0 0 0 0 0 0 0 1 0 0 0 0 0 1 0], true support = [0 1 1 0 0 0 0 1 0 0 1 1 1 0 0 0 0 1 0 0 0 0 1 0 0 0 1 0 1 0], predicted support = [0 1 1 0 0 0 0 1 0 0 0 1 0 0 0 0 0 0 0 0 0 0 1 0 0 0 0 0 1 0])
INFO - 04/10/26 20:36:50 - 1:25:48 - direct, distinguisher - Max Normalized: secret not predicted. (true secret = [ 0 -1 -1  0  0  0  0  1  0  0 -1  1 -1  0  0  0  0  1  0  0  0  0  1  0
                                       0  0 -1  0  1  0], predicted secret = [0 1 1 0 0 0 0 1 0 0 0 1 0 0 0 0 0 0 0 0 0 0 1 0 0 0 0 0 1 0], true support = [0 1 1 0 0 0 0 1 0 0 1 1 1 0 0 0 0 1 0 0 0 0 1 0 0 0 1 0 1 0], predicted support = [0 1 1 0 0 0 0 1 0 0 0 1 0 0 0 0 0 0 0 0 0 0 1 0 0 0 0 0 1 0])
INFO - 04/10/26 20:36:50 - 1:25:48 - direct, distinguisher - Sum Rank: secret not predicted. (true secret = [ 0 -1 -1  0  0  0  0  1  0  0 -1  1 -1  0  0  0  0  1  0  0  0  0  1  0
                                       0  0 -1  0  1  0], predicted secret = [0 1 1 0 0 0 0 1 0 0 0 1 0 0 0 0 0 0 0 0 0 0 1 1 0 0 0 0 0 0], true support = [0 1 1 0 0 0 0 1 0 0 1 1 1 0 0 0 0 1 0 0 0 0 1 0 0 0 1 0 1 0], predicted support = [0 1 1 0 0 0 0 1 0 0 0 1 0 0 0 0 0 0 0 0 0 0 1 1 0 0 0 0 0 0])
INFO - 04/10/26 20:36:50 - 1:25:48 - direct, distinguisher - Max Rank: secret not predicted. (true secret = [ 0 -1 -1  0  0  0  0  1  0  0 -1  1 -1  0  0  0  0  1  0  0  0  0  1  0
                                       0  0 -1  0  1  0], predicted secret = [0 1 1 0 0 0 0 1 0 0 0 0 0 0 0 0 0 0 0 0 0 0 1 1 0 0 0 0 1 0], true support = [0 1 1 0 0 0 0 1 0 0 1 1 1 0 0 0 0 1 0 0 0 0 1 0 0 0 1 0 1 0], predicted support = [0 1 1 0 0 0 0 1 0 0 0 0 0 0 0 0 0 0 0 0 0 0 1 1 0 0 0 0 1 0])
INFO - 04/10/26 20:36:50 - 1:25:48 - Hybrid: ca, distinguisher
INFO - 04/10/26 20:36:50 - 1:25:48 - ca, distinguisher - Sum Normalized: secret not predicted. (true secret = [ 0 -1 -1  0  0  0  0  1  0  0 -1  1 -1  0  0  0  0  1  0  0  0  0  1  0
                                       0  0 -1  0  1  0], predicted secret = [0 1 1 0 0 0 0 0 0 0 1 1 0 0 0 0 0 1 0 0 0 0 0 0 0 0 0 0 1 0], true support = [0 1 1 0 0 0 0 1 0 0 1 1 1 0 0 0 0 1 0 0 0 0 1 0 0 0 1 0 1 0], predicted support = [0 1 1 0 0 0 0 0 0 0 1 1 0 0 0 0 0 1 0 0 0 0 0 0 0 0 0 0 1 0])
INFO - 04/10/26 20:36:50 - 1:25:48 - ca, distinguisher - Max Normalized: secret not predicted. (true secret = [ 0 -1 -1  0  0  0  0  1  0  0 -1  1 -1  0  0  0  0  1  0  0  0  0  1  0
                                       0  0 -1  0  1  0], predicted secret = [0 1 1 0 0 0 0 0 0 0 0 1 0 0 0 0 0 1 0 0 0 0 1 0 0 0 0 0 1 0], true support = [0 1 1 0 0 0 0 1 0 0 1 1 1 0 0 0 0 1 0 0 0 0 1 0 0 0 1 0 1 0], predicted support = [0 1 1 0 0 0 0 0 0 0 0 1 0 0 0 0 0 1 0 0 0 0 1 0 0 0 0 0 1 0])
INFO - 04/10/26 20:36:50 - 1:25:48 - ca, distinguisher - Sum Rank: secret not predicted. (true secret = [ 0 -1 -1  0  0  0  0  1  0  0 -1  1 -1  0  0  0  0  1  0  0  0  0  1  0
                                       0  0 -1  0  1  0], predicted secret = [0 1 1 0 0 0 0 0 0 0 1 1 0 0 0 0 0 1 0 0 0 0 0 0 0 0 0 0 1 0], true support = [0 1 1 0 0 0 0 1 0 0 1 1 1 0 0 0 0 1 0 0 0 0 1 0 0 0 1 0 1 0], predicted support = [0 1 1 0 0 0 0 0 0 0 1 1 0 0 0 0 0 1 0 0 0 0 0 0 0 0 0 0 1 0])
INFO - 04/10/26 20:36:50 - 1:25:48 - ca, distinguisher - Max Rank: secret not predicted. (true secret = [ 0 -1 -1  0  0  0  0  1  0  0 -1  1 -1  0  0  0  0  1  0  0  0  0  1  0
                                       0  0 -1  0  1  0], predicted secret = [0 1 1 0 0 1 0 0 0 0 0 0 0 0 0 0 0 1 0 0 0 0 1 0 0 0 0 0 1 0], true support = [0 1 1 0 0 0 0 1 0 0 1 1 1 0 0 0 0 1 0 0 0 0 1 0 0 0 1 0 1 0], predicted support = [0 1 1 0 0 1 0 0 0 0 0 0 0 0 0 0 0 1 0 0 0 0 1 0 0 0 0 0 1 0])
INFO - 04/10/26 20:36:50 - 1:25:48 - Hybrid: direct, ca, distinguisher
INFO - 04/10/26 20:36:50 - 1:25:48 - direct, ca, distinguisher - Sum Normalized: secret not predicted. (true secret = [ 0 -1 -1  0  0  0  0  1  0  0 -1  1 -1  0  0  0  0  1  0  0  0  0  1  0
                                       0  0 -1  0  1  0], predicted secret = [0 1 1 0 0 0 0 1 0 0 0 1 0 0 0 0 0 1 0 0 0 0 1 0 0 0 0 0 0 0], true support = [0 1 1 0 0 0 0 1 0 0 1 1 1 0 0 0 0 1 0 0 0 0 1 0 0 0 1 0 1 0], predicted support = [0 1 1 0 0 0 0 1 0 0 0 1 0 0 0 0 0 1 0 0 0 0 1 0 0 0 0 0 0 0])
INFO - 04/10/26 20:36:50 - 1:25:48 - direct, ca, distinguisher - Max Normalized: secret not predicted. (true secret = [ 0 -1 -1  0  0  0  0  1  0  0 -1  1 -1  0  0  0  0  1  0  0  0  0  1  0
                                       0  0 -1  0  1  0], predicted secret = [0 1 1 0 0 0 0 1 0 0 0 0 0 0 0 0 0 1 0 0 0 0 1 0 0 0 0 0 1 0], true support = [0 1 1 0 0 0 0 1 0 0 1 1 1 0 0 0 0 1 0 0 0 0 1 0 0 0 1 0 1 0], predicted support = [0 1 1 0 0 0 0 1 0 0 0 0 0 0 0 0 0 1 0 0 0 0 1 0 0 0 0 0 1 0])
INFO - 04/10/26 20:36:50 - 1:25:48 - direct, ca, distinguisher - Sum Rank: secret not predicted. (true secret = [ 0 -1 -1  0  0  0  0  1  0  0 -1  1 -1  0  0  0  0  1  0  0  0  0  1  0
                                       0  0 -1  0  1  0], predicted secret = [0 1 1 0 0 0 0 1 0 0 0 1 0 0 0 0 0 1 0 0 0 0 1 0 0 0 0 0 0 0], true support = [0 1 1 0 0 0 0 1 0 0 1 1 1 0 0 0 0 1 0 0 0 0 1 0 0 0 1 0 1 0], predicted support = [0 1 1 0 0 0 0 1 0 0 0 1 0 0 0 0 0 1 0 0 0 0 1 0 0 0 0 0 0 0])
INFO - 04/10/26 20:36:50 - 1:25:48 - direct, ca, distinguisher - Max Rank: secret not predicted. (true secret = [ 0 -1 -1  0  0  0  0  1  0  0 -1  1 -1  0  0  0  0  1  0  0  0  0  1  0
                                       0  0 -1  0  1  0], predicted secret = [0 1 1 0 0 0 0 1 0 0 0 0 0 0 0 0 0 1 0 0 0 0 1 0 0 0 0 0 1 0], true support = [0 1 1 0 0 0 0 1 0 0 1 1 1 0 0 0 0 1 0 0 0 0 1 0 0 0 1 0 1 0], predicted support = [0 1 1 0 0 0 0 1 0 0 0 0 0 0 0 0 0 1 0 0 0 0 1 0 0 0 0 0 1 0])
INFO - 04/10/26 20:36:50 - 1:25:48 - Epoch 26 metrics | train_loss: 1.036025 | train_acc1: 50.699276 | train_acc2: 72.704235 | valid_xe_loss: 1.852741 | valid_acc1: 24.891218 | valid_acc2: 31.081883
INFO - 04/10/26 20:36:50 - 1:25:48 - __log__:{"train_loss": 1.0360250578655772, "train_acc1": 50.699276231605886, "train_acc2": 72.70423464491363, "epoch": 26, "valid_xe_loss": 1.8527409456953217, "valid_acc1": 24.89121835443038, "valid_acc2": 31.081882911392405}
INFO - 04/10/26 20:36:50 - 1:25:48 - Saving checkpoint to /home/yu_mcc/PQC_salsa/runs/n30_q127_h3_1m/train_gpu_ternary_h10_secret0_init0_epoch200000/checkpoint.pth ...
WARNING - 04/10/26 20:36:50 - 1:25:48 - Saving encoder parameters ...
WARNING - 04/10/26 20:36:50 - 1:25:48 - Saving decoder parameters ...
WARNING - 04/10/26 20:36:50 - 1:25:48 - Saving optimizer ...
INFO - 04/10/26 20:36:50 - 1:25:49 - ============ Starting epoch 27 ... ============
INFO - 04/10/26 20:36:55 - 1:25:53 -   42250 -  218.51 equations/s - 13984.34 words/s - MEM: 1.36 GB - LOSS:  1.0136 || ACC1: 50.8929 || ACC2: 73.6288 - LR: 1.0000e-05
INFO - 04/10/26 20:37:03 - 1:26:02 -   42300 -  764.11 equations/s - 48903.21 words/s - MEM: 1.36 GB - LOSS:  1.0064 || ACC1: 51.7031 || ACC2: 74.2500 - LR: 1.0000e-05
INFO - 04/10/26 20:37:08 - 1:26:06 -   42350 - 1343.46 equations/s - 85981.69 words/s - MEM: 1.36 GB - LOSS:  1.0126 || ACC1: 51.2969 || ACC2: 73.7031 - LR: 1.0000e-05
INFO - 04/10/26 20:37:12 - 1:26:11 -   42400 - 1370.62 equations/s - 87719.54 words/s - MEM: 1.36 GB - LOSS:  1.0145 || ACC1: 51.2188 || ACC2: 73.9062 - LR: 1.0000e-05
INFO - 04/10/26 20:37:17 - 1:26:16 -   42450 - 1294.11 equations/s - 82822.77 words/s - MEM: 1.36 GB - LOSS:  1.0025 || ACC1: 51.8906 || ACC2: 74.4531 - LR: 1.0000e-05
INFO - 04/10/26 20:37:22 - 1:26:21 -   42500 - 1328.41 equations/s - 85018.04 words/s - MEM: 1.36 GB - LOSS:  0.9970 || ACC1: 52.2188 || ACC2: 74.8906 - LR: 1.0000e-05
INFO - 04/10/26 20:37:27 - 1:26:26 -   42550 - 1286.65 equations/s - 82345.63 words/s - MEM: 1.36 GB - LOSS:  1.0030 || ACC1: 51.9062 || ACC2: 74.5625 - LR: 1.0000e-05
INFO - 04/10/26 20:37:36 - 1:26:34 -   42600 -  755.12 equations/s - 48327.65 words/s - MEM: 1.36 GB - LOSS:  1.0060 || ACC1: 53.3125 || ACC2: 74.5000 - LR: 1.0000e-05
INFO - 04/10/26 20:37:41 - 1:26:39 -   42650 - 1274.70 equations/s - 81580.63 words/s - MEM: 1.36 GB - LOSS:  0.9966 || ACC1: 52.4375 || ACC2: 75.6719 - LR: 1.0000e-05
INFO - 04/10/26 20:37:45 - 1:26:44 -   42700 - 1365.41 equations/s - 87386.52 words/s - MEM: 1.36 GB - LOSS:  0.9960 || ACC1: 51.9375 || ACC2: 73.9219 - LR: 1.0000e-05
INFO - 04/10/26 20:37:50 - 1:26:49 -   42750 - 1287.11 equations/s - 82375.09 words/s - MEM: 1.36 GB - LOSS:  1.0011 || ACC1: 51.9688 || ACC2: 73.4062 - LR: 1.0000e-05
INFO - 04/10/26 20:37:55 - 1:26:54 -   42800 - 1332.64 equations/s - 85289.13 words/s - MEM: 1.36 GB - LOSS:  0.9973 || ACC1: 52.3594 || ACC2: 74.7500 - LR: 1.0000e-05
INFO - 04/10/26 20:38:00 - 1:26:59 -   42850 - 1351.23 equations/s - 86478.88 words/s - MEM: 1.36 GB - LOSS:  0.9835 || ACC1: 52.7812 || ACC2: 75.2812 - LR: 1.0000e-05
INFO - 04/10/26 20:38:05 - 1:27:04 -   42900 - 1292.99 equations/s - 82751.07 words/s - MEM: 1.36 GB - LOSS:  0.9893 || ACC1: 52.9219 || ACC2: 74.9219 - LR: 1.0000e-05
INFO - 04/10/26 20:38:13 - 1:27:12 -   42950 -  772.39 equations/s - 49433.06 words/s - MEM: 1.36 GB - LOSS:  0.9909 || ACC1: 51.9688 || ACC2: 74.5000 - LR: 1.0000e-05
INFO - 04/10/26 20:38:18 - 1:27:17 -   43000 - 1306.72 equations/s - 83630.32 words/s - MEM: 1.36 GB - LOSS:  0.9837 || ACC1: 53.5312 || ACC2: 75.6406 - LR: 1.0000e-05
INFO - 04/10/26 20:38:23 - 1:27:21 -   43050 - 1340.76 equations/s - 85808.59 words/s - MEM: 1.36 GB - LOSS:  0.9959 || ACC1: 51.7344 || ACC2: 75.0000 - LR: 1.0000e-05
INFO - 04/10/26 20:38:28 - 1:27:26 -   43100 - 1336.37 equations/s - 85527.79 words/s - MEM: 1.36 GB - LOSS:  0.9803 || ACC1: 53.4688 || ACC2: 76.3594 - LR: 1.0000e-05
INFO - 04/10/26 20:38:32 - 1:27:31 -   43150 - 1316.90 equations/s - 84281.33 words/s - MEM: 1.36 GB - LOSS:  0.9752 || ACC1: 53.4219 || ACC2: 76.4375 - LR: 1.0000e-05
INFO - 04/10/26 20:38:37 - 1:27:36 -   43200 - 1270.41 equations/s - 81306.20 words/s - MEM: 1.36 GB - LOSS:  0.9751 || ACC1: 52.5156 || ACC2: 75.5781 - LR: 1.0000e-05
INFO - 04/10/26 20:38:42 - 1:27:41 -   43250 - 1371.01 equations/s - 87744.50 words/s - MEM: 1.36 GB - LOSS:  0.9838 || ACC1: 52.5781 || ACC2: 74.9062 - LR: 1.0000e-05
INFO - 04/10/26 20:38:51 - 1:27:49 -   43300 -  744.02 equations/s - 47617.11 words/s - MEM: 1.36 GB - LOSS:  0.9751 || ACC1: 52.7656 || ACC2: 75.5625 - LR: 1.0000e-05
INFO - 04/10/26 20:38:56 - 1:27:54 -   43350 - 1306.75 equations/s - 83631.84 words/s - MEM: 1.36 GB - LOSS:  0.9739 || ACC1: 52.7969 || ACC2: 76.0000 - LR: 1.0000e-05
INFO - 04/10/26 20:39:01 - 1:27:59 -   43400 - 1268.63 equations/s - 81192.53 words/s - MEM: 1.36 GB - LOSS:  0.9745 || ACC1: 52.8750 || ACC2: 75.2500 - LR: 1.0000e-05
INFO - 04/10/26 20:39:06 - 1:28:04 -   43450 - 1309.25 equations/s - 83792.06 words/s - MEM: 1.36 GB - LOSS:  0.9720 || ACC1: 52.5156 || ACC2: 75.8906 - LR: 1.0000e-05
INFO - 04/10/26 20:39:10 - 1:28:09 -   43500 - 1326.92 equations/s - 84922.97 words/s - MEM: 1.36 GB - LOSS:  0.9792 || ACC1: 53.4531 || ACC2: 75.7500 - LR: 1.0000e-05
INFO - 04/10/26 20:39:15 - 1:28:14 -   43550 - 1351.59 equations/s - 86501.92 words/s - MEM: 1.36 GB - LOSS:  0.9763 || ACC1: 53.8125 || ACC2: 75.2344 - LR: 1.0000e-05
INFO - 04/10/26 20:39:23 - 1:28:22 -   43600 -  772.84 equations/s - 49461.45 words/s - MEM: 1.36 GB - LOSS:  0.9707 || ACC1: 53.1094 || ACC2: 75.9062 - LR: 1.0000e-05
INFO - 04/10/26 20:39:28 - 1:28:27 -   43650 - 1320.34 equations/s - 84502.01 words/s - MEM: 1.36 GB - LOSS:  0.9765 || ACC1: 51.7656 || ACC2: 75.6875 - LR: 1.0000e-05
INFO - 04/10/26 20:39:33 - 1:28:32 -   43700 - 1341.42 equations/s - 85850.91 words/s - MEM: 1.36 GB - LOSS:  0.9605 || ACC1: 53.4844 || ACC2: 76.4531 - LR: 1.0000e-05
INFO - 04/10/26 20:39:38 - 1:28:37 -   43750 - 1319.58 equations/s - 84453.30 words/s - MEM: 1.36 GB - LOSS:  0.9609 || ACC1: 54.0312 || ACC2: 76.2812 - LR: 1.0000e-05
INFO - 04/10/26 20:39:39 - 1:28:38 -   43764 - 1405.15 equations/s - 89929.76 words/s - MEM: 1.36 GB - LOSS:  0.9580 || ACC1: 53.5156 || ACC2: 77.0089 - LR: 1.0000e-05
INFO - 04/10/26 20:39:39 - 1:28:38 - ============ End of epoch 27 ============
INFO - 04/10/26 20:39:39 - 1:28:38 - Starting Distinguisher Method
INFO - 04/10/26 20:39:53 - 1:28:51 - Distinguishing 0s using the emd. 
INFO - 04/10/26 20:39:53 - 1:28:51 - Distinguishing +/-1s using the emd. 
INFO - 04/10/26 20:39:53 - 1:28:51 - Real secret: -1: {np.int64(1), np.int64(2), np.int64(10), np.int64(12), np.int64(26)}, 1: {np.int64(7), np.int64(11), np.int64(17), np.int64(22), np.int64(28)}
INFO - 04/10/26 20:39:53 - 1:28:51 - Nonzero bits not identified. Guess: [ 9  4 16 11 22  1 12 17 28 10]
INFO - 04/10/26 20:39:53 - 1:28:51 - Distinguishing +/-1s using the mean. 
INFO - 04/10/26 20:39:53 - 1:28:51 - Real secret: -1: {np.int64(1), np.int64(2), np.int64(10), np.int64(12), np.int64(26)}, 1: {np.int64(7), np.int64(11), np.int64(17), np.int64(22), np.int64(28)}
INFO - 04/10/26 20:39:53 - 1:28:51 - Nonzero bits not identified. Guess: [ 9  4 16 11 22  1 12 17 28 10]
INFO - 04/10/26 20:39:53 - 1:28:51 - Distinguishing 0s using the mean. 
INFO - 04/10/26 20:39:53 - 1:28:51 - Distinguishing +/-1s using the emd. 
INFO - 04/10/26 20:39:53 - 1:28:51 - Real secret: -1: {np.int64(1), np.int64(2), np.int64(10), np.int64(12), np.int64(26)}, 1: {np.int64(7), np.int64(11), np.int64(17), np.int64(22), np.int64(28)}
INFO - 04/10/26 20:39:53 - 1:28:51 - Distinguishing +/-1s using the mean. 
INFO - 04/10/26 20:39:53 - 1:28:51 - Real secret: -1: {np.int64(1), np.int64(2), np.int64(10), np.int64(12), np.int64(26)}, 1: {np.int64(7), np.int64(11), np.int64(17), np.int64(22), np.int64(28)}
INFO - 04/10/26 20:39:53 - 1:28:51 - Starting Direct Method
INFO - 04/10/26 20:39:53 - 1:28:51 - Direct:  K=56
INFO - 04/10/26 20:39:53 - 1:28:52 - Direct:  K=50
INFO - 04/10/26 20:39:53 - 1:28:52 - Direct:  K=87
INFO - 04/10/26 20:39:53 - 1:28:52 - Direct:  K=66
INFO - 04/10/26 20:39:53 - 1:28:52 - Direct:  K=87
INFO - 04/10/26 20:39:53 - 1:28:52 - Direct:  K=85
INFO - 04/10/26 20:39:54 - 1:28:52 - Direct:  K=47
INFO - 04/10/26 20:39:54 - 1:28:53 - Direct:  K=86
INFO - 04/10/26 20:39:54 - 1:28:53 - Direct:  K=59
INFO - 04/10/26 20:39:58 - 1:28:56 - Direct:  K=91
INFO - 04/10/26 20:39:58 - 1:28:57 - Direct:  K=66
INFO - 04/10/26 20:39:58 - 1:28:57 - Direct:  K=48
INFO - 04/10/26 20:39:58 - 1:28:57 - Direct:  K=75
INFO - 04/10/26 20:39:58 - 1:28:57 - Direct:  K=60
INFO - 04/10/26 20:39:58 - 1:28:57 - Direct:  K=84
INFO - 04/10/26 20:39:59 - 1:28:57 - Direct: secret not predicted. (true secret = [ 0 -1 -1  0  0  0  0  1  0  0 -1  1 -1  0  0  0  0  1  0  0  0  0  1  0
                                       0  0 -1  0  1  0], predicted secret = [0 0 1 0 0 0 0 1 0 0 0 1 0 0 0 0 0 0 0 0 0 0 1 1 1 0 0 0 0 0], true support = [0 1 1 0 0 0 0 1 0 0 1 1 1 0 0 0 0 1 0 0 0 0 1 0 0 0 1 0 1 0], predicted support = [0 0 1 0 0 0 0 1 0 0 0 1 0 0 0 0 0 0 0 0 0 0 1 1 1 0 0 0 0 0])
INFO - 04/10/26 20:40:08 - 1:29:07 - CA: secret not predicted. (true secret = [ 0 -1 -1  0  0  0  0  1  0  0 -1  1 -1  0  0  0  0  1  0  0  0  0  1  0
                                       0  0 -1  0  1  0], predicted secret = [0 1 1 0 0 0 0 0 0 0 0 1 1 0 0 0 0 1 0 0 0 0 0 1 0 0 0 0 0 0], true support = [0 1 1 0 0 0 0 1 0 0 1 1 1 0 0 0 0 1 0 0 0 0 1 0 0 0 1 0 1 0], predicted support = [0 1 1 0 0 0 0 0 0 0 0 1 1 0 0 0 0 1 0 0 0 0 0 1 0 0 0 0 0 0])
INFO - 04/10/26 20:40:08 - 1:29:07 - CA: secret not predicted. (true secret = [ 0 -1 -1  0  0  0  0  1  0  0 -1  1 -1  0  0  0  0  1  0  0  0  0  1  0
                                       0  0 -1  0  1  0], predicted secret = [0 1 0 0 0 1 0 1 0 0 1 0 0 0 0 0 0 0 0 0 0 0 0 0 0 1 0 1 0 0], true support = [0 1 1 0 0 0 0 1 0 0 1 1 1 0 0 0 0 1 0 0 0 0 1 0 0 0 1 0 1 0], predicted support = [0 1 0 0 0 1 0 1 0 0 1 0 0 0 0 0 0 0 0 0 0 0 0 0 0 1 0 1 0 0])
INFO - 04/10/26 20:40:08 - 1:29:07 - Hybrid: direct, ca
INFO - 04/10/26 20:40:08 - 1:29:07 - direct, ca - Sum Normalized: secret not predicted. (true secret = [ 0 -1 -1  0  0  0  0  1  0  0 -1  1 -1  0  0  0  0  1  0  0  0  0  1  0
                                       0  0 -1  0  1  0], predicted secret = [0 1 1 0 0 0 0 1 0 0 0 0 0 0 0 0 0 1 0 0 0 0 1 1 0 0 0 0 0 0], true support = [0 1 1 0 0 0 0 1 0 0 1 1 1 0 0 0 0 1 0 0 0 0 1 0 0 0 1 0 1 0], predicted support = [0 1 1 0 0 0 0 1 0 0 0 0 0 0 0 0 0 1 0 0 0 0 1 1 0 0 0 0 0 0])
INFO - 04/10/26 20:40:08 - 1:29:07 - direct, ca - Max Normalized: secret not predicted. (true secret = [ 0 -1 -1  0  0  0  0  1  0  0 -1  1 -1  0  0  0  0  1  0  0  0  0  1  0
                                       0  0 -1  0  1  0], predicted secret = [0 1 1 0 0 1 0 0 0 0 0 0 0 0 0 0 0 1 0 0 0 0 1 0 1 0 0 0 0 0], true support = [0 1 1 0 0 0 0 1 0 0 1 1 1 0 0 0 0 1 0 0 0 0 1 0 0 0 1 0 1 0], predicted support = [0 1 1 0 0 1 0 0 0 0 0 0 0 0 0 0 0 1 0 0 0 0 1 0 1 0 0 0 0 0])
INFO - 04/10/26 20:40:08 - 1:29:07 - direct, ca - Sum Rank: secret not predicted. (true secret = [ 0 -1 -1  0  0  0  0  1  0  0 -1  1 -1  0  0  0  0  1  0  0  0  0  1  0
                                       0  0 -1  0  1  0], predicted secret = [0 1 1 0 0 0 0 0 0 0 0 1 0 0 0 0 0 1 0 0 0 0 1 1 0 0 0 0 0 0], true support = [0 1 1 0 0 0 0 1 0 0 1 1 1 0 0 0 0 1 0 0 0 0 1 0 0 0 1 0 1 0], predicted support = [0 1 1 0 0 0 0 0 0 0 0 1 0 0 0 0 0 1 0 0 0 0 1 1 0 0 0 0 0 0])
INFO - 04/10/26 20:40:08 - 1:29:07 - direct, ca - Max Rank: secret not predicted. (true secret = [ 0 -1 -1  0  0  0  0  1  0  0 -1  1 -1  0  0  0  0  1  0  0  0  0  1  0
                                       0  0 -1  0  1  0], predicted secret = [0 1 1 0 0 0 0 1 0 0 0 0 0 0 0 0 0 1 0 0 0 0 1 0 1 0 0 0 0 0], true support = [0 1 1 0 0 0 0 1 0 0 1 1 1 0 0 0 0 1 0 0 0 0 1 0 0 0 1 0 1 0], predicted support = [0 1 1 0 0 0 0 1 0 0 0 0 0 0 0 0 0 1 0 0 0 0 1 0 1 0 0 0 0 0])
INFO - 04/10/26 20:40:08 - 1:29:07 - Hybrid: direct, distinguisher
INFO - 04/10/26 20:40:08 - 1:29:07 - direct, distinguisher - Sum Normalized: secret not predicted. (true secret = [ 0 -1 -1  0  0  0  0  1  0  0 -1  1 -1  0  0  0  0  1  0  0  0  0  1  0
                                       0  0 -1  0  1  0], predicted secret = [0 1 1 0 0 0 0 1 0 0 0 1 0 0 0 0 0 1 0 0 0 0 1 0 0 0 0 0 0 0], true support = [0 1 1 0 0 0 0 1 0 0 1 1 1 0 0 0 0 1 0 0 0 0 1 0 0 0 1 0 1 0], predicted support = [0 1 1 0 0 0 0 1 0 0 0 1 0 0 0 0 0 1 0 0 0 0 1 0 0 0 0 0 0 0])
INFO - 04/10/26 20:40:08 - 1:29:07 - direct, distinguisher - Max Normalized: secret not predicted. (true secret = [ 0 -1 -1  0  0  0  0  1  0  0 -1  1 -1  0  0  0  0  1  0  0  0  0  1  0
                                       0  0 -1  0  1  0], predicted secret = [0 0 1 0 0 0 0 1 0 0 0 1 0 0 0 0 0 1 0 0 0 0 1 0 0 0 0 0 1 0], true support = [0 1 1 0 0 0 0 1 0 0 1 1 1 0 0 0 0 1 0 0 0 0 1 0 0 0 1 0 1 0], predicted support = [0 0 1 0 0 0 0 1 0 0 0 1 0 0 0 0 0 1 0 0 0 0 1 0 0 0 0 0 1 0])
INFO - 04/10/26 20:40:08 - 1:29:07 - direct, distinguisher - Sum Rank: secret not predicted. (true secret = [ 0 -1 -1  0  0  0  0  1  0  0 -1  1 -1  0  0  0  0  1  0  0  0  0  1  0
                                       0  0 -1  0  1  0], predicted secret = [0 0 1 0 0 0 0 1 0 0 0 1 0 0 0 0 0 1 0 0 0 0 1 0 1 0 0 0 0 0], true support = [0 1 1 0 0 0 0 1 0 0 1 1 1 0 0 0 0 1 0 0 0 0 1 0 0 0 1 0 1 0], predicted support = [0 0 1 0 0 0 0 1 0 0 0 1 0 0 0 0 0 1 0 0 0 0 1 0 1 0 0 0 0 0])
INFO - 04/10/26 20:40:08 - 1:29:07 - direct, distinguisher - Max Rank: secret not predicted. (true secret = [ 0 -1 -1  0  0  0  0  1  0  0 -1  1 -1  0  0  0  0  1  0  0  0  0  1  0
                                       0  0 -1  0  1  0], predicted secret = [0 0 1 0 0 0 0 1 0 0 0 1 0 0 0 0 0 1 0 0 0 0 1 0 1 0 0 0 0 0], true support = [0 1 1 0 0 0 0 1 0 0 1 1 1 0 0 0 0 1 0 0 0 0 1 0 0 0 1 0 1 0], predicted support = [0 0 1 0 0 0 0 1 0 0 0 1 0 0 0 0 0 1 0 0 0 0 1 0 1 0 0 0 0 0])
INFO - 04/10/26 20:40:08 - 1:29:07 - Hybrid: ca, distinguisher
INFO - 04/10/26 20:40:08 - 1:29:07 - ca, distinguisher - Sum Normalized: secret not predicted. (true secret = [ 0 -1 -1  0  0  0  0  1  0  0 -1  1 -1  0  0  0  0  1  0  0  0  0  1  0
                                       0  0 -1  0  1  0], predicted secret = [0 1 1 0 0 0 0 0 0 0 1 1 0 0 0 0 0 1 0 0 0 0 0 0 0 0 0 0 1 0], true support = [0 1 1 0 0 0 0 1 0 0 1 1 1 0 0 0 0 1 0 0 0 0 1 0 0 0 1 0 1 0], predicted support = [0 1 1 0 0 0 0 0 0 0 1 1 0 0 0 0 0 1 0 0 0 0 0 0 0 0 0 0 1 0])
INFO - 04/10/26 20:40:08 - 1:29:07 - ca, distinguisher - Max Normalized: secret not predicted. (true secret = [ 0 -1 -1  0  0  0  0  1  0  0 -1  1 -1  0  0  0  0  1  0  0  0  0  1  0
                                       0  0 -1  0  1  0], predicted secret = [0 1 1 0 0 0 0 0 0 0 0 1 0 0 0 0 0 1 0 0 0 0 1 0 0 0 0 0 1 0], true support = [0 1 1 0 0 0 0 1 0 0 1 1 1 0 0 0 0 1 0 0 0 0 1 0 0 0 1 0 1 0], predicted support = [0 1 1 0 0 0 0 0 0 0 0 1 0 0 0 0 0 1 0 0 0 0 1 0 0 0 0 0 1 0])
INFO - 04/10/26 20:40:08 - 1:29:07 - ca, distinguisher - Sum Rank: secret not predicted. (true secret = [ 0 -1 -1  0  0  0  0  1  0  0 -1  1 -1  0  0  0  0  1  0  0  0  0  1  0
                                       0  0 -1  0  1  0], predicted secret = [0 1 1 0 0 0 0 0 0 0 0 1 0 0 0 0 0 1 0 0 0 0 1 0 0 0 0 0 1 0], true support = [0 1 1 0 0 0 0 1 0 0 1 1 1 0 0 0 0 1 0 0 0 0 1 0 0 0 1 0 1 0], predicted support = [0 1 1 0 0 0 0 0 0 0 0 1 0 0 0 0 0 1 0 0 0 0 1 0 0 0 0 0 1 0])
INFO - 04/10/26 20:40:08 - 1:29:07 - ca, distinguisher - Max Rank: secret not predicted. (true secret = [ 0 -1 -1  0  0  0  0  1  0  0 -1  1 -1  0  0  0  0  1  0  0  0  0  1  0
                                       0  0 -1  0  1  0], predicted secret = [0 1 1 0 0 1 0 0 0 0 0 1 0 0 0 0 0 1 0 0 0 0 1 0 0 0 0 0 0 0], true support = [0 1 1 0 0 0 0 1 0 0 1 1 1 0 0 0 0 1 0 0 0 0 1 0 0 0 1 0 1 0], predicted support = [0 1 1 0 0 1 0 0 0 0 0 1 0 0 0 0 0 1 0 0 0 0 1 0 0 0 0 0 0 0])
INFO - 04/10/26 20:40:08 - 1:29:07 - Hybrid: direct, ca, distinguisher
INFO - 04/10/26 20:40:08 - 1:29:07 - direct, ca, distinguisher - Sum Normalized: secret not predicted. (true secret = [ 0 -1 -1  0  0  0  0  1  0  0 -1  1 -1  0  0  0  0  1  0  0  0  0  1  0
                                       0  0 -1  0  1  0], predicted secret = [0 1 1 0 0 0 0 1 0 0 0 1 0 0 0 0 0 1 0 0 0 0 1 0 0 0 0 0 0 0], true support = [0 1 1 0 0 0 0 1 0 0 1 1 1 0 0 0 0 1 0 0 0 0 1 0 0 0 1 0 1 0], predicted support = [0 1 1 0 0 0 0 1 0 0 0 1 0 0 0 0 0 1 0 0 0 0 1 0 0 0 0 0 0 0])
INFO - 04/10/26 20:40:08 - 1:29:07 - direct, ca, distinguisher - Max Normalized: secret not predicted. (true secret = [ 0 -1 -1  0  0  0  0  1  0  0 -1  1 -1  0  0  0  0  1  0  0  0  0  1  0
                                       0  0 -1  0  1  0], predicted secret = [0 1 1 0 0 0 0 0 0 0 0 1 0 0 0 0 0 1 0 0 0 0 1 0 0 0 0 0 1 0], true support = [0 1 1 0 0 0 0 1 0 0 1 1 1 0 0 0 0 1 0 0 0 0 1 0 0 0 1 0 1 0], predicted support = [0 1 1 0 0 0 0 0 0 0 0 1 0 0 0 0 0 1 0 0 0 0 1 0 0 0 0 0 1 0])
INFO - 04/10/26 20:40:08 - 1:29:07 - direct, ca, distinguisher - Sum Rank: secret not predicted. (true secret = [ 0 -1 -1  0  0  0  0  1  0  0 -1  1 -1  0  0  0  0  1  0  0  0  0  1  0
                                       0  0 -1  0  1  0], predicted secret = [0 1 1 0 0 0 0 1 0 0 0 1 0 0 0 0 0 1 0 0 0 0 1 0 0 0 0 0 0 0], true support = [0 1 1 0 0 0 0 1 0 0 1 1 1 0 0 0 0 1 0 0 0 0 1 0 0 0 1 0 1 0], predicted support = [0 1 1 0 0 0 0 1 0 0 0 1 0 0 0 0 0 1 0 0 0 0 1 0 0 0 0 0 0 0])
INFO - 04/10/26 20:40:08 - 1:29:07 - direct, ca, distinguisher - Max Rank: secret not predicted. (true secret = [ 0 -1 -1  0  0  0  0  1  0  0 -1  1 -1  0  0  0  0  1  0  0  0  0  1  0
                                       0  0 -1  0  1  0], predicted secret = [0 1 1 0 0 0 0 1 0 0 0 0 0 0 0 0 0 1 0 0 0 0 1 0 1 0 0 0 0 0], true support = [0 1 1 0 0 0 0 1 0 0 1 1 1 0 0 0 0 1 0 0 0 0 1 0 0 0 1 0 1 0], predicted support = [0 1 1 0 0 0 0 1 0 0 0 0 0 0 0 0 0 1 0 0 0 0 1 0 1 0 0 0 0 0])
INFO - 04/10/26 20:40:08 - 1:29:07 - Epoch 27 metrics | train_loss: 0.987582 | train_acc1: 52.547685 | train_acc2: 75.123960 | valid_xe_loss: 1.878047 | valid_acc1: 24.980222 | valid_acc2: 30.537975
INFO - 04/10/26 20:40:08 - 1:29:07 - __log__:{"train_loss": 0.9875818885295573, "train_acc1": 52.547684740882914, "train_acc2": 75.12396033269354, "epoch": 27, "valid_xe_loss": 1.878047089033489, "valid_acc1": 24.980221518987342, "valid_acc2": 30.537974683544302}
INFO - 04/10/26 20:40:08 - 1:29:07 - Saving checkpoint to /home/yu_mcc/PQC_salsa/runs/n30_q127_h3_1m/train_gpu_ternary_h10_secret0_init0_epoch200000/checkpoint.pth ...
WARNING - 04/10/26 20:40:08 - 1:29:07 - Saving encoder parameters ...
WARNING - 04/10/26 20:40:08 - 1:29:07 - Saving decoder parameters ...
WARNING - 04/10/26 20:40:08 - 1:29:07 - Saving optimizer ...
INFO - 04/10/26 20:40:08 - 1:29:07 - ============ Starting epoch 28 ... ============
INFO - 04/10/26 20:40:11 - 1:29:10 -   43800 -  142.90 equations/s -  9145.74 words/s - MEM: 1.36 GB - LOSS:  0.9682 || ACC1: 53.3420 || ACC2: 76.1719 - LR: 1.0000e-05
INFO - 04/10/26 20:40:16 - 1:29:15 -   43850 - 1359.78 equations/s - 87025.83 words/s - MEM: 1.36 GB - LOSS:  0.9580 || ACC1: 53.5938 || ACC2: 76.7031 - LR: 1.0000e-05
INFO - 04/10/26 20:40:21 - 1:29:19 -   43900 - 1379.14 equations/s - 88265.17 words/s - MEM: 1.36 GB - LOSS:  0.9666 || ACC1: 52.8125 || ACC2: 76.5000 - LR: 1.0000e-05
INFO - 04/10/26 20:40:26 - 1:29:24 -   43950 - 1302.67 equations/s - 83370.91 words/s - MEM: 1.36 GB - LOSS:  0.9583 || ACC1: 53.8594 || ACC2: 76.3281 - LR: 1.0000e-05
INFO - 04/10/26 20:40:34 - 1:29:33 -   44000 -  760.71 equations/s - 48685.55 words/s - MEM: 1.36 GB - LOSS:  0.9674 || ACC1: 53.1719 || ACC2: 76.2500 - LR: 1.0000e-05
INFO - 04/10/26 20:40:39 - 1:29:38 -   44050 - 1316.63 equations/s - 84264.46 words/s - MEM: 1.36 GB - LOSS:  0.9630 || ACC1: 52.6562 || ACC2: 76.1406 - LR: 1.0000e-05
INFO - 04/10/26 20:40:44 - 1:29:42 -   44100 - 1359.78 equations/s - 87026.04 words/s - MEM: 1.36 GB - LOSS:  0.9508 || ACC1: 53.3125 || ACC2: 77.5156 - LR: 1.0000e-05
INFO - 04/10/26 20:40:48 - 1:29:47 -   44150 - 1351.73 equations/s - 86510.42 words/s - MEM: 1.36 GB - LOSS:  0.9574 || ACC1: 53.8438 || ACC2: 76.9531 - LR: 1.0000e-05
INFO - 04/10/26 20:40:53 - 1:29:52 -   44200 - 1348.02 equations/s - 86273.37 words/s - MEM: 1.36 GB - LOSS:  0.9490 || ACC1: 54.0938 || ACC2: 76.8750 - LR: 1.0000e-05
INFO - 04/10/26 20:40:58 - 1:29:57 -   44250 - 1323.29 equations/s - 84690.48 words/s - MEM: 1.36 GB - LOSS:  0.9461 || ACC1: 54.7812 || ACC2: 78.2656 - LR: 1.0000e-05
INFO - 04/10/26 20:41:03 - 1:30:01 -   44300 - 1343.48 equations/s - 85982.54 words/s - MEM: 1.36 GB - LOSS:  0.9580 || ACC1: 53.9219 || ACC2: 76.5781 - LR: 1.0000e-05
INFO - 04/10/26 20:41:11 - 1:30:10 -   44350 -  751.32 equations/s - 48084.46 words/s - MEM: 1.36 GB - LOSS:  0.9423 || ACC1: 54.9688 || ACC2: 77.5156 - LR: 1.0000e-05
INFO - 04/10/26 20:41:16 - 1:30:15 -   44400 - 1376.81 equations/s - 88115.54 words/s - MEM: 1.36 GB - LOSS:  0.9529 || ACC1: 52.9375 || ACC2: 76.7656 - LR: 1.0000e-05
INFO - 04/10/26 20:41:20 - 1:30:19 -   44450 - 1409.13 equations/s - 90184.24 words/s - MEM: 1.36 GB - LOSS:  0.9575 || ACC1: 52.4844 || ACC2: 76.6719 - LR: 1.0000e-05
INFO - 04/10/26 20:41:25 - 1:30:24 -   44500 - 1430.44 equations/s - 91548.45 words/s - MEM: 1.36 GB - LOSS:  0.9338 || ACC1: 54.5000 || ACC2: 78.0000 - LR: 1.0000e-05
INFO - 04/10/26 20:41:29 - 1:30:28 -   44550 - 1390.27 equations/s - 88977.22 words/s - MEM: 1.36 GB - LOSS:  0.9382 || ACC1: 54.9688 || ACC2: 77.6406 - LR: 1.0000e-05
INFO - 04/10/26 20:41:34 - 1:30:33 -   44600 - 1354.70 equations/s - 86700.56 words/s - MEM: 1.36 GB - LOSS:  0.9293 || ACC1: 54.5000 || ACC2: 78.2656 - LR: 1.0000e-05
INFO - 04/10/26 20:41:39 - 1:30:38 -   44650 - 1311.19 equations/s - 83916.03 words/s - MEM: 1.36 GB - LOSS:  0.9432 || ACC1: 55.5312 || ACC2: 78.1562 - LR: 1.0000e-05
INFO - 04/10/26 20:41:47 - 1:30:46 -   44700 -  778.46 equations/s - 49821.44 words/s - MEM: 1.36 GB - LOSS:  0.9336 || ACC1: 53.8125 || ACC2: 77.5000 - LR: 1.0000e-05
INFO - 04/10/26 20:41:52 - 1:30:51 -   44750 - 1319.05 equations/s - 84419.20 words/s - MEM: 1.36 GB - LOSS:  0.9320 || ACC1: 54.3125 || ACC2: 78.0781 - LR: 1.0000e-05
INFO - 04/10/26 20:41:57 - 1:30:55 -   44800 - 1413.70 equations/s - 90476.94 words/s - MEM: 1.36 GB - LOSS:  0.9187 || ACC1: 55.3906 || ACC2: 79.2188 - LR: 1.0000e-05
INFO - 04/10/26 20:42:01 - 1:31:00 -   44850 - 1464.95 equations/s - 93756.81 words/s - MEM: 1.36 GB - LOSS:  0.9345 || ACC1: 53.4375 || ACC2: 77.0000 - LR: 1.0000e-05
INFO - 04/10/26 20:42:06 - 1:31:04 -   44900 - 1405.17 equations/s - 89931.09 words/s - MEM: 1.36 GB - LOSS:  0.9470 || ACC1: 53.7500 || ACC2: 77.4844 - LR: 1.0000e-05
INFO - 04/10/26 20:42:10 - 1:31:09 -   44950 - 1423.38 equations/s - 91096.53 words/s - MEM: 1.36 GB - LOSS:  0.9259 || ACC1: 54.6094 || ACC2: 78.3125 - LR: 1.0000e-05
INFO - 04/10/26 20:42:15 - 1:31:13 -   45000 - 1393.94 equations/s - 89212.10 words/s - MEM: 1.36 GB - LOSS:  0.9214 || ACC1: 53.8906 || ACC2: 78.9375 - LR: 1.0000e-05
INFO - 04/10/26 20:42:23 - 1:31:21 -   45050 -  800.04 equations/s - 51202.76 words/s - MEM: 1.36 GB - LOSS:  0.9329 || ACC1: 54.2656 || ACC2: 77.8125 - LR: 1.0000e-05
INFO - 04/10/26 20:42:27 - 1:31:26 -   45100 - 1401.00 equations/s - 89664.26 words/s - MEM: 1.36 GB - LOSS:  0.9191 || ACC1: 55.7500 || ACC2: 78.7969 - LR: 1.0000e-05
INFO - 04/10/26 20:42:32 - 1:31:31 -   45150 - 1348.80 equations/s - 86323.18 words/s - MEM: 1.36 GB - LOSS:  0.9120 || ACC1: 55.8906 || ACC2: 79.3438 - LR: 1.0000e-05
INFO - 04/10/26 20:42:37 - 1:31:35 -   45200 - 1391.08 equations/s - 89029.18 words/s - MEM: 1.36 GB - LOSS:  0.9145 || ACC1: 55.9688 || ACC2: 78.5625 - LR: 1.0000e-05
INFO - 04/10/26 20:42:41 - 1:31:40 -   45250 - 1395.36 equations/s - 89303.10 words/s - MEM: 1.36 GB - LOSS:  0.9218 || ACC1: 54.0000 || ACC2: 78.7344 - LR: 1.0000e-05
INFO - 04/10/26 20:42:46 - 1:31:44 -   45300 - 1402.14 equations/s - 89736.74 words/s - MEM: 1.36 GB - LOSS:  0.9193 || ACC1: 54.5781 || ACC2: 78.0938 - LR: 1.0000e-05
INFO - 04/10/26 20:42:48 - 1:31:47 -   45327 - 1386.68 equations/s - 88747.55 words/s - MEM: 1.36 GB - LOSS:  0.9040 || ACC1: 55.1794 || ACC2: 78.1539 - LR: 1.0000e-05
INFO - 04/10/26 20:42:48 - 1:31:47 - ============ End of epoch 28 ============
INFO - 04/10/26 20:42:48 - 1:31:47 - Starting Distinguisher Method
INFO - 04/10/26 20:43:06 - 1:32:04 - Distinguishing 0s using the emd. 
INFO - 04/10/26 20:43:06 - 1:32:04 - Distinguishing +/-1s using the emd. 
INFO - 04/10/26 20:43:06 - 1:32:04 - Real secret: -1: {np.int64(1), np.int64(2), np.int64(10), np.int64(12), np.int64(26)}, 1: {np.int64(7), np.int64(11), np.int64(17), np.int64(22), np.int64(28)}
INFO - 04/10/26 20:43:06 - 1:32:04 - Distinguishing +/-1s using the mean. 
INFO - 04/10/26 20:43:06 - 1:32:04 - Real secret: -1: {np.int64(1), np.int64(2), np.int64(10), np.int64(12), np.int64(26)}, 1: {np.int64(7), np.int64(11), np.int64(17), np.int64(22), np.int64(28)}
INFO - 04/10/26 20:43:06 - 1:32:04 - Distinguishing 0s using the mean. 
INFO - 04/10/26 20:43:06 - 1:32:04 - Distinguishing +/-1s using the emd. 
INFO - 04/10/26 20:43:06 - 1:32:04 - Real secret: -1: {np.int64(1), np.int64(2), np.int64(10), np.int64(12), np.int64(26)}, 1: {np.int64(7), np.int64(11), np.int64(17), np.int64(22), np.int64(28)}
INFO - 04/10/26 20:43:06 - 1:32:04 - Distinguishing +/-1s using the mean. 
INFO - 04/10/26 20:43:06 - 1:32:04 - Real secret: -1: {np.int64(1), np.int64(2), np.int64(10), np.int64(12), np.int64(26)}, 1: {np.int64(7), np.int64(11), np.int64(17), np.int64(22), np.int64(28)}
INFO - 04/10/26 20:43:06 - 1:32:04 - Starting Direct Method
INFO - 04/10/26 20:43:06 - 1:32:04 - Direct:  K=87
INFO - 04/10/26 20:43:06 - 1:32:05 - Direct:  K=41
INFO - 04/10/26 20:43:06 - 1:32:05 - Direct:  K=84
INFO - 04/10/26 20:43:06 - 1:32:05 - Direct:  K=70
INFO - 04/10/26 20:43:06 - 1:32:05 - Direct:  K=54
INFO - 04/10/26 20:43:06 - 1:32:05 - Direct:  K=84
INFO - 04/10/26 20:43:06 - 1:32:05 - Direct:  K=84
INFO - 04/10/26 20:43:07 - 1:32:05 - Direct:  K=73
INFO - 04/10/26 20:43:07 - 1:32:06 - Direct:  K=79
INFO - 04/10/26 20:43:07 - 1:32:06 - Direct:  K=78
INFO - 04/10/26 20:43:07 - 1:32:06 - Direct:  K=87
INFO - 04/10/26 20:43:07 - 1:32:06 - Direct:  K=79
INFO - 04/10/26 20:43:07 - 1:32:06 - Direct:  K=51
INFO - 04/10/26 20:43:08 - 1:32:06 - Direct:  K=90
INFO - 04/10/26 20:43:08 - 1:32:06 - Direct:  K=71
INFO - 04/10/26 20:43:08 - 1:32:07 - Direct: secret not predicted. (true secret = [ 0 -1 -1  0  0  0  0  1  0  0 -1  1 -1  0  0  0  0  1  0  0  0  0  1  0
                                       0  0 -1  0  1  0], predicted secret = [0 1 1 0 0 0 0 1 0 0 0 0 0 0 0 0 0 0 0 0 0 0 1 1 1 0 0 0 0 0], true support = [0 1 1 0 0 0 0 1 0 0 1 1 1 0 0 0 0 1 0 0 0 0 1 0 0 0 1 0 1 0], predicted support = [0 1 1 0 0 0 0 1 0 0 0 0 0 0 0 0 0 0 0 0 0 0 1 1 1 0 0 0 0 0])
INFO - 04/10/26 20:43:17 - 1:32:16 - CA: secret not predicted. (true secret = [ 0 -1 -1  0  0  0  0  1  0  0 -1  1 -1  0  0  0  0  1  0  0  0  0  1  0
                                       0  0 -1  0  1  0], predicted secret = [0 1 1 0 0 0 0 0 0 0 0 1 1 0 0 0 0 1 0 0 0 0 0 1 0 0 0 0 0 0], true support = [0 1 1 0 0 0 0 1 0 0 1 1 1 0 0 0 0 1 0 0 0 0 1 0 0 0 1 0 1 0], predicted support = [0 1 1 0 0 0 0 0 0 0 0 1 1 0 0 0 0 1 0 0 0 0 0 1 0 0 0 0 0 0])
INFO - 04/10/26 20:43:17 - 1:32:16 - CA: secret not predicted. (true secret = [ 0 -1 -1  0  0  0  0  1  0  0 -1  1 -1  0  0  0  0  1  0  0  0  0  1  0
                                       0  0 -1  0  1  0], predicted secret = [0 1 0 0 0 1 0 1 0 0 1 0 0 0 0 0 0 1 0 0 0 0 0 0 0 1 0 0 0 0], true support = [0 1 1 0 0 0 0 1 0 0 1 1 1 0 0 0 0 1 0 0 0 0 1 0 0 0 1 0 1 0], predicted support = [0 1 0 0 0 1 0 1 0 0 1 0 0 0 0 0 0 1 0 0 0 0 0 0 0 1 0 0 0 0])
INFO - 04/10/26 20:43:17 - 1:32:16 - Hybrid: direct, ca
INFO - 04/10/26 20:43:17 - 1:32:16 - direct, ca - Sum Normalized: secret not predicted. (true secret = [ 0 -1 -1  0  0  0  0  1  0  0 -1  1 -1  0  0  0  0  1  0  0  0  0  1  0
                                       0  0 -1  0  1  0], predicted secret = [0 1 1 0 0 0 0 1 0 0 0 0 0 0 0 0 0 1 0 0 0 0 1 1 0 0 0 0 0 0], true support = [0 1 1 0 0 0 0 1 0 0 1 1 1 0 0 0 0 1 0 0 0 0 1 0 0 0 1 0 1 0], predicted support = [0 1 1 0 0 0 0 1 0 0 0 0 0 0 0 0 0 1 0 0 0 0 1 1 0 0 0 0 0 0])
INFO - 04/10/26 20:43:17 - 1:32:16 - direct, ca - Max Normalized: secret not predicted. (true secret = [ 0 -1 -1  0  0  0  0  1  0  0 -1  1 -1  0  0  0  0  1  0  0  0  0  1  0
                                       0  0 -1  0  1  0], predicted secret = [0 1 1 0 0 1 0 1 0 0 0 1 0 0 0 0 0 1 0 0 0 0 0 0 0 0 0 0 0 0], true support = [0 1 1 0 0 0 0 1 0 0 1 1 1 0 0 0 0 1 0 0 0 0 1 0 0 0 1 0 1 0], predicted support = [0 1 1 0 0 1 0 1 0 0 0 1 0 0 0 0 0 1 0 0 0 0 0 0 0 0 0 0 0 0])
INFO - 04/10/26 20:43:17 - 1:32:16 - direct, ca - Sum Rank: secret not predicted. (true secret = [ 0 -1 -1  0  0  0  0  1  0  0 -1  1 -1  0  0  0  0  1  0  0  0  0  1  0
                                       0  0 -1  0  1  0], predicted secret = [0 1 1 0 0 0 0 1 0 0 1 0 0 0 0 0 0 1 0 0 0 0 1 0 0 0 0 0 0 0], true support = [0 1 1 0 0 0 0 1 0 0 1 1 1 0 0 0 0 1 0 0 0 0 1 0 0 0 1 0 1 0], predicted support = [0 1 1 0 0 0 0 1 0 0 1 0 0 0 0 0 0 1 0 0 0 0 1 0 0 0 0 0 0 0])
INFO - 04/10/26 20:43:17 - 1:32:16 - direct, ca - Max Rank: secret not predicted. (true secret = [ 0 -1 -1  0  0  0  0  1  0  0 -1  1 -1  0  0  0  0  1  0  0  0  0  1  0
                                       0  0 -1  0  1  0], predicted secret = [0 1 1 0 0 1 0 1 0 0 0 0 0 0 0 0 0 1 0 0 0 0 1 0 0 0 0 0 0 0], true support = [0 1 1 0 0 0 0 1 0 0 1 1 1 0 0 0 0 1 0 0 0 0 1 0 0 0 1 0 1 0], predicted support = [0 1 1 0 0 1 0 1 0 0 0 0 0 0 0 0 0 1 0 0 0 0 1 0 0 0 0 0 0 0])
INFO - 04/10/26 20:43:17 - 1:32:16 - Hybrid: direct, distinguisher
INFO - 04/10/26 20:43:17 - 1:32:16 - direct, distinguisher - Sum Normalized: secret not predicted. (true secret = [ 0 -1 -1  0  0  0  0  1  0  0 -1  1 -1  0  0  0  0  1  0  0  0  0  1  0
                                       0  0 -1  0  1  0], predicted secret = [0 1 1 0 0 0 0 1 0 0 1 1 0 0 0 0 0 0 0 0 0 0 1 0 0 0 0 0 0 0], true support = [0 1 1 0 0 0 0 1 0 0 1 1 1 0 0 0 0 1 0 0 0 0 1 0 0 0 1 0 1 0], predicted support = [0 1 1 0 0 0 0 1 0 0 1 1 0 0 0 0 0 0 0 0 0 0 1 0 0 0 0 0 0 0])
INFO - 04/10/26 20:43:17 - 1:32:16 - direct, distinguisher - Max Normalized: secret not predicted. (true secret = [ 0 -1 -1  0  0  0  0  1  0  0 -1  1 -1  0  0  0  0  1  0  0  0  0  1  0
                                       0  0 -1  0  1  0], predicted secret = [0 0 1 0 0 0 0 1 0 0 1 1 0 0 0 0 0 1 0 0 0 0 0 0 0 0 0 0 1 0], true support = [0 1 1 0 0 0 0 1 0 0 1 1 1 0 0 0 0 1 0 0 0 0 1 0 0 0 1 0 1 0], predicted support = [0 0 1 0 0 0 0 1 0 0 1 1 0 0 0 0 0 1 0 0 0 0 0 0 0 0 0 0 1 0])
INFO - 04/10/26 20:43:17 - 1:32:16 - direct, distinguisher - Sum Rank: secret not predicted. (true secret = [ 0 -1 -1  0  0  0  0  1  0  0 -1  1 -1  0  0  0  0  1  0  0  0  0  1  0
                                       0  0 -1  0  1  0], predicted secret = [0 1 1 0 0 0 0 1 0 0 1 1 0 0 0 0 0 0 0 0 0 0 1 0 0 0 0 0 0 0], true support = [0 1 1 0 0 0 0 1 0 0 1 1 1 0 0 0 0 1 0 0 0 0 1 0 0 0 1 0 1 0], predicted support = [0 1 1 0 0 0 0 1 0 0 1 1 0 0 0 0 0 0 0 0 0 0 1 0 0 0 0 0 0 0])
INFO - 04/10/26 20:43:17 - 1:32:16 - direct, distinguisher - Max Rank: secret not predicted. (true secret = [ 0 -1 -1  0  0  0  0  1  0  0 -1  1 -1  0  0  0  0  1  0  0  0  0  1  0
                                       0  0 -1  0  1  0], predicted secret = [0 1 1 0 0 0 0 1 0 0 0 0 0 0 0 0 0 1 0 0 0 0 1 0 0 0 0 0 1 0], true support = [0 1 1 0 0 0 0 1 0 0 1 1 1 0 0 0 0 1 0 0 0 0 1 0 0 0 1 0 1 0], predicted support = [0 1 1 0 0 0 0 1 0 0 0 0 0 0 0 0 0 1 0 0 0 0 1 0 0 0 0 0 1 0])
INFO - 04/10/26 20:43:17 - 1:32:16 - Hybrid: ca, distinguisher
INFO - 04/10/26 20:43:17 - 1:32:16 - ca, distinguisher - Sum Normalized: secret not predicted. (true secret = [ 0 -1 -1  0  0  0  0  1  0  0 -1  1 -1  0  0  0  0  1  0  0  0  0  1  0
                                       0  0 -1  0  1  0], predicted secret = [0 1 1 0 0 0 0 0 0 0 1 1 0 0 0 0 0 1 0 0 0 0 0 0 0 0 0 0 1 0], true support = [0 1 1 0 0 0 0 1 0 0 1 1 1 0 0 0 0 1 0 0 0 0 1 0 0 0 1 0 1 0], predicted support = [0 1 1 0 0 0 0 0 0 0 1 1 0 0 0 0 0 1 0 0 0 0 0 0 0 0 0 0 1 0])
INFO - 04/10/26 20:43:17 - 1:32:16 - ca, distinguisher - Max Normalized: secret not predicted. (true secret = [ 0 -1 -1  0  0  0  0  1  0  0 -1  1 -1  0  0  0  0  1  0  0  0  0  1  0
                                       0  0 -1  0  1  0], predicted secret = [0 0 1 0 0 0 0 1 0 0 1 1 0 0 0 0 0 1 0 0 0 0 0 0 0 0 0 0 1 0], true support = [0 1 1 0 0 0 0 1 0 0 1 1 1 0 0 0 0 1 0 0 0 0 1 0 0 0 1 0 1 0], predicted support = [0 0 1 0 0 0 0 1 0 0 1 1 0 0 0 0 0 1 0 0 0 0 0 0 0 0 0 0 1 0])
INFO - 04/10/26 20:43:17 - 1:32:16 - ca, distinguisher - Sum Rank: secret not predicted. (true secret = [ 0 -1 -1  0  0  0  0  1  0  0 -1  1 -1  0  0  0  0  1  0  0  0  0  1  0
                                       0  0 -1  0  1  0], predicted secret = [0 1 1 0 0 0 0 0 0 0 1 1 0 0 0 0 0 1 0 0 0 0 0 0 0 0 0 0 1 0], true support = [0 1 1 0 0 0 0 1 0 0 1 1 1 0 0 0 0 1 0 0 0 0 1 0 0 0 1 0 1 0], predicted support = [0 1 1 0 0 0 0 0 0 0 1 1 0 0 0 0 0 1 0 0 0 0 0 0 0 0 0 0 1 0])
INFO - 04/10/26 20:43:17 - 1:32:16 - ca, distinguisher - Max Rank: secret not predicted. (true secret = [ 0 -1 -1  0  0  0  0  1  0  0 -1  1 -1  0  0  0  0  1  0  0  0  0  1  0
                                       0  0 -1  0  1  0], predicted secret = [0 1 1 0 0 1 0 0 0 0 1 0 0 0 0 0 0 1 0 0 0 0 0 0 0 0 0 0 1 0], true support = [0 1 1 0 0 0 0 1 0 0 1 1 1 0 0 0 0 1 0 0 0 0 1 0 0 0 1 0 1 0], predicted support = [0 1 1 0 0 1 0 0 0 0 1 0 0 0 0 0 0 1 0 0 0 0 0 0 0 0 0 0 1 0])
INFO - 04/10/26 20:43:17 - 1:32:16 - Hybrid: direct, ca, distinguisher
INFO - 04/10/26 20:43:17 - 1:32:16 - direct, ca, distinguisher - Sum Normalized: secret not predicted. (true secret = [ 0 -1 -1  0  0  0  0  1  0  0 -1  1 -1  0  0  0  0  1  0  0  0  0  1  0
                                       0  0 -1  0  1  0], predicted secret = [0 1 1 0 0 0 0 1 0 0 1 0 0 0 0 0 0 1 0 0 0 0 1 0 0 0 0 0 0 0], true support = [0 1 1 0 0 0 0 1 0 0 1 1 1 0 0 0 0 1 0 0 0 0 1 0 0 0 1 0 1 0], predicted support = [0 1 1 0 0 0 0 1 0 0 1 0 0 0 0 0 0 1 0 0 0 0 1 0 0 0 0 0 0 0])
INFO - 04/10/26 20:43:17 - 1:32:16 - direct, ca, distinguisher - Max Normalized: secret not predicted. (true secret = [ 0 -1 -1  0  0  0  0  1  0  0 -1  1 -1  0  0  0  0  1  0  0  0  0  1  0
                                       0  0 -1  0  1  0], predicted secret = [0 0 1 0 0 0 0 1 0 0 1 1 0 0 0 0 0 1 0 0 0 0 0 0 0 0 0 0 1 0], true support = [0 1 1 0 0 0 0 1 0 0 1 1 1 0 0 0 0 1 0 0 0 0 1 0 0 0 1 0 1 0], predicted support = [0 0 1 0 0 0 0 1 0 0 1 1 0 0 0 0 0 1 0 0 0 0 0 0 0 0 0 0 1 0])
INFO - 04/10/26 20:43:17 - 1:32:16 - direct, ca, distinguisher - Sum Rank: secret not predicted. (true secret = [ 0 -1 -1  0  0  0  0  1  0  0 -1  1 -1  0  0  0  0  1  0  0  0  0  1  0
                                       0  0 -1  0  1  0], predicted secret = [0 1 1 0 0 0 0 1 0 0 1 1 0 0 0 0 0 1 0 0 0 0 0 0 0 0 0 0 0 0], true support = [0 1 1 0 0 0 0 1 0 0 1 1 1 0 0 0 0 1 0 0 0 0 1 0 0 0 1 0 1 0], predicted support = [0 1 1 0 0 0 0 1 0 0 1 1 0 0 0 0 0 1 0 0 0 0 0 0 0 0 0 0 0 0])
INFO - 04/10/26 20:43:17 - 1:32:16 - direct, ca, distinguisher - Max Rank: secret not predicted. (true secret = [ 0 -1 -1  0  0  0  0  1  0  0 -1  1 -1  0  0  0  0  1  0  0  0  0  1  0
                                       0  0 -1  0  1  0], predicted secret = [0 1 1 0 0 0 0 1 0 0 0 0 0 0 0 0 0 1 0 0 0 0 1 0 0 0 0 0 1 0], true support = [0 1 1 0 0 0 0 1 0 0 1 1 1 0 0 0 0 1 0 0 0 0 1 0 0 0 1 0 1 0], predicted support = [0 1 1 0 0 0 0 1 0 0 0 0 0 0 0 0 0 1 0 0 0 0 1 0 0 0 0 0 1 0])
INFO - 04/10/26 20:43:17 - 1:32:16 - Epoch 28 metrics | train_loss: 0.940181 | train_acc1: 54.184161 | train_acc2: 77.608665 | valid_xe_loss: 1.946702 | valid_acc1: 24.485759 | valid_acc2: 29.074367
INFO - 04/10/26 20:43:17 - 1:32:16 - __log__:{"train_loss": 0.9401805735671666, "train_acc1": 54.184161068458096, "train_acc2": 77.60866522712732, "epoch": 28, "valid_xe_loss": 1.9467024652263787, "valid_acc1": 24.485759493670887, "valid_acc2": 29.074367088607595}
INFO - 04/10/26 20:43:17 - 1:32:16 - Saving checkpoint to /home/yu_mcc/PQC_salsa/runs/n30_q127_h3_1m/train_gpu_ternary_h10_secret0_init0_epoch200000/checkpoint.pth ...
WARNING - 04/10/26 20:43:17 - 1:32:16 - Saving encoder parameters ...
WARNING - 04/10/26 20:43:17 - 1:32:16 - Saving decoder parameters ...
WARNING - 04/10/26 20:43:17 - 1:32:16 - Saving optimizer ...
INFO - 04/10/26 20:43:17 - 1:32:16 - ============ Starting epoch 29 ... ============
INFO - 04/10/26 20:43:19 - 1:32:18 -   45350 -   94.45 equations/s -  6045.00 words/s - MEM: 1.36 GB - LOSS:  0.9103 || ACC1: 55.9783 || ACC2: 78.6685 - LR: 1.0000e-05
INFO - 04/10/26 20:43:24 - 1:32:23 -   45400 - 1395.08 equations/s - 89285.05 words/s - MEM: 1.36 GB - LOSS:  0.9101 || ACC1: 55.7344 || ACC2: 78.6875 - LR: 1.0000e-05
INFO - 04/10/26 20:43:28 - 1:32:27 -   45450 - 1442.74 equations/s - 92335.42 words/s - MEM: 1.36 GB - LOSS:  0.9171 || ACC1: 54.0938 || ACC2: 78.0469 - LR: 1.0000e-05
INFO - 04/10/26 20:43:37 - 1:32:35 -   45500 -  789.31 equations/s - 50515.53 words/s - MEM: 1.36 GB - LOSS:  0.9091 || ACC1: 54.5469 || ACC2: 78.5312 - LR: 1.0000e-05
INFO - 04/10/26 20:43:41 - 1:32:40 -   45550 - 1395.62 equations/s - 89319.71 words/s - MEM: 1.36 GB - LOSS:  0.9082 || ACC1: 55.7344 || ACC2: 78.7812 - LR: 1.0000e-05
INFO - 04/10/26 20:43:46 - 1:32:44 -   45600 - 1437.95 equations/s - 92028.88 words/s - MEM: 1.36 GB - LOSS:  0.9160 || ACC1: 54.3750 || ACC2: 78.4844 - LR: 1.0000e-05
INFO - 04/10/26 20:43:50 - 1:32:49 -   45650 - 1443.05 equations/s - 92355.26 words/s - MEM: 1.36 GB - LOSS:  0.9054 || ACC1: 54.7656 || ACC2: 79.0625 - LR: 1.0000e-05
INFO - 04/10/26 20:43:55 - 1:32:53 -   45700 - 1371.43 equations/s - 87771.56 words/s - MEM: 1.36 GB - LOSS:  0.9038 || ACC1: 56.4844 || ACC2: 79.3125 - LR: 1.0000e-05
INFO - 04/10/26 20:43:59 - 1:32:58 -   45750 - 1399.62 equations/s - 89575.97 words/s - MEM: 1.36 GB - LOSS:  0.9031 || ACC1: 56.1250 || ACC2: 79.2188 - LR: 1.0000e-05
INFO - 04/10/26 20:44:04 - 1:33:02 -   45800 - 1423.24 equations/s - 91087.28 words/s - MEM: 1.36 GB - LOSS:  0.8862 || ACC1: 57.0469 || ACC2: 80.2812 - LR: 1.0000e-05
INFO - 04/10/26 20:44:12 - 1:33:10 -   45850 -  811.92 equations/s - 51962.91 words/s - MEM: 1.36 GB - LOSS:  0.9054 || ACC1: 55.6250 || ACC2: 78.8438 - LR: 1.0000e-05
INFO - 04/10/26 20:44:16 - 1:33:15 -   45900 - 1388.36 equations/s - 88855.09 words/s - MEM: 1.36 GB - LOSS:  0.8977 || ACC1: 56.0469 || ACC2: 79.9062 - LR: 1.0000e-05
INFO - 04/10/26 20:44:21 - 1:33:20 -   45950 - 1336.77 equations/s - 85553.01 words/s - MEM: 1.36 GB - LOSS:  0.9067 || ACC1: 55.1875 || ACC2: 79.3438 - LR: 1.0000e-05
INFO - 04/10/26 20:44:26 - 1:33:24 -   46000 - 1395.21 equations/s - 89293.47 words/s - MEM: 1.36 GB - LOSS:  0.9089 || ACC1: 54.8125 || ACC2: 78.6250 - LR: 1.0000e-05
INFO - 04/10/26 20:44:30 - 1:33:29 -   46050 - 1393.72 equations/s - 89197.84 words/s - MEM: 1.36 GB - LOSS:  0.8858 || ACC1: 56.7969 || ACC2: 79.6562 - LR: 1.0000e-05
INFO - 04/10/26 20:44:35 - 1:33:34 -   46100 - 1332.12 equations/s - 85255.61 words/s - MEM: 1.36 GB - LOSS:  0.8852 || ACC1: 55.0938 || ACC2: 80.0781 - LR: 1.0000e-05
INFO - 04/10/26 20:44:40 - 1:33:38 -   46150 - 1372.95 equations/s - 87868.64 words/s - MEM: 1.36 GB - LOSS:  0.8938 || ACC1: 55.6719 || ACC2: 79.1875 - LR: 1.0000e-05
INFO - 04/10/26 20:44:48 - 1:33:47 -   46200 -  778.77 equations/s - 49841.56 words/s - MEM: 1.36 GB - LOSS:  0.8888 || ACC1: 55.8594 || ACC2: 79.9531 - LR: 1.0000e-05
INFO - 04/10/26 20:44:52 - 1:33:51 -   46250 - 1427.60 equations/s - 91366.26 words/s - MEM: 1.36 GB - LOSS:  0.8833 || ACC1: 56.7188 || ACC2: 80.3906 - LR: 1.0000e-05
INFO - 04/10/26 20:44:57 - 1:33:56 -   46300 - 1408.60 equations/s - 90150.20 words/s - MEM: 1.36 GB - LOSS:  0.8889 || ACC1: 55.1875 || ACC2: 79.8906 - LR: 1.0000e-05
INFO - 04/10/26 20:45:01 - 1:34:00 -   46350 - 1415.21 equations/s - 90573.41 words/s - MEM: 1.36 GB - LOSS:  0.8847 || ACC1: 56.5000 || ACC2: 80.2656 - LR: 1.0000e-05
INFO - 04/10/26 20:45:06 - 1:34:05 -   46400 - 1366.24 equations/s - 87439.24 words/s - MEM: 1.36 GB - LOSS:  0.8774 || ACC1: 54.9219 || ACC2: 80.0156 - LR: 1.0000e-05
INFO - 04/10/26 20:45:11 - 1:34:09 -   46450 - 1391.39 equations/s - 89049.12 words/s - MEM: 1.36 GB - LOSS:  0.8829 || ACC1: 57.6875 || ACC2: 80.5625 - LR: 1.0000e-05
INFO - 04/10/26 20:45:15 - 1:34:14 -   46500 - 1388.53 equations/s - 88866.03 words/s - MEM: 1.36 GB - LOSS:  0.8871 || ACC1: 56.5156 || ACC2: 80.1250 - LR: 1.0000e-05
INFO - 04/10/26 20:45:24 - 1:34:22 -   46550 -  777.64 equations/s - 49768.99 words/s - MEM: 1.36 GB - LOSS:  0.8811 || ACC1: 57.2188 || ACC2: 80.7188 - LR: 1.0000e-05
INFO - 04/10/26 20:45:28 - 1:34:27 -   46600 - 1421.68 equations/s - 90987.70 words/s - MEM: 1.36 GB - LOSS:  0.8772 || ACC1: 56.7656 || ACC2: 80.4844 - LR: 1.0000e-05
INFO - 04/10/26 20:45:33 - 1:34:31 -   46650 - 1377.39 equations/s - 88153.18 words/s - MEM: 1.36 GB - LOSS:  0.8811 || ACC1: 55.9375 || ACC2: 80.3438 - LR: 1.0000e-05
INFO - 04/10/26 20:45:37 - 1:34:36 -   46700 - 1377.05 equations/s - 88131.01 words/s - MEM: 1.36 GB - LOSS:  0.8704 || ACC1: 56.4844 || ACC2: 80.5312 - LR: 1.0000e-05
INFO - 04/10/26 20:45:42 - 1:34:41 -   46750 - 1371.60 equations/s - 87782.54 words/s - MEM: 1.36 GB - LOSS:  0.8729 || ACC1: 57.1406 || ACC2: 80.6719 - LR: 1.0000e-05
INFO - 04/10/26 20:45:47 - 1:34:46 -   46800 - 1349.43 equations/s - 86363.82 words/s - MEM: 1.36 GB - LOSS:  0.8720 || ACC1: 57.5469 || ACC2: 80.3281 - LR: 1.0000e-05
INFO - 04/10/26 20:45:51 - 1:34:50 -   46850 - 1451.62 equations/s - 92903.78 words/s - MEM: 1.36 GB - LOSS:  0.8664 || ACC1: 57.4844 || ACC2: 80.8594 - LR: 1.0000e-05
INFO - 04/10/26 20:45:58 - 1:34:57 -   46890 -  710.82 equations/s - 45492.29 words/s - MEM: 1.36 GB - LOSS:  0.8726 || ACC1: 57.8516 || ACC2: 80.8984 - LR: 1.0000e-05
INFO - 04/10/26 20:45:58 - 1:34:57 - ============ End of epoch 29 ============
INFO - 04/10/26 20:45:58 - 1:34:57 - Starting Distinguisher Method
INFO - 04/10/26 20:46:12 - 1:35:10 - Distinguishing 0s using the emd. 
INFO - 04/10/26 20:46:12 - 1:35:10 - Distinguishing +/-1s using the emd. 
INFO - 04/10/26 20:46:12 - 1:35:10 - Real secret: -1: {np.int64(1), np.int64(2), np.int64(10), np.int64(12), np.int64(26)}, 1: {np.int64(7), np.int64(11), np.int64(17), np.int64(22), np.int64(28)}
INFO - 04/10/26 20:46:12 - 1:35:10 - Distinguishing +/-1s using the mean. 
INFO - 04/10/26 20:46:12 - 1:35:10 - Real secret: -1: {np.int64(1), np.int64(2), np.int64(10), np.int64(12), np.int64(26)}, 1: {np.int64(7), np.int64(11), np.int64(17), np.int64(22), np.int64(28)}
INFO - 04/10/26 20:46:12 - 1:35:10 - Distinguishing 0s using the mean. 
INFO - 04/10/26 20:46:12 - 1:35:10 - Distinguishing +/-1s using the emd. 
INFO - 04/10/26 20:46:12 - 1:35:10 - Real secret: -1: {np.int64(1), np.int64(2), np.int64(10), np.int64(12), np.int64(26)}, 1: {np.int64(7), np.int64(11), np.int64(17), np.int64(22), np.int64(28)}
INFO - 04/10/26 20:46:12 - 1:35:10 - Distinguishing +/-1s using the mean. 
INFO - 04/10/26 20:46:12 - 1:35:10 - Real secret: -1: {np.int64(1), np.int64(2), np.int64(10), np.int64(12), np.int64(26)}, 1: {np.int64(7), np.int64(11), np.int64(17), np.int64(22), np.int64(28)}
INFO - 04/10/26 20:46:12 - 1:35:10 - Starting Direct Method
INFO - 04/10/26 20:46:12 - 1:35:10 - Direct:  K=91
INFO - 04/10/26 20:46:12 - 1:35:10 - Direct:  K=80
INFO - 04/10/26 20:46:12 - 1:35:10 - Direct:  K=70
INFO - 04/10/26 20:46:12 - 1:35:11 - Direct:  K=74
INFO - 04/10/26 20:46:12 - 1:35:11 - Direct:  K=50
INFO - 04/10/26 20:46:12 - 1:35:11 - Direct:  K=91
INFO - 04/10/26 20:46:12 - 1:35:11 - Direct:  K=41
INFO - 04/10/26 20:46:12 - 1:35:11 - Direct:  K=78
INFO - 04/10/26 20:46:12 - 1:35:11 - Direct:  K=91
INFO - 04/10/26 20:46:12 - 1:35:11 - Direct:  K=53
INFO - 04/10/26 20:46:13 - 1:35:11 - Direct:  K=80
INFO - 04/10/26 20:46:13 - 1:35:11 - Direct:  K=79
INFO - 04/10/26 20:46:13 - 1:35:12 - Direct:  K=58
INFO - 04/10/26 20:46:13 - 1:35:12 - Direct:  K=46
INFO - 04/10/26 20:46:13 - 1:35:12 - Direct:  K=60
INFO - 04/10/26 20:46:13 - 1:35:12 - Direct: secret not predicted. (true secret = [ 0 -1 -1  0  0  0  0  1  0  0 -1  1 -1  0  0  0  0  1  0  0  0  0  1  0
                                       0  0 -1  0  1  0], predicted secret = [0 1 0 0 0 0 0 1 0 0 0 1 0 0 0 0 0 0 0 0 0 0 1 1 1 0 0 0 0 0], true support = [0 1 1 0 0 0 0 1 0 0 1 1 1 0 0 0 0 1 0 0 0 0 1 0 0 0 1 0 1 0], predicted support = [0 1 0 0 0 0 0 1 0 0 0 1 0 0 0 0 0 0 0 0 0 0 1 1 1 0 0 0 0 0])
INFO - 04/10/26 20:46:22 - 1:35:21 - CA: secret not predicted. (true secret = [ 0 -1 -1  0  0  0  0  1  0  0 -1  1 -1  0  0  0  0  1  0  0  0  0  1  0
                                       0  0 -1  0  1  0], predicted secret = [0 1 1 0 0 0 0 0 0 0 0 1 1 0 0 0 0 1 0 0 0 0 0 1 0 0 0 0 0 0], true support = [0 1 1 0 0 0 0 1 0 0 1 1 1 0 0 0 0 1 0 0 0 0 1 0 0 0 1 0 1 0], predicted support = [0 1 1 0 0 0 0 0 0 0 0 1 1 0 0 0 0 1 0 0 0 0 0 1 0 0 0 0 0 0])
INFO - 04/10/26 20:46:22 - 1:35:21 - CA: secret not predicted. (true secret = [ 0 -1 -1  0  0  0  0  1  0  0 -1  1 -1  0  0  0  0  1  0  0  0  0  1  0
                                       0  0 -1  0  1  0], predicted secret = [0 1 0 0 0 1 0 1 0 0 1 0 0 0 0 0 0 0 0 0 0 0 0 0 0 1 0 0 1 0], true support = [0 1 1 0 0 0 0 1 0 0 1 1 1 0 0 0 0 1 0 0 0 0 1 0 0 0 1 0 1 0], predicted support = [0 1 0 0 0 1 0 1 0 0 1 0 0 0 0 0 0 0 0 0 0 0 0 0 0 1 0 0 1 0])
INFO - 04/10/26 20:46:22 - 1:35:21 - Hybrid: direct, ca
INFO - 04/10/26 20:46:22 - 1:35:21 - direct, ca - Sum Normalized: secret not predicted. (true secret = [ 0 -1 -1  0  0  0  0  1  0  0 -1  1 -1  0  0  0  0  1  0  0  0  0  1  0
                                       0  0 -1  0  1  0], predicted secret = [0 1 1 0 0 0 0 1 0 0 0 0 0 0 0 0 0 1 0 0 0 0 1 1 0 0 0 0 0 0], true support = [0 1 1 0 0 0 0 1 0 0 1 1 1 0 0 0 0 1 0 0 0 0 1 0 0 0 1 0 1 0], predicted support = [0 1 1 0 0 0 0 1 0 0 0 0 0 0 0 0 0 1 0 0 0 0 1 1 0 0 0 0 0 0])
INFO - 04/10/26 20:46:22 - 1:35:21 - direct, ca - Max Normalized: secret not predicted. (true secret = [ 0 -1 -1  0  0  0  0  1  0  0 -1  1 -1  0  0  0  0  1  0  0  0  0  1  0
                                       0  0 -1  0  1  0], predicted secret = [0 1 1 0 0 1 0 1 0 0 0 0 0 0 0 0 0 1 0 0 0 0 0 0 0 1 0 0 0 0], true support = [0 1 1 0 0 0 0 1 0 0 1 1 1 0 0 0 0 1 0 0 0 0 1 0 0 0 1 0 1 0], predicted support = [0 1 1 0 0 1 0 1 0 0 0 0 0 0 0 0 0 1 0 0 0 0 0 0 0 1 0 0 0 0])
INFO - 04/10/26 20:46:22 - 1:35:21 - direct, ca - Sum Rank: secret not predicted. (true secret = [ 0 -1 -1  0  0  0  0  1  0  0 -1  1 -1  0  0  0  0  1  0  0  0  0  1  0
                                       0  0 -1  0  1  0], predicted secret = [0 1 0 0 0 0 0 1 0 0 0 1 0 0 0 0 0 1 0 0 0 0 1 1 0 0 0 0 0 0], true support = [0 1 1 0 0 0 0 1 0 0 1 1 1 0 0 0 0 1 0 0 0 0 1 0 0 0 1 0 1 0], predicted support = [0 1 0 0 0 0 0 1 0 0 0 1 0 0 0 0 0 1 0 0 0 0 1 1 0 0 0 0 0 0])
INFO - 04/10/26 20:46:22 - 1:35:21 - direct, ca - Max Rank: secret not predicted. (true secret = [ 0 -1 -1  0  0  0  0  1  0  0 -1  1 -1  0  0  0  0  1  0  0  0  0  1  0
                                       0  0 -1  0  1  0], predicted secret = [0 1 1 0 0 0 0 1 0 0 0 0 0 0 0 0 0 1 0 0 0 0 1 1 0 0 0 0 0 0], true support = [0 1 1 0 0 0 0 1 0 0 1 1 1 0 0 0 0 1 0 0 0 0 1 0 0 0 1 0 1 0], predicted support = [0 1 1 0 0 0 0 1 0 0 0 0 0 0 0 0 0 1 0 0 0 0 1 1 0 0 0 0 0 0])
INFO - 04/10/26 20:46:22 - 1:35:21 - Hybrid: direct, distinguisher
INFO - 04/10/26 20:46:22 - 1:35:21 - direct, distinguisher - Sum Normalized: secret not predicted. (true secret = [ 0 -1 -1  0  0  0  0  1  0  0 -1  1 -1  0  0  0  0  1  0  0  0  0  1  0
                                       0  0 -1  0  1  0], predicted secret = [0 1 1 0 0 0 0 1 0 0 1 1 0 0 0 0 0 0 0 0 0 0 1 0 0 0 0 0 0 0], true support = [0 1 1 0 0 0 0 1 0 0 1 1 1 0 0 0 0 1 0 0 0 0 1 0 0 0 1 0 1 0], predicted support = [0 1 1 0 0 0 0 1 0 0 1 1 0 0 0 0 0 0 0 0 0 0 1 0 0 0 0 0 0 0])
INFO - 04/10/26 20:46:22 - 1:35:21 - direct, distinguisher - Max Normalized: secret not predicted. (true secret = [ 0 -1 -1  0  0  0  0  1  0  0 -1  1 -1  0  0  0  0  1  0  0  0  0  1  0
                                       0  0 -1  0  1  0], predicted secret = [0 1 1 0 0 0 0 1 0 0 1 1 0 0 0 0 0 0 0 0 0 0 0 0 0 0 0 0 1 0], true support = [0 1 1 0 0 0 0 1 0 0 1 1 1 0 0 0 0 1 0 0 0 0 1 0 0 0 1 0 1 0], predicted support = [0 1 1 0 0 0 0 1 0 0 1 1 0 0 0 0 0 0 0 0 0 0 0 0 0 0 0 0 1 0])
INFO - 04/10/26 20:46:22 - 1:35:21 - direct, distinguisher - Sum Rank: secret not predicted. (true secret = [ 0 -1 -1  0  0  0  0  1  0  0 -1  1 -1  0  0  0  0  1  0  0  0  0  1  0
                                       0  0 -1  0  1  0], predicted secret = [0 1 0 0 0 0 0 1 0 0 0 1 0 0 0 0 0 1 0 0 0 0 1 0 0 0 0 0 1 0], true support = [0 1 1 0 0 0 0 1 0 0 1 1 1 0 0 0 0 1 0 0 0 0 1 0 0 0 1 0 1 0], predicted support = [0 1 0 0 0 0 0 1 0 0 0 1 0 0 0 0 0 1 0 0 0 0 1 0 0 0 0 0 1 0])
INFO - 04/10/26 20:46:22 - 1:35:21 - direct, distinguisher - Max Rank: secret not predicted. (true secret = [ 0 -1 -1  0  0  0  0  1  0  0 -1  1 -1  0  0  0  0  1  0  0  0  0  1  0
                                       0  0 -1  0  1  0], predicted secret = [0 0 1 0 0 0 0 1 0 0 1 1 0 0 0 0 0 0 0 0 0 0 1 1 0 0 0 0 0 0], true support = [0 1 1 0 0 0 0 1 0 0 1 1 1 0 0 0 0 1 0 0 0 0 1 0 0 0 1 0 1 0], predicted support = [0 0 1 0 0 0 0 1 0 0 1 1 0 0 0 0 0 0 0 0 0 0 1 1 0 0 0 0 0 0])
INFO - 04/10/26 20:46:22 - 1:35:21 - Hybrid: ca, distinguisher
INFO - 04/10/26 20:46:22 - 1:35:21 - ca, distinguisher - Sum Normalized: secret not predicted. (true secret = [ 0 -1 -1  0  0  0  0  1  0  0 -1  1 -1  0  0  0  0  1  0  0  0  0  1  0
                                       0  0 -1  0  1  0], predicted secret = [0 1 1 0 0 0 0 0 0 0 1 1 0 0 0 0 0 1 0 0 0 0 0 0 0 0 0 0 1 0], true support = [0 1 1 0 0 0 0 1 0 0 1 1 1 0 0 0 0 1 0 0 0 0 1 0 0 0 1 0 1 0], predicted support = [0 1 1 0 0 0 0 0 0 0 1 1 0 0 0 0 0 1 0 0 0 0 0 0 0 0 0 0 1 0])
INFO - 04/10/26 20:46:22 - 1:35:21 - ca, distinguisher - Max Normalized: secret not predicted. (true secret = [ 0 -1 -1  0  0  0  0  1  0  0 -1  1 -1  0  0  0  0  1  0  0  0  0  1  0
                                       0  0 -1  0  1  0], predicted secret = [0 1 1 0 0 0 0 0 0 0 1 1 0 0 0 0 0 1 0 0 0 0 0 0 0 0 0 0 1 0], true support = [0 1 1 0 0 0 0 1 0 0 1 1 1 0 0 0 0 1 0 0 0 0 1 0 0 0 1 0 1 0], predicted support = [0 1 1 0 0 0 0 0 0 0 1 1 0 0 0 0 0 1 0 0 0 0 0 0 0 0 0 0 1 0])
INFO - 04/10/26 20:46:22 - 1:35:21 - ca, distinguisher - Sum Rank: secret not predicted. (true secret = [ 0 -1 -1  0  0  0  0  1  0  0 -1  1 -1  0  0  0  0  1  0  0  0  0  1  0
                                       0  0 -1  0  1  0], predicted secret = [0 1 1 0 0 0 0 0 0 0 1 1 0 0 0 0 0 1 0 0 0 0 0 0 0 0 0 0 1 0], true support = [0 1 1 0 0 0 0 1 0 0 1 1 1 0 0 0 0 1 0 0 0 0 1 0 0 0 1 0 1 0], predicted support = [0 1 1 0 0 0 0 0 0 0 1 1 0 0 0 0 0 1 0 0 0 0 0 0 0 0 0 0 1 0])
INFO - 04/10/26 20:46:22 - 1:35:21 - ca, distinguisher - Max Rank: secret not predicted. (true secret = [ 0 -1 -1  0  0  0  0  1  0  0 -1  1 -1  0  0  0  0  1  0  0  0  0  1  0
                                       0  0 -1  0  1  0], predicted secret = [0 1 1 0 0 1 0 0 0 0 1 1 0 0 0 0 0 1 0 0 0 0 0 0 0 0 0 0 0 0], true support = [0 1 1 0 0 0 0 1 0 0 1 1 1 0 0 0 0 1 0 0 0 0 1 0 0 0 1 0 1 0], predicted support = [0 1 1 0 0 1 0 0 0 0 1 1 0 0 0 0 0 1 0 0 0 0 0 0 0 0 0 0 0 0])
INFO - 04/10/26 20:46:22 - 1:35:21 - Hybrid: direct, ca, distinguisher
INFO - 04/10/26 20:46:22 - 1:35:21 - direct, ca, distinguisher - Sum Normalized: secret not predicted. (true secret = [ 0 -1 -1  0  0  0  0  1  0  0 -1  1 -1  0  0  0  0  1  0  0  0  0  1  0
                                       0  0 -1  0  1  0], predicted secret = [0 1 1 0 0 0 0 1 0 0 0 1 0 0 0 0 0 1 0 0 0 0 1 0 0 0 0 0 0 0], true support = [0 1 1 0 0 0 0 1 0 0 1 1 1 0 0 0 0 1 0 0 0 0 1 0 0 0 1 0 1 0], predicted support = [0 1 1 0 0 0 0 1 0 0 0 1 0 0 0 0 0 1 0 0 0 0 1 0 0 0 0 0 0 0])
INFO - 04/10/26 20:46:22 - 1:35:21 - direct, ca, distinguisher - Max Normalized: secret not predicted. (true secret = [ 0 -1 -1  0  0  0  0  1  0  0 -1  1 -1  0  0  0  0  1  0  0  0  0  1  0
                                       0  0 -1  0  1  0], predicted secret = [0 0 1 0 0 0 0 1 0 0 1 1 0 0 0 0 0 1 0 0 0 0 0 0 0 0 0 0 1 0], true support = [0 1 1 0 0 0 0 1 0 0 1 1 1 0 0 0 0 1 0 0 0 0 1 0 0 0 1 0 1 0], predicted support = [0 0 1 0 0 0 0 1 0 0 1 1 0 0 0 0 0 1 0 0 0 0 0 0 0 0 0 0 1 0])
INFO - 04/10/26 20:46:22 - 1:35:21 - direct, ca, distinguisher - Sum Rank: secret not predicted. (true secret = [ 0 -1 -1  0  0  0  0  1  0  0 -1  1 -1  0  0  0  0  1  0  0  0  0  1  0
                                       0  0 -1  0  1  0], predicted secret = [0 1 1 0 0 0 0 1 0 0 0 1 0 0 0 0 0 1 0 0 0 0 1 0 0 0 0 0 0 0], true support = [0 1 1 0 0 0 0 1 0 0 1 1 1 0 0 0 0 1 0 0 0 0 1 0 0 0 1 0 1 0], predicted support = [0 1 1 0 0 0 0 1 0 0 0 1 0 0 0 0 0 1 0 0 0 0 1 0 0 0 0 0 0 0])
INFO - 04/10/26 20:46:22 - 1:35:21 - direct, ca, distinguisher - Max Rank: secret not predicted. (true secret = [ 0 -1 -1  0  0  0  0  1  0  0 -1  1 -1  0  0  0  0  1  0  0  0  0  1  0
                                       0  0 -1  0  1  0], predicted secret = [0 0 1 0 0 0 0 1 0 0 1 1 0 0 0 0 0 1 0 0 0 0 0 1 0 0 0 0 0 0], true support = [0 1 1 0 0 0 0 1 0 0 1 1 1 0 0 0 0 1 0 0 0 0 1 0 0 0 1 0 1 0], predicted support = [0 0 1 0 0 0 0 1 0 0 1 1 0 0 0 0 0 1 0 0 0 0 0 1 0 0 0 0 0 0])
INFO - 04/10/26 20:46:22 - 1:35:21 - Epoch 29 metrics | train_loss: 0.891670 | train_acc1: 56.050564 | train_acc2: 79.721489 | valid_xe_loss: 2.006957 | valid_acc1: 23.783623 | valid_acc2: 28.510680
INFO - 04/10/26 20:46:22 - 1:35:21 - __log__:{"train_loss": 0.8916700515927066, "train_acc1": 56.05056381957773, "train_acc2": 79.72148912348048, "epoch": 29, "valid_xe_loss": 2.006956981707223, "valid_acc1": 23.783623417721518, "valid_acc2": 28.510680379746834}
INFO - 04/10/26 20:46:22 - 1:35:21 - Saving checkpoint to /home/yu_mcc/PQC_salsa/runs/n30_q127_h3_1m/train_gpu_ternary_h10_secret0_init0_epoch200000/checkpoint.pth ...
WARNING - 04/10/26 20:46:22 - 1:35:21 - Saving encoder parameters ...
WARNING - 04/10/26 20:46:22 - 1:35:21 - Saving decoder parameters ...
WARNING - 04/10/26 20:46:22 - 1:35:21 - Saving optimizer ...
INFO - 04/10/26 20:46:23 - 1:35:21 - ============ Starting epoch 30 ... ============
INFO - 04/10/26 20:46:23 - 1:35:22 -   46900 -   50.97 equations/s -  3262.08 words/s - MEM: 1.36 GB - LOSS:  0.8638 || ACC1: 55.7031 || ACC2: 80.9375 - LR: 1.0000e-05
INFO - 04/10/26 20:46:32 - 1:35:31 -   46950 -  769.84 equations/s - 49269.80 words/s - MEM: 1.36 GB - LOSS:  0.8665 || ACC1: 57.1094 || ACC2: 80.8281 - LR: 1.0000e-05
INFO - 04/10/26 20:46:36 - 1:35:35 -   47000 - 1393.89 equations/s - 89208.70 words/s - MEM: 1.36 GB - LOSS:  0.8628 || ACC1: 56.3906 || ACC2: 80.8281 - LR: 1.0000e-05
INFO - 04/10/26 20:46:41 - 1:35:40 -   47050 - 1415.45 equations/s - 90588.74 words/s - MEM: 1.36 GB - LOSS:  0.8632 || ACC1: 57.2031 || ACC2: 80.2188 - LR: 1.0000e-05
INFO - 04/10/26 20:46:46 - 1:35:44 -   47100 - 1369.52 equations/s - 87649.01 words/s - MEM: 1.36 GB - LOSS:  0.8639 || ACC1: 58.8906 || ACC2: 81.2031 - LR: 1.0000e-05
INFO - 04/10/26 20:46:50 - 1:35:49 -   47150 - 1380.13 equations/s - 88328.46 words/s - MEM: 1.36 GB - LOSS:  0.8676 || ACC1: 55.7656 || ACC2: 79.8750 - LR: 1.0000e-05
INFO - 04/10/26 20:46:55 - 1:35:54 -   47200 - 1360.03 equations/s - 87041.78 words/s - MEM: 1.36 GB - LOSS:  0.8566 || ACC1: 56.7812 || ACC2: 81.5781 - LR: 1.0000e-05
INFO - 04/10/26 20:47:00 - 1:35:59 -   47250 - 1316.42 equations/s - 84250.79 words/s - MEM: 1.36 GB - LOSS:  0.8559 || ACC1: 57.4531 || ACC2: 80.9219 - LR: 1.0000e-05
INFO - 04/10/26 20:47:08 - 1:36:07 -   47300 -  777.00 equations/s - 49728.01 words/s - MEM: 1.36 GB - LOSS:  0.8534 || ACC1: 58.5781 || ACC2: 81.0469 - LR: 1.0000e-05
INFO - 04/10/26 20:47:13 - 1:36:11 -   47350 - 1361.28 equations/s - 87121.63 words/s - MEM: 1.36 GB - LOSS:  0.8510 || ACC1: 58.2500 || ACC2: 81.7500 - LR: 1.0000e-05
INFO - 04/10/26 20:47:17 - 1:36:16 -   47400 - 1379.96 equations/s - 88317.36 words/s - MEM: 1.36 GB - LOSS:  0.8548 || ACC1: 56.1562 || ACC2: 81.1406 - LR: 1.0000e-05
INFO - 04/10/26 20:47:22 - 1:36:21 -   47450 - 1372.74 equations/s - 87855.64 words/s - MEM: 1.36 GB - LOSS:  0.8586 || ACC1: 58.1562 || ACC2: 81.7500 - LR: 1.0000e-05
INFO - 04/10/26 20:47:26 - 1:36:25 -   47500 - 1450.21 equations/s - 92813.73 words/s - MEM: 1.36 GB - LOSS:  0.8505 || ACC1: 57.0312 || ACC2: 81.4844 - LR: 1.0000e-05
INFO - 04/10/26 20:47:31 - 1:36:30 -   47550 - 1370.15 equations/s - 87689.65 words/s - MEM: 1.36 GB - LOSS:  0.8469 || ACC1: 57.2188 || ACC2: 82.2344 - LR: 1.0000e-05
INFO - 04/10/26 20:47:36 - 1:36:34 -   47600 - 1381.74 equations/s - 88431.39 words/s - MEM: 1.36 GB - LOSS:  0.8512 || ACC1: 58.0156 || ACC2: 81.4062 - LR: 1.0000e-05
INFO - 04/10/26 20:47:44 - 1:36:43 -   47650 -  774.55 equations/s - 49570.98 words/s - MEM: 1.36 GB - LOSS:  0.8578 || ACC1: 57.8594 || ACC2: 81.2031 - LR: 1.0000e-05
INFO - 04/10/26 20:47:49 - 1:36:47 -   47700 - 1403.20 equations/s - 89804.68 words/s - MEM: 1.36 GB - LOSS:  0.8462 || ACC1: 58.3125 || ACC2: 81.9062 - LR: 1.0000e-05
INFO - 04/10/26 20:47:53 - 1:36:52 -   47750 - 1360.32 equations/s - 87060.23 words/s - MEM: 1.36 GB - LOSS:  0.8448 || ACC1: 58.1094 || ACC2: 82.5781 - LR: 1.0000e-05
INFO - 04/10/26 20:47:58 - 1:36:56 -   47800 - 1433.03 equations/s - 91713.86 words/s - MEM: 1.36 GB - LOSS:  0.8398 || ACC1: 58.6406 || ACC2: 81.6250 - LR: 1.0000e-05
INFO - 04/10/26 20:48:02 - 1:37:01 -   47850 - 1453.83 equations/s - 93044.92 words/s - MEM: 1.36 GB - LOSS:  0.8363 || ACC1: 58.4844 || ACC2: 82.8125 - LR: 1.0000e-05
INFO - 04/10/26 20:48:07 - 1:37:06 -   47900 - 1373.04 equations/s - 87874.83 words/s - MEM: 1.36 GB - LOSS:  0.8358 || ACC1: 58.1094 || ACC2: 82.0156 - LR: 1.0000e-05
INFO - 04/10/26 20:48:11 - 1:37:10 -   47950 - 1405.07 equations/s - 89924.57 words/s - MEM: 1.36 GB - LOSS:  0.8343 || ACC1: 58.5625 || ACC2: 83.0625 - LR: 1.0000e-05
INFO - 04/10/26 20:48:19 - 1:37:18 -   48000 -  803.43 equations/s - 51419.78 words/s - MEM: 1.36 GB - LOSS:  0.8434 || ACC1: 59.1875 || ACC2: 81.5781 - LR: 1.0000e-05
INFO - 04/10/26 20:48:24 - 1:37:23 -   48050 - 1342.60 equations/s - 85926.26 words/s - MEM: 1.36 GB - LOSS:  0.8319 || ACC1: 57.8125 || ACC2: 82.0469 - LR: 1.0000e-05
INFO - 04/10/26 20:48:29 - 1:37:27 -   48100 - 1405.85 equations/s - 89974.46 words/s - MEM: 1.36 GB - LOSS:  0.8398 || ACC1: 58.0938 || ACC2: 82.5000 - LR: 1.0000e-05
INFO - 04/10/26 20:48:33 - 1:37:32 -   48150 - 1356.02 equations/s - 86784.96 words/s - MEM: 1.36 GB - LOSS:  0.8367 || ACC1: 58.1406 || ACC2: 82.5156 - LR: 1.0000e-05
INFO - 04/10/26 20:48:38 - 1:37:37 -   48200 - 1375.36 equations/s - 88023.13 words/s - MEM: 1.36 GB - LOSS:  0.8367 || ACC1: 57.8906 || ACC2: 81.8906 - LR: 1.0000e-05
INFO - 04/10/26 20:48:43 - 1:37:41 -   48250 - 1383.51 equations/s - 88544.73 words/s - MEM: 1.36 GB - LOSS:  0.8350 || ACC1: 58.5625 || ACC2: 81.5156 - LR: 1.0000e-05
INFO - 04/10/26 20:48:47 - 1:37:46 -   48300 - 1446.83 equations/s - 92597.20 words/s - MEM: 1.36 GB - LOSS:  0.8259 || ACC1: 58.3906 || ACC2: 82.3281 - LR: 1.0000e-05
INFO - 04/10/26 20:48:55 - 1:37:54 -   48350 -  772.03 equations/s - 49410.12 words/s - MEM: 1.36 GB - LOSS:  0.8255 || ACC1: 58.9375 || ACC2: 82.7188 - LR: 1.0000e-05
INFO - 04/10/26 20:49:00 - 1:37:59 -   48400 - 1330.81 equations/s - 85171.70 words/s - MEM: 1.36 GB - LOSS:  0.8296 || ACC1: 58.0156 || ACC2: 82.8438 - LR: 1.0000e-05
INFO - 04/10/26 20:49:04 - 1:38:03 -   48450 - 1509.60 equations/s - 96614.42 words/s - MEM: 1.36 GB - LOSS:  0.8250 || ACC1: 58.7500 || ACC2: 82.2812 - LR: 1.0000e-05
INFO - 04/10/26 20:49:05 - 1:38:03 -   48453 - 1593.02 equations/s - 101953.24 words/s - MEM: 1.36 GB - LOSS:  0.8200 || ACC1: 60.1562 || ACC2: 83.0729 - LR: 1.0000e-05
INFO - 04/10/26 20:49:05 - 1:38:03 - ============ End of epoch 30 ============
INFO - 04/10/26 20:49:05 - 1:38:03 - Starting Distinguisher Method
INFO - 04/10/26 20:49:17 - 1:38:16 - Distinguishing 0s using the emd. 
INFO - 04/10/26 20:49:17 - 1:38:16 - Distinguishing +/-1s using the emd. 
INFO - 04/10/26 20:49:17 - 1:38:16 - Real secret: -1: {np.int64(1), np.int64(2), np.int64(10), np.int64(12), np.int64(26)}, 1: {np.int64(7), np.int64(11), np.int64(17), np.int64(22), np.int64(28)}
INFO - 04/10/26 20:49:17 - 1:38:16 - Distinguishing +/-1s using the mean. 
INFO - 04/10/26 20:49:17 - 1:38:16 - Real secret: -1: {np.int64(1), np.int64(2), np.int64(10), np.int64(12), np.int64(26)}, 1: {np.int64(7), np.int64(11), np.int64(17), np.int64(22), np.int64(28)}
INFO - 04/10/26 20:49:17 - 1:38:16 - Distinguishing 0s using the mean. 
INFO - 04/10/26 20:49:17 - 1:38:16 - Distinguishing +/-1s using the emd. 
INFO - 04/10/26 20:49:17 - 1:38:16 - Real secret: -1: {np.int64(1), np.int64(2), np.int64(10), np.int64(12), np.int64(26)}, 1: {np.int64(7), np.int64(11), np.int64(17), np.int64(22), np.int64(28)}
INFO - 04/10/26 20:49:17 - 1:38:16 - Distinguishing +/-1s using the mean. 
INFO - 04/10/26 20:49:17 - 1:38:16 - Real secret: -1: {np.int64(1), np.int64(2), np.int64(10), np.int64(12), np.int64(26)}, 1: {np.int64(7), np.int64(11), np.int64(17), np.int64(22), np.int64(28)}
INFO - 04/10/26 20:49:17 - 1:38:16 - Starting Direct Method
INFO - 04/10/26 20:49:17 - 1:38:16 - Direct:  K=90
INFO - 04/10/26 20:49:17 - 1:38:16 - Direct:  K=83
INFO - 04/10/26 20:49:18 - 1:38:16 - Direct:  K=47
INFO - 04/10/26 20:49:18 - 1:38:17 - Direct:  K=80
INFO - 04/10/26 20:49:18 - 1:38:17 - Direct:  K=49
INFO - 04/10/26 20:49:18 - 1:38:17 - Direct:  K=32
INFO - 04/10/26 20:49:18 - 1:38:17 - Direct:  K=35
INFO - 04/10/26 20:49:18 - 1:38:17 - Direct:  K=66
INFO - 04/10/26 20:49:18 - 1:38:17 - Direct:  K=83
INFO - 04/10/26 20:49:18 - 1:38:17 - Direct:  K=79
INFO - 04/10/26 20:49:19 - 1:38:17 - Direct:  K=41
INFO - 04/10/26 20:49:19 - 1:38:17 - Direct:  K=40
INFO - 04/10/26 20:49:19 - 1:38:18 - Direct:  K=51
INFO - 04/10/26 20:49:19 - 1:38:18 - Direct:  K=72
INFO - 04/10/26 20:49:19 - 1:38:18 - Direct:  K=43
INFO - 04/10/26 20:49:19 - 1:38:18 - Direct: secret not predicted. (true secret = [ 0 -1 -1  0  0  0  0  1  0  0 -1  1 -1  0  0  0  0  1  0  0  0  0  1  0
                                       0  0 -1  0  1  0], predicted secret = [0 0 0 0 0 1 0 1 0 1 0 0 0 0 0 0 0 0 0 0 0 0 1 1 1 0 0 0 0 0], true support = [0 1 1 0 0 0 0 1 0 0 1 1 1 0 0 0 0 1 0 0 0 0 1 0 0 0 1 0 1 0], predicted support = [0 0 0 0 0 1 0 1 0 1 0 0 0 0 0 0 0 0 0 0 0 0 1 1 1 0 0 0 0 0])
INFO - 04/10/26 20:49:32 - 1:38:30 - CA: secret not predicted. (true secret = [ 0 -1 -1  0  0  0  0  1  0  0 -1  1 -1  0  0  0  0  1  0  0  0  0  1  0
                                       0  0 -1  0  1  0], predicted secret = [0 1 1 0 0 0 0 0 0 0 0 1 1 0 0 0 0 1 0 0 0 0 0 1 0 0 0 0 0 0], true support = [0 1 1 0 0 0 0 1 0 0 1 1 1 0 0 0 0 1 0 0 0 0 1 0 0 0 1 0 1 0], predicted support = [0 1 1 0 0 0 0 0 0 0 0 1 1 0 0 0 0 1 0 0 0 0 0 1 0 0 0 0 0 0])
INFO - 04/10/26 20:49:32 - 1:38:30 - CA: secret not predicted. (true secret = [ 0 -1 -1  0  0  0  0  1  0  0 -1  1 -1  0  0  0  0  1  0  0  0  0  1  0
                                       0  0 -1  0  1  0], predicted secret = [1 0 0 0 0 1 0 1 0 0 1 0 0 0 0 0 0 0 0 0 0 0 0 0 0 1 0 0 1 0], true support = [0 1 1 0 0 0 0 1 0 0 1 1 1 0 0 0 0 1 0 0 0 0 1 0 0 0 1 0 1 0], predicted support = [1 0 0 0 0 1 0 1 0 0 1 0 0 0 0 0 0 0 0 0 0 0 0 0 0 1 0 0 1 0])
INFO - 04/10/26 20:49:32 - 1:38:30 - Hybrid: direct, ca
INFO - 04/10/26 20:49:32 - 1:38:30 - direct, ca - Sum Normalized: secret not predicted. (true secret = [ 0 -1 -1  0  0  0  0  1  0  0 -1  1 -1  0  0  0  0  1  0  0  0  0  1  0
                                       0  0 -1  0  1  0], predicted secret = [0 1 1 0 0 1 0 1 0 0 0 0 0 0 0 0 0 1 0 0 0 0 0 0 0 1 0 0 0 0], true support = [0 1 1 0 0 0 0 1 0 0 1 1 1 0 0 0 0 1 0 0 0 0 1 0 0 0 1 0 1 0], predicted support = [0 1 1 0 0 1 0 1 0 0 0 0 0 0 0 0 0 1 0 0 0 0 0 0 0 1 0 0 0 0])
INFO - 04/10/26 20:49:32 - 1:38:30 - direct, ca - Max Normalized: secret not predicted. (true secret = [ 0 -1 -1  0  0  0  0  1  0  0 -1  1 -1  0  0  0  0  1  0  0  0  0  1  0
                                       0  0 -1  0  1  0], predicted secret = [0 1 1 0 0 1 0 1 0 0 0 1 0 0 0 0 0 1 0 0 0 0 0 0 0 0 0 0 0 0], true support = [0 1 1 0 0 0 0 1 0 0 1 1 1 0 0 0 0 1 0 0 0 0 1 0 0 0 1 0 1 0], predicted support = [0 1 1 0 0 1 0 1 0 0 0 1 0 0 0 0 0 1 0 0 0 0 0 0 0 0 0 0 0 0])
INFO - 04/10/26 20:49:32 - 1:38:30 - direct, ca - Sum Rank: secret not predicted. (true secret = [ 0 -1 -1  0  0  0  0  1  0  0 -1  1 -1  0  0  0  0  1  0  0  0  0  1  0
                                       0  0 -1  0  1  0], predicted secret = [0 1 0 0 0 1 0 1 0 0 0 0 0 0 0 0 0 0 0 0 0 0 1 1 0 1 0 0 0 0], true support = [0 1 1 0 0 0 0 1 0 0 1 1 1 0 0 0 0 1 0 0 0 0 1 0 0 0 1 0 1 0], predicted support = [0 1 0 0 0 1 0 1 0 0 0 0 0 0 0 0 0 0 0 0 0 0 1 1 0 1 0 0 0 0])
INFO - 04/10/26 20:49:32 - 1:38:30 - direct, ca - Max Rank: secret not predicted. (true secret = [ 0 -1 -1  0  0  0  0  1  0  0 -1  1 -1  0  0  0  0  1  0  0  0  0  1  0
                                       0  0 -1  0  1  0], predicted secret = [0 0 1 0 0 1 0 1 0 1 0 0 0 0 0 0 0 1 0 0 0 0 0 0 1 0 0 0 0 0], true support = [0 1 1 0 0 0 0 1 0 0 1 1 1 0 0 0 0 1 0 0 0 0 1 0 0 0 1 0 1 0], predicted support = [0 0 1 0 0 1 0 1 0 1 0 0 0 0 0 0 0 1 0 0 0 0 0 0 1 0 0 0 0 0])
INFO - 04/10/26 20:49:32 - 1:38:30 - Hybrid: direct, distinguisher
INFO - 04/10/26 20:49:32 - 1:38:30 - direct, distinguisher - Sum Normalized: secret not predicted. (true secret = [ 0 -1 -1  0  0  0  0  1  0  0 -1  1 -1  0  0  0  0  1  0  0  0  0  1  0
                                       0  0 -1  0  1  0], predicted secret = [0 0 1 0 0 0 0 1 0 0 1 1 1 0 0 0 0 0 0 0 0 0 1 0 0 0 0 0 0 0], true support = [0 1 1 0 0 0 0 1 0 0 1 1 1 0 0 0 0 1 0 0 0 0 1 0 0 0 1 0 1 0], predicted support = [0 0 1 0 0 0 0 1 0 0 1 1 1 0 0 0 0 0 0 0 0 0 1 0 0 0 0 0 0 0])
INFO - 04/10/26 20:49:32 - 1:38:30 - direct, distinguisher - Max Normalized: secret not predicted. (true secret = [ 0 -1 -1  0  0  0  0  1  0  0 -1  1 -1  0  0  0  0  1  0  0  0  0  1  0
                                       0  0 -1  0  1  0], predicted secret = [0 0 1 0 0 0 0 1 0 0 1 1 1 0 0 0 0 1 0 0 0 0 0 0 0 0 0 0 0 0], true support = [0 1 1 0 0 0 0 1 0 0 1 1 1 0 0 0 0 1 0 0 0 0 1 0 0 0 1 0 1 0], predicted support = [0 0 1 0 0 0 0 1 0 0 1 1 1 0 0 0 0 1 0 0 0 0 0 0 0 0 0 0 0 0])
INFO - 04/10/26 20:49:32 - 1:38:30 - direct, distinguisher - Sum Rank: secret not predicted. (true secret = [ 0 -1 -1  0  0  0  0  1  0  0 -1  1 -1  0  0  0  0  1  0  0  0  0  1  0
                                       0  0 -1  0  1  0], predicted secret = [0 1 0 0 0 0 0 1 0 0 1 0 0 0 0 0 0 0 0 0 0 0 1 0 1 1 0 0 0 0], true support = [0 1 1 0 0 0 0 1 0 0 1 1 1 0 0 0 0 1 0 0 0 0 1 0 0 0 1 0 1 0], predicted support = [0 1 0 0 0 0 0 1 0 0 1 0 0 0 0 0 0 0 0 0 0 0 1 0 1 1 0 0 0 0])
INFO - 04/10/26 20:49:32 - 1:38:30 - direct, distinguisher - Max Rank: secret not predicted. (true secret = [ 0 -1 -1  0  0  0  0  1  0  0 -1  1 -1  0  0  0  0  1  0  0  0  0  1  0
                                       0  0 -1  0  1  0], predicted secret = [0 0 1 0 0 0 0 1 0 1 1 0 0 0 0 0 0 1 0 0 0 0 0 0 1 0 0 0 0 0], true support = [0 1 1 0 0 0 0 1 0 0 1 1 1 0 0 0 0 1 0 0 0 0 1 0 0 0 1 0 1 0], predicted support = [0 0 1 0 0 0 0 1 0 1 1 0 0 0 0 0 0 1 0 0 0 0 0 0 1 0 0 0 0 0])
INFO - 04/10/26 20:49:32 - 1:38:30 - Hybrid: ca, distinguisher
INFO - 04/10/26 20:49:32 - 1:38:30 - ca, distinguisher - Sum Normalized: secret not predicted. (true secret = [ 0 -1 -1  0  0  0  0  1  0  0 -1  1 -1  0  0  0  0  1  0  0  0  0  1  0
                                       0  0 -1  0  1  0], predicted secret = [0 1 1 0 0 0 0 0 0 0 1 1 0 0 0 0 0 1 0 0 0 0 0 0 0 0 0 0 1 0], true support = [0 1 1 0 0 0 0 1 0 0 1 1 1 0 0 0 0 1 0 0 0 0 1 0 0 0 1 0 1 0], predicted support = [0 1 1 0 0 0 0 0 0 0 1 1 0 0 0 0 0 1 0 0 0 0 0 0 0 0 0 0 1 0])
INFO - 04/10/26 20:49:32 - 1:38:30 - ca, distinguisher - Max Normalized: secret not predicted. (true secret = [ 0 -1 -1  0  0  0  0  1  0  0 -1  1 -1  0  0  0  0  1  0  0  0  0  1  0
                                       0  0 -1  0  1  0], predicted secret = [0 0 1 0 0 0 0 0 0 0 1 1 1 0 0 0 0 1 0 0 0 0 0 0 0 0 1 0 0 0], true support = [0 1 1 0 0 0 0 1 0 0 1 1 1 0 0 0 0 1 0 0 0 0 1 0 0 0 1 0 1 0], predicted support = [0 0 1 0 0 0 0 0 0 0 1 1 1 0 0 0 0 1 0 0 0 0 0 0 0 0 1 0 0 0])
INFO - 04/10/26 20:49:32 - 1:38:30 - ca, distinguisher - Sum Rank: secret not predicted. (true secret = [ 0 -1 -1  0  0  0  0  1  0  0 -1  1 -1  0  0  0  0  1  0  0  0  0  1  0
                                       0  0 -1  0  1  0], predicted secret = [0 1 1 0 0 0 0 0 0 0 1 1 0 0 0 0 0 1 0 0 0 0 0 0 0 0 0 0 1 0], true support = [0 1 1 0 0 0 0 1 0 0 1 1 1 0 0 0 0 1 0 0 0 0 1 0 0 0 1 0 1 0], predicted support = [0 1 1 0 0 0 0 0 0 0 1 1 0 0 0 0 0 1 0 0 0 0 0 0 0 0 0 0 1 0])
INFO - 04/10/26 20:49:32 - 1:38:30 - ca, distinguisher - Max Rank: secret not predicted. (true secret = [ 0 -1 -1  0  0  0  0  1  0  0 -1  1 -1  0  0  0  0  1  0  0  0  0  1  0
                                       0  0 -1  0  1  0], predicted secret = [0 1 1 0 0 1 0 0 0 0 1 1 0 0 0 0 0 1 0 0 0 0 0 0 0 0 0 0 0 0], true support = [0 1 1 0 0 0 0 1 0 0 1 1 1 0 0 0 0 1 0 0 0 0 1 0 0 0 1 0 1 0], predicted support = [0 1 1 0 0 1 0 0 0 0 1 1 0 0 0 0 0 1 0 0 0 0 0 0 0 0 0 0 0 0])
INFO - 04/10/26 20:49:32 - 1:38:30 - Hybrid: direct, ca, distinguisher
INFO - 04/10/26 20:49:32 - 1:38:30 - direct, ca, distinguisher - Sum Normalized: secret not predicted. (true secret = [ 0 -1 -1  0  0  0  0  1  0  0 -1  1 -1  0  0  0  0  1  0  0  0  0  1  0
                                       0  0 -1  0  1  0], predicted secret = [0 1 1 0 0 0 0 1 0 0 1 1 0 0 0 0 0 1 0 0 0 0 0 0 0 0 0 0 0 0], true support = [0 1 1 0 0 0 0 1 0 0 1 1 1 0 0 0 0 1 0 0 0 0 1 0 0 0 1 0 1 0], predicted support = [0 1 1 0 0 0 0 1 0 0 1 1 0 0 0 0 0 1 0 0 0 0 0 0 0 0 0 0 0 0])
INFO - 04/10/26 20:49:32 - 1:38:30 - direct, ca, distinguisher - Max Normalized: secret not predicted. (true secret = [ 0 -1 -1  0  0  0  0  1  0  0 -1  1 -1  0  0  0  0  1  0  0  0  0  1  0
                                       0  0 -1  0  1  0], predicted secret = [0 0 1 0 0 0 0 1 0 0 1 1 1 0 0 0 0 1 0 0 0 0 0 0 0 0 0 0 0 0], true support = [0 1 1 0 0 0 0 1 0 0 1 1 1 0 0 0 0 1 0 0 0 0 1 0 0 0 1 0 1 0], predicted support = [0 0 1 0 0 0 0 1 0 0 1 1 1 0 0 0 0 1 0 0 0 0 0 0 0 0 0 0 0 0])
INFO - 04/10/26 20:49:32 - 1:38:30 - direct, ca, distinguisher - Sum Rank: secret not predicted. (true secret = [ 0 -1 -1  0  0  0  0  1  0  0 -1  1 -1  0  0  0  0  1  0  0  0  0  1  0
                                       0  0 -1  0  1  0], predicted secret = [0 1 1 0 0 0 0 1 0 0 1 0 0 0 0 0 0 0 0 0 0 0 1 0 0 1 0 0 0 0], true support = [0 1 1 0 0 0 0 1 0 0 1 1 1 0 0 0 0 1 0 0 0 0 1 0 0 0 1 0 1 0], predicted support = [0 1 1 0 0 0 0 1 0 0 1 0 0 0 0 0 0 0 0 0 0 0 1 0 0 1 0 0 0 0])
INFO - 04/10/26 20:49:32 - 1:38:30 - direct, ca, distinguisher - Max Rank: secret not predicted. (true secret = [ 0 -1 -1  0  0  0  0  1  0  0 -1  1 -1  0  0  0  0  1  0  0  0  0  1  0
                                       0  0 -1  0  1  0], predicted secret = [0 0 1 0 0 1 0 1 0 1 1 0 0 0 0 0 0 1 0 0 0 0 0 0 0 0 0 0 0 0], true support = [0 1 1 0 0 0 0 1 0 0 1 1 1 0 0 0 0 1 0 0 0 0 1 0 0 0 1 0 1 0], predicted support = [0 0 1 0 0 1 0 1 0 1 1 0 0 0 0 0 0 1 0 0 0 0 0 0 0 0 0 0 0 0])
INFO - 04/10/26 20:49:32 - 1:38:30 - Epoch 30 metrics | train_loss: 0.846106 | train_acc1: 57.888976 | train_acc2: 81.729347 | valid_xe_loss: 2.048847 | valid_acc1: 25.652690 | valid_acc2: 30.468750
INFO - 04/10/26 20:49:32 - 1:38:30 - __log__:{"train_loss": 0.8461060282212377, "train_acc1": 57.88897552783109, "train_acc2": 81.7293466090851, "epoch": 30, "valid_xe_loss": 2.0488467744634122, "valid_acc1": 25.65268987341772, "valid_acc2": 30.46875}
INFO - 04/10/26 20:49:32 - 1:38:30 - Saving checkpoint to /home/yu_mcc/PQC_salsa/runs/n30_q127_h3_1m/train_gpu_ternary_h10_secret0_init0_epoch200000/checkpoint.pth ...
WARNING - 04/10/26 20:49:32 - 1:38:30 - Saving encoder parameters ...
WARNING - 04/10/26 20:49:32 - 1:38:30 - Saving decoder parameters ...
WARNING - 04/10/26 20:49:32 - 1:38:30 - Saving optimizer ...
INFO - 04/10/26 20:49:32 - 1:38:31 - ============ Starting epoch 31 ... ============
INFO - 04/10/26 20:49:36 - 1:38:35 -   48500 -  188.99 equations/s - 12095.65 words/s - MEM: 1.36 GB - LOSS:  0.8229 || ACC1: 60.2560 || ACC2: 83.5439 - LR: 1.0000e-05
INFO - 04/10/26 20:49:41 - 1:38:40 -   48550 - 1405.76 equations/s - 89968.64 words/s - MEM: 1.36 GB - LOSS:  0.8178 || ACC1: 58.7188 || ACC2: 83.5781 - LR: 1.0000e-05
INFO - 04/10/26 20:49:46 - 1:38:45 -   48600 - 1330.41 equations/s - 85146.34 words/s - MEM: 1.36 GB - LOSS:  0.8209 || ACC1: 59.2344 || ACC2: 83.5000 - LR: 1.0000e-05
INFO - 04/10/26 20:49:50 - 1:38:49 -   48650 - 1426.42 equations/s - 91291.18 words/s - MEM: 1.36 GB - LOSS:  0.8211 || ACC1: 59.6406 || ACC2: 83.1719 - LR: 1.0000e-05
INFO - 04/10/26 20:49:55 - 1:38:54 -   48700 - 1407.90 equations/s - 90105.85 words/s - MEM: 1.36 GB - LOSS:  0.8249 || ACC1: 58.6094 || ACC2: 82.7031 - LR: 1.0000e-05
INFO - 04/10/26 20:49:59 - 1:38:58 -   48750 - 1435.82 equations/s - 91892.43 words/s - MEM: 1.36 GB - LOSS:  0.8167 || ACC1: 58.5156 || ACC2: 83.5781 - LR: 1.0000e-05
INFO - 04/10/26 20:50:07 - 1:39:06 -   48800 -  785.42 equations/s - 50266.98 words/s - MEM: 1.36 GB - LOSS:  0.8132 || ACC1: 59.8281 || ACC2: 83.3906 - LR: 1.0000e-05
INFO - 04/10/26 20:50:12 - 1:39:11 -   48850 - 1379.43 equations/s - 88283.30 words/s - MEM: 1.36 GB - LOSS:  0.8046 || ACC1: 59.6875 || ACC2: 84.1875 - LR: 1.0000e-05
INFO - 04/10/26 20:50:17 - 1:39:15 -   48900 - 1432.32 equations/s - 91668.20 words/s - MEM: 1.36 GB - LOSS:  0.7963 || ACC1: 59.7812 || ACC2: 83.3594 - LR: 1.0000e-05
INFO - 04/10/26 20:50:21 - 1:39:20 -   48950 - 1361.06 equations/s - 87107.95 words/s - MEM: 1.36 GB - LOSS:  0.8073 || ACC1: 59.8281 || ACC2: 83.6875 - LR: 1.0000e-05
INFO - 04/10/26 20:50:26 - 1:39:24 -   49000 - 1450.06 equations/s - 92803.85 words/s - MEM: 1.36 GB - LOSS:  0.8054 || ACC1: 59.6250 || ACC2: 83.1250 - LR: 1.0000e-05
INFO - 04/10/26 20:50:30 - 1:39:29 -   49050 - 1410.16 equations/s - 90250.36 words/s - MEM: 1.36 GB - LOSS:  0.7998 || ACC1: 60.5469 || ACC2: 83.5625 - LR: 1.0000e-05
INFO - 04/10/26 20:50:35 - 1:39:34 -   49100 - 1394.48 equations/s - 89246.60 words/s - MEM: 1.36 GB - LOSS:  0.7983 || ACC1: 60.0000 || ACC2: 84.8125 - LR: 1.0000e-05
INFO - 04/10/26 20:50:43 - 1:39:42 -   49150 -  790.58 equations/s - 50597.28 words/s - MEM: 1.36 GB - LOSS:  0.8085 || ACC1: 59.1562 || ACC2: 83.7500 - LR: 1.0000e-05
INFO - 04/10/26 20:50:48 - 1:39:46 -   49200 - 1385.62 equations/s - 88679.80 words/s - MEM: 1.36 GB - LOSS:  0.7915 || ACC1: 61.1875 || ACC2: 85.1562 - LR: 1.0000e-05
INFO - 04/10/26 20:50:52 - 1:39:51 -   49250 - 1435.38 equations/s - 91864.06 words/s - MEM: 1.36 GB - LOSS:  0.7994 || ACC1: 59.4219 || ACC2: 83.9688 - LR: 1.0000e-05
INFO - 04/10/26 20:50:57 - 1:39:55 -   49300 - 1414.37 equations/s - 90519.55 words/s - MEM: 1.36 GB - LOSS:  0.8015 || ACC1: 59.2500 || ACC2: 83.1406 - LR: 1.0000e-05
INFO - 04/10/26 20:51:01 - 1:40:00 -   49350 - 1395.22 equations/s - 89293.80 words/s - MEM: 1.36 GB - LOSS:  0.7932 || ACC1: 59.6406 || ACC2: 84.5312 - LR: 1.0000e-05
INFO - 04/10/26 20:51:06 - 1:40:04 -   49400 - 1394.81 equations/s - 89267.73 words/s - MEM: 1.36 GB - LOSS:  0.7838 || ACC1: 61.2031 || ACC2: 84.9062 - LR: 1.0000e-05
INFO - 04/10/26 20:51:10 - 1:40:09 -   49450 - 1348.22 equations/s - 86286.15 words/s - MEM: 1.36 GB - LOSS:  0.7910 || ACC1: 59.0469 || ACC2: 84.1719 - LR: 1.0000e-05
INFO - 04/10/26 20:51:19 - 1:40:17 -   49500 -  771.42 equations/s - 49370.77 words/s - MEM: 1.36 GB - LOSS:  0.8040 || ACC1: 60.0625 || ACC2: 83.4531 - LR: 1.0000e-05
INFO - 04/10/26 20:51:23 - 1:40:22 -   49550 - 1385.12 equations/s - 88647.78 words/s - MEM: 1.36 GB - LOSS:  0.7946 || ACC1: 60.6719 || ACC2: 84.0625 - LR: 1.0000e-05
INFO - 04/10/26 20:51:28 - 1:40:27 -   49600 - 1357.25 equations/s - 86864.26 words/s - MEM: 1.36 GB - LOSS:  0.7774 || ACC1: 60.8438 || ACC2: 85.0781 - LR: 1.0000e-05
INFO - 04/10/26 20:51:33 - 1:40:31 -   49650 - 1422.07 equations/s - 91012.54 words/s - MEM: 1.36 GB - LOSS:  0.7874 || ACC1: 60.4844 || ACC2: 84.4219 - LR: 1.0000e-05
INFO - 04/10/26 20:51:37 - 1:40:36 -   49700 - 1421.81 equations/s - 90995.65 words/s - MEM: 1.36 GB - LOSS:  0.7825 || ACC1: 61.6094 || ACC2: 85.0625 - LR: 1.0000e-05
INFO - 04/10/26 20:51:42 - 1:40:40 -   49750 - 1405.54 equations/s - 89954.38 words/s - MEM: 1.36 GB - LOSS:  0.8034 || ACC1: 60.2344 || ACC2: 83.7500 - LR: 1.0000e-05
INFO - 04/10/26 20:51:46 - 1:40:45 -   49800 - 1380.42 equations/s - 88346.61 words/s - MEM: 1.36 GB - LOSS:  0.7934 || ACC1: 60.1719 || ACC2: 83.9844 - LR: 1.0000e-05
INFO - 04/10/26 20:51:51 - 1:40:49 -   49850 - 1468.26 equations/s - 93968.45 words/s - MEM: 1.36 GB - LOSS:  0.7852 || ACC1: 59.4375 || ACC2: 84.5000 - LR: 1.0000e-05
INFO - 04/10/26 20:51:59 - 1:40:57 -   49900 -  806.68 equations/s - 51627.72 words/s - MEM: 1.36 GB - LOSS:  0.7896 || ACC1: 60.0000 || ACC2: 84.4219 - LR: 1.0000e-05
INFO - 04/10/26 20:52:03 - 1:41:02 -   49950 - 1347.27 equations/s - 86225.35 words/s - MEM: 1.36 GB - LOSS:  0.7902 || ACC1: 59.4062 || ACC2: 83.6094 - LR: 1.0000e-05
INFO - 04/10/26 20:52:08 - 1:41:07 -   50000 - 1400.55 equations/s - 89635.34 words/s - MEM: 1.36 GB - LOSS:  0.7806 || ACC1: 60.5781 || ACC2: 84.9844 - LR: 1.0000e-05
INFO - 04/10/26 20:52:09 - 1:41:08 -   50016 - 1654.44 equations/s - 105884.44 words/s - MEM: 1.36 GB - LOSS:  0.7585 || ACC1: 61.6699 || ACC2: 86.7188 - LR: 1.0000e-05
INFO - 04/10/26 20:52:09 - 1:41:08 - ============ End of epoch 31 ============
INFO - 04/10/26 20:52:09 - 1:41:08 - Starting Distinguisher Method
INFO - 04/10/26 20:52:20 - 1:41:18 - Distinguishing 0s using the emd. 
INFO - 04/10/26 20:52:20 - 1:41:18 - Distinguishing +/-1s using the emd. 
INFO - 04/10/26 20:52:20 - 1:41:18 - Real secret: -1: {np.int64(1), np.int64(2), np.int64(10), np.int64(12), np.int64(26)}, 1: {np.int64(7), np.int64(11), np.int64(17), np.int64(22), np.int64(28)}
INFO - 04/10/26 20:52:20 - 1:41:18 - Nonzero bits not identified. Guess: [ 7  1 21 12  2 10 11 17 22 28]
INFO - 04/10/26 20:52:20 - 1:41:18 - Distinguishing +/-1s using the mean. 
INFO - 04/10/26 20:52:20 - 1:41:18 - Real secret: -1: {np.int64(1), np.int64(2), np.int64(10), np.int64(12), np.int64(26)}, 1: {np.int64(7), np.int64(11), np.int64(17), np.int64(22), np.int64(28)}
INFO - 04/10/26 20:52:20 - 1:41:18 - Nonzero bits not identified. Guess: [ 7  1 21 12  2 10 11 17 22 28]
INFO - 04/10/26 20:52:20 - 1:41:18 - Distinguishing 0s using the mean. 
INFO - 04/10/26 20:52:20 - 1:41:18 - Distinguishing +/-1s using the emd. 
INFO - 04/10/26 20:52:20 - 1:41:18 - Real secret: -1: {np.int64(1), np.int64(2), np.int64(10), np.int64(12), np.int64(26)}, 1: {np.int64(7), np.int64(11), np.int64(17), np.int64(22), np.int64(28)}
INFO - 04/10/26 20:52:20 - 1:41:18 - Distinguishing +/-1s using the mean. 
INFO - 04/10/26 20:52:20 - 1:41:18 - Real secret: -1: {np.int64(1), np.int64(2), np.int64(10), np.int64(12), np.int64(26)}, 1: {np.int64(7), np.int64(11), np.int64(17), np.int64(22), np.int64(28)}
INFO - 04/10/26 20:52:20 - 1:41:18 - Starting Direct Method
INFO - 04/10/26 20:52:20 - 1:41:18 - Direct:  K=44
INFO - 04/10/26 20:52:20 - 1:41:18 - Direct:  K=83
INFO - 04/10/26 20:52:20 - 1:41:19 - Direct:  K=70
INFO - 04/10/26 20:52:20 - 1:41:19 - Direct:  K=43
INFO - 04/10/26 20:52:20 - 1:41:19 - Direct:  K=71
INFO - 04/10/26 20:52:20 - 1:41:19 - Direct:  K=49
INFO - 04/10/26 20:52:20 - 1:41:19 - Direct:  K=68
INFO - 04/10/26 20:52:20 - 1:41:19 - Direct:  K=72
INFO - 04/10/26 20:52:20 - 1:41:19 - Direct:  K=55
INFO - 04/10/26 20:52:20 - 1:41:19 - Direct:  K=76
INFO - 04/10/26 20:52:20 - 1:41:19 - Direct:  K=85
INFO - 04/10/26 20:52:21 - 1:41:19 - Direct:  K=57
INFO - 04/10/26 20:52:21 - 1:41:19 - Direct:  K=94
INFO - 04/10/26 20:52:21 - 1:41:19 - Direct:  K=79
INFO - 04/10/26 20:52:21 - 1:41:20 - Direct:  K=85
INFO - 04/10/26 20:52:21 - 1:41:20 - Direct: secret not predicted. (true secret = [ 0 -1 -1  0  0  0  0  1  0  0 -1  1 -1  0  0  0  0  1  0  0  0  0  1  0
                                       0  0 -1  0  1  0], predicted secret = [0 1 1 0 0 0 0 1 0 0 0 0 0 0 0 0 0 0 0 0 0 0 1 1 1 0 0 0 0 0], true support = [0 1 1 0 0 0 0 1 0 0 1 1 1 0 0 0 0 1 0 0 0 0 1 0 0 0 1 0 1 0], predicted support = [0 1 1 0 0 0 0 1 0 0 0 0 0 0 0 0 0 0 0 0 0 0 1 1 1 0 0 0 0 0])
INFO - 04/10/26 20:52:34 - 1:41:32 - CA: secret not predicted. (true secret = [ 0 -1 -1  0  0  0  0  1  0  0 -1  1 -1  0  0  0  0  1  0  0  0  0  1  0
                                       0  0 -1  0  1  0], predicted secret = [0 1 1 0 0 0 0 0 0 0 0 1 1 0 0 0 0 1 0 0 0 0 0 1 0 0 0 0 0 0], true support = [0 1 1 0 0 0 0 1 0 0 1 1 1 0 0 0 0 1 0 0 0 0 1 0 0 0 1 0 1 0], predicted support = [0 1 1 0 0 0 0 0 0 0 0 1 1 0 0 0 0 1 0 0 0 0 0 1 0 0 0 0 0 0])
INFO - 04/10/26 20:52:34 - 1:41:32 - CA: secret not predicted. (true secret = [ 0 -1 -1  0  0  0  0  1  0  0 -1  1 -1  0  0  0  0  1  0  0  0  0  1  0
                                       0  0 -1  0  1  0], predicted secret = [0 1 0 0 0 1 0 1 0 0 1 0 0 0 0 0 1 0 0 0 0 0 0 0 0 1 0 0 0 0], true support = [0 1 1 0 0 0 0 1 0 0 1 1 1 0 0 0 0 1 0 0 0 0 1 0 0 0 1 0 1 0], predicted support = [0 1 0 0 0 1 0 1 0 0 1 0 0 0 0 0 1 0 0 0 0 0 0 0 0 1 0 0 0 0])
INFO - 04/10/26 20:52:34 - 1:41:32 - Hybrid: direct, ca
INFO - 04/10/26 20:52:34 - 1:41:32 - direct, ca - Sum Normalized: secret not predicted. (true secret = [ 0 -1 -1  0  0  0  0  1  0  0 -1  1 -1  0  0  0  0  1  0  0  0  0  1  0
                                       0  0 -1  0  1  0], predicted secret = [0 1 1 0 0 0 0 1 0 0 0 0 0 0 0 0 0 1 0 0 0 0 1 1 0 0 0 0 0 0], true support = [0 1 1 0 0 0 0 1 0 0 1 1 1 0 0 0 0 1 0 0 0 0 1 0 0 0 1 0 1 0], predicted support = [0 1 1 0 0 0 0 1 0 0 0 0 0 0 0 0 0 1 0 0 0 0 1 1 0 0 0 0 0 0])
INFO - 04/10/26 20:52:34 - 1:41:32 - direct, ca - Max Normalized: secret not predicted. (true secret = [ 0 -1 -1  0  0  0  0  1  0  0 -1  1 -1  0  0  0  0  1  0  0  0  0  1  0
                                       0  0 -1  0  1  0], predicted secret = [0 1 1 0 0 1 0 1 0 0 0 1 0 0 0 0 0 1 0 0 0 0 0 0 0 0 0 0 0 0], true support = [0 1 1 0 0 0 0 1 0 0 1 1 1 0 0 0 0 1 0 0 0 0 1 0 0 0 1 0 1 0], predicted support = [0 1 1 0 0 1 0 1 0 0 0 1 0 0 0 0 0 1 0 0 0 0 0 0 0 0 0 0 0 0])
INFO - 04/10/26 20:52:34 - 1:41:32 - direct, ca - Sum Rank: secret not predicted. (true secret = [ 0 -1 -1  0  0  0  0  1  0  0 -1  1 -1  0  0  0  0  1  0  0  0  0  1  0
                                       0  0 -1  0  1  0], predicted secret = [0 1 1 0 0 0 0 1 0 0 0 0 0 0 0 0 0 1 0 0 0 0 1 1 0 0 0 0 0 0], true support = [0 1 1 0 0 0 0 1 0 0 1 1 1 0 0 0 0 1 0 0 0 0 1 0 0 0 1 0 1 0], predicted support = [0 1 1 0 0 0 0 1 0 0 0 0 0 0 0 0 0 1 0 0 0 0 1 1 0 0 0 0 0 0])
INFO - 04/10/26 20:52:34 - 1:41:32 - direct, ca - Max Rank: secret not predicted. (true secret = [ 0 -1 -1  0  0  0  0  1  0  0 -1  1 -1  0  0  0  0  1  0  0  0  0  1  0
                                       0  0 -1  0  1  0], predicted secret = [0 1 1 0 0 0 0 1 0 0 0 1 0 0 0 0 0 1 0 0 0 0 0 0 1 0 0 0 0 0], true support = [0 1 1 0 0 0 0 1 0 0 1 1 1 0 0 0 0 1 0 0 0 0 1 0 0 0 1 0 1 0], predicted support = [0 1 1 0 0 0 0 1 0 0 0 1 0 0 0 0 0 1 0 0 0 0 0 0 1 0 0 0 0 0])
INFO - 04/10/26 20:52:34 - 1:41:32 - Hybrid: direct, distinguisher
INFO - 04/10/26 20:52:34 - 1:41:32 - direct, distinguisher - Sum Normalized: secret not predicted. (true secret = [ 0 -1 -1  0  0  0  0  1  0  0 -1  1 -1  0  0  0  0  1  0  0  0  0  1  0
                                       0  0 -1  0  1  0], predicted secret = [0 1 1 0 0 0 0 1 0 0 1 0 0 0 0 0 0 1 0 0 0 0 1 0 0 0 0 0 0 0], true support = [0 1 1 0 0 0 0 1 0 0 1 1 1 0 0 0 0 1 0 0 0 0 1 0 0 0 1 0 1 0], predicted support = [0 1 1 0 0 0 0 1 0 0 1 0 0 0 0 0 0 1 0 0 0 0 1 0 0 0 0 0 0 0])
INFO - 04/10/26 20:52:34 - 1:41:32 - direct, distinguisher - Max Normalized: secret not predicted. (true secret = [ 0 -1 -1  0  0  0  0  1  0  0 -1  1 -1  0  0  0  0  1  0  0  0  0  1  0
                                       0  0 -1  0  1  0], predicted secret = [0 1 1 0 0 0 0 0 0 0 1 0 0 0 0 0 0 0 0 0 0 0 1 0 0 0 1 0 1 0], true support = [0 1 1 0 0 0 0 1 0 0 1 1 1 0 0 0 0 1 0 0 0 0 1 0 0 0 1 0 1 0], predicted support = [0 1 1 0 0 0 0 0 0 0 1 0 0 0 0 0 0 0 0 0 0 0 1 0 0 0 1 0 1 0])
INFO - 04/10/26 20:52:34 - 1:41:32 - direct, distinguisher - Sum Rank: secret not predicted. (true secret = [ 0 -1 -1  0  0  0  0  1  0  0 -1  1 -1  0  0  0  0  1  0  0  0  0  1  0
                                       0  0 -1  0  1  0], predicted secret = [0 1 1 0 0 0 0 1 0 0 0 0 0 0 0 0 0 1 0 0 0 0 1 0 1 0 0 0 0 0], true support = [0 1 1 0 0 0 0 1 0 0 1 1 1 0 0 0 0 1 0 0 0 0 1 0 0 0 1 0 1 0], predicted support = [0 1 1 0 0 0 0 1 0 0 0 0 0 0 0 0 0 1 0 0 0 0 1 0 1 0 0 0 0 0])
INFO - 04/10/26 20:52:34 - 1:41:32 - direct, distinguisher - Max Rank: secret not predicted. (true secret = [ 0 -1 -1  0  0  0  0  1  0  0 -1  1 -1  0  0  0  0  1  0  0  0  0  1  0
                                       0  0 -1  0  1  0], predicted secret = [0 1 1 0 0 0 0 1 0 0 1 0 0 0 0 0 0 0 0 0 0 0 0 0 1 0 0 0 1 0], true support = [0 1 1 0 0 0 0 1 0 0 1 1 1 0 0 0 0 1 0 0 0 0 1 0 0 0 1 0 1 0], predicted support = [0 1 1 0 0 0 0 1 0 0 1 0 0 0 0 0 0 0 0 0 0 0 0 0 1 0 0 0 1 0])
INFO - 04/10/26 20:52:34 - 1:41:32 - Hybrid: ca, distinguisher
INFO - 04/10/26 20:52:34 - 1:41:32 - ca, distinguisher - Sum Normalized: secret not predicted. (true secret = [ 0 -1 -1  0  0  0  0  1  0  0 -1  1 -1  0  0  0  0  1  0  0  0  0  1  0
                                       0  0 -1  0  1  0], predicted secret = [0 1 1 0 0 0 0 0 0 0 1 1 0 0 0 0 0 1 0 0 0 0 0 0 0 0 0 0 1 0], true support = [0 1 1 0 0 0 0 1 0 0 1 1 1 0 0 0 0 1 0 0 0 0 1 0 0 0 1 0 1 0], predicted support = [0 1 1 0 0 0 0 0 0 0 1 1 0 0 0 0 0 1 0 0 0 0 0 0 0 0 0 0 1 0])
INFO - 04/10/26 20:52:34 - 1:41:32 - ca, distinguisher - Max Normalized: secret not predicted. (true secret = [ 0 -1 -1  0  0  0  0  1  0  0 -1  1 -1  0  0  0  0  1  0  0  0  0  1  0
                                       0  0 -1  0  1  0], predicted secret = [0 1 1 0 0 0 0 0 0 0 1 0 0 0 0 0 0 1 0 0 0 0 0 0 0 0 1 0 1 0], true support = [0 1 1 0 0 0 0 1 0 0 1 1 1 0 0 0 0 1 0 0 0 0 1 0 0 0 1 0 1 0], predicted support = [0 1 1 0 0 0 0 0 0 0 1 0 0 0 0 0 0 1 0 0 0 0 0 0 0 0 1 0 1 0])
INFO - 04/10/26 20:52:34 - 1:41:32 - ca, distinguisher - Sum Rank: secret not predicted. (true secret = [ 0 -1 -1  0  0  0  0  1  0  0 -1  1 -1  0  0  0  0  1  0  0  0  0  1  0
                                       0  0 -1  0  1  0], predicted secret = [0 1 1 0 0 0 0 0 0 0 1 1 0 0 0 0 0 1 0 0 0 0 0 0 0 0 0 0 1 0], true support = [0 1 1 0 0 0 0 1 0 0 1 1 1 0 0 0 0 1 0 0 0 0 1 0 0 0 1 0 1 0], predicted support = [0 1 1 0 0 0 0 0 0 0 1 1 0 0 0 0 0 1 0 0 0 0 0 0 0 0 0 0 1 0])
INFO - 04/10/26 20:52:34 - 1:41:32 - ca, distinguisher - Max Rank: secret not predicted. (true secret = [ 0 -1 -1  0  0  0  0  1  0  0 -1  1 -1  0  0  0  0  1  0  0  0  0  1  0
                                       0  0 -1  0  1  0], predicted secret = [0 1 1 0 0 0 0 0 0 0 1 1 0 0 0 0 0 1 0 0 0 0 0 0 0 0 0 0 1 0], true support = [0 1 1 0 0 0 0 1 0 0 1 1 1 0 0 0 0 1 0 0 0 0 1 0 0 0 1 0 1 0], predicted support = [0 1 1 0 0 0 0 0 0 0 1 1 0 0 0 0 0 1 0 0 0 0 0 0 0 0 0 0 1 0])
INFO - 04/10/26 20:52:34 - 1:41:32 - Hybrid: direct, ca, distinguisher
INFO - 04/10/26 20:52:34 - 1:41:32 - direct, ca, distinguisher - Sum Normalized: secret not predicted. (true secret = [ 0 -1 -1  0  0  0  0  1  0  0 -1  1 -1  0  0  0  0  1  0  0  0  0  1  0
                                       0  0 -1  0  1  0], predicted secret = [0 1 1 0 0 0 0 1 0 0 1 0 0 0 0 0 0 1 0 0 0 0 1 0 0 0 0 0 0 0], true support = [0 1 1 0 0 0 0 1 0 0 1 1 1 0 0 0 0 1 0 0 0 0 1 0 0 0 1 0 1 0], predicted support = [0 1 1 0 0 0 0 1 0 0 1 0 0 0 0 0 0 1 0 0 0 0 1 0 0 0 0 0 0 0])
INFO - 04/10/26 20:52:34 - 1:41:32 - direct, ca, distinguisher - Max Normalized: secret not predicted. (true secret = [ 0 -1 -1  0  0  0  0  1  0  0 -1  1 -1  0  0  0  0  1  0  0  0  0  1  0
                                       0  0 -1  0  1  0], predicted secret = [0 1 1 0 0 0 0 0 0 0 1 0 0 0 0 0 0 1 0 0 0 0 0 0 0 0 1 0 1 0], true support = [0 1 1 0 0 0 0 1 0 0 1 1 1 0 0 0 0 1 0 0 0 0 1 0 0 0 1 0 1 0], predicted support = [0 1 1 0 0 0 0 0 0 0 1 0 0 0 0 0 0 1 0 0 0 0 0 0 0 0 1 0 1 0])
INFO - 04/10/26 20:52:34 - 1:41:32 - direct, ca, distinguisher - Sum Rank: secret not predicted. (true secret = [ 0 -1 -1  0  0  0  0  1  0  0 -1  1 -1  0  0  0  0  1  0  0  0  0  1  0
                                       0  0 -1  0  1  0], predicted secret = [0 1 1 0 0 0 0 1 0 0 1 0 0 0 0 0 0 1 0 0 0 0 1 0 0 0 0 0 0 0], true support = [0 1 1 0 0 0 0 1 0 0 1 1 1 0 0 0 0 1 0 0 0 0 1 0 0 0 1 0 1 0], predicted support = [0 1 1 0 0 0 0 1 0 0 1 0 0 0 0 0 0 1 0 0 0 0 1 0 0 0 0 0 0 0])
INFO - 04/10/26 20:52:34 - 1:41:32 - direct, ca, distinguisher - Max Rank: secret not predicted. (true secret = [ 0 -1 -1  0  0  0  0  1  0  0 -1  1 -1  0  0  0  0  1  0  0  0  0  1  0
                                       0  0 -1  0  1  0], predicted secret = [0 1 1 0 0 0 0 1 0 0 1 0 0 0 0 0 0 1 0 0 0 0 0 0 0 0 0 0 1 0], true support = [0 1 1 0 0 0 0 1 0 0 1 1 1 0 0 0 0 1 0 0 0 0 1 0 0 0 1 0 1 0], predicted support = [0 1 1 0 0 0 0 1 0 0 1 0 0 0 0 0 0 1 0 0 0 0 0 0 0 0 0 0 1 0])
INFO - 04/10/26 20:52:34 - 1:41:32 - Epoch 31 metrics | train_loss: 0.799739 | train_acc1: 59.910329 | train_acc2: 84.001619 | valid_xe_loss: 2.112710 | valid_acc1: 23.951741 | valid_acc2: 28.688687
INFO - 04/10/26 20:52:34 - 1:41:32 - __log__:{"train_loss": 0.7997391096918688, "train_acc1": 59.91032869481766, "train_acc2": 84.00161948176583, "epoch": 31, "valid_xe_loss": 2.11270974557611, "valid_acc1": 23.951740506329113, "valid_acc2": 28.68868670886076}
INFO - 04/10/26 20:52:34 - 1:41:32 - Saving checkpoint to /home/yu_mcc/PQC_salsa/runs/n30_q127_h3_1m/train_gpu_ternary_h10_secret0_init0_epoch200000/checkpoint.pth ...
WARNING - 04/10/26 20:52:34 - 1:41:32 - Saving encoder parameters ...
WARNING - 04/10/26 20:52:34 - 1:41:32 - Saving decoder parameters ...
WARNING - 04/10/26 20:52:34 - 1:41:32 - Saving optimizer ...
INFO - 04/10/26 20:52:34 - 1:41:33 - ============ Starting epoch 32 ... ============
INFO - 04/10/26 20:52:37 - 1:41:36 -   50050 -  156.55 equations/s - 10019.43 words/s - MEM: 1.36 GB - LOSS:  0.7712 || ACC1: 61.7417 || ACC2: 85.4090 - LR: 1.0000e-05
INFO - 04/10/26 20:52:41 - 1:41:40 -   50100 - 1443.51 equations/s - 92384.79 words/s - MEM: 1.36 GB - LOSS:  0.7671 || ACC1: 60.8281 || ACC2: 85.0312 - LR: 1.0000e-05
INFO - 04/10/26 20:52:46 - 1:41:45 -   50150 - 1450.07 equations/s - 92804.22 words/s - MEM: 1.36 GB - LOSS:  0.7656 || ACC1: 61.3750 || ACC2: 85.3281 - LR: 1.0000e-05
INFO - 04/10/26 20:52:50 - 1:41:49 -   50200 - 1392.83 equations/s - 89140.96 words/s - MEM: 1.36 GB - LOSS:  0.7691 || ACC1: 59.4688 || ACC2: 84.8906 - LR: 1.0000e-05
INFO - 04/10/26 20:52:55 - 1:41:54 -   50250 - 1392.18 equations/s - 89099.65 words/s - MEM: 1.36 GB - LOSS:  0.7717 || ACC1: 61.0000 || ACC2: 85.5000 - LR: 1.0000e-05
INFO - 04/10/26 20:52:59 - 1:41:58 -   50300 - 1413.91 equations/s - 90490.54 words/s - MEM: 1.36 GB - LOSS:  0.7896 || ACC1: 59.5312 || ACC2: 83.8750 - LR: 1.0000e-05
INFO - 04/10/26 20:53:08 - 1:42:06 -   50350 -  792.49 equations/s - 50719.47 words/s - MEM: 1.36 GB - LOSS:  0.7652 || ACC1: 61.2031 || ACC2: 85.1406 - LR: 1.0000e-05
INFO - 04/10/26 20:53:12 - 1:42:11 -   50400 - 1393.28 equations/s - 89169.75 words/s - MEM: 1.36 GB - LOSS:  0.7722 || ACC1: 61.0156 || ACC2: 85.2500 - LR: 1.0000e-05
INFO - 04/10/26 20:53:17 - 1:42:15 -   50450 - 1397.70 equations/s - 89452.67 words/s - MEM: 1.36 GB - LOSS:  0.7647 || ACC1: 61.7500 || ACC2: 85.5781 - LR: 1.0000e-05
INFO - 04/10/26 20:53:21 - 1:42:20 -   50500 - 1406.34 equations/s - 90005.90 words/s - MEM: 1.36 GB - LOSS:  0.7582 || ACC1: 61.9062 || ACC2: 85.2969 - LR: 1.0000e-05
INFO - 04/10/26 20:53:26 - 1:42:25 -   50550 - 1406.05 equations/s - 89987.10 words/s - MEM: 1.36 GB - LOSS:  0.7621 || ACC1: 61.5781 || ACC2: 85.1719 - LR: 1.0000e-05
INFO - 04/10/26 20:53:31 - 1:42:29 -   50600 - 1359.92 equations/s - 87034.89 words/s - MEM: 1.36 GB - LOSS:  0.7650 || ACC1: 60.4531 || ACC2: 85.2188 - LR: 1.0000e-05
INFO - 04/10/26 20:53:35 - 1:42:34 -   50650 - 1423.07 equations/s - 91076.70 words/s - MEM: 1.36 GB - LOSS:  0.7571 || ACC1: 61.7656 || ACC2: 85.4688 - LR: 1.0000e-05
INFO - 04/10/26 20:53:43 - 1:42:42 -   50700 -  773.98 equations/s - 49534.90 words/s - MEM: 1.36 GB - LOSS:  0.7505 || ACC1: 62.6875 || ACC2: 85.2188 - LR: 1.0000e-05
INFO - 04/10/26 20:53:48 - 1:42:47 -   50750 - 1393.05 equations/s - 89155.26 words/s - MEM: 1.36 GB - LOSS:  0.7592 || ACC1: 61.6094 || ACC2: 85.4375 - LR: 1.0000e-05
INFO - 04/10/26 20:53:53 - 1:42:51 -   50800 - 1378.57 equations/s - 88228.39 words/s - MEM: 1.36 GB - LOSS:  0.7709 || ACC1: 61.0938 || ACC2: 84.8906 - LR: 1.0000e-05
INFO - 04/10/26 20:53:57 - 1:42:56 -   50850 - 1413.64 equations/s - 90473.01 words/s - MEM: 1.36 GB - LOSS:  0.7518 || ACC1: 62.2500 || ACC2: 85.7969 - LR: 1.0000e-05
INFO - 04/10/26 20:54:02 - 1:43:00 -   50900 - 1416.16 equations/s - 90634.40 words/s - MEM: 1.36 GB - LOSS:  0.7577 || ACC1: 61.3125 || ACC2: 85.9062 - LR: 1.0000e-05
INFO - 04/10/26 20:54:06 - 1:43:05 -   50950 - 1377.57 equations/s - 88164.28 words/s - MEM: 1.36 GB - LOSS:  0.7592 || ACC1: 61.0625 || ACC2: 85.5938 - LR: 1.0000e-05
INFO - 04/10/26 20:54:11 - 1:43:10 -   51000 - 1336.17 equations/s - 85515.06 words/s - MEM: 1.36 GB - LOSS:  0.7487 || ACC1: 61.9531 || ACC2: 85.7656 - LR: 1.0000e-05
INFO - 04/10/26 20:54:19 - 1:43:18 -   51050 -  785.68 equations/s - 50283.33 words/s - MEM: 1.36 GB - LOSS:  0.7449 || ACC1: 61.2656 || ACC2: 85.9219 - LR: 1.0000e-05
INFO - 04/10/26 20:54:24 - 1:43:22 -   51100 - 1422.59 equations/s - 91045.71 words/s - MEM: 1.36 GB - LOSS:  0.7467 || ACC1: 62.2812 || ACC2: 86.3594 - LR: 1.0000e-05
INFO - 04/10/26 20:54:28 - 1:43:27 -   51150 - 1388.22 equations/s - 88845.89 words/s - MEM: 1.36 GB - LOSS:  0.7535 || ACC1: 62.0625 || ACC2: 86.1562 - LR: 1.0000e-05
INFO - 04/10/26 20:54:33 - 1:43:31 -   51200 - 1496.91 equations/s - 95802.25 words/s - MEM: 1.36 GB - LOSS:  0.7423 || ACC1: 62.8750 || ACC2: 85.8594 - LR: 1.0000e-05
INFO - 04/10/26 20:54:37 - 1:43:36 -   51250 - 1438.37 equations/s - 92055.57 words/s - MEM: 1.36 GB - LOSS:  0.7393 || ACC1: 61.5156 || ACC2: 86.0469 - LR: 1.0000e-05
INFO - 04/10/26 20:54:42 - 1:43:40 -   51300 - 1420.42 equations/s - 90906.73 words/s - MEM: 1.36 GB - LOSS:  0.7415 || ACC1: 62.5469 || ACC2: 85.9531 - LR: 1.0000e-05
INFO - 04/10/26 20:54:46 - 1:43:45 -   51350 - 1338.99 equations/s - 85695.17 words/s - MEM: 1.36 GB - LOSS:  0.7328 || ACC1: 62.8750 || ACC2: 86.9531 - LR: 1.0000e-05
INFO - 04/10/26 20:54:55 - 1:43:53 -   51400 -  775.47 equations/s - 49629.81 words/s - MEM: 1.36 GB - LOSS:  0.7426 || ACC1: 62.3125 || ACC2: 85.6406 - LR: 1.0000e-05
INFO - 04/10/26 20:54:59 - 1:43:58 -   51450 - 1410.88 equations/s - 90296.05 words/s - MEM: 1.36 GB - LOSS:  0.7411 || ACC1: 61.4844 || ACC2: 86.2031 - LR: 1.0000e-05
INFO - 04/10/26 20:55:04 - 1:44:03 -   51500 - 1361.70 equations/s - 87148.75 words/s - MEM: 1.36 GB - LOSS:  0.7287 || ACC1: 63.7500 || ACC2: 87.0938 - LR: 1.0000e-05
INFO - 04/10/26 20:55:08 - 1:44:07 -   51550 - 1425.07 equations/s - 91204.28 words/s - MEM: 1.36 GB - LOSS:  0.7209 || ACC1: 64.0000 || ACC2: 87.2344 - LR: 1.0000e-05
INFO - 04/10/26 20:55:11 - 1:44:10 -   51579 - 1401.23 equations/s - 89679.01 words/s - MEM: 1.36 GB - LOSS:  0.7250 || ACC1: 62.7963 || ACC2: 86.2069 - LR: 1.0000e-05
INFO - 04/10/26 20:55:11 - 1:44:10 - ============ End of epoch 32 ============
INFO - 04/10/26 20:55:11 - 1:44:10 - Starting Distinguisher Method
INFO - 04/10/26 20:55:23 - 1:44:22 - Distinguishing 0s using the emd. 
INFO - 04/10/26 20:55:23 - 1:44:22 - Distinguishing +/-1s using the emd. 
INFO - 04/10/26 20:55:23 - 1:44:22 - Real secret: -1: {np.int64(1), np.int64(2), np.int64(10), np.int64(12), np.int64(26)}, 1: {np.int64(7), np.int64(11), np.int64(17), np.int64(22), np.int64(28)}
INFO - 04/10/26 20:55:23 - 1:44:22 - Distinguishing +/-1s using the mean. 
INFO - 04/10/26 20:55:23 - 1:44:22 - Real secret: -1: {np.int64(1), np.int64(2), np.int64(10), np.int64(12), np.int64(26)}, 1: {np.int64(7), np.int64(11), np.int64(17), np.int64(22), np.int64(28)}
INFO - 04/10/26 20:55:23 - 1:44:22 - Distinguishing 0s using the mean. 
INFO - 04/10/26 20:55:23 - 1:44:22 - Distinguishing +/-1s using the emd. 
INFO - 04/10/26 20:55:23 - 1:44:22 - Real secret: -1: {np.int64(1), np.int64(2), np.int64(10), np.int64(12), np.int64(26)}, 1: {np.int64(7), np.int64(11), np.int64(17), np.int64(22), np.int64(28)}
INFO - 04/10/26 20:55:23 - 1:44:22 - Distinguishing +/-1s using the mean. 
INFO - 04/10/26 20:55:23 - 1:44:22 - Real secret: -1: {np.int64(1), np.int64(2), np.int64(10), np.int64(12), np.int64(26)}, 1: {np.int64(7), np.int64(11), np.int64(17), np.int64(22), np.int64(28)}
INFO - 04/10/26 20:55:23 - 1:44:22 - Starting Direct Method
INFO - 04/10/26 20:55:23 - 1:44:22 - Direct:  K=48
INFO - 04/10/26 20:55:23 - 1:44:22 - Direct:  K=59
INFO - 04/10/26 20:55:24 - 1:44:22 - Direct:  K=63
INFO - 04/10/26 20:55:24 - 1:44:23 - Direct:  K=66
INFO - 04/10/26 20:55:24 - 1:44:23 - Direct:  K=92
INFO - 04/10/26 20:55:24 - 1:44:23 - Direct:  K=48
INFO - 04/10/26 20:55:24 - 1:44:23 - Direct:  K=49
INFO - 04/10/26 20:55:25 - 1:44:23 - Direct:  K=82
INFO - 04/10/26 20:55:25 - 1:44:23 - Direct:  K=80
INFO - 04/10/26 20:55:25 - 1:44:23 - Direct:  K=71
INFO - 04/10/26 20:55:25 - 1:44:24 - Direct:  K=37
INFO - 04/10/26 20:55:25 - 1:44:24 - Direct:  K=58
INFO - 04/10/26 20:55:25 - 1:44:24 - Direct:  K=39
INFO - 04/10/26 20:55:25 - 1:44:24 - Direct:  K=48
INFO - 04/10/26 20:55:25 - 1:44:24 - Direct:  K=63
INFO - 04/10/26 20:55:25 - 1:44:24 - Direct: secret not predicted. (true secret = [ 0 -1 -1  0  0  0  0  1  0  0 -1  1 -1  0  0  0  0  1  0  0  0  0  1  0
                                       0  0 -1  0  1  0], predicted secret = [0 1 0 0 0 0 0 1 0 1 0 0 0 0 0 0 0 0 0 0 0 0 1 1 1 0 0 0 0 0], true support = [0 1 1 0 0 0 0 1 0 0 1 1 1 0 0 0 0 1 0 0 0 0 1 0 0 0 1 0 1 0], predicted support = [0 1 0 0 0 0 0 1 0 1 0 0 0 0 0 0 0 0 0 0 0 0 1 1 1 0 0 0 0 0])
INFO - 04/10/26 20:55:38 - 1:44:37 - CA: secret not predicted. (true secret = [ 0 -1 -1  0  0  0  0  1  0  0 -1  1 -1  0  0  0  0  1  0  0  0  0  1  0
                                       0  0 -1  0  1  0], predicted secret = [0 1 1 0 0 0 0 0 0 0 0 1 1 0 0 0 0 1 0 0 0 0 0 1 0 0 0 0 0 0], true support = [0 1 1 0 0 0 0 1 0 0 1 1 1 0 0 0 0 1 0 0 0 0 1 0 0 0 1 0 1 0], predicted support = [0 1 1 0 0 0 0 0 0 0 0 1 1 0 0 0 0 1 0 0 0 0 0 1 0 0 0 0 0 0])
INFO - 04/10/26 20:55:38 - 1:44:37 - CA: secret not predicted. (true secret = [ 0 -1 -1  0  0  0  0  1  0  0 -1  1 -1  0  0  0  0  1  0  0  0  0  1  0
                                       0  0 -1  0  1  0], predicted secret = [1 0 0 0 0 1 0 1 0 0 1 0 0 0 0 0 1 0 0 0 0 0 0 0 0 1 0 0 0 0], true support = [0 1 1 0 0 0 0 1 0 0 1 1 1 0 0 0 0 1 0 0 0 0 1 0 0 0 1 0 1 0], predicted support = [1 0 0 0 0 1 0 1 0 0 1 0 0 0 0 0 1 0 0 0 0 0 0 0 0 1 0 0 0 0])
INFO - 04/10/26 20:55:38 - 1:44:37 - Hybrid: direct, ca
INFO - 04/10/26 20:55:38 - 1:44:37 - direct, ca - Sum Normalized: secret not predicted. (true secret = [ 0 -1 -1  0  0  0  0  1  0  0 -1  1 -1  0  0  0  0  1  0  0  0  0  1  0
                                       0  0 -1  0  1  0], predicted secret = [0 1 1 0 0 0 0 1 0 0 0 0 0 0 0 0 0 1 0 0 0 0 0 1 0 1 0 0 0 0], true support = [0 1 1 0 0 0 0 1 0 0 1 1 1 0 0 0 0 1 0 0 0 0 1 0 0 0 1 0 1 0], predicted support = [0 1 1 0 0 0 0 1 0 0 0 0 0 0 0 0 0 1 0 0 0 0 0 1 0 1 0 0 0 0])
INFO - 04/10/26 20:55:38 - 1:44:37 - direct, ca - Max Normalized: secret not predicted. (true secret = [ 0 -1 -1  0  0  0  0  1  0  0 -1  1 -1  0  0  0  0  1  0  0  0  0  1  0
                                       0  0 -1  0  1  0], predicted secret = [0 1 1 0 0 1 0 0 0 1 0 1 0 0 0 0 0 1 0 0 0 0 0 0 0 0 0 0 0 0], true support = [0 1 1 0 0 0 0 1 0 0 1 1 1 0 0 0 0 1 0 0 0 0 1 0 0 0 1 0 1 0], predicted support = [0 1 1 0 0 1 0 0 0 1 0 1 0 0 0 0 0 1 0 0 0 0 0 0 0 0 0 0 0 0])
INFO - 04/10/26 20:55:38 - 1:44:37 - direct, ca - Sum Rank: secret not predicted. (true secret = [ 0 -1 -1  0  0  0  0  1  0  0 -1  1 -1  0  0  0  0  1  0  0  0  0  1  0
                                       0  0 -1  0  1  0], predicted secret = [0 1 1 0 0 0 0 1 0 0 0 0 0 0 0 0 0 0 0 0 0 0 1 1 0 1 0 0 0 0], true support = [0 1 1 0 0 0 0 1 0 0 1 1 1 0 0 0 0 1 0 0 0 0 1 0 0 0 1 0 1 0], predicted support = [0 1 1 0 0 0 0 1 0 0 0 0 0 0 0 0 0 0 0 0 0 0 1 1 0 1 0 0 0 0])
INFO - 04/10/26 20:55:38 - 1:44:37 - direct, ca - Max Rank: secret not predicted. (true secret = [ 0 -1 -1  0  0  0  0  1  0  0 -1  1 -1  0  0  0  0  1  0  0  0  0  1  0
                                       0  0 -1  0  1  0], predicted secret = [0 1 1 0 0 1 0 0 0 1 0 0 0 0 0 0 0 1 0 0 0 0 0 0 1 0 0 0 0 0], true support = [0 1 1 0 0 0 0 1 0 0 1 1 1 0 0 0 0 1 0 0 0 0 1 0 0 0 1 0 1 0], predicted support = [0 1 1 0 0 1 0 0 0 1 0 0 0 0 0 0 0 1 0 0 0 0 0 0 1 0 0 0 0 0])
INFO - 04/10/26 20:55:38 - 1:44:37 - Hybrid: direct, distinguisher
INFO - 04/10/26 20:55:38 - 1:44:37 - direct, distinguisher - Sum Normalized: secret not predicted. (true secret = [ 0 -1 -1  0  0  0  0  1  0  0 -1  1 -1  0  0  0  0  1  0  0  0  0  1  0
                                       0  0 -1  0  1  0], predicted secret = [0 1 1 0 0 0 0 1 0 1 0 0 0 0 0 0 0 0 0 0 0 0 1 0 0 0 0 0 1 0], true support = [0 1 1 0 0 0 0 1 0 0 1 1 1 0 0 0 0 1 0 0 0 0 1 0 0 0 1 0 1 0], predicted support = [0 1 1 0 0 0 0 1 0 1 0 0 0 0 0 0 0 0 0 0 0 0 1 0 0 0 0 0 1 0])
INFO - 04/10/26 20:55:38 - 1:44:37 - direct, distinguisher - Max Normalized: secret not predicted. (true secret = [ 0 -1 -1  0  0  0  0  1  0  0 -1  1 -1  0  0  0  0  1  0  0  0  0  1  0
                                       0  0 -1  0  1  0], predicted secret = [0 1 0 0 0 0 0 0 0 1 1 0 0 0 0 0 0 1 0 0 0 0 0 0 0 0 1 0 1 0], true support = [0 1 1 0 0 0 0 1 0 0 1 1 1 0 0 0 0 1 0 0 0 0 1 0 0 0 1 0 1 0], predicted support = [0 1 0 0 0 0 0 0 0 1 1 0 0 0 0 0 0 1 0 0 0 0 0 0 0 0 1 0 1 0])
INFO - 04/10/26 20:55:38 - 1:44:37 - direct, distinguisher - Sum Rank: secret not predicted. (true secret = [ 0 -1 -1  0  0  0  0  1  0  0 -1  1 -1  0  0  0  0  1  0  0  0  0  1  0
                                       0  0 -1  0  1  0], predicted secret = [0 1 1 0 0 0 0 1 0 0 0 0 0 0 0 0 0 0 0 0 0 0 1 0 1 0 0 0 1 0], true support = [0 1 1 0 0 0 0 1 0 0 1 1 1 0 0 0 0 1 0 0 0 0 1 0 0 0 1 0 1 0], predicted support = [0 1 1 0 0 0 0 1 0 0 0 0 0 0 0 0 0 0 0 0 0 0 1 0 1 0 0 0 1 0])
INFO - 04/10/26 20:55:38 - 1:44:37 - direct, distinguisher - Max Rank: secret not predicted. (true secret = [ 0 -1 -1  0  0  0  0  1  0  0 -1  1 -1  0  0  0  0  1  0  0  0  0  1  0
                                       0  0 -1  0  1  0], predicted secret = [0 1 0 0 0 0 0 0 0 1 1 0 0 0 0 0 0 0 0 0 0 0 0 0 1 0 1 0 1 0], true support = [0 1 1 0 0 0 0 1 0 0 1 1 1 0 0 0 0 1 0 0 0 0 1 0 0 0 1 0 1 0], predicted support = [0 1 0 0 0 0 0 0 0 1 1 0 0 0 0 0 0 0 0 0 0 0 0 0 1 0 1 0 1 0])
INFO - 04/10/26 20:55:38 - 1:44:37 - Hybrid: ca, distinguisher
INFO - 04/10/26 20:55:38 - 1:44:37 - ca, distinguisher - Sum Normalized: secret not predicted. (true secret = [ 0 -1 -1  0  0  0  0  1  0  0 -1  1 -1  0  0  0  0  1  0  0  0  0  1  0
                                       0  0 -1  0  1  0], predicted secret = [0 1 1 0 0 0 0 0 0 0 1 1 0 0 0 0 0 1 0 0 0 0 0 0 0 0 0 0 1 0], true support = [0 1 1 0 0 0 0 1 0 0 1 1 1 0 0 0 0 1 0 0 0 0 1 0 0 0 1 0 1 0], predicted support = [0 1 1 0 0 0 0 0 0 0 1 1 0 0 0 0 0 1 0 0 0 0 0 0 0 0 0 0 1 0])
INFO - 04/10/26 20:55:38 - 1:44:37 - ca, distinguisher - Max Normalized: secret not predicted. (true secret = [ 0 -1 -1  0  0  0  0  1  0  0 -1  1 -1  0  0  0  0  1  0  0  0  0  1  0
                                       0  0 -1  0  1  0], predicted secret = [0 0 1 0 0 0 0 0 0 0 1 1 0 0 0 0 0 1 0 0 0 0 0 0 0 0 1 0 1 0], true support = [0 1 1 0 0 0 0 1 0 0 1 1 1 0 0 0 0 1 0 0 0 0 1 0 0 0 1 0 1 0], predicted support = [0 0 1 0 0 0 0 0 0 0 1 1 0 0 0 0 0 1 0 0 0 0 0 0 0 0 1 0 1 0])
INFO - 04/10/26 20:55:38 - 1:44:37 - ca, distinguisher - Sum Rank: secret not predicted. (true secret = [ 0 -1 -1  0  0  0  0  1  0  0 -1  1 -1  0  0  0  0  1  0  0  0  0  1  0
                                       0  0 -1  0  1  0], predicted secret = [0 1 1 0 0 0 0 0 0 0 1 1 0 0 0 0 0 1 0 0 0 0 0 0 0 0 0 0 1 0], true support = [0 1 1 0 0 0 0 1 0 0 1 1 1 0 0 0 0 1 0 0 0 0 1 0 0 0 1 0 1 0], predicted support = [0 1 1 0 0 0 0 0 0 0 1 1 0 0 0 0 0 1 0 0 0 0 0 0 0 0 0 0 1 0])
INFO - 04/10/26 20:55:38 - 1:44:37 - ca, distinguisher - Max Rank: secret not predicted. (true secret = [ 0 -1 -1  0  0  0  0  1  0  0 -1  1 -1  0  0  0  0  1  0  0  0  0  1  0
                                       0  0 -1  0  1  0], predicted secret = [0 0 1 0 0 1 0 0 0 0 1 0 0 0 0 0 0 1 0 0 0 0 0 0 0 0 1 0 1 0], true support = [0 1 1 0 0 0 0 1 0 0 1 1 1 0 0 0 0 1 0 0 0 0 1 0 0 0 1 0 1 0], predicted support = [0 0 1 0 0 1 0 0 0 0 1 0 0 0 0 0 0 1 0 0 0 0 0 0 0 0 1 0 1 0])
INFO - 04/10/26 20:55:38 - 1:44:37 - Hybrid: direct, ca, distinguisher
INFO - 04/10/26 20:55:38 - 1:44:37 - direct, ca, distinguisher - Sum Normalized: secret not predicted. (true secret = [ 0 -1 -1  0  0  0  0  1  0  0 -1  1 -1  0  0  0  0  1  0  0  0  0  1  0
                                       0  0 -1  0  1  0], predicted secret = [0 1 1 0 0 0 0 1 0 0 1 0 0 0 0 0 0 1 0 0 0 0 1 0 0 0 0 0 0 0], true support = [0 1 1 0 0 0 0 1 0 0 1 1 1 0 0 0 0 1 0 0 0 0 1 0 0 0 1 0 1 0], predicted support = [0 1 1 0 0 0 0 1 0 0 1 0 0 0 0 0 0 1 0 0 0 0 1 0 0 0 0 0 0 0])
INFO - 04/10/26 20:55:38 - 1:44:37 - direct, ca, distinguisher - Max Normalized: secret not predicted. (true secret = [ 0 -1 -1  0  0  0  0  1  0  0 -1  1 -1  0  0  0  0  1  0  0  0  0  1  0
                                       0  0 -1  0  1  0], predicted secret = [0 1 0 0 0 0 0 0 0 1 1 0 0 0 0 0 0 1 0 0 0 0 0 0 0 0 1 0 1 0], true support = [0 1 1 0 0 0 0 1 0 0 1 1 1 0 0 0 0 1 0 0 0 0 1 0 0 0 1 0 1 0], predicted support = [0 1 0 0 0 0 0 0 0 1 1 0 0 0 0 0 0 1 0 0 0 0 0 0 0 0 1 0 1 0])
INFO - 04/10/26 20:55:38 - 1:44:37 - direct, ca, distinguisher - Sum Rank: secret not predicted. (true secret = [ 0 -1 -1  0  0  0  0  1  0  0 -1  1 -1  0  0  0  0  1  0  0  0  0  1  0
                                       0  0 -1  0  1  0], predicted secret = [0 1 1 0 0 0 0 0 0 0 0 0 0 0 0 0 0 1 0 0 0 0 1 0 0 1 0 0 1 0], true support = [0 1 1 0 0 0 0 1 0 0 1 1 1 0 0 0 0 1 0 0 0 0 1 0 0 0 1 0 1 0], predicted support = [0 1 1 0 0 0 0 0 0 0 0 0 0 0 0 0 0 1 0 0 0 0 1 0 0 1 0 0 1 0])
INFO - 04/10/26 20:55:38 - 1:44:37 - direct, ca, distinguisher - Max Rank: secret not predicted. (true secret = [ 0 -1 -1  0  0  0  0  1  0  0 -1  1 -1  0  0  0  0  1  0  0  0  0  1  0
                                       0  0 -1  0  1  0], predicted secret = [0 1 1 0 0 0 0 0 0 1 1 0 0 0 0 0 0 1 0 0 0 0 0 0 0 0 0 0 1 0], true support = [0 1 1 0 0 0 0 1 0 0 1 1 1 0 0 0 0 1 0 0 0 0 1 0 0 0 1 0 1 0], predicted support = [0 1 1 0 0 0 0 0 0 1 1 0 0 0 0 0 0 1 0 0 0 0 0 0 0 0 0 0 1 0])
INFO - 04/10/26 20:55:38 - 1:44:37 - Epoch 32 metrics | train_loss: 0.754469 | train_acc1: 61.715251 | train_acc2: 85.664087 | valid_xe_loss: 2.182825 | valid_acc1: 23.813291 | valid_acc2: 29.054589
INFO - 04/10/26 20:55:38 - 1:44:37 - __log__:{"train_loss": 0.754468506791999, "train_acc1": 61.715251119641714, "train_acc2": 85.66408749200257, "epoch": 32, "valid_xe_loss": 2.1828245045263555, "valid_acc1": 23.813291139240505, "valid_acc2": 29.054588607594937}
INFO - 04/10/26 20:55:38 - 1:44:37 - Saving checkpoint to /home/yu_mcc/PQC_salsa/runs/n30_q127_h3_1m/train_gpu_ternary_h10_secret0_init0_epoch200000/checkpoint.pth ...
WARNING - 04/10/26 20:55:38 - 1:44:37 - Saving encoder parameters ...
WARNING - 04/10/26 20:55:38 - 1:44:37 - Saving decoder parameters ...
WARNING - 04/10/26 20:55:38 - 1:44:37 - Saving optimizer ...
INFO - 04/10/26 20:55:39 - 1:44:37 - ============ Starting epoch 33 ... ============
INFO - 04/10/26 20:55:40 - 1:44:39 -   51600 -   91.23 equations/s -  5838.71 words/s - MEM: 1.36 GB - LOSS:  0.7473 || ACC1: 60.7887 || ACC2: 84.8958 - LR: 1.0000e-05
INFO - 04/10/26 20:55:45 - 1:44:43 -   51650 - 1501.72 equations/s - 96110.20 words/s - MEM: 1.36 GB - LOSS:  0.7296 || ACC1: 63.6875 || ACC2: 86.9844 - LR: 1.0000e-05
INFO - 04/10/26 20:55:49 - 1:44:48 -   51700 - 1422.22 equations/s - 91022.04 words/s - MEM: 1.36 GB - LOSS:  0.7293 || ACC1: 63.1719 || ACC2: 86.6094 - LR: 1.0000e-05
INFO - 04/10/26 20:55:54 - 1:44:52 -   51750 - 1403.25 equations/s - 89807.87 words/s - MEM: 1.36 GB - LOSS:  0.7391 || ACC1: 63.4531 || ACC2: 86.3906 - LR: 1.0000e-05
INFO - 04/10/26 20:55:58 - 1:44:57 -   51800 - 1398.52 equations/s - 89504.97 words/s - MEM: 1.36 GB - LOSS:  0.7300 || ACC1: 62.7344 || ACC2: 86.9219 - LR: 1.0000e-05
INFO - 04/10/26 20:56:06 - 1:45:05 -   51850 -  781.57 equations/s - 50020.37 words/s - MEM: 1.36 GB - LOSS:  0.7267 || ACC1: 63.2812 || ACC2: 86.5938 - LR: 1.0000e-05
INFO - 04/10/26 20:56:11 - 1:45:10 -   51900 - 1314.13 equations/s - 84104.41 words/s - MEM: 1.36 GB - LOSS:  0.7231 || ACC1: 63.6562 || ACC2: 86.2812 - LR: 1.0000e-05
INFO - 04/10/26 20:56:16 - 1:45:14 -   51950 - 1460.72 equations/s - 93486.36 words/s - MEM: 1.36 GB - LOSS:  0.7190 || ACC1: 64.1719 || ACC2: 87.0938 - LR: 1.0000e-05
INFO - 04/10/26 20:56:20 - 1:45:19 -   52000 - 1391.29 equations/s - 89042.52 words/s - MEM: 1.36 GB - LOSS:  0.7137 || ACC1: 63.1562 || ACC2: 87.7344 - LR: 1.0000e-05
INFO - 04/10/26 20:56:25 - 1:45:23 -   52050 - 1452.30 equations/s - 92947.07 words/s - MEM: 1.36 GB - LOSS:  0.7324 || ACC1: 62.5938 || ACC2: 86.2344 - LR: 1.0000e-05
INFO - 04/10/26 20:56:29 - 1:45:28 -   52100 - 1490.52 equations/s - 95392.97 words/s - MEM: 1.36 GB - LOSS:  0.7102 || ACC1: 64.0000 || ACC2: 87.8438 - LR: 1.0000e-05
INFO - 04/10/26 20:56:34 - 1:45:33 -   52150 - 1324.12 equations/s - 84743.49 words/s - MEM: 1.36 GB - LOSS:  0.7077 || ACC1: 63.9688 || ACC2: 87.2188 - LR: 1.0000e-05
INFO - 04/10/26 20:56:42 - 1:45:41 -   52200 -  791.93 equations/s - 50683.66 words/s - MEM: 1.36 GB - LOSS:  0.7098 || ACC1: 64.5469 || ACC2: 87.4688 - LR: 1.0000e-05
INFO - 04/10/26 20:56:47 - 1:45:45 -   52250 - 1349.90 equations/s - 86393.87 words/s - MEM: 1.36 GB - LOSS:  0.7115 || ACC1: 64.2969 || ACC2: 87.1250 - LR: 1.0000e-05
INFO - 04/10/26 20:56:51 - 1:45:50 -   52300 - 1374.48 equations/s - 87967.03 words/s - MEM: 1.36 GB - LOSS:  0.7150 || ACC1: 63.0625 || ACC2: 87.7188 - LR: 1.0000e-05
INFO - 04/10/26 20:56:56 - 1:45:55 -   52350 - 1412.47 equations/s - 90398.12 words/s - MEM: 1.36 GB - LOSS:  0.7107 || ACC1: 63.3594 || ACC2: 87.1875 - LR: 1.0000e-05
INFO - 04/10/26 20:57:00 - 1:45:59 -   52400 - 1410.31 equations/s - 90259.56 words/s - MEM: 1.36 GB - LOSS:  0.7166 || ACC1: 63.5938 || ACC2: 86.7188 - LR: 1.0000e-05
INFO - 04/10/26 20:57:05 - 1:46:04 -   52450 - 1459.13 equations/s - 93384.21 words/s - MEM: 1.36 GB - LOSS:  0.7036 || ACC1: 63.3281 || ACC2: 87.7812 - LR: 1.0000e-05
INFO - 04/10/26 20:57:09 - 1:46:08 -   52500 - 1391.73 equations/s - 89070.90 words/s - MEM: 1.36 GB - LOSS:  0.7100 || ACC1: 63.9688 || ACC2: 87.8906 - LR: 1.0000e-05
INFO - 04/10/26 20:57:18 - 1:46:16 -   52550 -  768.63 equations/s - 49192.19 words/s - MEM: 1.36 GB - LOSS:  0.6938 || ACC1: 64.2344 || ACC2: 88.1875 - LR: 1.0000e-05
INFO - 04/10/26 20:57:22 - 1:46:21 -   52600 - 1357.21 equations/s - 86861.52 words/s - MEM: 1.36 GB - LOSS:  0.7035 || ACC1: 65.2500 || ACC2: 87.7031 - LR: 1.0000e-05
INFO - 04/10/26 20:57:27 - 1:46:26 -   52650 - 1374.60 equations/s - 87974.72 words/s - MEM: 1.36 GB - LOSS:  0.7033 || ACC1: 64.3750 || ACC2: 87.6250 - LR: 1.0000e-05
INFO - 04/10/26 20:57:32 - 1:46:31 -   52700 - 1347.17 equations/s - 86218.61 words/s - MEM: 1.36 GB - LOSS:  0.6963 || ACC1: 65.3438 || ACC2: 88.1094 - LR: 1.0000e-05
INFO - 04/10/26 20:57:36 - 1:46:35 -   52750 - 1411.58 equations/s - 90340.94 words/s - MEM: 1.36 GB - LOSS:  0.7005 || ACC1: 63.8906 || ACC2: 87.4531 - LR: 1.0000e-05
INFO - 04/10/26 20:57:41 - 1:46:40 -   52800 - 1393.81 equations/s - 89203.94 words/s - MEM: 1.36 GB - LOSS:  0.6950 || ACC1: 65.2031 || ACC2: 87.7344 - LR: 1.0000e-05
INFO - 04/10/26 20:57:46 - 1:46:44 -   52850 - 1410.55 equations/s - 90275.47 words/s - MEM: 1.36 GB - LOSS:  0.6996 || ACC1: 63.9844 || ACC2: 87.7969 - LR: 1.0000e-05
INFO - 04/10/26 20:57:54 - 1:46:52 -   52900 -  782.68 equations/s - 50091.71 words/s - MEM: 1.36 GB - LOSS:  0.7023 || ACC1: 63.3594 || ACC2: 87.5938 - LR: 1.0000e-05
INFO - 04/10/26 20:57:58 - 1:46:57 -   52950 - 1433.56 equations/s - 91747.62 words/s - MEM: 1.36 GB - LOSS:  0.6968 || ACC1: 64.1719 || ACC2: 87.7969 - LR: 1.0000e-05
INFO - 04/10/26 20:58:03 - 1:47:01 -   53000 - 1430.64 equations/s - 91561.16 words/s - MEM: 1.36 GB - LOSS:  0.7052 || ACC1: 64.6719 || ACC2: 87.7500 - LR: 1.0000e-05
INFO - 04/10/26 20:58:07 - 1:47:06 -   53050 - 1379.29 equations/s - 88274.53 words/s - MEM: 1.36 GB - LOSS:  0.6933 || ACC1: 64.3125 || ACC2: 88.2969 - LR: 1.0000e-05
INFO - 04/10/26 20:58:12 - 1:47:11 -   53100 - 1396.43 equations/s - 89371.46 words/s - MEM: 1.36 GB - LOSS:  0.6900 || ACC1: 65.0000 || ACC2: 87.8438 - LR: 1.0000e-05
INFO - 04/10/26 20:58:15 - 1:47:14 -   53142 - 1478.28 equations/s - 94610.12 words/s - MEM: 1.36 GB - LOSS:  0.6855 || ACC1: 65.3088 || ACC2: 88.3371 - LR: 1.0000e-05
INFO - 04/10/26 20:58:15 - 1:47:14 - ============ End of epoch 33 ============
INFO - 04/10/26 20:58:15 - 1:47:14 - Starting Distinguisher Method
INFO - 04/10/26 20:58:32 - 1:47:31 - Distinguishing 0s using the emd. 
INFO - 04/10/26 20:58:32 - 1:47:31 - Distinguishing +/-1s using the emd. 
INFO - 04/10/26 20:58:32 - 1:47:31 - Real secret: -1: {np.int64(1), np.int64(2), np.int64(10), np.int64(12), np.int64(26)}, 1: {np.int64(7), np.int64(11), np.int64(17), np.int64(22), np.int64(28)}
INFO - 04/10/26 20:58:32 - 1:47:31 - Distinguishing +/-1s using the mean. 
INFO - 04/10/26 20:58:32 - 1:47:31 - Real secret: -1: {np.int64(1), np.int64(2), np.int64(10), np.int64(12), np.int64(26)}, 1: {np.int64(7), np.int64(11), np.int64(17), np.int64(22), np.int64(28)}
INFO - 04/10/26 20:58:32 - 1:47:31 - Distinguishing 0s using the mean. 
INFO - 04/10/26 20:58:32 - 1:47:31 - Distinguishing +/-1s using the emd. 
INFO - 04/10/26 20:58:32 - 1:47:31 - Real secret: -1: {np.int64(1), np.int64(2), np.int64(10), np.int64(12), np.int64(26)}, 1: {np.int64(7), np.int64(11), np.int64(17), np.int64(22), np.int64(28)}
INFO - 04/10/26 20:58:32 - 1:47:31 - Distinguishing +/-1s using the mean. 
INFO - 04/10/26 20:58:32 - 1:47:31 - Real secret: -1: {np.int64(1), np.int64(2), np.int64(10), np.int64(12), np.int64(26)}, 1: {np.int64(7), np.int64(11), np.int64(17), np.int64(22), np.int64(28)}
INFO - 04/10/26 20:58:32 - 1:47:31 - Starting Direct Method
INFO - 04/10/26 20:58:32 - 1:47:31 - Direct:  K=46
INFO - 04/10/26 20:58:32 - 1:47:31 - Direct:  K=57
INFO - 04/10/26 20:58:32 - 1:47:31 - Direct:  K=73
INFO - 04/10/26 20:58:32 - 1:47:31 - Direct:  K=33
INFO - 04/10/26 20:58:33 - 1:47:31 - Direct:  K=54
INFO - 04/10/26 20:58:33 - 1:47:31 - Direct:  K=31
INFO - 04/10/26 20:58:33 - 1:47:32 - Direct:  K=84
INFO - 04/10/26 20:58:33 - 1:47:32 - Direct:  K=52
INFO - 04/10/26 20:58:33 - 1:47:32 - Direct:  K=81
INFO - 04/10/26 20:58:33 - 1:47:32 - Direct:  K=52
INFO - 04/10/26 20:58:34 - 1:47:32 - Direct:  K=78
INFO - 04/10/26 20:58:34 - 1:47:33 - Direct:  K=43
INFO - 04/10/26 20:58:34 - 1:47:33 - Direct:  K=32
INFO - 04/10/26 20:58:34 - 1:47:33 - Direct:  K=88
INFO - 04/10/26 20:58:34 - 1:47:33 - Direct:  K=64
INFO - 04/10/26 20:58:34 - 1:47:33 - Direct: secret not predicted. (true secret = [ 0 -1 -1  0  0  0  0  1  0  0 -1  1 -1  0  0  0  0  1  0  0  0  0  1  0
                                       0  0 -1  0  1  0], predicted secret = [0 0 1 0 0 0 0 1 0 1 0 0 1 0 0 0 0 0 0 0 1 0 1 0 0 0 0 0 0 0], true support = [0 1 1 0 0 0 0 1 0 0 1 1 1 0 0 0 0 1 0 0 0 0 1 0 0 0 1 0 1 0], predicted support = [0 0 1 0 0 0 0 1 0 1 0 0 1 0 0 0 0 0 0 0 1 0 1 0 0 0 0 0 0 0])
INFO - 04/10/26 20:58:43 - 1:47:42 - CA: secret not predicted. (true secret = [ 0 -1 -1  0  0  0  0  1  0  0 -1  1 -1  0  0  0  0  1  0  0  0  0  1  0
                                       0  0 -1  0  1  0], predicted secret = [0 1 1 0 0 0 0 0 0 0 0 1 1 0 0 0 0 1 0 0 0 0 0 1 0 0 0 0 0 0], true support = [0 1 1 0 0 0 0 1 0 0 1 1 1 0 0 0 0 1 0 0 0 0 1 0 0 0 1 0 1 0], predicted support = [0 1 1 0 0 0 0 0 0 0 0 1 1 0 0 0 0 1 0 0 0 0 0 1 0 0 0 0 0 0])
INFO - 04/10/26 20:58:43 - 1:47:42 - CA: secret not predicted. (true secret = [ 0 -1 -1  0  0  0  0  1  0  0 -1  1 -1  0  0  0  0  1  0  0  0  0  1  0
                                       0  0 -1  0  1  0], predicted secret = [1 0 0 0 0 1 0 1 0 0 1 0 0 0 0 0 0 0 0 0 0 0 0 0 0 1 0 1 0 0], true support = [0 1 1 0 0 0 0 1 0 0 1 1 1 0 0 0 0 1 0 0 0 0 1 0 0 0 1 0 1 0], predicted support = [1 0 0 0 0 1 0 1 0 0 1 0 0 0 0 0 0 0 0 0 0 0 0 0 0 1 0 1 0 0])
INFO - 04/10/26 20:58:43 - 1:47:42 - Hybrid: direct, ca
INFO - 04/10/26 20:58:43 - 1:47:42 - direct, ca - Sum Normalized: secret not predicted. (true secret = [ 0 -1 -1  0  0  0  0  1  0  0 -1  1 -1  0  0  0  0  1  0  0  0  0  1  0
                                       0  0 -1  0  1  0], predicted secret = [0 1 1 0 0 0 0 1 0 0 1 0 0 0 0 0 0 1 0 0 0 0 1 0 0 0 0 0 0 0], true support = [0 1 1 0 0 0 0 1 0 0 1 1 1 0 0 0 0 1 0 0 0 0 1 0 0 0 1 0 1 0], predicted support = [0 1 1 0 0 0 0 1 0 0 1 0 0 0 0 0 0 1 0 0 0 0 1 0 0 0 0 0 0 0])
INFO - 04/10/26 20:58:43 - 1:47:42 - direct, ca - Max Normalized: secret not predicted. (true secret = [ 0 -1 -1  0  0  0  0  1  0  0 -1  1 -1  0  0  0  0  1  0  0  0  0  1  0
                                       0  0 -1  0  1  0], predicted secret = [0 0 1 0 0 1 0 1 0 0 0 1 0 0 0 0 0 1 0 0 0 0 1 0 0 0 0 0 0 0], true support = [0 1 1 0 0 0 0 1 0 0 1 1 1 0 0 0 0 1 0 0 0 0 1 0 0 0 1 0 1 0], predicted support = [0 0 1 0 0 1 0 1 0 0 0 1 0 0 0 0 0 1 0 0 0 0 1 0 0 0 0 0 0 0])
INFO - 04/10/26 20:58:43 - 1:47:42 - direct, ca - Sum Rank: secret not predicted. (true secret = [ 0 -1 -1  0  0  0  0  1  0  0 -1  1 -1  0  0  0  0  1  0  0  0  0  1  0
                                       0  0 -1  0  1  0], predicted secret = [0 1 1 0 0 0 0 1 0 0 1 0 1 0 0 0 0 0 0 0 0 0 1 0 0 0 0 0 0 0], true support = [0 1 1 0 0 0 0 1 0 0 1 1 1 0 0 0 0 1 0 0 0 0 1 0 0 0 1 0 1 0], predicted support = [0 1 1 0 0 0 0 1 0 0 1 0 1 0 0 0 0 0 0 0 0 0 1 0 0 0 0 0 0 0])
INFO - 04/10/26 20:58:43 - 1:47:42 - direct, ca - Max Rank: secret not predicted. (true secret = [ 0 -1 -1  0  0  0  0  1  0  0 -1  1 -1  0  0  0  0  1  0  0  0  0  1  0
                                       0  0 -1  0  1  0], predicted secret = [0 0 1 0 0 0 0 1 0 1 0 1 0 0 0 0 0 1 0 0 0 0 1 0 0 0 0 0 0 0], true support = [0 1 1 0 0 0 0 1 0 0 1 1 1 0 0 0 0 1 0 0 0 0 1 0 0 0 1 0 1 0], predicted support = [0 0 1 0 0 0 0 1 0 1 0 1 0 0 0 0 0 1 0 0 0 0 1 0 0 0 0 0 0 0])
INFO - 04/10/26 20:58:43 - 1:47:42 - Hybrid: direct, distinguisher
INFO - 04/10/26 20:58:43 - 1:47:42 - direct, distinguisher - Sum Normalized: secret not predicted. (true secret = [ 0 -1 -1  0  0  0  0  1  0  0 -1  1 -1  0  0  0  0  1  0  0  0  0  1  0
                                       0  0 -1  0  1  0], predicted secret = [0 1 1 0 0 0 0 1 0 0 1 0 1 0 0 0 0 0 0 0 0 0 1 0 0 0 0 0 0 0], true support = [0 1 1 0 0 0 0 1 0 0 1 1 1 0 0 0 0 1 0 0 0 0 1 0 0 0 1 0 1 0], predicted support = [0 1 1 0 0 0 0 1 0 0 1 0 1 0 0 0 0 0 0 0 0 0 1 0 0 0 0 0 0 0])
INFO - 04/10/26 20:58:43 - 1:47:42 - direct, distinguisher - Max Normalized: secret not predicted. (true secret = [ 0 -1 -1  0  0  0  0  1  0  0 -1  1 -1  0  0  0  0  1  0  0  0  0  1  0
                                       0  0 -1  0  1  0], predicted secret = [0 1 1 0 0 0 0 0 0 0 1 0 0 0 0 0 0 0 0 0 0 0 1 0 0 0 1 0 1 0], true support = [0 1 1 0 0 0 0 1 0 0 1 1 1 0 0 0 0 1 0 0 0 0 1 0 0 0 1 0 1 0], predicted support = [0 1 1 0 0 0 0 0 0 0 1 0 0 0 0 0 0 0 0 0 0 0 1 0 0 0 1 0 1 0])
INFO - 04/10/26 20:58:43 - 1:47:42 - direct, distinguisher - Sum Rank: secret not predicted. (true secret = [ 0 -1 -1  0  0  0  0  1  0  0 -1  1 -1  0  0  0  0  1  0  0  0  0  1  0
                                       0  0 -1  0  1  0], predicted secret = [0 1 1 0 0 0 0 1 0 0 1 0 1 0 0 0 0 0 0 0 0 0 1 0 0 0 0 0 0 0], true support = [0 1 1 0 0 0 0 1 0 0 1 1 1 0 0 0 0 1 0 0 0 0 1 0 0 0 1 0 1 0], predicted support = [0 1 1 0 0 0 0 1 0 0 1 0 1 0 0 0 0 0 0 0 0 0 1 0 0 0 0 0 0 0])
INFO - 04/10/26 20:58:43 - 1:47:42 - direct, distinguisher - Max Rank: secret not predicted. (true secret = [ 0 -1 -1  0  0  0  0  1  0  0 -1  1 -1  0  0  0  0  1  0  0  0  0  1  0
                                       0  0 -1  0  1  0], predicted secret = [0 1 1 0 0 0 0 1 0 1 0 0 0 0 0 0 0 0 0 0 0 0 1 0 0 0 0 0 1 0], true support = [0 1 1 0 0 0 0 1 0 0 1 1 1 0 0 0 0 1 0 0 0 0 1 0 0 0 1 0 1 0], predicted support = [0 1 1 0 0 0 0 1 0 1 0 0 0 0 0 0 0 0 0 0 0 0 1 0 0 0 0 0 1 0])
INFO - 04/10/26 20:58:43 - 1:47:42 - Hybrid: ca, distinguisher
INFO - 04/10/26 20:58:43 - 1:47:42 - ca, distinguisher - Sum Normalized: secret not predicted. (true secret = [ 0 -1 -1  0  0  0  0  1  0  0 -1  1 -1  0  0  0  0  1  0  0  0  0  1  0
                                       0  0 -1  0  1  0], predicted secret = [0 1 1 0 0 0 0 0 0 0 1 1 0 0 0 0 0 1 0 0 0 0 0 0 0 0 0 0 1 0], true support = [0 1 1 0 0 0 0 1 0 0 1 1 1 0 0 0 0 1 0 0 0 0 1 0 0 0 1 0 1 0], predicted support = [0 1 1 0 0 0 0 0 0 0 1 1 0 0 0 0 0 1 0 0 0 0 0 0 0 0 0 0 1 0])
INFO - 04/10/26 20:58:43 - 1:47:42 - ca, distinguisher - Max Normalized: secret not predicted. (true secret = [ 0 -1 -1  0  0  0  0  1  0  0 -1  1 -1  0  0  0  0  1  0  0  0  0  1  0
                                       0  0 -1  0  1  0], predicted secret = [0 1 1 0 0 0 0 0 0 0 1 0 0 0 0 0 0 1 0 0 0 0 1 0 0 0 0 0 1 0], true support = [0 1 1 0 0 0 0 1 0 0 1 1 1 0 0 0 0 1 0 0 0 0 1 0 0 0 1 0 1 0], predicted support = [0 1 1 0 0 0 0 0 0 0 1 0 0 0 0 0 0 1 0 0 0 0 1 0 0 0 0 0 1 0])
INFO - 04/10/26 20:58:43 - 1:47:42 - ca, distinguisher - Sum Rank: secret not predicted. (true secret = [ 0 -1 -1  0  0  0  0  1  0  0 -1  1 -1  0  0  0  0  1  0  0  0  0  1  0
                                       0  0 -1  0  1  0], predicted secret = [0 1 1 0 0 0 0 0 0 0 1 1 0 0 0 0 0 1 0 0 0 0 1 0 0 0 0 0 0 0], true support = [0 1 1 0 0 0 0 1 0 0 1 1 1 0 0 0 0 1 0 0 0 0 1 0 0 0 1 0 1 0], predicted support = [0 1 1 0 0 0 0 0 0 0 1 1 0 0 0 0 0 1 0 0 0 0 1 0 0 0 0 0 0 0])
INFO - 04/10/26 20:58:43 - 1:47:42 - ca, distinguisher - Max Rank: secret not predicted. (true secret = [ 0 -1 -1  0  0  0  0  1  0  0 -1  1 -1  0  0  0  0  1  0  0  0  0  1  0
                                       0  0 -1  0  1  0], predicted secret = [0 1 1 0 0 1 0 0 0 0 0 1 0 0 0 0 0 1 0 0 0 0 1 0 0 0 0 0 0 0], true support = [0 1 1 0 0 0 0 1 0 0 1 1 1 0 0 0 0 1 0 0 0 0 1 0 0 0 1 0 1 0], predicted support = [0 1 1 0 0 1 0 0 0 0 0 1 0 0 0 0 0 1 0 0 0 0 1 0 0 0 0 0 0 0])
INFO - 04/10/26 20:58:43 - 1:47:42 - Hybrid: direct, ca, distinguisher
INFO - 04/10/26 20:58:43 - 1:47:42 - direct, ca, distinguisher - Sum Normalized: secret not predicted. (true secret = [ 0 -1 -1  0  0  0  0  1  0  0 -1  1 -1  0  0  0  0  1  0  0  0  0  1  0
                                       0  0 -1  0  1  0], predicted secret = [0 1 1 0 0 0 0 1 0 0 1 0 0 0 0 0 0 1 0 0 0 0 1 0 0 0 0 0 0 0], true support = [0 1 1 0 0 0 0 1 0 0 1 1 1 0 0 0 0 1 0 0 0 0 1 0 0 0 1 0 1 0], predicted support = [0 1 1 0 0 0 0 1 0 0 1 0 0 0 0 0 0 1 0 0 0 0 1 0 0 0 0 0 0 0])
INFO - 04/10/26 20:58:43 - 1:47:42 - direct, ca, distinguisher - Max Normalized: secret not predicted. (true secret = [ 0 -1 -1  0  0  0  0  1  0  0 -1  1 -1  0  0  0  0  1  0  0  0  0  1  0
                                       0  0 -1  0  1  0], predicted secret = [0 1 1 0 0 0 0 0 0 0 1 0 0 0 0 0 0 1 0 0 0 0 1 0 0 0 0 0 1 0], true support = [0 1 1 0 0 0 0 1 0 0 1 1 1 0 0 0 0 1 0 0 0 0 1 0 0 0 1 0 1 0], predicted support = [0 1 1 0 0 0 0 0 0 0 1 0 0 0 0 0 0 1 0 0 0 0 1 0 0 0 0 0 1 0])
INFO - 04/10/26 20:58:43 - 1:47:42 - direct, ca, distinguisher - Sum Rank: secret not predicted. (true secret = [ 0 -1 -1  0  0  0  0  1  0  0 -1  1 -1  0  0  0  0  1  0  0  0  0  1  0
                                       0  0 -1  0  1  0], predicted secret = [0 1 1 0 0 0 0 1 0 0 1 0 1 0 0 0 0 0 0 0 0 0 1 0 0 0 0 0 0 0], true support = [0 1 1 0 0 0 0 1 0 0 1 1 1 0 0 0 0 1 0 0 0 0 1 0 0 0 1 0 1 0], predicted support = [0 1 1 0 0 0 0 1 0 0 1 0 1 0 0 0 0 0 0 0 0 0 1 0 0 0 0 0 0 0])
INFO - 04/10/26 20:58:43 - 1:47:42 - direct, ca, distinguisher - Max Rank: secret not predicted. (true secret = [ 0 -1 -1  0  0  0  0  1  0  0 -1  1 -1  0  0  0  0  1  0  0  0  0  1  0
                                       0  0 -1  0  1  0], predicted secret = [0 1 1 0 0 0 0 1 0 1 0 0 0 0 0 0 0 1 0 0 0 0 1 0 0 0 0 0 0 0], true support = [0 1 1 0 0 0 0 1 0 0 1 1 1 0 0 0 0 1 0 0 0 0 1 0 0 0 1 0 1 0], predicted support = [0 1 1 0 0 0 0 1 0 1 0 0 0 0 0 0 0 1 0 0 0 0 1 0 0 0 0 0 0 0])
INFO - 04/10/26 20:58:43 - 1:47:42 - Epoch 33 metrics | train_loss: 0.710399 | train_acc1: 63.922545 | train_acc2: 87.381538 | valid_xe_loss: 2.247388 | valid_acc1: 25.385680 | valid_acc2: 31.269778
INFO - 04/10/26 20:58:43 - 1:47:42 - __log__:{"train_loss": 0.7103985705897355, "train_acc1": 63.922544785668585, "train_acc2": 87.38153790786949, "epoch": 33, "valid_xe_loss": 2.247387828706186, "valid_acc1": 25.385680379746834, "valid_acc2": 31.269778481012658}
INFO - 04/10/26 20:58:43 - 1:47:42 - Saving checkpoint to /home/yu_mcc/PQC_salsa/runs/n30_q127_h3_1m/train_gpu_ternary_h10_secret0_init0_epoch200000/checkpoint.pth ...
WARNING - 04/10/26 20:58:43 - 1:47:42 - Saving encoder parameters ...
WARNING - 04/10/26 20:58:43 - 1:47:42 - Saving decoder parameters ...
WARNING - 04/10/26 20:58:43 - 1:47:42 - Saving optimizer ...
INFO - 04/10/26 20:58:44 - 1:47:42 - ============ Starting epoch 34 ... ============
INFO - 04/10/26 20:58:44 - 1:47:43 -   53150 -   35.44 equations/s -  2268.07 words/s - MEM: 1.36 GB - LOSS:  0.6524 || ACC1: 68.6523 || ACC2: 90.6250 - LR: 1.0000e-05
INFO - 04/10/26 20:58:49 - 1:47:47 -   53200 - 1463.02 equations/s - 93632.97 words/s - MEM: 1.36 GB - LOSS:  0.6935 || ACC1: 64.1875 || ACC2: 87.9844 - LR: 1.0000e-05
INFO - 04/10/26 20:58:53 - 1:47:52 -   53250 - 1411.01 equations/s - 90304.39 words/s - MEM: 1.36 GB - LOSS:  0.6865 || ACC1: 66.1875 || ACC2: 88.0000 - LR: 1.0000e-05
INFO - 04/10/26 20:58:58 - 1:47:57 -   53300 - 1385.16 equations/s - 88650.26 words/s - MEM: 1.36 GB - LOSS:  0.6824 || ACC1: 65.2344 || ACC2: 88.0156 - LR: 1.0000e-05
INFO - 04/10/26 20:59:06 - 1:48:05 -   53350 -  797.03 equations/s - 51010.05 words/s - MEM: 1.36 GB - LOSS:  0.6820 || ACC1: 64.1875 || ACC2: 87.8438 - LR: 1.0000e-05
INFO - 04/10/26 20:59:11 - 1:48:09 -   53400 - 1370.79 equations/s - 87730.56 words/s - MEM: 1.36 GB - LOSS:  0.6724 || ACC1: 65.6406 || ACC2: 88.4062 - LR: 1.0000e-05
INFO - 04/10/26 20:59:15 - 1:48:14 -   53450 - 1344.10 equations/s - 86022.47 words/s - MEM: 1.36 GB - LOSS:  0.6856 || ACC1: 64.7812 || ACC2: 87.8906 - LR: 1.0000e-05
INFO - 04/10/26 20:59:20 - 1:48:19 -   53500 - 1434.73 equations/s - 91822.56 words/s - MEM: 1.36 GB - LOSS:  0.6732 || ACC1: 65.5156 || ACC2: 88.6250 - LR: 1.0000e-05
INFO - 04/10/26 20:59:24 - 1:48:23 -   53550 - 1406.42 equations/s - 90010.87 words/s - MEM: 1.36 GB - LOSS:  0.6775 || ACC1: 64.8594 || ACC2: 87.9688 - LR: 1.0000e-05
INFO - 04/10/26 20:59:29 - 1:48:28 -   53600 - 1333.58 equations/s - 85348.85 words/s - MEM: 1.36 GB - LOSS:  0.6739 || ACC1: 65.7656 || ACC2: 88.6094 - LR: 1.0000e-05
INFO - 04/10/26 20:59:34 - 1:48:33 -   53650 - 1382.24 equations/s - 88463.41 words/s - MEM: 1.36 GB - LOSS:  0.6656 || ACC1: 66.8281 || ACC2: 89.2188 - LR: 1.0000e-05
INFO - 04/10/26 20:59:42 - 1:48:41 -   53700 -  780.29 equations/s - 49938.38 words/s - MEM: 1.36 GB - LOSS:  0.6656 || ACC1: 65.3594 || ACC2: 89.0469 - LR: 1.0000e-05
INFO - 04/10/26 20:59:47 - 1:48:45 -   53750 - 1414.36 equations/s - 90519.25 words/s - MEM: 1.36 GB - LOSS:  0.6758 || ACC1: 65.1250 || ACC2: 88.5312 - LR: 1.0000e-05
INFO - 04/10/26 20:59:51 - 1:48:50 -   53800 - 1439.75 equations/s - 92143.95 words/s - MEM: 1.36 GB - LOSS:  0.6814 || ACC1: 65.7656 || ACC2: 87.9219 - LR: 1.0000e-05
INFO - 04/10/26 20:59:55 - 1:48:54 -   53850 - 1462.76 equations/s - 93616.47 words/s - MEM: 1.36 GB - LOSS:  0.6706 || ACC1: 65.4375 || ACC2: 88.6406 - LR: 1.0000e-05
INFO - 04/10/26 21:00:00 - 1:48:59 -   53900 - 1364.28 equations/s - 87314.05 words/s - MEM: 1.36 GB - LOSS:  0.6641 || ACC1: 67.1250 || ACC2: 89.5625 - LR: 1.0000e-05
INFO - 04/10/26 21:00:05 - 1:49:03 -   53950 - 1389.76 equations/s - 88944.83 words/s - MEM: 1.36 GB - LOSS:  0.6715 || ACC1: 65.6719 || ACC2: 89.2344 - LR: 1.0000e-05
INFO - 04/10/26 21:00:09 - 1:49:08 -   54000 - 1371.17 equations/s - 87754.57 words/s - MEM: 1.36 GB - LOSS:  0.6589 || ACC1: 66.6562 || ACC2: 89.4688 - LR: 1.0000e-05
INFO - 04/10/26 21:00:18 - 1:49:16 -   54050 -  770.02 equations/s - 49281.39 words/s - MEM: 1.36 GB - LOSS:  0.6594 || ACC1: 65.7500 || ACC2: 89.4219 - LR: 1.0000e-05
INFO - 04/10/26 21:00:22 - 1:49:21 -   54100 - 1444.49 equations/s - 92447.13 words/s - MEM: 1.36 GB - LOSS:  0.6709 || ACC1: 65.1719 || ACC2: 88.5625 - LR: 1.0000e-05
INFO - 04/10/26 21:00:27 - 1:49:25 -   54150 - 1378.98 equations/s - 88254.66 words/s - MEM: 1.36 GB - LOSS:  0.6576 || ACC1: 66.2812 || ACC2: 89.0938 - LR: 1.0000e-05
INFO - 04/10/26 21:00:31 - 1:49:30 -   54200 - 1352.41 equations/s - 86554.05 words/s - MEM: 1.36 GB - LOSS:  0.6595 || ACC1: 65.9531 || ACC2: 88.9844 - LR: 1.0000e-05
INFO - 04/10/26 21:00:36 - 1:49:35 -   54250 - 1410.70 equations/s - 90285.06 words/s - MEM: 1.36 GB - LOSS:  0.6611 || ACC1: 65.5625 || ACC2: 89.0625 - LR: 1.0000e-05
INFO - 04/10/26 21:00:41 - 1:49:40 -   54300 - 1329.31 equations/s - 85075.91 words/s - MEM: 1.36 GB - LOSS:  0.6574 || ACC1: 66.5312 || ACC2: 89.2031 - LR: 1.0000e-05
INFO - 04/10/26 21:00:45 - 1:49:44 -   54350 - 1438.23 equations/s - 92046.93 words/s - MEM: 1.36 GB - LOSS:  0.6502 || ACC1: 67.0469 || ACC2: 89.5625 - LR: 1.0000e-05
INFO - 04/10/26 21:00:53 - 1:49:52 -   54400 -  786.46 equations/s - 50333.24 words/s - MEM: 1.36 GB - LOSS:  0.6583 || ACC1: 65.7969 || ACC2: 89.0156 - LR: 1.0000e-05
INFO - 04/10/26 21:00:58 - 1:49:57 -   54450 - 1406.07 equations/s - 89988.21 words/s - MEM: 1.36 GB - LOSS:  0.6487 || ACC1: 65.8906 || ACC2: 89.7500 - LR: 1.0000e-05
INFO - 04/10/26 21:01:03 - 1:50:01 -   54500 - 1378.53 equations/s - 88225.64 words/s - MEM: 1.36 GB - LOSS:  0.6555 || ACC1: 66.9375 || ACC2: 89.2812 - LR: 1.0000e-05
INFO - 04/10/26 21:01:07 - 1:50:06 -   54550 - 1356.66 equations/s - 86826.46 words/s - MEM: 1.36 GB - LOSS:  0.6481 || ACC1: 66.6562 || ACC2: 89.7812 - LR: 1.0000e-05
INFO - 04/10/26 21:01:12 - 1:50:11 -   54600 - 1397.89 equations/s - 89465.22 words/s - MEM: 1.36 GB - LOSS:  0.6511 || ACC1: 67.1094 || ACC2: 89.2969 - LR: 1.0000e-05
INFO - 04/10/26 21:01:16 - 1:50:15 -   54650 - 1398.01 equations/s - 89472.37 words/s - MEM: 1.36 GB - LOSS:  0.6493 || ACC1: 66.3125 || ACC2: 89.1250 - LR: 1.0000e-05
INFO - 04/10/26 21:01:21 - 1:50:20 -   54700 - 1371.95 equations/s - 87804.73 words/s - MEM: 1.36 GB - LOSS:  0.6524 || ACC1: 65.6250 || ACC2: 88.9531 - LR: 1.0000e-05
INFO - 04/10/26 21:01:22 - 1:50:20 -   54705 - 1463.68 equations/s - 93675.59 words/s - MEM: 1.36 GB - LOSS:  0.6477 || ACC1: 65.3125 || ACC2: 89.2188 - LR: 1.0000e-05
INFO - 04/10/26 21:01:22 - 1:50:20 - ============ End of epoch 34 ============
INFO - 04/10/26 21:01:22 - 1:50:20 - Starting Distinguisher Method
INFO - 04/10/26 21:01:38 - 1:50:37 - Distinguishing 0s using the emd. 
INFO - 04/10/26 21:01:38 - 1:50:37 - Distinguishing +/-1s using the emd. 
INFO - 04/10/26 21:01:38 - 1:50:37 - Real secret: -1: {np.int64(1), np.int64(2), np.int64(10), np.int64(12), np.int64(26)}, 1: {np.int64(7), np.int64(11), np.int64(17), np.int64(22), np.int64(28)}
INFO - 04/10/26 21:01:38 - 1:50:37 - Distinguishing +/-1s using the mean. 
INFO - 04/10/26 21:01:38 - 1:50:37 - Real secret: -1: {np.int64(1), np.int64(2), np.int64(10), np.int64(12), np.int64(26)}, 1: {np.int64(7), np.int64(11), np.int64(17), np.int64(22), np.int64(28)}
INFO - 04/10/26 21:01:38 - 1:50:37 - Distinguishing 0s using the mean. 
INFO - 04/10/26 21:01:38 - 1:50:37 - Distinguishing +/-1s using the emd. 
INFO - 04/10/26 21:01:38 - 1:50:37 - Real secret: -1: {np.int64(1), np.int64(2), np.int64(10), np.int64(12), np.int64(26)}, 1: {np.int64(7), np.int64(11), np.int64(17), np.int64(22), np.int64(28)}
INFO - 04/10/26 21:01:38 - 1:50:37 - Distinguishing +/-1s using the mean. 
INFO - 04/10/26 21:01:38 - 1:50:37 - Real secret: -1: {np.int64(1), np.int64(2), np.int64(10), np.int64(12), np.int64(26)}, 1: {np.int64(7), np.int64(11), np.int64(17), np.int64(22), np.int64(28)}
INFO - 04/10/26 21:01:38 - 1:50:37 - Starting Direct Method
INFO - 04/10/26 21:01:38 - 1:50:37 - Direct:  K=66
INFO - 04/10/26 21:01:38 - 1:50:37 - Direct:  K=38
INFO - 04/10/26 21:01:38 - 1:50:37 - Direct:  K=59
INFO - 04/10/26 21:01:39 - 1:50:37 - Direct:  K=54
INFO - 04/10/26 21:01:39 - 1:50:38 - Direct:  K=53
INFO - 04/10/26 21:01:39 - 1:50:38 - Direct:  K=35
INFO - 04/10/26 21:01:39 - 1:50:38 - Direct:  K=61
INFO - 04/10/26 21:01:39 - 1:50:38 - Direct:  K=61
INFO - 04/10/26 21:01:39 - 1:50:38 - Direct:  K=37
INFO - 04/10/26 21:01:39 - 1:50:38 - Direct:  K=81
INFO - 04/10/26 21:01:39 - 1:50:38 - Direct:  K=48
INFO - 04/10/26 21:01:40 - 1:50:38 - Direct:  K=80
INFO - 04/10/26 21:01:40 - 1:50:38 - Direct:  K=51
INFO - 04/10/26 21:01:40 - 1:50:38 - Direct:  K=90
INFO - 04/10/26 21:01:40 - 1:50:39 - Direct:  K=39
INFO - 04/10/26 21:01:40 - 1:50:39 - Direct: secret not predicted. (true secret = [ 0 -1 -1  0  0  0  0  1  0  0 -1  1 -1  0  0  0  0  1  0  0  0  0  1  0
                                       0  0 -1  0  1  0], predicted secret = [0 1 0 1 0 0 0 0 0 1 0 0 1 0 0 0 0 0 0 0 0 0 1 0 1 0 0 0 0 0], true support = [0 1 1 0 0 0 0 1 0 0 1 1 1 0 0 0 0 1 0 0 0 0 1 0 0 0 1 0 1 0], predicted support = [0 1 0 1 0 0 0 0 0 1 0 0 1 0 0 0 0 0 0 0 0 0 1 0 1 0 0 0 0 0])
INFO - 04/10/26 21:01:49 - 1:50:48 - CA: secret not predicted. (true secret = [ 0 -1 -1  0  0  0  0  1  0  0 -1  1 -1  0  0  0  0  1  0  0  0  0  1  0
                                       0  0 -1  0  1  0], predicted secret = [0 1 1 0 0 0 0 0 0 0 0 1 1 0 0 0 0 1 0 0 0 0 0 1 0 0 0 0 0 0], true support = [0 1 1 0 0 0 0 1 0 0 1 1 1 0 0 0 0 1 0 0 0 0 1 0 0 0 1 0 1 0], predicted support = [0 1 1 0 0 0 0 0 0 0 0 1 1 0 0 0 0 1 0 0 0 0 0 1 0 0 0 0 0 0])
INFO - 04/10/26 21:01:49 - 1:50:48 - CA: secret not predicted. (true secret = [ 0 -1 -1  0  0  0  0  1  0  0 -1  1 -1  0  0  0  0  1  0  0  0  0  1  0
                                       0  0 -1  0  1  0], predicted secret = [1 0 0 0 0 1 0 1 0 0 1 1 0 0 0 0 0 0 0 0 0 0 0 0 0 1 0 0 0 0], true support = [0 1 1 0 0 0 0 1 0 0 1 1 1 0 0 0 0 1 0 0 0 0 1 0 0 0 1 0 1 0], predicted support = [1 0 0 0 0 1 0 1 0 0 1 1 0 0 0 0 0 0 0 0 0 0 0 0 0 1 0 0 0 0])
INFO - 04/10/26 21:01:49 - 1:50:48 - Hybrid: direct, ca
INFO - 04/10/26 21:01:49 - 1:50:48 - direct, ca - Sum Normalized: secret not predicted. (true secret = [ 0 -1 -1  0  0  0  0  1  0  0 -1  1 -1  0  0  0  0  1  0  0  0  0  1  0
                                       0  0 -1  0  1  0], predicted secret = [0 1 1 0 0 1 0 0 0 1 0 0 0 0 0 0 0 1 0 0 0 0 1 0 0 0 0 0 0 0], true support = [0 1 1 0 0 0 0 1 0 0 1 1 1 0 0 0 0 1 0 0 0 0 1 0 0 0 1 0 1 0], predicted support = [0 1 1 0 0 1 0 0 0 1 0 0 0 0 0 0 0 1 0 0 0 0 1 0 0 0 0 0 0 0])
INFO - 04/10/26 21:01:49 - 1:50:48 - direct, ca - Max Normalized: secret not predicted. (true secret = [ 0 -1 -1  0  0  0  0  1  0  0 -1  1 -1  0  0  0  0  1  0  0  0  0  1  0
                                       0  0 -1  0  1  0], predicted secret = [0 1 1 0 0 1 0 0 0 1 0 1 0 0 0 0 0 1 0 0 0 0 0 0 0 0 0 0 0 0], true support = [0 1 1 0 0 0 0 1 0 0 1 1 1 0 0 0 0 1 0 0 0 0 1 0 0 0 1 0 1 0], predicted support = [0 1 1 0 0 1 0 0 0 1 0 1 0 0 0 0 0 1 0 0 0 0 0 0 0 0 0 0 0 0])
INFO - 04/10/26 21:01:49 - 1:50:48 - direct, ca - Sum Rank: secret not predicted. (true secret = [ 0 -1 -1  0  0  0  0  1  0  0 -1  1 -1  0  0  0  0  1  0  0  0  0  1  0
                                       0  0 -1  0  1  0], predicted secret = [0 1 1 0 0 0 0 1 0 0 0 0 1 0 0 0 0 1 0 0 0 0 1 0 0 0 0 0 0 0], true support = [0 1 1 0 0 0 0 1 0 0 1 1 1 0 0 0 0 1 0 0 0 0 1 0 0 0 1 0 1 0], predicted support = [0 1 1 0 0 0 0 1 0 0 0 0 1 0 0 0 0 1 0 0 0 0 1 0 0 0 0 0 0 0])
INFO - 04/10/26 21:01:49 - 1:50:48 - direct, ca - Max Rank: secret not predicted. (true secret = [ 0 -1 -1  0  0  0  0  1  0  0 -1  1 -1  0  0  0  0  1  0  0  0  0  1  0
                                       0  0 -1  0  1  0], predicted secret = [0 1 1 0 0 1 0 0 0 1 0 0 0 0 0 0 0 1 0 0 0 0 1 0 0 0 0 0 0 0], true support = [0 1 1 0 0 0 0 1 0 0 1 1 1 0 0 0 0 1 0 0 0 0 1 0 0 0 1 0 1 0], predicted support = [0 1 1 0 0 1 0 0 0 1 0 0 0 0 0 0 0 1 0 0 0 0 1 0 0 0 0 0 0 0])
INFO - 04/10/26 21:01:49 - 1:50:48 - Hybrid: direct, distinguisher
INFO - 04/10/26 21:01:49 - 1:50:48 - direct, distinguisher - Sum Normalized: secret not predicted. (true secret = [ 0 -1 -1  0  0  0  0  1  0  0 -1  1 -1  0  0  0  0  1  0  0  0  0  1  0
                                       0  0 -1  0  1  0], predicted secret = [0 1 1 0 0 0 0 0 0 1 0 0 1 0 0 0 0 0 0 0 0 0 1 0 0 0 0 0 1 0], true support = [0 1 1 0 0 0 0 1 0 0 1 1 1 0 0 0 0 1 0 0 0 0 1 0 0 0 1 0 1 0], predicted support = [0 1 1 0 0 0 0 0 0 1 0 0 1 0 0 0 0 0 0 0 0 0 1 0 0 0 0 0 1 0])
INFO - 04/10/26 21:01:49 - 1:50:48 - direct, distinguisher - Max Normalized: secret not predicted. (true secret = [ 0 -1 -1  0  0  0  0  1  0  0 -1  1 -1  0  0  0  0  1  0  0  0  0  1  0
                                       0  0 -1  0  1  0], predicted secret = [0 1 1 0 0 0 0 0 0 1 1 0 0 0 0 0 0 0 0 0 0 0 1 0 0 0 0 0 1 0], true support = [0 1 1 0 0 0 0 1 0 0 1 1 1 0 0 0 0 1 0 0 0 0 1 0 0 0 1 0 1 0], predicted support = [0 1 1 0 0 0 0 0 0 1 1 0 0 0 0 0 0 0 0 0 0 0 1 0 0 0 0 0 1 0])
INFO - 04/10/26 21:01:49 - 1:50:48 - direct, distinguisher - Sum Rank: secret not predicted. (true secret = [ 0 -1 -1  0  0  0  0  1  0  0 -1  1 -1  0  0  0  0  1  0  0  0  0  1  0
                                       0  0 -1  0  1  0], predicted secret = [0 1 1 0 0 0 0 1 0 0 0 0 1 0 0 0 0 0 0 0 0 0 1 0 0 0 0 0 1 0], true support = [0 1 1 0 0 0 0 1 0 0 1 1 1 0 0 0 0 1 0 0 0 0 1 0 0 0 1 0 1 0], predicted support = [0 1 1 0 0 0 0 1 0 0 0 0 1 0 0 0 0 0 0 0 0 0 1 0 0 0 0 0 1 0])
INFO - 04/10/26 21:01:49 - 1:50:48 - direct, distinguisher - Max Rank: secret not predicted. (true secret = [ 0 -1 -1  0  0  0  0  1  0  0 -1  1 -1  0  0  0  0  1  0  0  0  0  1  0
                                       0  0 -1  0  1  0], predicted secret = [0 1 1 0 0 0 0 0 0 1 0 0 0 0 0 0 0 0 0 0 0 0 1 0 1 0 0 0 1 0], true support = [0 1 1 0 0 0 0 1 0 0 1 1 1 0 0 0 0 1 0 0 0 0 1 0 0 0 1 0 1 0], predicted support = [0 1 1 0 0 0 0 0 0 1 0 0 0 0 0 0 0 0 0 0 0 0 1 0 1 0 0 0 1 0])
INFO - 04/10/26 21:01:49 - 1:50:48 - Hybrid: ca, distinguisher
INFO - 04/10/26 21:01:49 - 1:50:48 - ca, distinguisher - Sum Normalized: secret not predicted. (true secret = [ 0 -1 -1  0  0  0  0  1  0  0 -1  1 -1  0  0  0  0  1  0  0  0  0  1  0
                                       0  0 -1  0  1  0], predicted secret = [0 1 1 0 0 0 0 0 0 0 1 1 0 0 0 0 0 1 0 0 0 0 0 0 0 0 0 0 1 0], true support = [0 1 1 0 0 0 0 1 0 0 1 1 1 0 0 0 0 1 0 0 0 0 1 0 0 0 1 0 1 0], predicted support = [0 1 1 0 0 0 0 0 0 0 1 1 0 0 0 0 0 1 0 0 0 0 0 0 0 0 0 0 1 0])
INFO - 04/10/26 21:01:49 - 1:50:48 - ca, distinguisher - Max Normalized: secret not predicted. (true secret = [ 0 -1 -1  0  0  0  0  1  0  0 -1  1 -1  0  0  0  0  1  0  0  0  0  1  0
                                       0  0 -1  0  1  0], predicted secret = [0 1 1 0 0 0 0 0 0 0 1 0 0 0 0 0 0 1 0 0 0 0 1 0 0 0 0 0 1 0], true support = [0 1 1 0 0 0 0 1 0 0 1 1 1 0 0 0 0 1 0 0 0 0 1 0 0 0 1 0 1 0], predicted support = [0 1 1 0 0 0 0 0 0 0 1 0 0 0 0 0 0 1 0 0 0 0 1 0 0 0 0 0 1 0])
INFO - 04/10/26 21:01:49 - 1:50:48 - ca, distinguisher - Sum Rank: secret not predicted. (true secret = [ 0 -1 -1  0  0  0  0  1  0  0 -1  1 -1  0  0  0  0  1  0  0  0  0  1  0
                                       0  0 -1  0  1  0], predicted secret = [0 1 1 0 0 0 0 0 0 0 1 1 0 0 0 0 0 1 0 0 0 0 0 0 0 0 0 0 1 0], true support = [0 1 1 0 0 0 0 1 0 0 1 1 1 0 0 0 0 1 0 0 0 0 1 0 0 0 1 0 1 0], predicted support = [0 1 1 0 0 0 0 0 0 0 1 1 0 0 0 0 0 1 0 0 0 0 0 0 0 0 0 0 1 0])
INFO - 04/10/26 21:01:49 - 1:50:48 - ca, distinguisher - Max Rank: secret not predicted. (true secret = [ 0 -1 -1  0  0  0  0  1  0  0 -1  1 -1  0  0  0  0  1  0  0  0  0  1  0
                                       0  0 -1  0  1  0], predicted secret = [0 1 1 0 0 1 0 0 0 0 0 0 0 0 0 0 0 1 0 0 0 0 1 0 0 0 0 0 1 0], true support = [0 1 1 0 0 0 0 1 0 0 1 1 1 0 0 0 0 1 0 0 0 0 1 0 0 0 1 0 1 0], predicted support = [0 1 1 0 0 1 0 0 0 0 0 0 0 0 0 0 0 1 0 0 0 0 1 0 0 0 0 0 1 0])
INFO - 04/10/26 21:01:49 - 1:50:48 - Hybrid: direct, ca, distinguisher
INFO - 04/10/26 21:01:49 - 1:50:48 - direct, ca, distinguisher - Sum Normalized: secret not predicted. (true secret = [ 0 -1 -1  0  0  0  0  1  0  0 -1  1 -1  0  0  0  0  1  0  0  0  0  1  0
                                       0  0 -1  0  1  0], predicted secret = [0 1 1 0 0 0 0 0 0 0 1 0 0 0 0 0 0 1 0 0 0 0 1 0 0 0 0 0 1 0], true support = [0 1 1 0 0 0 0 1 0 0 1 1 1 0 0 0 0 1 0 0 0 0 1 0 0 0 1 0 1 0], predicted support = [0 1 1 0 0 0 0 0 0 0 1 0 0 0 0 0 0 1 0 0 0 0 1 0 0 0 0 0 1 0])
INFO - 04/10/26 21:01:49 - 1:50:48 - direct, ca, distinguisher - Max Normalized: secret not predicted. (true secret = [ 0 -1 -1  0  0  0  0  1  0  0 -1  1 -1  0  0  0  0  1  0  0  0  0  1  0
                                       0  0 -1  0  1  0], predicted secret = [0 1 1 0 0 0 0 0 0 1 0 0 0 0 0 0 0 1 0 0 0 0 1 0 0 0 0 0 1 0], true support = [0 1 1 0 0 0 0 1 0 0 1 1 1 0 0 0 0 1 0 0 0 0 1 0 0 0 1 0 1 0], predicted support = [0 1 1 0 0 0 0 0 0 1 0 0 0 0 0 0 0 1 0 0 0 0 1 0 0 0 0 0 1 0])
INFO - 04/10/26 21:01:49 - 1:50:48 - direct, ca, distinguisher - Sum Rank: secret not predicted. (true secret = [ 0 -1 -1  0  0  0  0  1  0  0 -1  1 -1  0  0  0  0  1  0  0  0  0  1  0
                                       0  0 -1  0  1  0], predicted secret = [0 1 1 0 0 0 0 1 0 0 0 0 1 0 0 0 0 0 0 0 0 0 1 0 0 0 0 0 1 0], true support = [0 1 1 0 0 0 0 1 0 0 1 1 1 0 0 0 0 1 0 0 0 0 1 0 0 0 1 0 1 0], predicted support = [0 1 1 0 0 0 0 1 0 0 0 0 1 0 0 0 0 0 0 0 0 0 1 0 0 0 0 0 1 0])
INFO - 04/10/26 21:01:49 - 1:50:48 - direct, ca, distinguisher - Max Rank: secret not predicted. (true secret = [ 0 -1 -1  0  0  0  0  1  0  0 -1  1 -1  0  0  0  0  1  0  0  0  0  1  0
                                       0  0 -1  0  1  0], predicted secret = [0 1 1 0 0 1 0 0 0 1 0 0 0 0 0 0 0 1 0 0 0 0 0 0 0 0 0 0 1 0], true support = [0 1 1 0 0 0 0 1 0 0 1 1 1 0 0 0 0 1 0 0 0 0 1 0 0 0 1 0 1 0], predicted support = [0 1 1 0 0 1 0 0 0 1 0 0 0 0 0 0 0 1 0 0 0 0 0 0 0 0 0 0 1 0])
INFO - 04/10/26 21:01:49 - 1:50:48 - Epoch 34 metrics | train_loss: 0.666323 | train_acc1: 65.849928 | train_acc2: 88.851068 | valid_xe_loss: 2.287830 | valid_acc1: 24.238528 | valid_acc2: 30.330301
INFO - 04/10/26 21:01:49 - 1:50:48 - __log__:{"train_loss": 0.6663232011361833, "train_acc1": 65.84992802303263, "train_acc2": 88.85106765834932, "epoch": 34, "valid_xe_loss": 2.2878300389157067, "valid_acc1": 24.238528481012658, "valid_acc2": 30.330300632911392}
INFO - 04/10/26 21:01:49 - 1:50:48 - Saving checkpoint to /home/yu_mcc/PQC_salsa/runs/n30_q127_h3_1m/train_gpu_ternary_h10_secret0_init0_epoch200000/checkpoint.pth ...
WARNING - 04/10/26 21:01:49 - 1:50:48 - Saving encoder parameters ...
WARNING - 04/10/26 21:01:49 - 1:50:48 - Saving decoder parameters ...
WARNING - 04/10/26 21:01:49 - 1:50:48 - Saving optimizer ...
INFO - 04/10/26 21:01:49 - 1:50:48 - ============ Starting epoch 35 ... ============
INFO - 04/10/26 21:01:53 - 1:50:52 -   54750 -  182.20 equations/s - 11660.52 words/s - MEM: 1.36 GB - LOSS:  0.6458 || ACC1: 67.3785 || ACC2: 89.1146 - LR: 1.0000e-05
INFO - 04/10/26 21:01:59 - 1:50:57 -   54800 - 1176.40 equations/s - 75289.28 words/s - MEM: 1.36 GB - LOSS:  0.6503 || ACC1: 66.1875 || ACC2: 89.5469 - LR: 1.0000e-05
INFO - 04/10/26 21:02:07 - 1:51:06 -   54850 -  759.15 equations/s - 48585.31 words/s - MEM: 1.36 GB - LOSS:  0.6379 || ACC1: 65.6250 || ACC2: 89.8750 - LR: 1.0000e-05
INFO - 04/10/26 21:02:12 - 1:51:11 -   54900 - 1324.67 equations/s - 84779.15 words/s - MEM: 1.36 GB - LOSS:  0.6382 || ACC1: 67.2188 || ACC2: 89.6719 - LR: 1.0000e-05
INFO - 04/10/26 21:02:16 - 1:51:15 -   54950 - 1389.55 equations/s - 88931.06 words/s - MEM: 1.36 GB - LOSS:  0.6484 || ACC1: 67.1250 || ACC2: 89.8125 - LR: 1.0000e-05
INFO - 04/10/26 21:02:21 - 1:51:20 -   55000 - 1447.74 equations/s - 92655.13 words/s - MEM: 1.36 GB - LOSS:  0.6326 || ACC1: 66.8125 || ACC2: 90.0000 - LR: 1.0000e-05
INFO - 04/10/26 21:02:26 - 1:51:24 -   55050 - 1360.22 equations/s - 87054.13 words/s - MEM: 1.36 GB - LOSS:  0.6401 || ACC1: 67.0469 || ACC2: 89.5469 - LR: 1.0000e-05
INFO - 04/10/26 21:02:30 - 1:51:29 -   55100 - 1398.11 equations/s - 89478.90 words/s - MEM: 1.36 GB - LOSS:  0.6403 || ACC1: 66.8906 || ACC2: 89.7344 - LR: 1.0000e-05
INFO - 04/10/26 21:02:35 - 1:51:34 -   55150 - 1389.77 equations/s - 88945.10 words/s - MEM: 1.36 GB - LOSS:  0.6416 || ACC1: 66.7656 || ACC2: 89.5156 - LR: 1.0000e-05
INFO - 04/10/26 21:02:43 - 1:51:42 -   55200 -  787.30 equations/s - 50387.19 words/s - MEM: 1.36 GB - LOSS:  0.6379 || ACC1: 66.2500 || ACC2: 89.7344 - LR: 1.0000e-05
INFO - 04/10/26 21:02:48 - 1:51:46 -   55250 - 1342.02 equations/s - 85889.59 words/s - MEM: 1.36 GB - LOSS:  0.6271 || ACC1: 67.4844 || ACC2: 90.5781 - LR: 1.0000e-05
INFO - 04/10/26 21:02:52 - 1:51:51 -   55300 - 1382.72 equations/s - 88494.09 words/s - MEM: 1.36 GB - LOSS:  0.6262 || ACC1: 67.9688 || ACC2: 89.9844 - LR: 1.0000e-05
INFO - 04/10/26 21:02:57 - 1:51:56 -   55350 - 1360.16 equations/s - 87049.99 words/s - MEM: 1.36 GB - LOSS:  0.6361 || ACC1: 67.3125 || ACC2: 90.0781 - LR: 1.0000e-05
INFO - 04/10/26 21:03:02 - 1:52:01 -   55400 - 1321.23 equations/s - 84558.45 words/s - MEM: 1.36 GB - LOSS:  0.6305 || ACC1: 66.5781 || ACC2: 89.4688 - LR: 1.0000e-05
INFO - 04/10/26 21:03:06 - 1:52:05 -   55450 - 1388.18 equations/s - 88843.37 words/s - MEM: 1.36 GB - LOSS:  0.6427 || ACC1: 66.2188 || ACC2: 89.5469 - LR: 1.0000e-05
INFO - 04/10/26 21:03:11 - 1:52:10 -   55500 - 1383.84 equations/s - 88565.88 words/s - MEM: 1.36 GB - LOSS:  0.6279 || ACC1: 68.1094 || ACC2: 90.2969 - LR: 1.0000e-05
INFO - 04/10/26 21:03:19 - 1:52:18 -   55550 -  763.14 equations/s - 48840.87 words/s - MEM: 1.36 GB - LOSS:  0.6243 || ACC1: 69.2188 || ACC2: 90.7656 - LR: 1.0000e-05
INFO - 04/10/26 21:03:24 - 1:52:23 -   55600 - 1402.86 equations/s - 89782.73 words/s - MEM: 1.36 GB - LOSS:  0.6186 || ACC1: 68.0469 || ACC2: 91.0000 - LR: 1.0000e-05
INFO - 04/10/26 21:03:29 - 1:52:28 -   55650 - 1353.89 equations/s - 86649.09 words/s - MEM: 1.36 GB - LOSS:  0.6225 || ACC1: 67.7344 || ACC2: 90.8906 - LR: 1.0000e-05
INFO - 04/10/26 21:03:33 - 1:52:32 -   55700 - 1355.63 equations/s - 86760.43 words/s - MEM: 1.36 GB - LOSS:  0.6187 || ACC1: 69.1094 || ACC2: 91.0469 - LR: 1.0000e-05
INFO - 04/10/26 21:03:38 - 1:52:37 -   55750 - 1386.80 equations/s - 88755.15 words/s - MEM: 1.36 GB - LOSS:  0.6150 || ACC1: 67.8594 || ACC2: 90.6719 - LR: 1.0000e-05
INFO - 04/10/26 21:03:43 - 1:52:41 -   55800 - 1417.33 equations/s - 90709.35 words/s - MEM: 1.36 GB - LOSS:  0.6259 || ACC1: 66.6250 || ACC2: 90.6719 - LR: 1.0000e-05
INFO - 04/10/26 21:03:47 - 1:52:46 -   55850 - 1399.73 equations/s - 89582.43 words/s - MEM: 1.36 GB - LOSS:  0.6135 || ACC1: 67.3906 || ACC2: 90.8281 - LR: 1.0000e-05
INFO - 04/10/26 21:03:56 - 1:52:54 -   55900 -  768.36 equations/s - 49175.30 words/s - MEM: 1.36 GB - LOSS:  0.6082 || ACC1: 68.5625 || ACC2: 91.2969 - LR: 1.0000e-05
INFO - 04/10/26 21:04:00 - 1:52:59 -   55950 - 1432.31 equations/s - 91667.54 words/s - MEM: 1.36 GB - LOSS:  0.6190 || ACC1: 67.8594 || ACC2: 90.9375 - LR: 1.0000e-05
INFO - 04/10/26 21:04:05 - 1:53:03 -   56000 - 1352.71 equations/s - 86573.34 words/s - MEM: 1.36 GB - LOSS:  0.6139 || ACC1: 67.9062 || ACC2: 90.9219 - LR: 1.0000e-05
INFO - 04/10/26 21:04:09 - 1:53:08 -   56050 - 1352.72 equations/s - 86573.92 words/s - MEM: 1.36 GB - LOSS:  0.6076 || ACC1: 69.3750 || ACC2: 91.0156 - LR: 1.0000e-05
INFO - 04/10/26 21:04:14 - 1:53:13 -   56100 - 1303.49 equations/s - 83423.30 words/s - MEM: 1.36 GB - LOSS:  0.6113 || ACC1: 67.9531 || ACC2: 90.4688 - LR: 1.0000e-05
INFO - 04/10/26 21:04:19 - 1:53:18 -   56150 - 1374.28 equations/s - 87954.24 words/s - MEM: 1.36 GB - LOSS:  0.6145 || ACC1: 68.3281 || ACC2: 90.6094 - LR: 1.0000e-05
INFO - 04/10/26 21:04:27 - 1:53:26 -   56200 -  775.35 equations/s - 49622.23 words/s - MEM: 1.36 GB - LOSS:  0.6110 || ACC1: 68.4219 || ACC2: 90.9219 - LR: 1.0000e-05
INFO - 04/10/26 21:04:32 - 1:53:31 -   56250 - 1392.30 equations/s - 89107.01 words/s - MEM: 1.36 GB - LOSS:  0.6136 || ACC1: 68.4844 || ACC2: 90.4844 - LR: 1.0000e-05
INFO - 04/10/26 21:04:33 - 1:53:32 -   56268 - 1428.70 equations/s - 91437.01 words/s - MEM: 1.36 GB - LOSS:  0.6173 || ACC1: 68.4896 || ACC2: 90.3646 - LR: 1.0000e-05
INFO - 04/10/26 21:04:33 - 1:53:32 - ============ End of epoch 35 ============
INFO - 04/10/26 21:04:33 - 1:53:32 - Starting Distinguisher Method
INFO - 04/10/26 21:04:47 - 1:53:46 - Distinguishing 0s using the emd. 
INFO - 04/10/26 21:04:47 - 1:53:46 - Distinguishing +/-1s using the emd. 
INFO - 04/10/26 21:04:47 - 1:53:46 - Real secret: -1: {np.int64(1), np.int64(2), np.int64(10), np.int64(12), np.int64(26)}, 1: {np.int64(7), np.int64(11), np.int64(17), np.int64(22), np.int64(28)}
INFO - 04/10/26 21:04:47 - 1:53:46 - Distinguishing +/-1s using the mean. 
INFO - 04/10/26 21:04:47 - 1:53:46 - Real secret: -1: {np.int64(1), np.int64(2), np.int64(10), np.int64(12), np.int64(26)}, 1: {np.int64(7), np.int64(11), np.int64(17), np.int64(22), np.int64(28)}
INFO - 04/10/26 21:04:47 - 1:53:46 - Distinguishing 0s using the mean. 
INFO - 04/10/26 21:04:47 - 1:53:46 - Distinguishing +/-1s using the emd. 
INFO - 04/10/26 21:04:47 - 1:53:46 - Real secret: -1: {np.int64(1), np.int64(2), np.int64(10), np.int64(12), np.int64(26)}, 1: {np.int64(7), np.int64(11), np.int64(17), np.int64(22), np.int64(28)}
INFO - 04/10/26 21:04:47 - 1:53:46 - Distinguishing +/-1s using the mean. 
INFO - 04/10/26 21:04:47 - 1:53:46 - Real secret: -1: {np.int64(1), np.int64(2), np.int64(10), np.int64(12), np.int64(26)}, 1: {np.int64(7), np.int64(11), np.int64(17), np.int64(22), np.int64(28)}
INFO - 04/10/26 21:04:47 - 1:53:46 - Starting Direct Method
INFO - 04/10/26 21:04:47 - 1:53:46 - Direct:  K=33
INFO - 04/10/26 21:04:48 - 1:53:46 - Direct:  K=52
INFO - 04/10/26 21:04:48 - 1:53:46 - Direct:  K=73
INFO - 04/10/26 21:04:48 - 1:53:46 - Direct:  K=38
INFO - 04/10/26 21:04:48 - 1:53:47 - Direct:  K=92
INFO - 04/10/26 21:04:48 - 1:53:47 - Direct:  K=51
INFO - 04/10/26 21:04:48 - 1:53:47 - Direct:  K=62
INFO - 04/10/26 21:04:48 - 1:53:47 - Direct:  K=69
INFO - 04/10/26 21:04:48 - 1:53:47 - Direct:  K=57
INFO - 04/10/26 21:04:49 - 1:53:47 - Direct:  K=81
INFO - 04/10/26 21:04:49 - 1:53:47 - Direct:  K=58
INFO - 04/10/26 21:04:49 - 1:53:47 - Direct:  K=76
INFO - 04/10/26 21:04:49 - 1:53:48 - Direct:  K=58
INFO - 04/10/26 21:04:49 - 1:53:48 - Direct:  K=83
INFO - 04/10/26 21:04:49 - 1:53:48 - Direct:  K=94
INFO - 04/10/26 21:04:49 - 1:53:48 - Direct: secret not predicted. (true secret = [ 0 -1 -1  0  0  0  0  1  0  0 -1  1 -1  0  0  0  0  1  0  0  0  0  1  0
                                       0  0 -1  0  1  0], predicted secret = [0 1 0 0 0 0 0 1 0 1 0 0 0 0 0 0 0 1 0 0 0 0 1 0 1 0 0 0 0 0], true support = [0 1 1 0 0 0 0 1 0 0 1 1 1 0 0 0 0 1 0 0 0 0 1 0 0 0 1 0 1 0], predicted support = [0 1 0 0 0 0 0 1 0 1 0 0 0 0 0 0 0 1 0 0 0 0 1 0 1 0 0 0 0 0])
INFO - 04/10/26 21:04:58 - 1:53:57 - CA: secret not predicted. (true secret = [ 0 -1 -1  0  0  0  0  1  0  0 -1  1 -1  0  0  0  0  1  0  0  0  0  1  0
                                       0  0 -1  0  1  0], predicted secret = [0 1 1 0 0 0 0 0 0 0 0 1 1 0 0 0 0 1 0 0 0 0 0 1 0 0 0 0 0 0], true support = [0 1 1 0 0 0 0 1 0 0 1 1 1 0 0 0 0 1 0 0 0 0 1 0 0 0 1 0 1 0], predicted support = [0 1 1 0 0 0 0 0 0 0 0 1 1 0 0 0 0 1 0 0 0 0 0 1 0 0 0 0 0 0])
INFO - 04/10/26 21:04:58 - 1:53:57 - CA: secret not predicted. (true secret = [ 0 -1 -1  0  0  0  0  1  0  0 -1  1 -1  0  0  0  0  1  0  0  0  0  1  0
                                       0  0 -1  0  1  0], predicted secret = [1 0 0 0 0 1 0 1 0 0 1 0 0 0 0 0 1 0 0 0 0 0 0 0 0 0 0 1 0 0], true support = [0 1 1 0 0 0 0 1 0 0 1 1 1 0 0 0 0 1 0 0 0 0 1 0 0 0 1 0 1 0], predicted support = [1 0 0 0 0 1 0 1 0 0 1 0 0 0 0 0 1 0 0 0 0 0 0 0 0 0 0 1 0 0])
INFO - 04/10/26 21:04:58 - 1:53:57 - Hybrid: direct, ca
INFO - 04/10/26 21:04:58 - 1:53:57 - direct, ca - Sum Normalized: secret not predicted. (true secret = [ 0 -1 -1  0  0  0  0  1  0  0 -1  1 -1  0  0  0  0  1  0  0  0  0  1  0
                                       0  0 -1  0  1  0], predicted secret = [0 1 1 0 0 1 0 1 0 0 0 0 0 0 0 0 0 1 0 0 0 0 1 0 0 0 0 0 0 0], true support = [0 1 1 0 0 0 0 1 0 0 1 1 1 0 0 0 0 1 0 0 0 0 1 0 0 0 1 0 1 0], predicted support = [0 1 1 0 0 1 0 1 0 0 0 0 0 0 0 0 0 1 0 0 0 0 1 0 0 0 0 0 0 0])
INFO - 04/10/26 21:04:58 - 1:53:57 - direct, ca - Max Normalized: secret not predicted. (true secret = [ 0 -1 -1  0  0  0  0  1  0  0 -1  1 -1  0  0  0  0  1  0  0  0  0  1  0
                                       0  0 -1  0  1  0], predicted secret = [0 1 1 0 0 1 0 0 0 1 1 0 0 0 0 0 0 1 0 0 0 0 0 0 0 0 0 0 0 0], true support = [0 1 1 0 0 0 0 1 0 0 1 1 1 0 0 0 0 1 0 0 0 0 1 0 0 0 1 0 1 0], predicted support = [0 1 1 0 0 1 0 0 0 1 1 0 0 0 0 0 0 1 0 0 0 0 0 0 0 0 0 0 0 0])
INFO - 04/10/26 21:04:58 - 1:53:57 - direct, ca - Sum Rank: secret not predicted. (true secret = [ 0 -1 -1  0  0  0  0  1  0  0 -1  1 -1  0  0  0  0  1  0  0  0  0  1  0
                                       0  0 -1  0  1  0], predicted secret = [0 1 1 0 0 0 0 1 0 0 0 0 0 0 0 0 0 1 0 0 0 0 1 1 0 0 0 0 0 0], true support = [0 1 1 0 0 0 0 1 0 0 1 1 1 0 0 0 0 1 0 0 0 0 1 0 0 0 1 0 1 0], predicted support = [0 1 1 0 0 0 0 1 0 0 0 0 0 0 0 0 0 1 0 0 0 0 1 1 0 0 0 0 0 0])
INFO - 04/10/26 21:04:58 - 1:53:57 - direct, ca - Max Rank: secret not predicted. (true secret = [ 0 -1 -1  0  0  0  0  1  0  0 -1  1 -1  0  0  0  0  1  0  0  0  0  1  0
                                       0  0 -1  0  1  0], predicted secret = [0 1 1 0 0 1 0 0 0 1 0 0 0 0 0 0 0 1 0 0 0 0 1 0 0 0 0 0 0 0], true support = [0 1 1 0 0 0 0 1 0 0 1 1 1 0 0 0 0 1 0 0 0 0 1 0 0 0 1 0 1 0], predicted support = [0 1 1 0 0 1 0 0 0 1 0 0 0 0 0 0 0 1 0 0 0 0 1 0 0 0 0 0 0 0])
INFO - 04/10/26 21:04:58 - 1:53:57 - Hybrid: direct, distinguisher
INFO - 04/10/26 21:04:58 - 1:53:57 - direct, distinguisher - Sum Normalized: secret not predicted. (true secret = [ 0 -1 -1  0  0  0  0  1  0  0 -1  1 -1  0  0  0  0  1  0  0  0  0  1  0
                                       0  0 -1  0  1  0], predicted secret = [0 1 0 0 0 0 0 1 0 0 1 0 0 0 0 0 0 1 0 0 0 0 1 0 0 0 0 0 1 0], true support = [0 1 1 0 0 0 0 1 0 0 1 1 1 0 0 0 0 1 0 0 0 0 1 0 0 0 1 0 1 0], predicted support = [0 1 0 0 0 0 0 1 0 0 1 0 0 0 0 0 0 1 0 0 0 0 1 0 0 0 0 0 1 0])
INFO - 04/10/26 21:04:58 - 1:53:57 - direct, distinguisher - Max Normalized: secret not predicted. (true secret = [ 0 -1 -1  0  0  0  0  1  0  0 -1  1 -1  0  0  0  0  1  0  0  0  0  1  0
                                       0  0 -1  0  1  0], predicted secret = [0 1 0 0 0 0 0 1 0 0 1 0 0 0 0 0 0 1 0 0 0 0 1 0 0 0 0 0 1 0], true support = [0 1 1 0 0 0 0 1 0 0 1 1 1 0 0 0 0 1 0 0 0 0 1 0 0 0 1 0 1 0], predicted support = [0 1 0 0 0 0 0 1 0 0 1 0 0 0 0 0 0 1 0 0 0 0 1 0 0 0 0 0 1 0])
INFO - 04/10/26 21:04:58 - 1:53:57 - direct, distinguisher - Sum Rank: secret not predicted. (true secret = [ 0 -1 -1  0  0  0  0  1  0  0 -1  1 -1  0  0  0  0  1  0  0  0  0  1  0
                                       0  0 -1  0  1  0], predicted secret = [0 1 0 0 0 0 0 1 0 1 1 0 0 0 0 0 0 1 0 0 0 0 1 0 0 0 0 0 0 0], true support = [0 1 1 0 0 0 0 1 0 0 1 1 1 0 0 0 0 1 0 0 0 0 1 0 0 0 1 0 1 0], predicted support = [0 1 0 0 0 0 0 1 0 1 1 0 0 0 0 0 0 1 0 0 0 0 1 0 0 0 0 0 0 0])
INFO - 04/10/26 21:04:58 - 1:53:57 - direct, distinguisher - Max Rank: secret not predicted. (true secret = [ 0 -1 -1  0  0  0  0  1  0  0 -1  1 -1  0  0  0  0  1  0  0  0  0  1  0
                                       0  0 -1  0  1  0], predicted secret = [0 1 0 0 0 0 0 1 0 1 1 0 0 0 0 0 0 0 0 0 0 0 1 0 0 0 0 0 1 0], true support = [0 1 1 0 0 0 0 1 0 0 1 1 1 0 0 0 0 1 0 0 0 0 1 0 0 0 1 0 1 0], predicted support = [0 1 0 0 0 0 0 1 0 1 1 0 0 0 0 0 0 0 0 0 0 0 1 0 0 0 0 0 1 0])
INFO - 04/10/26 21:04:58 - 1:53:57 - Hybrid: ca, distinguisher
INFO - 04/10/26 21:04:58 - 1:53:57 - ca, distinguisher - Sum Normalized: secret not predicted. (true secret = [ 0 -1 -1  0  0  0  0  1  0  0 -1  1 -1  0  0  0  0  1  0  0  0  0  1  0
                                       0  0 -1  0  1  0], predicted secret = [0 1 1 0 0 0 0 0 0 0 1 0 0 0 0 0 0 1 0 0 0 0 1 0 0 0 0 0 1 0], true support = [0 1 1 0 0 0 0 1 0 0 1 1 1 0 0 0 0 1 0 0 0 0 1 0 0 0 1 0 1 0], predicted support = [0 1 1 0 0 0 0 0 0 0 1 0 0 0 0 0 0 1 0 0 0 0 1 0 0 0 0 0 1 0])
INFO - 04/10/26 21:04:58 - 1:53:57 - ca, distinguisher - Max Normalized: secret not predicted. (true secret = [ 0 -1 -1  0  0  0  0  1  0  0 -1  1 -1  0  0  0  0  1  0  0  0  0  1  0
                                       0  0 -1  0  1  0], predicted secret = [0 0 1 0 0 0 0 1 0 0 1 0 0 0 0 0 0 1 0 0 0 0 1 0 0 0 0 0 1 0], true support = [0 1 1 0 0 0 0 1 0 0 1 1 1 0 0 0 0 1 0 0 0 0 1 0 0 0 1 0 1 0], predicted support = [0 0 1 0 0 0 0 1 0 0 1 0 0 0 0 0 0 1 0 0 0 0 1 0 0 0 0 0 1 0])
INFO - 04/10/26 21:04:58 - 1:53:57 - ca, distinguisher - Sum Rank: secret not predicted. (true secret = [ 0 -1 -1  0  0  0  0  1  0  0 -1  1 -1  0  0  0  0  1  0  0  0  0  1  0
                                       0  0 -1  0  1  0], predicted secret = [0 1 1 0 0 0 0 0 0 0 1 0 0 0 0 0 0 1 0 0 0 0 1 0 0 0 0 0 1 0], true support = [0 1 1 0 0 0 0 1 0 0 1 1 1 0 0 0 0 1 0 0 0 0 1 0 0 0 1 0 1 0], predicted support = [0 1 1 0 0 0 0 0 0 0 1 0 0 0 0 0 0 1 0 0 0 0 1 0 0 0 0 0 1 0])
INFO - 04/10/26 21:04:58 - 1:53:57 - ca, distinguisher - Max Rank: secret not predicted. (true secret = [ 0 -1 -1  0  0  0  0  1  0  0 -1  1 -1  0  0  0  0  1  0  0  0  0  1  0
                                       0  0 -1  0  1  0], predicted secret = [0 0 1 0 0 1 0 0 0 0 1 0 0 0 0 0 0 1 0 0 0 0 1 0 0 0 0 0 1 0], true support = [0 1 1 0 0 0 0 1 0 0 1 1 1 0 0 0 0 1 0 0 0 0 1 0 0 0 1 0 1 0], predicted support = [0 0 1 0 0 1 0 0 0 0 1 0 0 0 0 0 0 1 0 0 0 0 1 0 0 0 0 0 1 0])
INFO - 04/10/26 21:04:58 - 1:53:57 - Hybrid: direct, ca, distinguisher
INFO - 04/10/26 21:04:58 - 1:53:57 - direct, ca, distinguisher - Sum Normalized: secret not predicted. (true secret = [ 0 -1 -1  0  0  0  0  1  0  0 -1  1 -1  0  0  0  0  1  0  0  0  0  1  0
                                       0  0 -1  0  1  0], predicted secret = [0 1 1 0 0 0 0 1 0 0 1 0 0 0 0 0 0 1 0 0 0 0 1 0 0 0 0 0 0 0], true support = [0 1 1 0 0 0 0 1 0 0 1 1 1 0 0 0 0 1 0 0 0 0 1 0 0 0 1 0 1 0], predicted support = [0 1 1 0 0 0 0 1 0 0 1 0 0 0 0 0 0 1 0 0 0 0 1 0 0 0 0 0 0 0])
INFO - 04/10/26 21:04:58 - 1:53:57 - direct, ca, distinguisher - Max Normalized: secret not predicted. (true secret = [ 0 -1 -1  0  0  0  0  1  0  0 -1  1 -1  0  0  0  0  1  0  0  0  0  1  0
                                       0  0 -1  0  1  0], predicted secret = [0 1 1 0 0 0 0 0 0 0 1 0 0 0 0 0 0 1 0 0 0 0 1 0 0 0 0 0 1 0], true support = [0 1 1 0 0 0 0 1 0 0 1 1 1 0 0 0 0 1 0 0 0 0 1 0 0 0 1 0 1 0], predicted support = [0 1 1 0 0 0 0 0 0 0 1 0 0 0 0 0 0 1 0 0 0 0 1 0 0 0 0 0 1 0])
INFO - 04/10/26 21:04:58 - 1:53:57 - direct, ca, distinguisher - Sum Rank: secret not predicted. (true secret = [ 0 -1 -1  0  0  0  0  1  0  0 -1  1 -1  0  0  0  0  1  0  0  0  0  1  0
                                       0  0 -1  0  1  0], predicted secret = [0 1 1 0 0 0 0 1 0 0 1 0 0 0 0 0 0 1 0 0 0 0 1 0 0 0 0 0 0 0], true support = [0 1 1 0 0 0 0 1 0 0 1 1 1 0 0 0 0 1 0 0 0 0 1 0 0 0 1 0 1 0], predicted support = [0 1 1 0 0 0 0 1 0 0 1 0 0 0 0 0 0 1 0 0 0 0 1 0 0 0 0 0 0 0])
INFO - 04/10/26 21:04:58 - 1:53:57 - direct, ca, distinguisher - Max Rank: secret not predicted. (true secret = [ 0 -1 -1  0  0  0  0  1  0  0 -1  1 -1  0  0  0  0  1  0  0  0  0  1  0
                                       0  0 -1  0  1  0], predicted secret = [0 1 1 0 0 0 0 0 0 1 1 0 0 0 0 0 0 1 0 0 0 0 0 0 0 0 0 0 1 0], true support = [0 1 1 0 0 0 0 1 0 0 1 1 1 0 0 0 0 1 0 0 0 0 1 0 0 0 1 0 1 0], predicted support = [0 1 1 0 0 0 0 0 0 1 1 0 0 0 0 0 0 1 0 0 0 0 0 0 0 0 0 0 1 0])
INFO - 04/10/26 21:04:58 - 1:53:57 - Epoch 35 metrics | train_loss: 0.626960 | train_acc1: 67.554882 | train_acc2: 90.296105 | valid_xe_loss: 2.343252 | valid_acc1: 24.782437 | valid_acc2: 30.092959
INFO - 04/10/26 21:04:58 - 1:53:57 - __log__:{"train_loss": 0.6269602751548826, "train_acc1": 67.55488243761997, "train_acc2": 90.29610524632118, "epoch": 35, "valid_xe_loss": 2.3432524566408954, "valid_acc1": 24.78243670886076, "valid_acc2": 30.092958860759495}
INFO - 04/10/26 21:04:58 - 1:53:57 - Saving checkpoint to /home/yu_mcc/PQC_salsa/runs/n30_q127_h3_1m/train_gpu_ternary_h10_secret0_init0_epoch200000/checkpoint.pth ...
WARNING - 04/10/26 21:04:58 - 1:53:57 - Saving encoder parameters ...
WARNING - 04/10/26 21:04:58 - 1:53:57 - Saving decoder parameters ...
WARNING - 04/10/26 21:04:58 - 1:53:57 - Saving optimizer ...
INFO - 04/10/26 21:04:59 - 1:53:57 - ============ Starting epoch 36 ... ============
INFO - 04/10/26 21:05:05 - 1:54:04 -   56300 -  129.48 equations/s -  8286.47 words/s - MEM: 1.36 GB - LOSS:  0.5958 || ACC1: 69.8242 || ACC2: 92.1875 - LR: 1.0000e-05
INFO - 04/10/26 21:05:10 - 1:54:09 -   56350 - 1315.10 equations/s - 84166.32 words/s - MEM: 1.36 GB - LOSS:  0.5946 || ACC1: 69.4531 || ACC2: 91.7500 - LR: 1.0000e-05
INFO - 04/10/26 21:05:15 - 1:54:13 -   56400 - 1367.65 equations/s - 87529.57 words/s - MEM: 1.36 GB - LOSS:  0.6009 || ACC1: 68.5000 || ACC2: 91.2188 - LR: 1.0000e-05
INFO - 04/10/26 21:05:19 - 1:54:18 -   56450 - 1393.55 equations/s - 89187.11 words/s - MEM: 1.36 GB - LOSS:  0.6044 || ACC1: 68.9688 || ACC2: 91.4531 - LR: 1.0000e-05
INFO - 04/10/26 21:05:24 - 1:54:23 -   56500 - 1369.92 equations/s - 87674.91 words/s - MEM: 1.36 GB - LOSS:  0.6055 || ACC1: 68.2812 || ACC2: 91.3125 - LR: 1.0000e-05
INFO - 04/10/26 21:05:28 - 1:54:27 -   56550 - 1427.74 equations/s - 91375.13 words/s - MEM: 1.36 GB - LOSS:  0.6080 || ACC1: 68.5469 || ACC2: 90.9062 - LR: 1.0000e-05
INFO - 04/10/26 21:05:33 - 1:54:32 -   56600 - 1396.17 equations/s - 89354.72 words/s - MEM: 1.36 GB - LOSS:  0.5952 || ACC1: 69.0781 || ACC2: 91.1875 - LR: 1.0000e-05
INFO - 04/10/26 21:05:41 - 1:54:40 -   56650 -  786.39 equations/s - 50329.08 words/s - MEM: 1.36 GB - LOSS:  0.5998 || ACC1: 68.2188 || ACC2: 90.4375 - LR: 1.0000e-05
INFO - 04/10/26 21:05:46 - 1:54:45 -   56700 - 1342.24 equations/s - 85903.61 words/s - MEM: 1.36 GB - LOSS:  0.5979 || ACC1: 69.5000 || ACC2: 91.1094 - LR: 1.0000e-05
INFO - 04/10/26 21:05:50 - 1:54:49 -   56750 - 1437.77 equations/s - 92017.42 words/s - MEM: 1.36 GB - LOSS:  0.5946 || ACC1: 67.7656 || ACC2: 91.0625 - LR: 1.0000e-05
INFO - 04/10/26 21:05:55 - 1:54:54 -   56800 - 1396.23 equations/s - 89358.87 words/s - MEM: 1.36 GB - LOSS:  0.5937 || ACC1: 69.5625 || ACC2: 91.3594 - LR: 1.0000e-05
INFO - 04/10/26 21:06:00 - 1:54:58 -   56850 - 1392.77 equations/s - 89137.56 words/s - MEM: 1.36 GB - LOSS:  0.5983 || ACC1: 68.7031 || ACC2: 91.5156 - LR: 1.0000e-05
INFO - 04/10/26 21:06:04 - 1:55:03 -   56900 - 1434.73 equations/s - 91822.77 words/s - MEM: 1.36 GB - LOSS:  0.5867 || ACC1: 70.4375 || ACC2: 91.8125 - LR: 1.0000e-05
INFO - 04/10/26 21:06:09 - 1:55:07 -   56950 - 1390.20 equations/s - 88972.65 words/s - MEM: 1.36 GB - LOSS:  0.5897 || ACC1: 70.2344 || ACC2: 91.4219 - LR: 1.0000e-05
INFO - 04/10/26 21:06:17 - 1:55:15 -   57000 -  798.66 equations/s - 51113.97 words/s - MEM: 1.36 GB - LOSS:  0.5854 || ACC1: 69.7500 || ACC2: 91.5469 - LR: 1.0000e-05
INFO - 04/10/26 21:06:21 - 1:55:20 -   57050 - 1437.50 equations/s - 92000.07 words/s - MEM: 1.36 GB - LOSS:  0.5872 || ACC1: 70.2031 || ACC2: 92.0938 - LR: 1.0000e-05
INFO - 04/10/26 21:06:26 - 1:55:24 -   57100 - 1386.26 equations/s - 88720.56 words/s - MEM: 1.36 GB - LOSS:  0.5889 || ACC1: 69.5312 || ACC2: 91.1406 - LR: 1.0000e-05
INFO - 04/10/26 21:06:30 - 1:55:29 -   57150 - 1464.32 equations/s - 93716.26 words/s - MEM: 1.36 GB - LOSS:  0.5914 || ACC1: 69.1562 || ACC2: 91.1719 - LR: 1.0000e-05
INFO - 04/10/26 21:06:35 - 1:55:33 -   57200 - 1383.91 equations/s - 88570.49 words/s - MEM: 1.36 GB - LOSS:  0.5835 || ACC1: 69.8281 || ACC2: 91.4062 - LR: 1.0000e-05
INFO - 04/10/26 21:06:39 - 1:55:38 -   57250 - 1379.23 equations/s - 88271.03 words/s - MEM: 1.36 GB - LOSS:  0.5888 || ACC1: 69.6719 || ACC2: 91.3438 - LR: 1.0000e-05
INFO - 04/10/26 21:06:44 - 1:55:43 -   57300 - 1395.95 equations/s - 89340.50 words/s - MEM: 1.36 GB - LOSS:  0.5877 || ACC1: 69.4375 || ACC2: 91.6875 - LR: 1.0000e-05
INFO - 04/10/26 21:06:52 - 1:55:51 -   57350 -  785.16 equations/s - 50250.21 words/s - MEM: 1.36 GB - LOSS:  0.5786 || ACC1: 70.6094 || ACC2: 92.3906 - LR: 1.0000e-05
INFO - 04/10/26 21:06:57 - 1:55:55 -   57400 - 1419.41 equations/s - 90842.05 words/s - MEM: 1.36 GB - LOSS:  0.5783 || ACC1: 69.6094 || ACC2: 91.7969 - LR: 1.0000e-05
INFO - 04/10/26 21:07:01 - 1:56:00 -   57450 - 1392.54 equations/s - 89122.39 words/s - MEM: 1.36 GB - LOSS:  0.5873 || ACC1: 70.0469 || ACC2: 91.7969 - LR: 1.0000e-05
INFO - 04/10/26 21:07:06 - 1:56:05 -   57500 - 1356.88 equations/s - 86840.51 words/s - MEM: 1.36 GB - LOSS:  0.5746 || ACC1: 70.2500 || ACC2: 92.1250 - LR: 1.0000e-05
INFO - 04/10/26 21:07:11 - 1:56:09 -   57550 - 1372.95 equations/s - 87868.80 words/s - MEM: 1.36 GB - LOSS:  0.5792 || ACC1: 69.7031 || ACC2: 91.1094 - LR: 1.0000e-05
INFO - 04/10/26 21:07:15 - 1:56:14 -   57600 - 1392.62 equations/s - 89127.59 words/s - MEM: 1.36 GB - LOSS:  0.5795 || ACC1: 70.1406 || ACC2: 91.7500 - LR: 1.0000e-05
INFO - 04/10/26 21:07:20 - 1:56:18 -   57650 - 1404.84 equations/s - 89909.82 words/s - MEM: 1.36 GB - LOSS:  0.5868 || ACC1: 69.7031 || ACC2: 91.9375 - LR: 1.0000e-05
INFO - 04/10/26 21:07:28 - 1:56:27 -   57700 -  786.88 equations/s - 50360.47 words/s - MEM: 1.36 GB - LOSS:  0.5623 || ACC1: 70.6250 || ACC2: 92.5781 - LR: 1.0000e-05
INFO - 04/10/26 21:07:32 - 1:56:31 -   57750 - 1372.58 equations/s - 87844.91 words/s - MEM: 1.36 GB - LOSS:  0.5746 || ACC1: 70.0156 || ACC2: 92.0312 - LR: 1.0000e-05
INFO - 04/10/26 21:07:37 - 1:56:36 -   57800 - 1387.87 equations/s - 88823.61 words/s - MEM: 1.36 GB - LOSS:  0.5594 || ACC1: 71.5156 || ACC2: 92.1562 - LR: 1.0000e-05
INFO - 04/10/26 21:07:40 - 1:56:39 -   57831 - 1381.94 equations/s - 88443.96 words/s - MEM: 1.36 GB - LOSS:  0.5696 || ACC1: 69.3800 || ACC2: 91.8851 - LR: 1.0000e-05
INFO - 04/10/26 21:07:40 - 1:56:39 - ============ End of epoch 36 ============
INFO - 04/10/26 21:07:40 - 1:56:39 - Starting Distinguisher Method
INFO - 04/10/26 21:07:51 - 1:56:50 - Distinguishing 0s using the emd. 
INFO - 04/10/26 21:07:51 - 1:56:50 - Distinguishing +/-1s using the emd. 
INFO - 04/10/26 21:07:51 - 1:56:50 - Real secret: -1: {np.int64(1), np.int64(2), np.int64(10), np.int64(12), np.int64(26)}, 1: {np.int64(7), np.int64(11), np.int64(17), np.int64(22), np.int64(28)}
INFO - 04/10/26 21:07:51 - 1:56:50 - Distinguishing +/-1s using the mean. 
INFO - 04/10/26 21:07:51 - 1:56:50 - Real secret: -1: {np.int64(1), np.int64(2), np.int64(10), np.int64(12), np.int64(26)}, 1: {np.int64(7), np.int64(11), np.int64(17), np.int64(22), np.int64(28)}
INFO - 04/10/26 21:07:51 - 1:56:50 - Distinguishing 0s using the mean. 
INFO - 04/10/26 21:07:51 - 1:56:50 - Distinguishing +/-1s using the emd. 
INFO - 04/10/26 21:07:51 - 1:56:50 - Real secret: -1: {np.int64(1), np.int64(2), np.int64(10), np.int64(12), np.int64(26)}, 1: {np.int64(7), np.int64(11), np.int64(17), np.int64(22), np.int64(28)}
INFO - 04/10/26 21:07:51 - 1:56:50 - Distinguishing +/-1s using the mean. 
INFO - 04/10/26 21:07:51 - 1:56:50 - Real secret: -1: {np.int64(1), np.int64(2), np.int64(10), np.int64(12), np.int64(26)}, 1: {np.int64(7), np.int64(11), np.int64(17), np.int64(22), np.int64(28)}
INFO - 04/10/26 21:07:51 - 1:56:50 - Starting Direct Method
INFO - 04/10/26 21:07:51 - 1:56:50 - Direct:  K=91
INFO - 04/10/26 21:07:51 - 1:56:50 - Direct:  K=77
INFO - 04/10/26 21:07:51 - 1:56:50 - Direct:  K=88
INFO - 04/10/26 21:07:52 - 1:56:50 - Direct:  K=84
INFO - 04/10/26 21:07:52 - 1:56:51 - Direct:  K=94
INFO - 04/10/26 21:07:52 - 1:56:51 - Direct:  K=39
INFO - 04/10/26 21:07:52 - 1:56:51 - Direct:  K=59
INFO - 04/10/26 21:07:52 - 1:56:51 - Direct:  K=83
INFO - 04/10/26 21:07:53 - 1:56:51 - Direct:  K=70
INFO - 04/10/26 21:07:53 - 1:56:51 - Direct:  K=71
INFO - 04/10/26 21:07:53 - 1:56:51 - Direct:  K=53
INFO - 04/10/26 21:07:53 - 1:56:52 - Direct:  K=60
INFO - 04/10/26 21:07:53 - 1:56:52 - Direct:  K=38
INFO - 04/10/26 21:07:53 - 1:56:52 - Direct:  K=50
INFO - 04/10/26 21:07:53 - 1:56:52 - Direct:  K=60
INFO - 04/10/26 21:07:53 - 1:56:52 - Direct: secret not predicted. (true secret = [ 0 -1 -1  0  0  0  0  1  0  0 -1  1 -1  0  0  0  0  1  0  0  0  0  1  0
                                       0  0 -1  0  1  0], predicted secret = [0 1 1 0 0 0 0 1 0 0 0 0 0 0 0 0 0 0 0 0 0 0 1 1 1 0 0 0 0 0], true support = [0 1 1 0 0 0 0 1 0 0 1 1 1 0 0 0 0 1 0 0 0 0 1 0 0 0 1 0 1 0], predicted support = [0 1 1 0 0 0 0 1 0 0 0 0 0 0 0 0 0 0 0 0 0 0 1 1 1 0 0 0 0 0])
INFO - 04/10/26 21:08:05 - 1:57:04 - CA: secret not predicted. (true secret = [ 0 -1 -1  0  0  0  0  1  0  0 -1  1 -1  0  0  0  0  1  0  0  0  0  1  0
                                       0  0 -1  0  1  0], predicted secret = [0 1 1 0 0 0 0 0 0 0 0 1 1 0 0 0 0 1 0 0 0 0 0 1 0 0 0 0 0 0], true support = [0 1 1 0 0 0 0 1 0 0 1 1 1 0 0 0 0 1 0 0 0 0 1 0 0 0 1 0 1 0], predicted support = [0 1 1 0 0 0 0 0 0 0 0 1 1 0 0 0 0 1 0 0 0 0 0 1 0 0 0 0 0 0])
INFO - 04/10/26 21:08:05 - 1:57:04 - CA: secret not predicted. (true secret = [ 0 -1 -1  0  0  0  0  1  0  0 -1  1 -1  0  0  0  0  1  0  0  0  0  1  0
                                       0  0 -1  0  1  0], predicted secret = [1 0 0 0 0 1 0 1 0 0 1 1 0 0 0 0 0 0 0 0 0 0 0 0 0 0 0 0 1 0], true support = [0 1 1 0 0 0 0 1 0 0 1 1 1 0 0 0 0 1 0 0 0 0 1 0 0 0 1 0 1 0], predicted support = [1 0 0 0 0 1 0 1 0 0 1 1 0 0 0 0 0 0 0 0 0 0 0 0 0 0 0 0 1 0])
INFO - 04/10/26 21:08:05 - 1:57:04 - Hybrid: direct, ca
INFO - 04/10/26 21:08:05 - 1:57:04 - direct, ca - Sum Normalized: secret not predicted. (true secret = [ 0 -1 -1  0  0  0  0  1  0  0 -1  1 -1  0  0  0  0  1  0  0  0  0  1  0
                                       0  0 -1  0  1  0], predicted secret = [0 1 1 0 0 0 0 0 0 0 0 0 0 0 0 0 0 1 0 0 0 0 1 1 1 0 0 0 0 0], true support = [0 1 1 0 0 0 0 1 0 0 1 1 1 0 0 0 0 1 0 0 0 0 1 0 0 0 1 0 1 0], predicted support = [0 1 1 0 0 0 0 0 0 0 0 0 0 0 0 0 0 1 0 0 0 0 1 1 1 0 0 0 0 0])
INFO - 04/10/26 21:08:05 - 1:57:04 - direct, ca - Max Normalized: secret not predicted. (true secret = [ 0 -1 -1  0  0  0  0  1  0  0 -1  1 -1  0  0  0  0  1  0  0  0  0  1  0
                                       0  0 -1  0  1  0], predicted secret = [0 1 1 0 0 0 0 0 0 0 0 1 0 0 0 0 0 1 0 0 0 0 1 0 1 0 0 0 0 0], true support = [0 1 1 0 0 0 0 1 0 0 1 1 1 0 0 0 0 1 0 0 0 0 1 0 0 0 1 0 1 0], predicted support = [0 1 1 0 0 0 0 0 0 0 0 1 0 0 0 0 0 1 0 0 0 0 1 0 1 0 0 0 0 0])
INFO - 04/10/26 21:08:05 - 1:57:04 - direct, ca - Sum Rank: secret not predicted. (true secret = [ 0 -1 -1  0  0  0  0  1  0  0 -1  1 -1  0  0  0  0  1  0  0  0  0  1  0
                                       0  0 -1  0  1  0], predicted secret = [0 1 1 0 0 0 0 1 0 0 0 0 0 0 0 0 0 1 0 0 0 0 1 1 0 0 0 0 0 0], true support = [0 1 1 0 0 0 0 1 0 0 1 1 1 0 0 0 0 1 0 0 0 0 1 0 0 0 1 0 1 0], predicted support = [0 1 1 0 0 0 0 1 0 0 0 0 0 0 0 0 0 1 0 0 0 0 1 1 0 0 0 0 0 0])
INFO - 04/10/26 21:08:05 - 1:57:04 - direct, ca - Max Rank: secret not predicted. (true secret = [ 0 -1 -1  0  0  0  0  1  0  0 -1  1 -1  0  0  0  0  1  0  0  0  0  1  0
                                       0  0 -1  0  1  0], predicted secret = [0 1 1 0 0 0 0 0 0 0 0 1 0 0 0 0 0 1 0 0 0 0 1 0 1 0 0 0 0 0], true support = [0 1 1 0 0 0 0 1 0 0 1 1 1 0 0 0 0 1 0 0 0 0 1 0 0 0 1 0 1 0], predicted support = [0 1 1 0 0 0 0 0 0 0 0 1 0 0 0 0 0 1 0 0 0 0 1 0 1 0 0 0 0 0])
INFO - 04/10/26 21:08:05 - 1:57:04 - Hybrid: direct, distinguisher
INFO - 04/10/26 21:08:05 - 1:57:04 - direct, distinguisher - Sum Normalized: secret not predicted. (true secret = [ 0 -1 -1  0  0  0  0  1  0  0 -1  1 -1  0  0  0  0  1  0  0  0  0  1  0
                                       0  0 -1  0  1  0], predicted secret = [0 1 1 0 0 0 0 1 0 0 0 0 0 0 0 0 0 0 0 0 0 0 1 0 1 0 0 0 1 0], true support = [0 1 1 0 0 0 0 1 0 0 1 1 1 0 0 0 0 1 0 0 0 0 1 0 0 0 1 0 1 0], predicted support = [0 1 1 0 0 0 0 1 0 0 0 0 0 0 0 0 0 0 0 0 0 0 1 0 1 0 0 0 1 0])
INFO - 04/10/26 21:08:05 - 1:57:04 - direct, distinguisher - Max Normalized: secret not predicted. (true secret = [ 0 -1 -1  0  0  0  0  1  0  0 -1  1 -1  0  0  0  0  1  0  0  0  0  1  0
                                       0  0 -1  0  1  0], predicted secret = [0 1 1 0 0 0 0 0 0 0 1 0 0 0 0 0 0 0 0 0 0 0 1 0 1 0 0 0 1 0], true support = [0 1 1 0 0 0 0 1 0 0 1 1 1 0 0 0 0 1 0 0 0 0 1 0 0 0 1 0 1 0], predicted support = [0 1 1 0 0 0 0 0 0 0 1 0 0 0 0 0 0 0 0 0 0 0 1 0 1 0 0 0 1 0])
INFO - 04/10/26 21:08:05 - 1:57:04 - direct, distinguisher - Sum Rank: secret not predicted. (true secret = [ 0 -1 -1  0  0  0  0  1  0  0 -1  1 -1  0  0  0  0  1  0  0  0  0  1  0
                                       0  0 -1  0  1  0], predicted secret = [0 1 1 0 0 0 0 1 0 0 0 0 0 0 0 0 0 0 0 0 0 0 1 0 1 0 0 0 1 0], true support = [0 1 1 0 0 0 0 1 0 0 1 1 1 0 0 0 0 1 0 0 0 0 1 0 0 0 1 0 1 0], predicted support = [0 1 1 0 0 0 0 1 0 0 0 0 0 0 0 0 0 0 0 0 0 0 1 0 1 0 0 0 1 0])
INFO - 04/10/26 21:08:05 - 1:57:04 - direct, distinguisher - Max Rank: secret not predicted. (true secret = [ 0 -1 -1  0  0  0  0  1  0  0 -1  1 -1  0  0  0  0  1  0  0  0  0  1  0
                                       0  0 -1  0  1  0], predicted secret = [0 1 1 0 0 0 0 0 0 0 1 0 0 0 0 0 0 0 0 0 0 0 1 0 1 0 0 0 1 0], true support = [0 1 1 0 0 0 0 1 0 0 1 1 1 0 0 0 0 1 0 0 0 0 1 0 0 0 1 0 1 0], predicted support = [0 1 1 0 0 0 0 0 0 0 1 0 0 0 0 0 0 0 0 0 0 0 1 0 1 0 0 0 1 0])
INFO - 04/10/26 21:08:05 - 1:57:04 - Hybrid: ca, distinguisher
INFO - 04/10/26 21:08:05 - 1:57:04 - ca, distinguisher - Sum Normalized: secret not predicted. (true secret = [ 0 -1 -1  0  0  0  0  1  0  0 -1  1 -1  0  0  0  0  1  0  0  0  0  1  0
                                       0  0 -1  0  1  0], predicted secret = [0 1 1 0 0 0 0 0 0 0 1 1 0 0 0 0 0 1 0 0 0 0 0 0 0 0 0 0 1 0], true support = [0 1 1 0 0 0 0 1 0 0 1 1 1 0 0 0 0 1 0 0 0 0 1 0 0 0 1 0 1 0], predicted support = [0 1 1 0 0 0 0 0 0 0 1 1 0 0 0 0 0 1 0 0 0 0 0 0 0 0 0 0 1 0])
INFO - 04/10/26 21:08:05 - 1:57:04 - ca, distinguisher - Max Normalized: secret not predicted. (true secret = [ 0 -1 -1  0  0  0  0  1  0  0 -1  1 -1  0  0  0  0  1  0  0  0  0  1  0
                                       0  0 -1  0  1  0], predicted secret = [0 1 1 0 0 0 0 0 0 0 1 0 0 0 0 0 0 1 0 0 0 0 1 0 0 0 0 0 1 0], true support = [0 1 1 0 0 0 0 1 0 0 1 1 1 0 0 0 0 1 0 0 0 0 1 0 0 0 1 0 1 0], predicted support = [0 1 1 0 0 0 0 0 0 0 1 0 0 0 0 0 0 1 0 0 0 0 1 0 0 0 0 0 1 0])
INFO - 04/10/26 21:08:05 - 1:57:04 - ca, distinguisher - Sum Rank: secret not predicted. (true secret = [ 0 -1 -1  0  0  0  0  1  0  0 -1  1 -1  0  0  0  0  1  0  0  0  0  1  0
                                       0  0 -1  0  1  0], predicted secret = [0 1 1 0 0 0 0 0 0 0 1 1 0 0 0 0 0 1 0 0 0 0 0 0 0 0 0 0 1 0], true support = [0 1 1 0 0 0 0 1 0 0 1 1 1 0 0 0 0 1 0 0 0 0 1 0 0 0 1 0 1 0], predicted support = [0 1 1 0 0 0 0 0 0 0 1 1 0 0 0 0 0 1 0 0 0 0 0 0 0 0 0 0 1 0])
INFO - 04/10/26 21:08:05 - 1:57:04 - ca, distinguisher - Max Rank: secret not predicted. (true secret = [ 0 -1 -1  0  0  0  0  1  0  0 -1  1 -1  0  0  0  0  1  0  0  0  0  1  0
                                       0  0 -1  0  1  0], predicted secret = [0 1 1 0 0 0 0 0 0 0 1 1 0 0 0 0 0 1 0 0 0 0 0 0 0 0 0 0 1 0], true support = [0 1 1 0 0 0 0 1 0 0 1 1 1 0 0 0 0 1 0 0 0 0 1 0 0 0 1 0 1 0], predicted support = [0 1 1 0 0 0 0 0 0 0 1 1 0 0 0 0 0 1 0 0 0 0 0 0 0 0 0 0 1 0])
INFO - 04/10/26 21:08:05 - 1:57:04 - Hybrid: direct, ca, distinguisher
INFO - 04/10/26 21:08:05 - 1:57:04 - direct, ca, distinguisher - Sum Normalized: secret not predicted. (true secret = [ 0 -1 -1  0  0  0  0  1  0  0 -1  1 -1  0  0  0  0  1  0  0  0  0  1  0
                                       0  0 -1  0  1  0], predicted secret = [0 1 1 0 0 0 0 0 0 0 1 0 0 0 0 0 0 1 0 0 0 0 1 0 0 0 0 0 1 0], true support = [0 1 1 0 0 0 0 1 0 0 1 1 1 0 0 0 0 1 0 0 0 0 1 0 0 0 1 0 1 0], predicted support = [0 1 1 0 0 0 0 0 0 0 1 0 0 0 0 0 0 1 0 0 0 0 1 0 0 0 0 0 1 0])
INFO - 04/10/26 21:08:05 - 1:57:04 - direct, ca, distinguisher - Max Normalized: secret not predicted. (true secret = [ 0 -1 -1  0  0  0  0  1  0  0 -1  1 -1  0  0  0  0  1  0  0  0  0  1  0
                                       0  0 -1  0  1  0], predicted secret = [0 1 1 0 0 0 0 0 0 0 0 0 0 0 0 0 0 1 0 0 0 0 1 0 1 0 0 0 1 0], true support = [0 1 1 0 0 0 0 1 0 0 1 1 1 0 0 0 0 1 0 0 0 0 1 0 0 0 1 0 1 0], predicted support = [0 1 1 0 0 0 0 0 0 0 0 0 0 0 0 0 0 1 0 0 0 0 1 0 1 0 0 0 1 0])
INFO - 04/10/26 21:08:05 - 1:57:04 - direct, ca, distinguisher - Sum Rank: secret not predicted. (true secret = [ 0 -1 -1  0  0  0  0  1  0  0 -1  1 -1  0  0  0  0  1  0  0  0  0  1  0
                                       0  0 -1  0  1  0], predicted secret = [0 1 1 0 0 0 0 0 0 0 1 0 0 0 0 0 0 1 0 0 0 0 1 0 0 0 0 0 1 0], true support = [0 1 1 0 0 0 0 1 0 0 1 1 1 0 0 0 0 1 0 0 0 0 1 0 0 0 1 0 1 0], predicted support = [0 1 1 0 0 0 0 0 0 0 1 0 0 0 0 0 0 1 0 0 0 0 1 0 0 0 0 0 1 0])
INFO - 04/10/26 21:08:05 - 1:57:04 - direct, ca, distinguisher - Max Rank: secret not predicted. (true secret = [ 0 -1 -1  0  0  0  0  1  0  0 -1  1 -1  0  0  0  0  1  0  0  0  0  1  0
                                       0  0 -1  0  1  0], predicted secret = [0 1 1 0 0 0 0 0 0 0 1 0 0 0 0 0 0 1 0 0 0 0 0 0 1 0 0 0 1 0], true support = [0 1 1 0 0 0 0 1 0 0 1 1 1 0 0 0 0 1 0 0 0 0 1 0 0 0 1 0 1 0], predicted support = [0 1 1 0 0 0 0 0 0 0 1 0 0 0 0 0 0 1 0 0 0 0 0 0 1 0 0 0 1 0])
INFO - 04/10/26 21:08:05 - 1:57:04 - Epoch 36 metrics | train_loss: 0.587877 | train_acc1: 69.569738 | train_acc2: 91.573197 | valid_xe_loss: 2.409169 | valid_acc1: 24.742880 | valid_acc2: 30.518196
INFO - 04/10/26 21:08:05 - 1:57:04 - __log__:{"train_loss": 0.5878765683332774, "train_acc1": 69.56973768394114, "train_acc2": 91.57319657709533, "epoch": 36, "valid_xe_loss": 2.4091688500174993, "valid_acc1": 24.742879746835442, "valid_acc2": 30.518196202531644}
INFO - 04/10/26 21:08:05 - 1:57:04 - Saving checkpoint to /home/yu_mcc/PQC_salsa/runs/n30_q127_h3_1m/train_gpu_ternary_h10_secret0_init0_epoch200000/checkpoint.pth ...
WARNING - 04/10/26 21:08:05 - 1:57:04 - Saving encoder parameters ...
WARNING - 04/10/26 21:08:05 - 1:57:04 - Saving decoder parameters ...
WARNING - 04/10/26 21:08:05 - 1:57:04 - Saving optimizer ...
INFO - 04/10/26 21:08:06 - 1:57:04 - ============ Starting epoch 37 ... ============
INFO - 04/10/26 21:08:08 - 1:57:06 -   57850 -   88.20 equations/s -  5644.83 words/s - MEM: 1.36 GB - LOSS:  0.5719 || ACC1: 69.9836 || ACC2: 91.6118 - LR: 1.0000e-05
INFO - 04/10/26 21:08:12 - 1:57:10 -   57900 - 1525.08 equations/s - 97605.10 words/s - MEM: 1.36 GB - LOSS:  0.5666 || ACC1: 71.2656 || ACC2: 92.4375 - LR: 1.0000e-05
INFO - 04/10/26 21:08:16 - 1:57:15 -   57950 - 1393.88 equations/s - 89208.60 words/s - MEM: 1.36 GB - LOSS:  0.5713 || ACC1: 69.7656 || ACC2: 92.0625 - LR: 1.0000e-05
INFO - 04/10/26 21:08:21 - 1:57:20 -   58000 - 1381.75 equations/s - 88431.69 words/s - MEM: 1.36 GB - LOSS:  0.5674 || ACC1: 71.0625 || ACC2: 92.0312 - LR: 1.0000e-05
INFO - 04/10/26 21:08:26 - 1:57:24 -   58050 - 1382.74 equations/s - 88495.37 words/s - MEM: 1.36 GB - LOSS:  0.5557 || ACC1: 72.0312 || ACC2: 92.9688 - LR: 1.0000e-05
INFO - 04/10/26 21:08:30 - 1:57:29 -   58100 - 1443.65 equations/s - 92393.89 words/s - MEM: 1.36 GB - LOSS:  0.5584 || ACC1: 70.7031 || ACC2: 92.4531 - LR: 1.0000e-05
INFO - 04/10/26 21:08:38 - 1:57:37 -   58150 -  771.34 equations/s - 49365.49 words/s - MEM: 1.36 GB - LOSS:  0.5652 || ACC1: 71.0000 || ACC2: 92.1250 - LR: 1.0000e-05
INFO - 04/10/26 21:08:43 - 1:57:42 -   58200 - 1353.89 equations/s - 86649.16 words/s - MEM: 1.36 GB - LOSS:  0.5560 || ACC1: 71.8438 || ACC2: 92.9375 - LR: 1.0000e-05
INFO - 04/10/26 21:08:48 - 1:57:47 -   58250 - 1334.56 equations/s - 85411.98 words/s - MEM: 1.36 GB - LOSS:  0.5682 || ACC1: 70.9219 || ACC2: 92.0469 - LR: 1.0000e-05
INFO - 04/10/26 21:08:53 - 1:57:51 -   58300 - 1366.45 equations/s - 87452.89 words/s - MEM: 1.36 GB - LOSS:  0.5550 || ACC1: 71.2344 || ACC2: 92.9844 - LR: 1.0000e-05
INFO - 04/10/26 21:08:57 - 1:57:56 -   58350 - 1374.72 equations/s - 87982.04 words/s - MEM: 1.36 GB - LOSS:  0.5535 || ACC1: 71.0938 || ACC2: 92.6875 - LR: 1.0000e-05
INFO - 04/10/26 21:09:02 - 1:58:01 -   58400 - 1374.14 equations/s - 87944.97 words/s - MEM: 1.36 GB - LOSS:  0.5560 || ACC1: 71.1250 || ACC2: 92.5156 - LR: 1.0000e-05
INFO - 04/10/26 21:09:06 - 1:58:05 -   58450 - 1457.59 equations/s - 93285.56 words/s - MEM: 1.36 GB - LOSS:  0.5586 || ACC1: 70.6250 || ACC2: 92.5469 - LR: 1.0000e-05
INFO - 04/10/26 21:09:14 - 1:58:13 -   58500 -  796.96 equations/s - 51005.66 words/s - MEM: 1.36 GB - LOSS:  0.5520 || ACC1: 71.7969 || ACC2: 93.0000 - LR: 1.0000e-05
INFO - 04/10/26 21:09:19 - 1:58:18 -   58550 - 1406.26 equations/s - 90000.35 words/s - MEM: 1.36 GB - LOSS:  0.5596 || ACC1: 71.7969 || ACC2: 92.5625 - LR: 1.0000e-05
INFO - 04/10/26 21:09:24 - 1:58:22 -   58600 - 1349.05 equations/s - 86338.94 words/s - MEM: 1.36 GB - LOSS:  0.5568 || ACC1: 70.0781 || ACC2: 92.4844 - LR: 1.0000e-05
INFO - 04/10/26 21:09:28 - 1:58:27 -   58650 - 1356.67 equations/s - 86827.04 words/s - MEM: 1.36 GB - LOSS:  0.5536 || ACC1: 71.4062 || ACC2: 92.7188 - LR: 1.0000e-05
INFO - 04/10/26 21:09:33 - 1:58:32 -   58700 - 1335.93 equations/s - 85499.64 words/s - MEM: 1.36 GB - LOSS:  0.5684 || ACC1: 69.5781 || ACC2: 91.7656 - LR: 1.0000e-05
INFO - 04/10/26 21:09:38 - 1:58:36 -   58750 - 1363.14 equations/s - 87240.86 words/s - MEM: 1.36 GB - LOSS:  0.5576 || ACC1: 71.6875 || ACC2: 92.7500 - LR: 1.0000e-05
INFO - 04/10/26 21:09:42 - 1:58:41 -   58800 - 1422.97 equations/s - 91070.29 words/s - MEM: 1.36 GB - LOSS:  0.5538 || ACC1: 70.5938 || ACC2: 92.5781 - LR: 1.0000e-05
INFO - 04/10/26 21:09:50 - 1:58:49 -   58850 -  789.70 equations/s - 50540.66 words/s - MEM: 1.36 GB - LOSS:  0.5417 || ACC1: 71.3281 || ACC2: 92.7656 - LR: 1.0000e-05
INFO - 04/10/26 21:09:55 - 1:58:54 -   58900 - 1355.16 equations/s - 86730.01 words/s - MEM: 1.36 GB - LOSS:  0.5461 || ACC1: 71.9062 || ACC2: 92.9375 - LR: 1.0000e-05
INFO - 04/10/26 21:10:00 - 1:58:58 -   58950 - 1380.96 equations/s - 88381.39 words/s - MEM: 1.36 GB - LOSS:  0.5540 || ACC1: 70.4844 || ACC2: 92.4844 - LR: 1.0000e-05
INFO - 04/10/26 21:10:04 - 1:59:03 -   59000 - 1421.68 equations/s - 90987.84 words/s - MEM: 1.36 GB - LOSS:  0.5490 || ACC1: 71.7344 || ACC2: 92.1719 - LR: 1.0000e-05
INFO - 04/10/26 21:10:09 - 1:59:08 -   59050 - 1380.76 equations/s - 88368.89 words/s - MEM: 1.36 GB - LOSS:  0.5441 || ACC1: 72.1875 || ACC2: 92.5781 - LR: 1.0000e-05
INFO - 04/10/26 21:10:14 - 1:59:12 -   59100 - 1363.22 equations/s - 87246.29 words/s - MEM: 1.36 GB - LOSS:  0.5357 || ACC1: 72.8281 || ACC2: 93.5000 - LR: 1.0000e-05
INFO - 04/10/26 21:10:18 - 1:59:17 -   59150 - 1313.47 equations/s - 84062.39 words/s - MEM: 1.36 GB - LOSS:  0.5377 || ACC1: 72.3906 || ACC2: 92.7344 - LR: 1.0000e-05
INFO - 04/10/26 21:10:27 - 1:59:25 -   59200 -  769.08 equations/s - 49221.36 words/s - MEM: 1.36 GB - LOSS:  0.5426 || ACC1: 72.4844 || ACC2: 92.6562 - LR: 1.0000e-05
INFO - 04/10/26 21:10:31 - 1:59:30 -   59250 - 1401.34 equations/s - 89685.96 words/s - MEM: 1.36 GB - LOSS:  0.5393 || ACC1: 72.0312 || ACC2: 92.5312 - LR: 1.0000e-05
INFO - 04/10/26 21:10:36 - 1:59:35 -   59300 - 1384.37 equations/s - 88599.48 words/s - MEM: 1.36 GB - LOSS:  0.5362 || ACC1: 72.2031 || ACC2: 93.0938 - LR: 1.0000e-05
INFO - 04/10/26 21:10:41 - 1:59:39 -   59350 - 1384.70 equations/s - 88621.10 words/s - MEM: 1.36 GB - LOSS:  0.5374 || ACC1: 72.1562 || ACC2: 92.7969 - LR: 1.0000e-05
INFO - 04/10/26 21:10:45 - 1:59:43 -   59394 - 1404.24 equations/s - 89871.63 words/s - MEM: 1.36 GB - LOSS:  0.5359 || ACC1: 72.3011 || ACC2: 93.0043 - LR: 1.0000e-05
INFO - 04/10/26 21:10:45 - 1:59:43 - ============ End of epoch 37 ============
INFO - 04/10/26 21:10:45 - 1:59:43 - Starting Distinguisher Method
INFO - 04/10/26 21:10:56 - 1:59:55 - Distinguishing 0s using the emd. 
INFO - 04/10/26 21:10:56 - 1:59:55 - Distinguishing +/-1s using the emd. 
INFO - 04/10/26 21:10:56 - 1:59:55 - Real secret: -1: {np.int64(1), np.int64(2), np.int64(10), np.int64(12), np.int64(26)}, 1: {np.int64(7), np.int64(11), np.int64(17), np.int64(22), np.int64(28)}
INFO - 04/10/26 21:10:56 - 1:59:55 - Nonzero bits not identified. Guess: [22 21 12 26  2 10 11  7 28 17]
INFO - 04/10/26 21:10:56 - 1:59:55 - Distinguishing +/-1s using the mean. 
INFO - 04/10/26 21:10:56 - 1:59:55 - Real secret: -1: {np.int64(1), np.int64(2), np.int64(10), np.int64(12), np.int64(26)}, 1: {np.int64(7), np.int64(11), np.int64(17), np.int64(22), np.int64(28)}
INFO - 04/10/26 21:10:56 - 1:59:55 - Nonzero bits not identified. Guess: [22 21 12 26  2 10 11  7 28 17]
INFO - 04/10/26 21:10:56 - 1:59:55 - Distinguishing 0s using the mean. 
INFO - 04/10/26 21:10:56 - 1:59:55 - Distinguishing +/-1s using the emd. 
INFO - 04/10/26 21:10:56 - 1:59:55 - Real secret: -1: {np.int64(1), np.int64(2), np.int64(10), np.int64(12), np.int64(26)}, 1: {np.int64(7), np.int64(11), np.int64(17), np.int64(22), np.int64(28)}
INFO - 04/10/26 21:10:56 - 1:59:55 - Distinguishing +/-1s using the mean. 
INFO - 04/10/26 21:10:56 - 1:59:55 - Real secret: -1: {np.int64(1), np.int64(2), np.int64(10), np.int64(12), np.int64(26)}, 1: {np.int64(7), np.int64(11), np.int64(17), np.int64(22), np.int64(28)}
INFO - 04/10/26 21:10:56 - 1:59:55 - Starting Direct Method
INFO - 04/10/26 21:10:56 - 1:59:55 - Direct:  K=66
INFO - 04/10/26 21:10:56 - 1:59:55 - Direct:  K=80
INFO - 04/10/26 21:10:57 - 1:59:55 - Direct:  K=57
INFO - 04/10/26 21:10:57 - 1:59:55 - Direct:  K=63
INFO - 04/10/26 21:10:57 - 1:59:55 - Direct:  K=51
INFO - 04/10/26 21:10:57 - 1:59:56 - Direct:  K=64
INFO - 04/10/26 21:10:57 - 1:59:56 - Direct:  K=92
INFO - 04/10/26 21:10:57 - 1:59:56 - Direct:  K=60
INFO - 04/10/26 21:10:57 - 1:59:56 - Direct:  K=50
INFO - 04/10/26 21:10:57 - 1:59:56 - Direct:  K=48
INFO - 04/10/26 21:11:01 - 2:00:00 - Direct:  K=46
INFO - 04/10/26 21:11:01 - 2:00:00 - Direct:  K=36
INFO - 04/10/26 21:11:01 - 2:00:00 - Direct:  K=83
INFO - 04/10/26 21:11:02 - 2:00:00 - Direct:  K=32
INFO - 04/10/26 21:11:02 - 2:00:01 - Direct:  K=44
INFO - 04/10/26 21:11:02 - 2:00:01 - Direct: secret not predicted. (true secret = [ 0 -1 -1  0  0  0  0  1  0  0 -1  1 -1  0  0  0  0  1  0  0  0  0  1  0
                                       0  0 -1  0  1  0], predicted secret = [0 1 1 0 0 0 0 1 0 0 0 0 1 0 0 0 0 1 0 0 1 0 0 0 0 0 0 0 0 0], true support = [0 1 1 0 0 0 0 1 0 0 1 1 1 0 0 0 0 1 0 0 0 0 1 0 0 0 1 0 1 0], predicted support = [0 1 1 0 0 0 0 1 0 0 0 0 1 0 0 0 0 1 0 0 1 0 0 0 0 0 0 0 0 0])
INFO - 04/10/26 21:11:11 - 2:00:10 - CA: secret not predicted. (true secret = [ 0 -1 -1  0  0  0  0  1  0  0 -1  1 -1  0  0  0  0  1  0  0  0  0  1  0
                                       0  0 -1  0  1  0], predicted secret = [0 1 1 0 0 0 0 0 0 0 0 0 1 0 0 0 0 1 0 0 0 0 0 1 0 1 0 0 0 0], true support = [0 1 1 0 0 0 0 1 0 0 1 1 1 0 0 0 0 1 0 0 0 0 1 0 0 0 1 0 1 0], predicted support = [0 1 1 0 0 0 0 0 0 0 0 0 1 0 0 0 0 1 0 0 0 0 0 1 0 1 0 0 0 0])
INFO - 04/10/26 21:11:11 - 2:00:10 - CA: secret not predicted. (true secret = [ 0 -1 -1  0  0  0  0  1  0  0 -1  1 -1  0  0  0  0  1  0  0  0  0  1  0
                                       0  0 -1  0  1  0], predicted secret = [1 0 0 0 0 1 0 1 0 0 1 1 0 0 0 0 1 0 0 0 0 0 0 0 0 0 0 0 0 0], true support = [0 1 1 0 0 0 0 1 0 0 1 1 1 0 0 0 0 1 0 0 0 0 1 0 0 0 1 0 1 0], predicted support = [1 0 0 0 0 1 0 1 0 0 1 1 0 0 0 0 1 0 0 0 0 0 0 0 0 0 0 0 0 0])
INFO - 04/10/26 21:11:11 - 2:00:10 - Hybrid: direct, ca
INFO - 04/10/26 21:11:11 - 2:00:10 - direct, ca - Sum Normalized: secret not predicted. (true secret = [ 0 -1 -1  0  0  0  0  1  0  0 -1  1 -1  0  0  0  0  1  0  0  0  0  1  0
                                       0  0 -1  0  1  0], predicted secret = [0 1 1 0 0 0 0 1 0 0 1 0 0 0 0 0 0 1 0 0 0 0 0 1 0 0 0 0 0 0], true support = [0 1 1 0 0 0 0 1 0 0 1 1 1 0 0 0 0 1 0 0 0 0 1 0 0 0 1 0 1 0], predicted support = [0 1 1 0 0 0 0 1 0 0 1 0 0 0 0 0 0 1 0 0 0 0 0 1 0 0 0 0 0 0])
INFO - 04/10/26 21:11:11 - 2:00:10 - direct, ca - Max Normalized: secret not predicted. (true secret = [ 0 -1 -1  0  0  0  0  1  0  0 -1  1 -1  0  0  0  0  1  0  0  0  0  1  0
                                       0  0 -1  0  1  0], predicted secret = [0 1 1 0 0 1 0 0 0 0 1 0 0 0 0 0 0 1 0 0 0 0 0 1 0 0 0 0 0 0], true support = [0 1 1 0 0 0 0 1 0 0 1 1 1 0 0 0 0 1 0 0 0 0 1 0 0 0 1 0 1 0], predicted support = [0 1 1 0 0 1 0 0 0 0 1 0 0 0 0 0 0 1 0 0 0 0 0 1 0 0 0 0 0 0])
INFO - 04/10/26 21:11:11 - 2:00:10 - direct, ca - Sum Rank: secret not predicted. (true secret = [ 0 -1 -1  0  0  0  0  1  0  0 -1  1 -1  0  0  0  0  1  0  0  0  0  1  0
                                       0  0 -1  0  1  0], predicted secret = [0 1 1 0 0 0 0 1 0 0 1 0 0 0 0 0 0 1 0 0 0 0 0 1 0 0 0 0 0 0], true support = [0 1 1 0 0 0 0 1 0 0 1 1 1 0 0 0 0 1 0 0 0 0 1 0 0 0 1 0 1 0], predicted support = [0 1 1 0 0 0 0 1 0 0 1 0 0 0 0 0 0 1 0 0 0 0 0 1 0 0 0 0 0 0])
INFO - 04/10/26 21:11:11 - 2:00:10 - direct, ca - Max Rank: secret not predicted. (true secret = [ 0 -1 -1  0  0  0  0  1  0  0 -1  1 -1  0  0  0  0  1  0  0  0  0  1  0
                                       0  0 -1  0  1  0], predicted secret = [0 1 1 0 0 0 0 1 0 0 1 0 0 0 0 0 0 1 0 0 1 0 0 0 0 0 0 0 0 0], true support = [0 1 1 0 0 0 0 1 0 0 1 1 1 0 0 0 0 1 0 0 0 0 1 0 0 0 1 0 1 0], predicted support = [0 1 1 0 0 0 0 1 0 0 1 0 0 0 0 0 0 1 0 0 1 0 0 0 0 0 0 0 0 0])
INFO - 04/10/26 21:11:11 - 2:00:10 - Hybrid: direct, distinguisher
INFO - 04/10/26 21:11:11 - 2:00:10 - direct, distinguisher - Sum Normalized: secret not predicted. (true secret = [ 0 -1 -1  0  0  0  0  1  0  0 -1  1 -1  0  0  0  0  1  0  0  0  0  1  0
                                       0  0 -1  0  1  0], predicted secret = [0 1 0 0 0 0 0 1 0 0 1 1 0 0 0 0 0 1 0 0 0 0 0 0 0 0 0 0 1 0], true support = [0 1 1 0 0 0 0 1 0 0 1 1 1 0 0 0 0 1 0 0 0 0 1 0 0 0 1 0 1 0], predicted support = [0 1 0 0 0 0 0 1 0 0 1 1 0 0 0 0 0 1 0 0 0 0 0 0 0 0 0 0 1 0])
INFO - 04/10/26 21:11:11 - 2:00:10 - direct, distinguisher - Max Normalized: secret not predicted. (true secret = [ 0 -1 -1  0  0  0  0  1  0  0 -1  1 -1  0  0  0  0  1  0  0  0  0  1  0
                                       0  0 -1  0  1  0], predicted secret = [0 1 0 0 0 0 0 0 0 0 1 1 0 0 0 0 0 1 0 0 0 0 1 0 0 0 0 0 1 0], true support = [0 1 1 0 0 0 0 1 0 0 1 1 1 0 0 0 0 1 0 0 0 0 1 0 0 0 1 0 1 0], predicted support = [0 1 0 0 0 0 0 0 0 0 1 1 0 0 0 0 0 1 0 0 0 0 1 0 0 0 0 0 1 0])
INFO - 04/10/26 21:11:11 - 2:00:10 - direct, distinguisher - Sum Rank: secret not predicted. (true secret = [ 0 -1 -1  0  0  0  0  1  0  0 -1  1 -1  0  0  0  0  1  0  0  0  0  1  0
                                       0  0 -1  0  1  0], predicted secret = [0 1 1 0 0 0 0 1 0 0 1 0 1 0 0 0 0 1 0 0 0 0 0 0 0 0 0 0 0 0], true support = [0 1 1 0 0 0 0 1 0 0 1 1 1 0 0 0 0 1 0 0 0 0 1 0 0 0 1 0 1 0], predicted support = [0 1 1 0 0 0 0 1 0 0 1 0 1 0 0 0 0 1 0 0 0 0 0 0 0 0 0 0 0 0])
INFO - 04/10/26 21:11:11 - 2:00:10 - direct, distinguisher - Max Rank: secret not predicted. (true secret = [ 0 -1 -1  0  0  0  0  1  0  0 -1  1 -1  0  0  0  0  1  0  0  0  0  1  0
                                       0  0 -1  0  1  0], predicted secret = [0 1 0 0 0 0 0 1 0 0 1 1 0 0 0 0 0 0 0 0 1 0 0 0 0 0 0 0 1 0], true support = [0 1 1 0 0 0 0 1 0 0 1 1 1 0 0 0 0 1 0 0 0 0 1 0 0 0 1 0 1 0], predicted support = [0 1 0 0 0 0 0 1 0 0 1 1 0 0 0 0 0 0 0 0 1 0 0 0 0 0 0 0 1 0])
INFO - 04/10/26 21:11:11 - 2:00:10 - Hybrid: ca, distinguisher
INFO - 04/10/26 21:11:11 - 2:00:10 - ca, distinguisher - Sum Normalized: secret not predicted. (true secret = [ 0 -1 -1  0  0  0  0  1  0  0 -1  1 -1  0  0  0  0  1  0  0  0  0  1  0
                                       0  0 -1  0  1  0], predicted secret = [0 1 1 0 0 0 0 0 0 0 1 1 0 0 0 0 0 1 0 0 0 0 0 0 0 0 0 0 1 0], true support = [0 1 1 0 0 0 0 1 0 0 1 1 1 0 0 0 0 1 0 0 0 0 1 0 0 0 1 0 1 0], predicted support = [0 1 1 0 0 0 0 0 0 0 1 1 0 0 0 0 0 1 0 0 0 0 0 0 0 0 0 0 1 0])
INFO - 04/10/26 21:11:11 - 2:00:10 - ca, distinguisher - Max Normalized: secret not predicted. (true secret = [ 0 -1 -1  0  0  0  0  1  0  0 -1  1 -1  0  0  0  0  1  0  0  0  0  1  0
                                       0  0 -1  0  1  0], predicted secret = [0 1 1 0 0 0 0 0 0 0 1 1 0 0 0 0 0 1 0 0 0 0 0 0 0 0 0 0 1 0], true support = [0 1 1 0 0 0 0 1 0 0 1 1 1 0 0 0 0 1 0 0 0 0 1 0 0 0 1 0 1 0], predicted support = [0 1 1 0 0 0 0 0 0 0 1 1 0 0 0 0 0 1 0 0 0 0 0 0 0 0 0 0 1 0])
INFO - 04/10/26 21:11:11 - 2:00:10 - ca, distinguisher - Sum Rank: secret not predicted. (true secret = [ 0 -1 -1  0  0  0  0  1  0  0 -1  1 -1  0  0  0  0  1  0  0  0  0  1  0
                                       0  0 -1  0  1  0], predicted secret = [0 1 1 0 0 0 0 0 0 0 1 1 0 0 0 0 0 1 0 0 0 0 0 0 0 0 0 0 1 0], true support = [0 1 1 0 0 0 0 1 0 0 1 1 1 0 0 0 0 1 0 0 0 0 1 0 0 0 1 0 1 0], predicted support = [0 1 1 0 0 0 0 0 0 0 1 1 0 0 0 0 0 1 0 0 0 0 0 0 0 0 0 0 1 0])
INFO - 04/10/26 21:11:11 - 2:00:10 - ca, distinguisher - Max Rank: secret not predicted. (true secret = [ 0 -1 -1  0  0  0  0  1  0  0 -1  1 -1  0  0  0  0  1  0  0  0  0  1  0
                                       0  0 -1  0  1  0], predicted secret = [0 1 1 0 0 0 0 0 0 0 1 1 0 0 0 0 0 1 0 0 0 0 0 0 0 0 0 0 1 0], true support = [0 1 1 0 0 0 0 1 0 0 1 1 1 0 0 0 0 1 0 0 0 0 1 0 0 0 1 0 1 0], predicted support = [0 1 1 0 0 0 0 0 0 0 1 1 0 0 0 0 0 1 0 0 0 0 0 0 0 0 0 0 1 0])
INFO - 04/10/26 21:11:11 - 2:00:10 - Hybrid: direct, ca, distinguisher
INFO - 04/10/26 21:11:11 - 2:00:10 - direct, ca, distinguisher - Sum Normalized: secret not predicted. (true secret = [ 0 -1 -1  0  0  0  0  1  0  0 -1  1 -1  0  0  0  0  1  0  0  0  0  1  0
                                       0  0 -1  0  1  0], predicted secret = [0 1 1 0 0 0 0 0 0 0 1 1 0 0 0 0 0 1 0 0 0 0 0 0 0 0 0 0 1 0], true support = [0 1 1 0 0 0 0 1 0 0 1 1 1 0 0 0 0 1 0 0 0 0 1 0 0 0 1 0 1 0], predicted support = [0 1 1 0 0 0 0 0 0 0 1 1 0 0 0 0 0 1 0 0 0 0 0 0 0 0 0 0 1 0])
INFO - 04/10/26 21:11:11 - 2:00:10 - direct, ca, distinguisher - Max Normalized: secret not predicted. (true secret = [ 0 -1 -1  0  0  0  0  1  0  0 -1  1 -1  0  0  0  0  1  0  0  0  0  1  0
                                       0  0 -1  0  1  0], predicted secret = [0 1 1 0 0 0 0 0 0 0 1 1 0 0 0 0 0 1 0 0 0 0 0 0 0 0 0 0 1 0], true support = [0 1 1 0 0 0 0 1 0 0 1 1 1 0 0 0 0 1 0 0 0 0 1 0 0 0 1 0 1 0], predicted support = [0 1 1 0 0 0 0 0 0 0 1 1 0 0 0 0 0 1 0 0 0 0 0 0 0 0 0 0 1 0])
INFO - 04/10/26 21:11:11 - 2:00:10 - direct, ca, distinguisher - Sum Rank: secret not predicted. (true secret = [ 0 -1 -1  0  0  0  0  1  0  0 -1  1 -1  0  0  0  0  1  0  0  0  0  1  0
                                       0  0 -1  0  1  0], predicted secret = [0 1 1 0 0 0 0 1 0 0 1 0 1 0 0 0 0 1 0 0 0 0 0 0 0 0 0 0 0 0], true support = [0 1 1 0 0 0 0 1 0 0 1 1 1 0 0 0 0 1 0 0 0 0 1 0 0 0 1 0 1 0], predicted support = [0 1 1 0 0 0 0 1 0 0 1 0 1 0 0 0 0 1 0 0 0 0 0 0 0 0 0 0 0 0])
INFO - 04/10/26 21:11:11 - 2:00:10 - direct, ca, distinguisher - Max Rank: secret not predicted. (true secret = [ 0 -1 -1  0  0  0  0  1  0  0 -1  1 -1  0  0  0  0  1  0  0  0  0  1  0
                                       0  0 -1  0  1  0], predicted secret = [0 1 1 0 0 0 0 1 0 0 0 1 0 0 0 0 0 1 0 0 0 0 0 0 0 0 0 0 1 0], true support = [0 1 1 0 0 0 0 1 0 0 1 1 1 0 0 0 0 1 0 0 0 0 1 0 0 0 1 0 1 0], predicted support = [0 1 1 0 0 0 0 1 0 0 0 1 0 0 0 0 0 1 0 0 0 0 0 0 0 0 0 0 1 0])
INFO - 04/10/26 21:11:11 - 2:00:10 - Epoch 37 metrics | train_loss: 0.552988 | train_acc1: 71.387156 | train_acc2: 92.596369 | valid_xe_loss: 2.482123 | valid_acc1: 21.954114 | valid_acc2: 28.115111
INFO - 04/10/26 21:11:11 - 2:00:10 - __log__:{"train_loss": 0.5529884613635673, "train_acc1": 71.38715611004478, "train_acc2": 92.5963691618682, "epoch": 37, "valid_xe_loss": 2.4821227502219285, "valid_acc1": 21.954113924050635, "valid_acc2": 28.11511075949367}
INFO - 04/10/26 21:11:11 - 2:00:10 - Saving checkpoint to /home/yu_mcc/PQC_salsa/runs/n30_q127_h3_1m/train_gpu_ternary_h10_secret0_init0_epoch200000/checkpoint.pth ...
WARNING - 04/10/26 21:11:11 - 2:00:10 - Saving encoder parameters ...
WARNING - 04/10/26 21:11:11 - 2:00:10 - Saving decoder parameters ...
WARNING - 04/10/26 21:11:11 - 2:00:10 - Saving optimizer ...
INFO - 04/10/26 21:11:11 - 2:00:10 - ============ Starting epoch 38 ... ============
INFO - 04/10/26 21:11:12 - 2:00:11 -   59400 -   28.22 equations/s -  1806.28 words/s - MEM: 1.36 GB - LOSS:  0.5524 || ACC1: 70.7031 || ACC2: 93.2292 - LR: 1.0000e-05
INFO - 04/10/26 21:11:16 - 2:00:15 -   59450 - 1473.45 equations/s - 94301.09 words/s - MEM: 1.36 GB - LOSS:  0.5356 || ACC1: 71.6094 || ACC2: 93.0781 - LR: 1.0000e-05
INFO - 04/10/26 21:11:20 - 2:00:19 -   59500 - 1560.20 equations/s - 99852.84 words/s - MEM: 1.36 GB - LOSS:  0.5257 || ACC1: 72.6562 || ACC2: 93.6094 - LR: 1.0000e-05
INFO - 04/10/26 21:11:25 - 2:00:24 -   59550 - 1405.73 equations/s - 89966.46 words/s - MEM: 1.36 GB - LOSS:  0.5299 || ACC1: 72.4844 || ACC2: 92.6094 - LR: 1.0000e-05
INFO - 04/10/26 21:11:29 - 2:00:28 -   59600 - 1399.44 equations/s - 89563.86 words/s - MEM: 1.36 GB - LOSS:  0.5368 || ACC1: 73.3594 || ACC2: 93.2812 - LR: 1.0000e-05
INFO - 04/10/26 21:11:38 - 2:00:36 -   59650 -  765.16 equations/s - 48970.13 words/s - MEM: 1.36 GB - LOSS:  0.5335 || ACC1: 73.2812 || ACC2: 93.2969 - LR: 1.0000e-05
INFO - 04/10/26 21:11:42 - 2:00:41 -   59700 - 1348.15 equations/s - 86281.34 words/s - MEM: 1.36 GB - LOSS:  0.5384 || ACC1: 71.2188 || ACC2: 93.1719 - LR: 1.0000e-05
INFO - 04/10/26 21:11:47 - 2:00:46 -   59750 - 1407.16 equations/s - 90058.40 words/s - MEM: 1.36 GB - LOSS:  0.5289 || ACC1: 72.6719 || ACC2: 93.5469 - LR: 1.0000e-05
INFO - 04/10/26 21:11:52 - 2:00:50 -   59800 - 1349.57 equations/s - 86372.43 words/s - MEM: 1.36 GB - LOSS:  0.5179 || ACC1: 73.5312 || ACC2: 93.7969 - LR: 1.0000e-05
INFO - 04/10/26 21:11:57 - 2:00:56 -   59850 - 1275.87 equations/s - 81655.50 words/s - MEM: 1.36 GB - LOSS:  0.5241 || ACC1: 72.1875 || ACC2: 93.5938 - LR: 1.0000e-05
INFO - 04/10/26 21:12:02 - 2:01:00 -   59900 - 1323.99 equations/s - 84735.24 words/s - MEM: 1.36 GB - LOSS:  0.5275 || ACC1: 72.4219 || ACC2: 92.6094 - LR: 1.0000e-05
INFO - 04/10/26 21:12:06 - 2:01:05 -   59950 - 1347.30 equations/s - 86227.02 words/s - MEM: 1.36 GB - LOSS:  0.5156 || ACC1: 73.1406 || ACC2: 93.4062 - LR: 1.0000e-05
INFO - 04/10/26 21:12:15 - 2:01:13 -   60000 -  770.88 equations/s - 49336.03 words/s - MEM: 1.36 GB - LOSS:  0.5258 || ACC1: 72.4844 || ACC2: 93.6562 - LR: 1.0000e-05
INFO - 04/10/26 21:12:19 - 2:01:18 -   60050 - 1354.37 equations/s - 86679.61 words/s - MEM: 1.36 GB - LOSS:  0.5116 || ACC1: 73.9219 || ACC2: 93.9844 - LR: 1.0000e-05
INFO - 04/10/26 21:12:24 - 2:01:23 -   60100 - 1385.08 equations/s - 88645.19 words/s - MEM: 1.36 GB - LOSS:  0.5055 || ACC1: 73.6875 || ACC2: 94.0312 - LR: 1.0000e-05
INFO - 04/10/26 21:12:29 - 2:01:27 -   60150 - 1377.19 equations/s - 88140.39 words/s - MEM: 1.36 GB - LOSS:  0.5187 || ACC1: 73.1406 || ACC2: 93.7500 - LR: 1.0000e-05
INFO - 04/10/26 21:12:33 - 2:01:32 -   60200 - 1369.60 equations/s - 87654.57 words/s - MEM: 1.36 GB - LOSS:  0.5181 || ACC1: 73.3750 || ACC2: 93.7031 - LR: 1.0000e-05
INFO - 04/10/26 21:12:38 - 2:01:37 -   60250 - 1398.77 equations/s - 89521.29 words/s - MEM: 1.36 GB - LOSS:  0.5131 || ACC1: 74.4375 || ACC2: 93.7656 - LR: 1.0000e-05
INFO - 04/10/26 21:12:42 - 2:01:41 -   60300 - 1409.93 equations/s - 90235.59 words/s - MEM: 1.36 GB - LOSS:  0.5166 || ACC1: 73.5938 || ACC2: 93.2812 - LR: 1.0000e-05
INFO - 04/10/26 21:12:51 - 2:01:50 -   60350 -  764.03 equations/s - 48898.23 words/s - MEM: 1.36 GB - LOSS:  0.5129 || ACC1: 72.7969 || ACC2: 93.6250 - LR: 1.0000e-05
INFO - 04/10/26 21:12:55 - 2:01:54 -   60400 - 1362.34 equations/s - 87189.66 words/s - MEM: 1.36 GB - LOSS:  0.5144 || ACC1: 73.5625 || ACC2: 93.6719 - LR: 1.0000e-05
INFO - 04/10/26 21:13:00 - 2:01:59 -   60450 - 1384.31 equations/s - 88595.52 words/s - MEM: 1.36 GB - LOSS:  0.5059 || ACC1: 73.8281 || ACC2: 94.2344 - LR: 1.0000e-05
INFO - 04/10/26 21:13:05 - 2:02:03 -   60500 - 1407.73 equations/s - 90094.96 words/s - MEM: 1.36 GB - LOSS:  0.5123 || ACC1: 74.0625 || ACC2: 94.1094 - LR: 1.0000e-05
INFO - 04/10/26 21:13:09 - 2:02:08 -   60550 - 1441.26 equations/s - 92240.50 words/s - MEM: 1.36 GB - LOSS:  0.5094 || ACC1: 74.1250 || ACC2: 94.1875 - LR: 1.0000e-05
INFO - 04/10/26 21:13:14 - 2:02:13 -   60600 - 1366.51 equations/s - 87456.82 words/s - MEM: 1.36 GB - LOSS:  0.5042 || ACC1: 73.6406 || ACC2: 94.0781 - LR: 1.0000e-05
INFO - 04/10/26 21:13:18 - 2:02:17 -   60650 - 1444.72 equations/s - 92461.86 words/s - MEM: 1.36 GB - LOSS:  0.5079 || ACC1: 73.9219 || ACC2: 93.6250 - LR: 1.0000e-05
INFO - 04/10/26 21:13:26 - 2:02:25 -   60700 -  773.73 equations/s - 49518.92 words/s - MEM: 1.36 GB - LOSS:  0.5052 || ACC1: 74.2969 || ACC2: 94.6406 - LR: 1.0000e-05
INFO - 04/10/26 21:13:31 - 2:02:30 -   60750 - 1369.52 equations/s - 87649.25 words/s - MEM: 1.36 GB - LOSS:  0.5007 || ACC1: 74.5000 || ACC2: 94.0312 - LR: 1.0000e-05
INFO - 04/10/26 21:13:36 - 2:02:34 -   60800 - 1453.09 equations/s - 92997.83 words/s - MEM: 1.36 GB - LOSS:  0.4999 || ACC1: 74.2031 || ACC2: 94.4531 - LR: 1.0000e-05
INFO - 04/10/26 21:13:40 - 2:02:39 -   60850 - 1456.17 equations/s - 93194.78 words/s - MEM: 1.36 GB - LOSS:  0.4973 || ACC1: 75.0625 || ACC2: 94.0938 - LR: 1.0000e-05
INFO - 04/10/26 21:13:45 - 2:02:43 -   60900 - 1393.34 equations/s - 89173.86 words/s - MEM: 1.36 GB - LOSS:  0.5005 || ACC1: 74.1250 || ACC2: 94.2812 - LR: 1.0000e-05
INFO - 04/10/26 21:13:49 - 2:02:48 -   60950 - 1474.89 equations/s - 94392.79 words/s - MEM: 1.36 GB - LOSS:  0.5067 || ACC1: 74.5312 || ACC2: 93.9375 - LR: 1.0000e-05
INFO - 04/10/26 21:13:50 - 2:02:48 -   60957 - 1282.38 equations/s - 82072.12 words/s - MEM: 1.36 GB - LOSS:  0.5241 || ACC1: 72.5446 || ACC2: 93.8616 - LR: 1.0000e-05
INFO - 04/10/26 21:13:50 - 2:02:48 - ============ End of epoch 38 ============
INFO - 04/10/26 21:13:50 - 2:02:48 - Starting Distinguisher Method
